SAUID,system,dia_mm,year,length_m
21925,汚水,150.0,2015.0,20.23029478213703
21926,汚水,150.0,2015.0,53.637822100247206
21927,汚水,150.0,2015.0,11.853662261089774
21928,汚水,150.0,2015.0,8.682537071613151
21929,汚水,150.0,2015.0,19.497816938279094
21930,汚水,150.0,2015.0,23.689627011717004
21931,汚水,150.0,2015.0,20.859369324814633
21932,汚水,150.0,2015.0,11.932165813466055
21933,汚水,150.0,2015.0,22.409504529317573
21934,汚水,150.0,2015.0,7.782000064248398
21935,汚水,150.0,2015.0,92.28470400429076
21936,汚水,150.0,2015.0,14.403993231044714
21937,汚水,150.0,2015.0,15.091383585654029
21938,汚水,150.0,2015.0,17.145949988259026
21939,汚水,150.0,2015.0,33.032206508172635
21940,汚水,150.0,2015.0,26.732525507332234
21941,汚水,150.0,2015.0,48.50394939269567
21942,汚水,150.0,2015.0,61.52412081451661
21943,汚水,150.0,2015.0,64.1798051860312
21944,汚水,150.0,2015.0,27.435302805066037
21945,汚水,150.0,2015.0,4.127597969757706
21946,汚水,150.0,2015.0,94.7674251305928
21947,汚水,150.0,2015.0,33.424499332290694
21948,汚水,150.0,2015.0,3.6401387336214945
21949,汚水,150.0,2015.0,13.982019091035905
21950,汚水,150.0,2015.0,4.288501952895698
21951,汚水,150.0,2015.0,12.571017540358989
21952,汚水,150.0,2015.0,16.93510873894296
21953,汚水,150.0,2015.0,3.645735728224416
21954,汚水,150.0,2015.0,22.88312850114785
21955,汚水,150.0,2015.0,17.28169450603369
21956,汚水,150.0,2015.0,4.948384079679736
21957,汚水,150.0,2015.0,20.473330090633148
21958,汚水,150.0,2015.0,7.7038892570662405
21959,汚水,150.0,2015.0,6.427448405081239
21960,汚水,150.0,2015.0,25.47336824999762
21961,汚水,150.0,2015.0,47.4851692047987
21962,汚水,150.0,2015.0,28.138716213276318
21963,汚水,150.0,2015.0,26.004951302180316
21964,汚水,150.0,2015.0,34.69931249276006
21965,汚水,150.0,2015.0,31.511518609941607
21966,汚水,150.0,2015.0,19.013068546681154
21967,汚水,150.0,2015.0,4.155086040030516
21968,汚水,150.0,2015.0,6.551361537874431
21969,汚水,150.0,2015.0,2.0707814950029637
21970,汚水,150.0,2015.0,34.82964957586942
21971,汚水,150.0,2015.0,8.52119175937119
21972,汚水,150.0,2015.0,4.179316331649276
21973,汚水,150.0,2015.0,6.155511676534218
21974,汚水,150.0,2015.0,11.365480588173327
21975,汚水,150.0,2015.0,20.507018527260094
21976,汚水,150.0,2015.0,19.097061815895604
21977,汚水,150.0,2015.0,3.997861928582282
21978,汚水,150.0,2015.0,13.357908034658536
21979,汚水,150.0,2015.0,5.452327209554678
21980,汚水,150.0,2015.0,23.202289764145366
21981,汚水,150.0,2015.0,20.636943693286128
21982,汚水,150.0,2015.0,46.059000011621976
21983,汚水,150.0,2015.0,21.550131052078594
21984,汚水,150.0,2015.0,17.719361674038492
21985,汚水,150.0,2015.0,4.527495775814292
21986,汚水,150.0,2015.0,21.861163852824617
21987,汚水,150.0,2015.0,4.864123764870016
21988,汚水,150.0,2015.0,3.7281858859227253
21989,汚水,150.0,2015.0,18.848725421099548
21990,汚水,150.0,2015.0,7.448259461112872
21991,汚水,150.0,2015.0,4.441384018532394
21992,汚水,150.0,2015.0,25.801693917759764
21993,汚水,150.0,2015.0,7.708184546310392
21994,汚水,150.0,2015.0,18.461204917791633
21995,汚水,150.0,2015.0,53.19014838295134
21996,汚水,150.0,2015.0,5.932154498998932
21997,汚水,150.0,2015.0,15.132742502933372
21998,汚水,150.0,2015.0,71.39000045544823
21999,汚水,150.0,2015.0,3.6564284486371106
22000,汚水,150.0,2015.0,59.39163331652658
22001,雨水,900.0,2015.0,25.346461454787534
22002,雨水,900.0,2015.0,33.7406392702012
22003,汚水,150.0,2015.0,6.606149029506631
22004,汚水,150.0,2015.0,35.75029454424774
22005,汚水,150.0,2015.0,44.80059588888352
22006,汚水,150.0,2015.0,38.2963310444107
22007,汚水,150.0,2015.0,42.06065203963826
22008,汚水,150.0,2015.0,20.869683131278745
22009,汚水,150.0,2015.0,58.016608423788036
22010,汚水,150.0,2015.0,58.28860849408668
22011,汚水,150.0,2015.0,40.34985028895038
22012,汚水,150.0,2015.0,11.43587150155052
22013,汚水,200.0,2015.0,21.563883741110736
22014,汚水,150.0,2015.0,11.531872571268881
22015,汚水,150.0,2015.0,4.696203147228094
22016,雨水,,2015.0,2.87022945731736
22017,汚水,150.0,2015.0,20.551637449363778
22018,汚水,150.0,2015.0,5.409352641485939
22019,汚水,200.0,2015.0,3.886028949969812
22020,汚水,200.0,2015.0,56.41645572880408
22021,雨水,,2015.0,2.7920028653293243
22022,雨水,,2015.0,29.761631742901383
22023,汚水,150.0,,8.955400605222735
22024,汚水,100.0,,21.18140347097789
22025,汚水,100.0,,10.944380521529387
22026,汚水,150.0,,27.52791721143954
22027,汚水,150.0,,8.56911909114889
22028,汚水,150.0,2015.0,10.086695494561356
22029,汚水,150.0,2015.0,34.84510423404646
22030,汚水,200.0,2015.0,16.373607061151137
22031,汚水,300.0,,51.24958600291207
22032,汚水,150.0,2015.0,16.700053078282345
22033,汚水,150.0,2015.0,5.900566074536334
22034,汚水,150.0,2015.0,1.9498628156805762
22035,汚水,150.0,2015.0,39.452116263825566
22036,雨水,600.0,2015.0,19.63310054474015
22037,雨水,600.0,2015.0,6.658130443302952
22038,汚水,150.0,2015.0,21.219543007559032
22039,汚水,150.0,2015.0,6.247795131086111
22040,汚水,150.0,,23.191690455562046
22041,汚水,150.0,,10.17328197405568
22042,汚水,150.0,,29.441761541605437
22043,汚水,150.0,2016.0,31.534049295959303
22044,汚水,150.0,2016.0,12.050747902100102
22045,汚水,150.0,2016.0,22.13912920600399
22046,汚水,150.0,2016.0,15.993061651852429
22047,汚水,150.0,2016.0,33.14044227224661
22048,汚水,150.0,2016.0,5.154297818330463
22049,汚水,150.0,2016.0,2.526521125979129
22050,汚水,150.0,2016.0,3.5918943469939695
22051,汚水,150.0,2016.0,4.825565251857018
22052,汚水,150.0,2016.0,2.7123100855190225
22053,汚水,150.0,2016.0,4.032042162480588
22054,汚水,150.0,2016.0,3.547979706814413
22055,汚水,150.0,2016.0,24.96493991581092
22056,雨水,900.0,2016.0,15.234736263060656
22057,雨水,900.0,2016.0,19.448439131035084
22058,雨水,900.0,2016.0,19.63667551356985
22059,雨水,900.0,2016.0,39.07865882076437
22060,汚水,150.0,2016.0,29.853693908790476
22061,汚水,150.0,2016.0,17.884948084920293
22062,汚水,150.0,2016.0,3.9309634951205026
22063,汚水,150.0,2016.0,11.740067035431917
22064,汚水,150.0,2016.0,19.98549980836884
22065,汚水,150.0,2016.0,30.730020229265246
22066,汚水,150.0,2016.0,4.523159625741685
22067,汚水,150.0,2016.0,68.99709515631467
22068,汚水,150.0,2016.0,46.08372938326365
22069,汚水,150.0,2016.0,19.374678172323552
22070,汚水,150.0,2016.0,29.93595117945085
22071,汚水,150.0,2016.0,3.8761282228600202
22072,汚水,150.0,2016.0,3.6011242688947367
22073,汚水,150.0,2016.0,10.347282010268712
22074,汚水,150.0,2016.0,10.451248011602202
22075,汚水,150.0,2016.0,3.2351321456801125
22076,汚水,150.0,2016.0,16.383583246652012
22077,汚水,150.0,2016.0,32.101720797007054
22078,汚水,150.0,2016.0,15.411850310717814
22079,汚水,150.0,2016.0,14.661214990581934
22080,汚水,150.0,2016.0,16.47559491973564
22081,汚水,150.0,2016.0,4.144861879491089
22082,汚水,150.0,2016.0,73.53609158248565
22083,汚水,150.0,2016.0,11.351848527885299
22084,汚水,150.0,2016.0,33.7067854769629
22085,汚水,150.0,2016.0,3.3458955452968446
22086,汚水,150.0,2016.0,37.00785821539889
22087,汚水,150.0,2016.0,28.599940292501405
22088,汚水,150.0,2016.0,3.8776860367900787
22089,汚水,150.0,2016.0,41.22249799173764
22090,汚水,150.0,2016.0,2.728220116296203
22091,汚水,150.0,,26.646910428195106
22092,汚水,150.0,,13.570421138850088
22093,汚水,150.0,,64.05648076577681
22094,汚水,150.0,,6.9979635552106165
22095,汚水,150.0,,23.346196472398113
22096,汚水,150.0,,32.8012900452294
22097,汚水,150.0,,19.410794380359782
22098,汚水,150.0,,32.49617759859912
22099,汚水,150.0,,33.93222540656174
22100,汚水,150.0,,33.99928959552233
22101,汚水,150.0,2016.0,7.17005306815253
22102,汚水,150.0,2016.0,27.30445621160608
22103,汚水,150.0,2016.0,24.835040769037242
22104,汚水,150.0,2016.0,33.51042953939431
22105,汚水,150.0,2016.0,2.2672847196588166
22106,汚水,150.0,2016.0,17.05297327736176
22107,汚水,150.0,2016.0,29.008998676592604
22108,汚水,150.0,2016.0,20.295116758514098
22109,汚水,150.0,2016.0,28.302608347114937
22110,汚水,150.0,2016.0,33.50982177180759
22111,汚水,150.0,2016.0,40.61226596002638
22112,汚水,150.0,2016.0,69.67969006664903
22113,汚水,150.0,2016.0,34.969848756627414
22114,汚水,150.0,2016.0,12.852878432481575
22115,汚水,150.0,2016.0,2.7462064743869856
22116,汚水,150.0,2016.0,57.674443650655036
22117,汚水,150.0,2016.0,21.82564118439745
22118,汚水,150.0,2016.0,24.401303760619527
22119,汚水,150.0,2016.0,10.243980866828526
22120,汚水,150.0,2016.0,30.556703465461695
22121,汚水,150.0,2016.0,22.688295502696512
22122,汚水,150.0,2016.0,56.74859637738488
22123,汚水,150.0,2016.0,4.697224925422395
22124,汚水,150.0,2016.0,33.19258281605394
22125,汚水,150.0,2016.0,13.047930180674008
22126,汚水,150.0,2016.0,6.871147823663453
22127,汚水,150.0,2016.0,13.153186458037299
22128,汚水,150.0,2016.0,23.938370140881844
22129,汚水,150.0,2016.0,5.578674845290031
22130,汚水,150.0,2016.0,22.911622251229602
22131,汚水,150.0,2016.0,18.084180814740634
22132,汚水,150.0,2016.0,5.165441510646982
22133,汚水,150.0,2016.0,18.579411239325907
22134,汚水,150.0,,4.988443043675259
22135,汚水,150.0,2016.0,18.511167494243413
22136,汚水,250.0,,17.856726553154402
22137,汚水,150.0,2016.0,68.37740233136462
22138,汚水,150.0,2016.0,36.08967501946089
22139,汚水,150.0,2016.0,33.674464108266974
22140,汚水,150.0,2016.0,8.13230994244054
22141,汚水,150.0,2016.0,28.660786102738072
22142,汚水,150.0,2016.0,8.196361504877501
22143,汚水,150.0,2016.0,53.667881343551315
22144,汚水,150.0,2016.0,43.765146894254315
22145,汚水,150.0,2016.0,17.29910730072222
22146,汚水,150.0,2016.0,10.030566534344873
22147,汚水,150.0,2016.0,53.14282364549507
22148,汚水,150.0,2016.0,16.95724999403591
22149,汚水,150.0,2016.0,8.011501794307208
22150,汚水,150.0,2016.0,60.52415019745053
22151,汚水,150.0,2016.0,5.275830550733354
22152,汚水,150.0,2016.0,5.1244788510369
22153,汚水,150.0,2016.0,11.04101648400116
22154,汚水,150.0,2016.0,14.299130498037924
22155,汚水,150.0,2016.0,10.045428922262065
22156,汚水,250.0,,13.81199353520099
22157,汚水,250.0,,7.90134482328194
22158,汚水,200.0,,5.809545621372786
22159,汚水,200.0,,43.15963329467505
22160,汚水,150.0,,19.32883346148357
22161,汚水,150.0,,29.433919699214382
22162,汚水,150.0,,18.84876317930659
22163,汚水,150.0,,5.644304828769623
22164,汚水,150.0,,54.27176747692491
22165,汚水,200.0,,17.401805797101023
22166,汚水,200.0,,9.711133919374818
22167,汚水,150.0,,19.450738733583314
22168,汚水,150.0,,29.694939827133673
22169,汚水,150.0,,5.342017689983935
22170,汚水,150.0,,21.62607208902998
22171,汚水,150.0,,9.431337086470723
22172,汚水,150.0,,31.205006404080176
22173,汚水,150.0,,30.11147356341357
22174,汚水,150.0,,29.910138778718228
22175,汚水,150.0,,22.83259568333679
22176,汚水,150.0,,48.06729197881235
22177,汚水,150.0,,4.7934368672207
22178,汚水,150.0,2016.0,17.486693854060515
22179,汚水,150.0,,44.587081268051364
22180,汚水,150.0,,7.272950755421487
22181,汚水,150.0,2016.0,7.365415466895976
22182,汚水,200.0,,32.83728102912042
22183,汚水,200.0,,31.66648447408233
22184,汚水,150.0,,47.97800020483099
22185,汚水,150.0,,3.9191566694863016
22186,汚水,250.0,,16.85908790533847
22187,汚水,250.0,,6.157128226702797
22188,汚水,150.0,2016.0,9.067164361295657
22189,汚水,150.0,2016.0,3.3169458843911865
22190,汚水,150.0,2016.0,12.552970468900845
22191,汚水,150.0,2016.0,13.703234727610019
22192,汚水,150.0,2016.0,14.367786085547982
22193,汚水,150.0,2016.0,7.179813437690911
22194,汚水,150.0,2016.0,7.275217742189065
22195,汚水,150.0,2016.0,4.868603906659854
22196,汚水,150.0,2016.0,6.142029064493109
22197,汚水,150.0,2016.0,10.155863823431973
22198,汚水,150.0,2016.0,13.142379883416806
22199,汚水,150.0,2016.0,8.647531728765037
22200,汚水,150.0,2016.0,8.074939504418472
22201,汚水,150.0,,11.694017139851901
22202,汚水,150.0,,1.8263696230632456
22203,汚水,150.0,2016.0,4.364626215384506
22203,汚水,150.0,2016.0,19.724822344280092
22204,汚水,150.0,,60.48593675137321
22205,雨水,800.0,2016.0,62.92401986754498
22206,雨水,400.0,,43.77706956201894
22207,雨水,1000.0,2016.0,4.389524347798282
22208,雨水,1000.0,2016.0,33.243167794298834
22209,雨水,1000.0,2016.0,8.319849209872675
22210,雨水,1000.0,2016.0,29.306720065550657
22211,雨水,1000.0,2016.0,6.040776936771625
22212,雨水,1000.0,2016.0,15.673107317954477
22213,雨水,1000.0,2016.0,6.90438483863462
22214,雨水,1000.0,2016.0,10.108604750416916
22215,雨水,1000.0,2016.0,6.107428414253427
22217,汚水,150.0,2016.0,37.88233678922204
22218,汚水,250.0,,24.408471349677455
22219,汚水,250.0,,19.296795053936194
22220,汚水,250.0,,7.1696856276915515
22221,雨水,,2016.0,2.923390738068087
22222,雨水,,2016.0,22.921968040336417
22223,雨水,,2016.0,11.88047506140651
22224,雨水,,2016.0,39.08323807397892
22225,汚水,150.0,2016.0,75.0799630394041
22226,汚水,150.0,2016.0,74.8316986978196
22227,汚水,150.0,2016.0,75.23779918365013
22228,汚水,150.0,2016.0,19.81298183009981
22229,汚水,150.0,2016.0,3.6929453015193654
22230,汚水,150.0,2016.0,15.343583243319259
22231,汚水,200.0,,18.465626387232525
22232,汚水,200.0,,9.605806421130207
22233,汚水,150.0,,39.776162973015545
22234,汚水,150.0,2016.0,33.59284306216853
22235,汚水,150.0,2016.0,19.45757579967639
22236,汚水,150.0,2016.0,13.160683036992136
22237,汚水,150.0,2016.0,54.141168064224985
22238,汚水,150.0,2016.0,31.002757570906542
22239,汚水,150.0,2016.0,4.0876346460902795
22240,汚水,150.0,2016.0,34.69982238476678
22241,汚水,250.0,,33.72855528984303
22242,汚水,150.0,2016.0,2.652817370277536
22243,汚水,150.0,2016.0,9.382615946521629
22244,汚水,150.0,2016.0,35.20217683753004
22245,汚水,150.0,2016.0,14.758040113780629
22246,汚水,150.0,2016.0,19.247856452090975
22247,汚水,150.0,2016.0,25.736215602389944
22248,汚水,150.0,,22.576643014526177
22249,汚水,150.0,,47.47739874909468
22250,汚水,150.0,,39.85613585210956
22251,汚水,150.0,2016.0,40.56165509534333
22252,汚水,150.0,2016.0,61.88251845356663
22253,汚水,150.0,2016.0,34.631357077085504
22254,汚水,150.0,2016.0,9.09215975442579
22255,汚水,150.0,2016.0,26.2652446533975
22256,汚水,150.0,2016.0,34.46646254295396
22257,汚水,150.0,2016.0,48.9441037488201
22258,汚水,150.0,,26.93911431523984
22259,雨水,800.0,,84.72928431268116
22261,汚水,150.0,2018.0,15.152153540405937
22262,汚水,150.0,2018.0,1.3603635543605326
22263,汚水,150.0,2017.0,10.325177092908453
22264,汚水,150.0,2017.0,10.652530638303297
22265,汚水,150.0,2017.0,19.212530520474143
22266,汚水,150.0,2017.0,15.427840451589482
22267,汚水,150.0,2017.0,27.586822433915525
22268,汚水,150.0,2017.0,16.688057346499946
22269,汚水,150.0,2017.0,19.8311193834271
22270,汚水,150.0,2017.0,11.288941890186779
22271,汚水,150.0,2017.0,14.153840044316695
22272,汚水,150.0,2018.0,11.386584514391965
22273,汚水,150.0,2018.0,12.74752501468442
22274,汚水,150.0,2018.0,25.0763897919929
22276,汚水,150.0,2018.0,3.163419826697943
22277,汚水,150.0,,26.070708224037347
22278,汚水,150.0,,14.543777442255887
22279,汚水,150.0,,37.52117776374653
22281,汚水,150.0,2017.0,33.185062882726214
22283,汚水,150.0,2018.0,21.891798667734026
22284,汚水,150.0,2018.0,28.554626324592327
22285,汚水,150.0,2018.0,9.288322645075281
22287,汚水,150.0,2017.0,8.352380820920818
22288,汚水,150.0,2017.0,42.92483489825662
22289,汚水,150.0,2017.0,9.383516730137528
22290,汚水,150.0,2017.0,16.996177518306872
22291,汚水,150.0,2017.0,31.456113462330187
22292,汚水,150.0,2017.0,4.098247552314762
22294,雨水,600.0,2018.0,6.62150707920809
22295,雨水,600.0,2018.0,4.704816657666342
22296,雨水,600.0,2018.0,18.975025744383935
22298,汚水,150.0,2018.0,7.475453497954197
22299,汚水,150.0,,34.3548602966147
22300,汚水,150.0,2018.0,4.646499435057996
22302,汚水,150.0,2018.0,17.519206203478742
22304,雨水,1000.0,2018.0,34.16249248573985
22305,雨水,1000.0,2018.0,80.85919266053637
22306,雨水,400.0,2018.0,57.782722351833876
22307,雨水,600.0,2018.0,57.67347455085268
22308,雨水,400.0,2018.0,1.9215832014241376
22309,雨水,400.0,2018.0,2.2713273654374473
22310,汚水,150.0,2017.0,45.156861623679774
22312,汚水,150.0,2018.0,6.7466206355461065
22313,汚水,250.0,,36.853775336702085
22314,汚水,200.0,2017.0,14.789058551369504
22315,汚水,150.0,2017.0,20.556994065074228
22316,汚水,150.0,2017.0,7.40294820513834
22318,汚水,150.0,2017.0,4.7260560045776385
22319,汚水,150.0,2018.0,46.26126043554386
22320,汚水,150.0,2018.0,57.18111790449674
22321,汚水,150.0,2018.0,44.47515895168007
22322,汚水,150.0,2018.0,54.65900962975154
22323,汚水,150.0,2018.0,53.063199403528166
22324,汚水,150.0,2018.0,7.5062974228342965
22325,汚水,150.0,2018.0,20.027791540756674
22326,汚水,150.0,2018.0,5.402487667733747
22328,汚水,200.0,1995.0,26.747148582751194
22329,汚水,150.0,2016.0,19.378946935078275
22330,汚水,200.0,1998.0,3.2190744011215147
22331,汚水,150.0,2018.0,28.964730000467775
22332,汚水,150.0,,22.503899519040246
22334,汚水,200.0,,6.408964034846443
22336,雨水,400.0,2008.0,14.134636999357149
22337,汚水,150.0,2019.0,30.476997555532837
22338,汚水,200.0,1996.0,19.8890950020484
22341,汚水,150.0,,38.0755007977583
22342,汚水,150.0,,64.496449522432
22343,汚水,150.0,,64.5069118234576
22344,汚水,150.0,,41.24268610311308
22345,汚水,150.0,,8.303072202510258
22346,汚水,150.0,,4.0279420303737545
22347,雨水,500.0,2018.0,28.117251821613575
22348,雨水,500.0,2018.0,13.261179924874781
22350,汚水,200.0,2019.0,4.390182911912363
22351,汚水,150.0,2018.0,11.186075138315264
22352,汚水,150.0,2018.0,5.598512391696745
22353,汚水,150.0,2018.0,2.887275012879052
22354,汚水,50.0,,17.215257992182124
22355,汚水,150.0,2018.0,27.348163082738285
22357,汚水,150.0,2018.0,13.48557633177348
22359,汚水,150.0,2019.0,46.514449475405264
22360,汚水,150.0,2019.0,49.08270587488005
22361,汚水,150.0,2019.0,49.83583949328311
22362,汚水,150.0,2019.0,47.07507124794974
22363,汚水,150.0,2019.0,56.34441378699657
22364,汚水,150.0,2019.0,56.27007590184861
22365,汚水,150.0,2019.0,57.89420755136072
22366,汚水,150.0,2019.0,56.820028951064735
22367,雨水,500.0,2019.0,3.30894499802459
22368,汚水,250.0,,6.574506293247424
22369,汚水,150.0,2004.0,9.047420958480615
22370,汚水,150.0,2004.0,40.87267735296746
22371,雨水,1200.0,,21.161398654149178
22372,雨水,300.0,2019.0,2.5625569261992847
22373,汚水,250.0,2019.0,26.992699327783058
22374,汚水,250.0,2019.0,14.830218508165869
22375,汚水,250.0,2019.0,15.952299395381477
22376,汚水,250.0,2019.0,31.260162267651754
22377,汚水,250.0,2019.0,38.49248650061591
22378,汚水,150.0,,16.66246392344262
22379,汚水,250.0,2020.0,45.828090741380514
22380,雨水,500.0,2020.0,43.44935706083957
22382,雨水,600.0,2020.0,19.939954864542845
22383,雨水,600.0,2020.0,41.13214696561362
22384,雨水,700.0,2020.0,51.49948863824007
22385,雨水,700.0,2020.0,46.776330125383296
22386,雨水,700.0,2020.0,35.58058765676431
22387,雨水,700.0,2020.0,15.943936684512176
22388,雨水,700.0,2020.0,31.983040662201123
22390,汚水,150.0,2019.0,6.203533912218656
22391,汚水,150.0,2019.0,21.830515339773235
22392,汚水,150.0,,25.611873047474692
22393,汚水,75.0,2020.0,6.095522947204601
22394,汚水,150.0,2020.0,20.214770441436936
22395,雨水,400.0,2019.0,77.16091611690817
22396,雨水,600.0,2020.0,29.942066895921847
22397,汚水,150.0,,78.26464604149102
22398,汚水,150.0,,27.976519458290916
22399,汚水,150.0,,40.30213954618711
22400,汚水,150.0,2006.0,13.465430776622245
22401,汚水,200.0,,6.429497725328089
22402,汚水,150.0,,41.397022622400506
22403,汚水,150.0,,83.66233852815763
22404,汚水,150.0,,16.205450471985845
22405,汚水,150.0,,90.66802188754097
22406,汚水,150.0,,73.42808325157961
22408,汚水,150.0,,39.66174176709145
22409,汚水,150.0,,41.42993151093747
22410,汚水,200.0,,15.877307989694987
22411,汚水,200.0,,16.325330900172517
22412,汚水,200.0,,15.863878624099321
22413,汚水,200.0,,12.317892392766414
22414,汚水,150.0,,18.86107367038921
22415,汚水,150.0,,16.17087981528225
22416,雨水,450.0,2020.0,32.989692162854325
22417,雨水,450.0,2020.0,44.05814913270673
22418,雨水,450.0,2020.0,4.030089949357914
22419,雨水,400.0,2020.0,51.741914344176976
22420,雨水,450.0,2020.0,13.368353152125067
22421,雨水,450.0,2020.0,53.58405854356699
22422,汚水,150.0,,22.203028284447694
22423,雨水,600.0,2020.0,50.61478242569284
22424,雨水,900.0,,38.8876801699483
22425,雨水,400.0,2020.0,3.3277363176814263
22426,雨水,400.0,2020.0,8.98917404437531
22427,雨水,400.0,2020.0,26.140107497862314
22428,雨水,350.0,2020.0,4.343267433625845
22429,雨水,600.0,2020.0,27.867660271362805
22430,雨水,600.0,2020.0,33.97200847757412
22431,雨水,600.0,2020.0,7.088126550789979
22432,雨水,800.0,,4.931199651199611
22433,雨水,800.0,,21.379591249601447
22434,雨水,800.0,,56.03003217220538
22435,汚水,150.0,2020.0,27.082402349130803
22436,汚水,150.0,2020.0,17.989882712236575
22437,汚水,150.0,2020.0,10.788926637985803
22438,汚水,150.0,2020.0,7.429400043080316
22439,汚水,150.0,2020.0,6.324365580828793
22440,汚水,150.0,,4.116703778507704
22441,汚水,150.0,,44.65847469406027
22442,汚水,150.0,,45.053598502226514
22443,汚水,150.0,,43.63278283584457
22444,汚水,150.0,,35.772138949185404
22445,雨水,2600.0,,7.424053946461659
22446,雨水,2600.0,,49.83464944193144
22447,雨水,2600.0,,88.10617297329615
22448,雨水,2600.0,,166.8233809272527
22449,雨水,2600.0,,171.77647206180762
22450,雨水,2600.0,,10.792937737238583
22451,雨水,1200.0,,630.1748179014472
22452,雨水,2000.0,,12.176667852907311
22453,雨水,2000.0,,19.80804788463403
22454,雨水,2000.0,,30.515467717206114
22455,汚水,150.0,,8.069285780041461
22456,汚水,150.0,,10.197302829666489
22457,汚水,150.0,2022.0,13.699128731419176
22458,汚水,150.0,2022.0,20.98900343036605
22459,汚水,150.0,2022.0,26.738352417461414
22460,汚水,150.0,2022.0,9.54933484594644
22461,汚水,150.0,,13.093976974166827
22462,汚水,150.0,,5.3866421822834
22463,汚水,150.0,2021.0,47.84588042872002
22464,汚水,200.0,1996.0,11.36143639686424
22465,汚水,150.0,,38.89464572406039
22466,汚水,150.0,2003.0,24.622793606737456
22467,雨水,400.0,,42.44839506977921
22468,雨水,500.0,,35.49254075154548
22469,雨水,600.0,,42.42105181392911
22470,雨水,600.0,,33.946001369821396
22471,汚水,150.0,,8.29976559909811
22472,汚水,150.0,,5.177885668879962
22473,汚水,150.0,,1.796941846583182
22474,汚水,150.0,,11.598097775068076
22475,汚水,150.0,,4.312427854469103
22476,汚水,150.0,,36.43120257417069
22477,汚水,150.0,,74.33430670961502
22478,汚水,150.0,,4.11641980366159
22479,汚水,150.0,,27.819691587079127
22480,汚水,150.0,,13.668650262551195
22481,汚水,150.0,,8.402356871744194
22482,汚水,150.0,,2.782279820570329
22483,汚水,150.0,,9.373305500204788
22484,汚水,150.0,,27.101342328377967
22485,汚水,150.0,,35.0084453382234
22486,汚水,150.0,,26.158609003541603
22487,汚水,150.0,,33.42963489182007
22488,汚水,150.0,,41.63288441844849
22489,汚水,150.0,,7.8704785750250394
22490,汚水,150.0,,5.741869033686776
22491,汚水,150.0,,50.75975849037211
22492,汚水,150.0,,51.32199237168805
22493,汚水,150.0,,38.2723349170087
22494,汚水,150.0,,3.216628825343215
22495,汚水,150.0,,38.50463266932788
22496,汚水,150.0,,67.54627661832724
22497,汚水,150.0,,7.73250134173886
22498,汚水,150.0,,30.10182640638455
22499,汚水,150.0,,46.48105087020888
22500,汚水,150.0,,2.1980329842871527
22501,汚水,150.0,,98.0434483124761
22502,汚水,150.0,,8.056738856384676
22503,汚水,150.0,,10.329674583452737
22504,汚水,150.0,,2.666498828045127
22505,汚水,150.0,,67.04013816364868
22506,汚水,150.0,,2.601146093553358
22507,汚水,150.0,,15.798981232975363
22508,汚水,150.0,,4.0289280211937095
22509,汚水,150.0,,17.542842700091338
22510,汚水,150.0,,13.216771542249342
22511,汚水,150.0,,11.264128727953466
22512,汚水,150.0,,14.756341348725774
22513,汚水,150.0,,24.702136041238433
22514,汚水,150.0,,39.92902428059249
22515,雨水,400.0,,14.310770384575848
22516,雨水,800.0,,17.347699703420595
22517,雨水,1350.0,,18.969351702144486
22518,雨水,1350.0,,46.184808064995124
22519,汚水,150.0,,21.123865105609266
22520,汚水,250.0,,7.630562888807836
22521,汚水,150.0,2021.0,8.420191506136847
22522,汚水,150.0,2021.0,8.604964264887878
22523,汚水,150.0,2021.0,34.61224617096603
22524,汚水,150.0,2021.0,8.091043505013994
22525,汚水,150.0,2022.0,15.397394747158186
22526,汚水,150.0,2022.0,20.207727655526803
22527,汚水,150.0,2022.0,6.254017029080023
22528,汚水,150.0,2022.0,49.31543340577034
22529,汚水,150.0,2022.0,21.23953580000831
22530,汚水,150.0,2022.0,13.314584672455837
22531,汚水,200.0,1993.0,25.343051315891895
22532,汚水,150.0,,10.042697097889187
22533,汚水,150.0,,23.45419674599801
22534,汚水,150.0,,22.801928186008837
22535,汚水,150.0,,8.099585421495023
22536,汚水,150.0,,47.69053773023961
22537,汚水,150.0,,2.645880004841091
22538,汚水,150.0,,22.635197237927503
22539,汚水,150.0,,12.17813208172289
22540,汚水,150.0,,4.811006755348604
22541,汚水,150.0,,2.599047902605544
22542,汚水,150.0,,12.266361522474268
22543,汚水,150.0,,10.347108050078608
22544,汚水,150.0,,11.62115011520136
22545,汚水,150.0,,22.868369815095395
22546,汚水,150.0,,15.22937375599953
22547,汚水,150.0,,16.2578161202519
22548,汚水,150.0,,19.12504339864183
22549,汚水,150.0,,26.185331561769893
22550,汚水,150.0,,3.735638365798626
22551,汚水,150.0,,3.636826088773749
22552,汚水,150.0,,23.44295860167734
22553,汚水,150.0,,13.97814111389762
22554,汚水,150.0,,41.65470232758532
22555,汚水,150.0,,13.782454824876151
22556,汚水,150.0,,19.697856583901398
22557,汚水,150.0,,20.477304436865754
22558,汚水,150.0,,17.982392832986985
22559,汚水,150.0,,17.102870051547367
22560,汚水,150.0,,2.788798486802008
22561,汚水,150.0,,23.694838530786896
22562,汚水,150.0,,24.58943008692952
22563,汚水,150.0,,25.467060234750132
22564,汚水,150.0,,25.326189310662617
22565,汚水,150.0,,27.48643349000704
22566,汚水,150.0,,48.01812609837987
22567,汚水,150.0,,51.252984000927505
22568,汚水,200.0,,45.28331618819722
22569,雨水,800.0,,10.466336512835932
22570,雨水,800.0,,9.90657014309849
22571,雨水,800.0,,9.240933123876557
22572,雨水,800.0,,14.229479716418092
22573,雨水,700.0,,14.813224530803668
22574,雨水,700.0,,62.562850990027336
22575,雨水,600.0,,82.88309748677094
22576,雨水,,,41.435012879105656
22577,雨水,2000.0,2006.0,7.554845994459362
22578,雨水,2000.0,2006.0,28.332266499522344
22579,雨水,2000.0,2006.0,4.581189801788271
22580,雨水,450.0,2006.0,41.529984691975606
22581,雨水,8100.0,,10.198299122882334
22582,雨水,2500.0,,98.72624354777163
22583,雨水,350.0,,4.746846216170656
22584,雨水,600.0,,10.815078825417595
22585,雨水,800.0,,11.637030494263268
22586,雨水,2500.0,,22.841257780605524
22587,雨水,300.0,,9.316334472317866
22588,雨水,1000.0,,7.20899389651164
22589,雨水,1000.0,,29.47043720408524
22590,雨水,2500.0,,33.30263178789476
22591,雨水,600.0,,12.391787320648556
22592,雨水,600.0,,20.374273017701128
22593,雨水,2500.0,,14.08328832339469
22594,雨水,600.0,,48.22379326639958
22595,雨水,600.0,,36.360799138632885
22596,雨水,2600.0,,29.46859060084495
22597,雨水,2600.0,,17.030843343766733
22598,雨水,2000.0,,24.1818647908809
22728,汚水,150.0,,29.999928133249295
22676,汚水,150.0,,52.12201108936144
22677,汚水,150.0,,24.490407795701422
22678,汚水,150.0,,27.306126583612752
22640,汚水,150.0,,34.902960977546485
22641,汚水,150.0,,50.880193759461655
22642,汚水,150.0,,3.707646692982843
22643,汚水,150.0,,23.117661841104223
22644,汚水,150.0,,34.305872281583376
22645,汚水,150.0,,2.85537037878219
22706,汚水,150.0,,31.40069720564255
22719,汚水,150.0,,28.614877686272205
22707,汚水,150.0,,35.391506000724796
22709,汚水,150.0,,4.501729667582819
22710,汚水,150.0,,37.50070252675865
22708,汚水,150.0,,39.19822043154401
22711,汚水,150.0,,6.935618573721895
22712,汚水,150.0,,9.243714080390601
22726,汚水,150.0,,31.57547999635169
22713,汚水,150.0,,40.30557525950917
22723,汚水,150.0,,32.80760773051141
22724,汚水,150.0,,85.05564402202275
22714,汚水,150.0,,15.611991961301202
22673,汚水,150.0,,48.1651421050546
22660,汚水,150.0,,45.74156150591935
22661,汚水,150.0,,12.180538945390657
22662,汚水,150.0,,15.74616223084349
22663,汚水,150.0,,40.50815633918447
22664,汚水,150.0,,8.386090924856314
22665,汚水,250.0,1991.0,26.72252147533153
22667,汚水,150.0,,6.637647550149847
22668,汚水,150.0,,12.683901371421939
22669,汚水,150.0,,5.310955187157307
22658,汚水,150.0,,6.465835290200256
22659,汚水,150.0,,30.225769948835904
22670,汚水,150.0,,5.577062757402011
22621,汚水,150.0,,22.15107243453952
22622,汚水,150.0,,5.099756268678664
22623,汚水,200.0,1995.0,36.18990074592684
22674,汚水,150.0,,33.53060245506964
22675,汚水,200.0,1994.0,8.703062679307559
22624,汚水,150.0,,80.12088185360686
22625,汚水,150.0,,16.3649295751619
22626,汚水,150.0,,15.197031618049747
22628,汚水,150.0,,33.34394639210194
22629,汚水,150.0,,33.339838991820876
22630,汚水,150.0,,21.31392138954902
22627,汚水,150.0,,22.96449017504499
22631,汚水,150.0,,8.510401753146928
22632,汚水,150.0,2003.0,19.28310415882426
22736,汚水,150.0,,14.769509978327791
22737,汚水,150.0,,35.13124321739917
22738,汚水,200.0,1994.0,32.46811272618061
22610,汚水,150.0,,32.94657950380166
22611,汚水,150.0,,65.81153790939544
22612,汚水,150.0,,47.46333849404321
22613,汚水,150.0,,39.03047718129909
22614,汚水,150.0,,15.19047586483081
22615,汚水,150.0,,24.473435496485187
22616,汚水,150.0,,8.3495368135004
22617,汚水,150.0,,22.438815387636822
22619,汚水,200.0,,9.295034857387003
22618,汚水,200.0,,13.974745543301243
22654,汚水,150.0,,14.329800626666659
22655,汚水,150.0,,17.005078123889753
22656,汚水,150.0,,24.406068917384687
22657,汚水,250.0,1991.0,21.853228800338893
22601,汚水,150.0,,10.669613676229476
22602,汚水,150.0,,56.07231404177236
22603,汚水,150.0,,52.03025097959911
22604,汚水,150.0,,44.987277357045635
22605,汚水,150.0,,44.235087837599174
22606,汚水,150.0,,40.073096735833104
22607,汚水,150.0,,37.097801336467306
22608,汚水,150.0,,14.913098437280118
22692,汚水,150.0,,28.953931287477428
22693,汚水,250.0,1991.0,4.996593339465547
22725,雨水,450.0,,54.410553544327016
22715,雨水,450.0,,52.86321454041289
22716,雨水,600.0,,44.539027492750996
22717,雨水,600.0,,35.56041760159599
22718,雨水,600.0,,9.254268312512563
22720,雨水,3000.0,,13.404854083499648
22648,汚水,150.0,,60.1197123412913
22649,汚水,150.0,,97.08981450183357
22650,汚水,150.0,,96.24203564451486
22651,汚水,150.0,,73.68983284687044
22652,汚水,150.0,,54.12075632325571
22653,汚水,150.0,,90.08043455157888
22679,汚水,150.0,,83.08860663773005
22680,汚水,150.0,,74.30145277853156
22681,汚水,150.0,,72.65975868387437
22682,汚水,150.0,,37.13012524891545
22683,汚水,150.0,,57.91059075851242
22684,汚水,150.0,,5.092307924707886
22685,汚水,150.0,,51.720243087208274
22686,汚水,150.0,,4.380433311897348
22687,汚水,150.0,,50.51913935332225
22688,汚水,150.0,,9.267587442256993
22689,汚水,150.0,,6.77002954204146
22599,汚水,150.0,,13.800635130317021
22600,汚水,150.0,,34.53973770891213
22646,汚水,150.0,,15.249840982779766
22666,汚水,150.0,,10.211366069240386
22671,汚水,150.0,,64.89975878229255
22672,汚水,150.0,,76.54598294489445
22635,汚水,150.0,,7.713989888505158
22636,汚水,150.0,,4.370131462554739
22634,汚水,150.0,,13.311226089283368
22637,汚水,150.0,,19.07896572143848
22647,雨水,,,2.5166398232568743
22727,雨水,2000.0,1989.0,125.23614973320642
22633,雨水,,2007.0,12.870632657340293
22639,雨水,700.0,2004.0,3.938524723803547
22638,雨水,2500.0,,5.100049019375078
22609,雨水,600.0,,21.34754142752713
22620,雨水,2500.0,,5.218328180555653
22702,雨水,1500.0,2003.0,1.8206954715142407
22721,雨水,1100.0,2004.0,9.751297862336303
22703,雨水,1500.0,2000.0,4.479158179837426
22704,雨水,1500.0,2000.0,1.9251558378469669
22722,雨水,1350.0,2004.0,18.521596313502357
22705,雨水,1350.0,2004.0,32.14009609506773
22691,雨水,2100.0,2004.0,12.255124397575743
22697,雨水,4000.0,2009.0,2.013331815670638
22698,雨水,4500.0,2009.0,9.352140557110896
22699,雨水,4500.0,2009.0,1.6816022121801977
22734,雨水,1500.0,2009.0,1.6494877992880872
22731,雨水,1500.0,2008.0,10.397016239716322
22735,雨水,1500.0,2007.0,36.39068621498515
22732,雨水,1500.0,2007.0,51.92281512014673
22729,雨水,2500.0,2007.0,6.004714231343279
22733,雨水,1800.0,2009.0,61.43102666940368
22730,雨水,2000.0,2009.0,59.89237484855426
22694,雨水,4000.0,2009.0,6.26772374950794
22695,雨水,3500.0,2009.0,99.3834676389053
22696,雨水,3500.0,2009.0,81.1813640626333
22700,雨水,3500.0,2009.0,19.420039160617886
22701,雨水,3500.0,2009.0,59.30807932314566
4118,汚水,150.0,2005.0,5.967465997521558
4119,汚水,150.0,2005.0,27.09502837417407
4120,汚水,150.0,2005.0,35.687300843204405
4121,汚水,150.0,2005.0,29.018716612199356
4122,汚水,150.0,2005.0,28.10552863252214
4123,汚水,150.0,2005.0,47.152033489962626
4124,汚水,150.0,2006.0,5.148355835840425
4125,汚水,150.0,2008.0,23.916822704977115
4126,汚水,150.0,2008.0,35.560347257125464
4127,汚水,150.0,2005.0,63.756960679415734
4128,汚水,150.0,2005.0,51.32565095033502
4129,汚水,150.0,2005.0,10.658450975330979
4130,汚水,200.0,2005.0,17.350991281318763
4131,汚水,150.0,2005.0,27.06717312514418
4132,汚水,200.0,2005.0,8.395830481887362
4133,汚水,200.0,2005.0,7.688150999985441
4134,汚水,150.0,2005.0,9.070832948206068
4135,汚水,150.0,2005.0,11.361239588540247
4136,汚水,150.0,2005.0,17.29857266562476
4137,汚水,150.0,2005.0,8.973634497075206
4138,汚水,150.0,2005.0,9.711332379641291
4139,汚水,150.0,2005.0,4.3639417596732315
4140,汚水,200.0,2005.0,81.99230826167498
4141,汚水,200.0,2005.0,48.222929615647914
4142,汚水,150.0,2005.0,16.528683024513292
4143,汚水,150.0,2005.0,13.164820003515974
4144,汚水,150.0,2005.0,16.524989622988077
4145,汚水,150.0,2005.0,33.80192595290103
4146,汚水,150.0,2005.0,4.087714603826644
4147,汚水,150.0,2005.0,24.454662288710438
4148,汚水,150.0,2005.0,38.69782392012581
4149,汚水,150.0,2005.0,44.249907545205694
4150,汚水,150.0,2005.0,19.20322216670093
4151,汚水,150.0,2005.0,4.56655726393979
4152,汚水,150.0,2005.0,13.873615519063918
4153,汚水,150.0,2005.0,10.407863695536811
4154,汚水,150.0,2005.0,20.508245560766213
4155,汚水,150.0,2005.0,8.881109433881768
4156,汚水,150.0,2005.0,4.370711897100532
4157,汚水,150.0,2005.0,3.3754223508764065
4158,汚水,150.0,2005.0,73.30607720847854
4159,汚水,150.0,2005.0,43.834843945861806
4160,汚水,150.0,2005.0,61.46183877931124
4161,汚水,150.0,2005.0,36.08804587218226
4162,汚水,150.0,2005.0,81.45310856098293
4163,汚水,150.0,2005.0,4.1146311991851
4164,汚水,150.0,2005.0,41.53020864995185
4167,汚水,150.0,2005.0,14.859666904457242
4168,汚水,150.0,2005.0,84.08710955778744
4169,汚水,150.0,2005.0,31.255190485561357
4171,汚水,150.0,2005.0,15.04487919486614
4172,汚水,150.0,2005.0,10.467444503753386
4173,汚水,150.0,2005.0,14.586809685613655
4174,汚水,150.0,2005.0,29.584496218309802
4175,汚水,150.0,2005.0,11.339868844171574
4176,汚水,150.0,2005.0,8.888093287177355
4177,汚水,150.0,2005.0,3.6947330151167317
4178,汚水,150.0,2005.0,15.926000782394965
4179,汚水,150.0,2005.0,27.223274472763173
4180,汚水,150.0,2005.0,12.553924027759784
4181,汚水,150.0,2006.0,9.756659740657186
4182,汚水,150.0,2006.0,9.863504930141541
4183,汚水,150.0,2006.0,6.172781549942744
4184,汚水,150.0,2006.0,8.458693659644497
4185,汚水,150.0,2006.0,7.108544964459885
4186,汚水,150.0,2006.0,6.301544782507701
4187,汚水,150.0,2006.0,26.036990341465746
4188,汚水,150.0,2006.0,5.627016254083846
4189,汚水,150.0,2006.0,3.086000934405752
4190,汚水,150.0,2006.0,4.538508195218217
4191,汚水,150.0,2006.0,5.394334999910703
4192,汚水,150.0,2006.0,8.147515247684181
4193,汚水,150.0,2006.0,7.084827250624824
4194,汚水,150.0,2006.0,6.783402173188636
4195,汚水,150.0,2006.0,8.083094477565918
9056,汚水,200.0,1996.0,62.411761333550864
9057,汚水,200.0,1996.0,24.1099313027585
9058,汚水,200.0,1996.0,29.040990160355978
9059,汚水,200.0,1996.0,35.63708249807174
9060,汚水,200.0,1997.0,31.004337361562087
9061,汚水,200.0,1997.0,26.637694802323864
9062,汚水,200.0,1997.0,20.739550409957324
9063,汚水,200.0,1997.0,31.60132527344296
9064,汚水,200.0,1997.0,37.14288091724848
9065,汚水,200.0,1997.0,26.637714631136866
9066,汚水,150.0,2001.0,16.619538377523483
9067,汚水,200.0,1996.0,17.941223492467355
9068,汚水,250.0,1991.0,38.955231096383635
9069,汚水,250.0,1991.0,37.69978210578847
9070,汚水,200.0,1996.0,35.38633960390483
9071,汚水,200.0,1996.0,45.04544995796209
9072,汚水,250.0,1991.0,17.111534106879752
9073,汚水,250.0,1995.0,40.562150560323666
9074,汚水,250.0,1996.0,28.156867080859453
9075,汚水,250.0,1996.0,15.02043194986888
9076,汚水,250.0,1991.0,34.839829076893665
9077,汚水,250.0,1991.0,49.22324034089716
9078,汚水,250.0,1991.0,88.94395302561229
9079,汚水,250.0,1991.0,50.20266486738883
4196,汚水,150.0,2006.0,7.5744532114401695
4197,汚水,150.0,2006.0,5.393945821352512
4198,汚水,150.0,2006.0,4.347563082090861
4199,汚水,150.0,2006.0,10.796298079745263
4200,汚水,150.0,2006.0,10.046708195819178
4201,汚水,150.0,2006.0,12.032243506301455
4202,汚水,150.0,2006.0,9.386627727149213
4203,汚水,150.0,2006.0,6.576544958924033
4204,汚水,150.0,2006.0,40.438452320651955
4205,汚水,150.0,2006.0,4.941812289958211
4206,汚水,150.0,2006.0,14.386308644672335
4207,汚水,150.0,2006.0,10.150537297781755
4208,汚水,150.0,2006.0,11.065136283456935
4209,汚水,150.0,2006.0,2.6727716697245016
4210,汚水,150.0,2006.0,9.402549065520596
4211,汚水,150.0,2006.0,24.33305711163336
4212,汚水,150.0,2006.0,4.752715677345347
4213,汚水,150.0,2006.0,36.15021340635496
4214,汚水,150.0,2006.0,16.644555273027972
4215,汚水,150.0,2006.0,13.261178530327632
4216,汚水,150.0,2006.0,20.760552336451614
4217,汚水,150.0,2006.0,28.87222967245139
4218,汚水,150.0,2006.0,17.25391801553257
4219,汚水,150.0,2006.0,10.613830197391186
4220,汚水,150.0,2006.0,5.344581496502532
4221,汚水,150.0,2006.0,23.370241767486394
4222,汚水,150.0,2006.0,6.492817777142045
4223,汚水,150.0,2006.0,13.64481187488276
4224,汚水,150.0,2006.0,4.918933612743025
4225,汚水,150.0,2006.0,8.328448696677503
4226,汚水,150.0,2006.0,23.012373474767056
4227,汚水,150.0,2006.0,15.916834810148794
4228,汚水,150.0,2006.0,29.654826185610347
4229,汚水,150.0,2006.0,24.368163222052992
4230,汚水,150.0,2006.0,10.571357353591786
4231,汚水,150.0,2006.0,10.996182711921326
4232,汚水,150.0,2006.0,25.711572566718267
4233,汚水,150.0,2006.0,2.889587522128854
4234,汚水,150.0,2006.0,10.169866828986784
4235,汚水,150.0,2006.0,45.40771702771038
4236,汚水,150.0,2006.0,8.92628204401057
4237,汚水,150.0,2006.0,2.2649457662610537
4238,汚水,150.0,2006.0,8.216014684123758
4239,汚水,150.0,2006.0,2.5510174127457548
4240,汚水,150.0,2006.0,23.395640150233973
4241,汚水,150.0,2006.0,7.482362016797694
4242,汚水,150.0,2006.0,7.151210959659848
4243,汚水,150.0,2006.0,43.15501601549531
4244,汚水,150.0,2006.0,2.463534398948101
4245,汚水,150.0,2006.0,2.896105953356507
4246,汚水,150.0,2006.0,6.313118640973516
4247,汚水,150.0,2006.0,3.596081709551352
4248,汚水,150.0,2006.0,47.059276966719594
4249,汚水,150.0,2006.0,66.58658922172364
4250,汚水,150.0,2006.0,20.25888471081968
4251,汚水,150.0,2006.0,10.870345630737805
4252,汚水,150.0,2006.0,13.980787271201454
4253,汚水,150.0,2006.0,3.6962316408386124
4254,汚水,150.0,2006.0,9.287372530886472
4255,汚水,150.0,2006.0,23.0869795927506
4256,汚水,150.0,2006.0,17.979858435035432
4257,汚水,150.0,2006.0,17.029025095735523
4258,汚水,150.0,2006.0,8.524011652082288
4259,汚水,150.0,2006.0,2.9648882620587096
4260,汚水,150.0,2006.0,21.99042138292007
4261,汚水,150.0,2006.0,19.367986359613553
4262,汚水,150.0,2006.0,43.44125024206989
4263,汚水,150.0,2006.0,7.590757754951803
4264,汚水,150.0,2006.0,19.28869947091982
4265,汚水,150.0,2006.0,19.183090353738827
4266,汚水,150.0,2006.0,19.967965153637408
4267,汚水,150.0,2006.0,25.84071277477676
4268,汚水,150.0,2006.0,11.484627186022443
4269,汚水,150.0,2006.0,39.046824368549814
4270,汚水,150.0,2007.0,50.18212590413763
4271,汚水,150.0,2007.0,24.265006990567823
4272,汚水,150.0,2007.0,43.59503098658427
4273,汚水,150.0,2007.0,25.23375985588351
4274,汚水,150.0,2007.0,6.309059502426028
4275,汚水,150.0,2007.0,28.555251248777537
4276,汚水,150.0,2007.0,7.1010892052334835
4277,汚水,150.0,2007.0,6.6210770390797125
4278,汚水,150.0,2007.0,5.987337112061702
4279,汚水,150.0,2007.0,22.79029322372163
4280,汚水,150.0,2007.0,6.013290080242477
4281,汚水,150.0,2007.0,43.58953367946644
4282,汚水,150.0,2007.0,37.154525095521855
4283,汚水,150.0,2007.0,8.46363605951494
4284,汚水,150.0,2007.0,13.73102544210021
4285,汚水,150.0,2007.0,19.41561514821114
4286,汚水,150.0,2007.0,2.9015353668768844
4287,汚水,150.0,2007.0,57.80024287549719
4288,汚水,150.0,2007.0,26.01174936367391
4289,汚水,150.0,2007.0,56.46029237053323
4290,汚水,150.0,2007.0,42.31589073020068
4291,汚水,150.0,2007.0,5.90683194924609
4292,汚水,150.0,2007.0,5.995118771267591
4293,汚水,150.0,2007.0,21.314072057381033
4294,汚水,150.0,2007.0,11.504940564624837
4295,汚水,150.0,2007.0,44.77804499685264
4296,汚水,150.0,2007.0,11.893984256474454
4297,汚水,150.0,2007.0,13.479913962261719
4298,汚水,150.0,2007.0,3.517446409213532
4299,汚水,150.0,2007.0,26.815272929392343
4300,汚水,150.0,2007.0,4.848724636386948
4301,汚水,150.0,2007.0,5.045156168185605
4302,汚水,150.0,2007.0,47.48317415038683
4303,汚水,150.0,2007.0,19.38977191157971
4304,汚水,150.0,2007.0,3.250401130605209
4305,汚水,150.0,2007.0,4.175215936999985
4306,汚水,150.0,2007.0,10.029325077653187
4307,汚水,150.0,2007.0,12.842922370539911
4308,汚水,150.0,2007.0,49.70591951655341
4309,汚水,150.0,2007.0,23.53664545108953
4310,汚水,150.0,2007.0,23.679113038751318
4311,汚水,150.0,2007.0,3.3454225326706855
4312,汚水,150.0,2007.0,3.2924234534004015
4313,汚水,150.0,2007.0,6.710443394080021
4314,汚水,150.0,2007.0,27.270929551353344
4315,汚水,150.0,2007.0,2.7722844652852348
4316,汚水,150.0,2007.0,4.548975688057559
4317,汚水,150.0,2007.0,4.348730373492953
4318,汚水,300.0,2001.0,41.89088152410856
4320,汚水,200.0,1998.0,14.586275123795113
4321,汚水,200.0,1998.0,12.05700015426469
4322,汚水,200.0,1998.0,18.42705605905972
4323,汚水,200.0,1998.0,28.265753114705685
4324,汚水,200.0,1998.0,27.93943677446687
4325,汚水,200.0,1998.0,7.133147083308046
4326,汚水,200.0,1998.0,35.385733784516496
4327,汚水,250.0,1992.0,41.09546894872439
4328,汚水,200.0,1998.0,46.75265488787967
4329,汚水,200.0,1998.0,12.501436509350746
4330,汚水,200.0,1998.0,43.576176146895385
4331,汚水,200.0,1998.0,25.389896496778064
4332,汚水,200.0,1998.0,35.816734185698465
4333,汚水,200.0,1998.0,14.380493205014071
4334,汚水,200.0,1998.0,3.662366521139188
4335,汚水,200.0,1998.0,8.968407086003342
4336,汚水,200.0,1998.0,11.774676574936128
4337,汚水,200.0,1998.0,12.542595514327289
4338,汚水,200.0,1998.0,29.32990323847362
4339,汚水,200.0,1998.0,16.16547129748571
4341,汚水,200.0,1998.0,28.51053780423352
4342,汚水,200.0,1998.0,4.535837039779009
4343,汚水,200.0,1998.0,21.367601250733635
4344,汚水,200.0,1998.0,6.920206193939553
4345,汚水,200.0,1998.0,35.35993315015339
4346,汚水,200.0,1998.0,9.59250723362369
4347,汚水,200.0,1998.0,7.217680084385563
4348,汚水,200.0,1998.0,17.744681329552506
4349,汚水,200.0,1998.0,8.267547160500616
4350,汚水,200.0,1998.0,10.654825950786666
4351,汚水,200.0,1998.0,10.78885124505824
4352,汚水,200.0,1998.0,5.271812790877956
4353,汚水,200.0,1998.0,7.696014659157767
4354,汚水,200.0,1998.0,19.188792365879966
4355,汚水,200.0,1998.0,19.854571599302833
4356,汚水,200.0,1998.0,24.977555153526406
4358,汚水,200.0,1998.0,21.669641634190178
4359,汚水,200.0,1998.0,19.89788375133912
4360,汚水,200.0,1998.0,15.145169464689207
4361,汚水,200.0,1998.0,13.613841418952378
4362,汚水,200.0,1998.0,12.150220902842804
4363,汚水,200.0,1998.0,30.585800625005163
4364,汚水,200.0,1998.0,26.28966681790223
4365,汚水,200.0,1998.0,9.70772005426476
4366,汚水,200.0,1998.0,29.859708912766745
4367,汚水,200.0,1998.0,52.66384894572753
4368,汚水,200.0,1998.0,49.871284464531975
4370,汚水,200.0,1998.0,20.243833902006536
4371,汚水,200.0,1998.0,17.08186706860164
4372,汚水,200.0,1998.0,23.062117626816143
4373,汚水,150.0,2002.0,8.241250635324338
4374,汚水,150.0,2002.0,44.454414411913895
4375,汚水,150.0,2002.0,55.527957826830125
4376,汚水,150.0,2002.0,52.27800032604913
4377,汚水,150.0,2002.0,48.86880548453956
4378,汚水,150.0,2002.0,46.04065308401196
4379,汚水,150.0,2002.0,47.59522329838436
4380,汚水,150.0,2002.0,58.6245263863976
4381,汚水,150.0,2002.0,21.909287161270004
4382,汚水,150.0,2002.0,27.954872827085058
4383,汚水,150.0,2002.0,6.992997466327632
4384,汚水,150.0,2002.0,44.78870720905841
4385,汚水,150.0,2002.0,50.20147749695728
4386,汚水,450.0,2001.0,43.4061838842254
4387,汚水,150.0,2006.0,36.87152095553241
4388,汚水,150.0,2002.0,30.847396502023756
4389,汚水,150.0,2002.0,46.5362953007251
4390,汚水,450.0,2001.0,106.41477563053974
4391,汚水,150.0,2007.0,33.0538226065733
4392,汚水,450.0,2007.0,64.38075784039115
4393,汚水,150.0,2007.0,45.55932105249356
4394,汚水,150.0,2005.0,37.2562362085205
4395,汚水,150.0,2005.0,70.10880710590547
4396,汚水,150.0,2005.0,16.67092918733061
4397,汚水,150.0,2006.0,4.115017138401772
4398,汚水,150.0,2007.0,18.47027249534359
4399,汚水,150.0,2007.0,19.734435024441243
4400,汚水,150.0,2007.0,36.73347053690079
4401,汚水,150.0,2007.0,33.19700698316556
4402,汚水,150.0,2007.0,4.0915125488481525
4403,汚水,150.0,2008.0,6.507181390544303
4404,汚水,150.0,2008.0,64.21277208953093
4405,汚水,150.0,2008.0,14.469907458920703
4406,汚水,150.0,2008.0,16.678753826771292
4407,汚水,150.0,2008.0,18.133587420371885
4408,汚水,150.0,2008.0,19.77211556475454
4409,汚水,150.0,2008.0,8.229069598810868
4410,汚水,150.0,2007.0,9.00234454155548
4411,汚水,350.0,2001.0,69.54585084410893
4412,汚水,150.0,2002.0,15.851169555623008
4413,汚水,150.0,2002.0,33.913098386699446
4414,汚水,150.0,2002.0,26.87975127256198
4415,汚水,150.0,2002.0,12.478477258573237
11858,汚水,250.0,1990.0,33.22849146796747
11859,汚水,200.0,1994.0,8.36358655722246
11861,汚水,500.0,1989.0,69.29179347280764
11862,汚水,500.0,1989.0,59.06060040255529
11864,雨水,600.0,2007.0,90.63146966504753
11865,雨水,800.0,2007.0,8.889529205425616
11866,雨水,800.0,2007.0,7.094633699223027
11868,雨水,1350.0,1994.0,15.314133124404886
11869,雨水,500.0,1997.0,49.07861532352655
11870,雨水,500.0,1997.0,17.664985937569817
11871,雨水,400.0,1997.0,15.409953936263678
11872,雨水,2700.0,1997.0,89.22113883106317
11873,雨水,700.0,2004.0,13.95037111520605
11874,雨水,800.0,,95.57064335788732
11875,雨水,1350.0,,49.413463332819845
11876,雨水,1350.0,,6.817889644444102
11877,雨水,500.0,,21.193956393183445
11878,雨水,800.0,,79.20290763146679
11879,雨水,1100.0,,116.24147038629985
11880,雨水,500.0,,26.406456127587667
11881,雨水,800.0,,31.4373585079004
11882,雨水,5000.0,1997.0,38.000847582649435
11883,雨水,7000.0,1997.0,7.579783967895176
11884,雨水,7000.0,1997.0,3.236987642985846
11885,雨水,7000.0,1997.0,19.834758911238467
11886,雨水,2000.0,2004.0,51.301587070965745
11887,雨水,700.0,,4.424033427585366
11888,雨水,400.0,1997.0,39.30719824281488
11889,雨水,400.0,1997.0,39.62187763538684
11890,雨水,400.0,1997.0,39.857045203679846
11892,雨水,800.0,,71.95450129648478
11893,雨水,1350.0,,54.92518421987
11894,雨水,400.0,,38.180459331627915
11895,雨水,800.0,,82.06028644452363
11896,雨水,800.0,,73.89687174849745
11897,雨水,800.0,,4.607785282806436
11898,雨水,5000.0,1997.0,10.077830570127821
11899,雨水,5000.0,1997.0,16.32315095194271
11901,雨水,2000.0,1989.0,138.84988425402537
11902,雨水,2000.0,1989.0,114.99622937800997
11903,雨水,2400.0,1989.0,136.47400855880772
11904,雨水,1650.0,1993.0,16.039963050045518
11905,雨水,2600.0,2004.0,97.13042732364184
11908,雨水,1200.0,,34.24840782852072
11909,雨水,1200.0,,49.56844777765368
11910,雨水,1200.0,,49.71988281442225
11911,雨水,1200.0,,39.77407077922557
11912,雨水,1200.0,1995.0,29.98985862671334
11914,雨水,1000.0,,20.223234286338187
11915,雨水,1800.0,1995.0,19.019984410181777
11916,雨水,1200.0,1995.0,41.40545542650424
11917,雨水,1200.0,1995.0,15.546115018504038
11918,雨水,1200.0,1995.0,12.681331459715857
11919,雨水,1000.0,1995.0,152.19354112699966
11920,雨水,500.0,2002.0,54.018315509048556
11921,雨水,500.0,2002.0,34.94269621216417
11922,雨水,400.0,2002.0,8.228700589168962
11923,雨水,2600.0,1989.0,69.14498427953778
11924,雨水,1200.0,,28.610332421400923
11925,雨水,2000.0,,11.574159707051157
11926,雨水,2000.0,,35.64975159680069
11927,雨水,2600.0,2004.0,30.692553641478145
11937,雨水,800.0,1997.0,65.15472601834942
11938,雨水,800.0,1997.0,50.136132855339554
11939,雨水,800.0,1997.0,23.986884717054973
11940,雨水,1500.0,1997.0,20.009357527626644
11941,雨水,1500.0,1997.0,17.300907836913897
11942,雨水,1500.0,1997.0,2.8990876150991753
11943,雨水,700.0,1997.0,73.44317813425678
11944,雨水,800.0,1997.0,46.16924096328987
11945,雨水,1000.0,1997.0,63.824367238067914
11947,雨水,600.0,1997.0,39.091456880034514
11949,雨水,500.0,1997.0,54.425160829369304
11950,雨水,500.0,1997.0,50.609390989164886
11952,雨水,800.0,1997.0,20.220493886175245
11953,雨水,800.0,,60.911902603914825
11954,雨水,800.0,,60.01997785744481
11955,雨水,1000.0,,53.93374735618404
11956,雨水,1200.0,,53.0400890547773
11959,雨水,1300.0,,56.58038426416312
11960,雨水,1300.0,,58.02331610442158
11961,雨水,1700.0,,53.51845522396907
11962,雨水,1700.0,,58.396812660386225
11963,雨水,2200.0,,51.16451080615334
11964,雨水,2200.0,,49.1638102422546
11965,雨水,3000.0,,102.28616528912475
11966,雨水,3000.0,,86.97306927588353
11967,雨水,3000.0,,19.368668475032162
11968,雨水,1200.0,,56.21111400724223
11971,雨水,3000.0,,14.501810260321045
11972,雨水,,,14.340968760865847
11973,雨水,500.0,2009.0,20.296473013460943
11974,雨水,500.0,2009.0,25.52595883068015
11975,雨水,600.0,2009.0,56.9248043574898
11976,雨水,400.0,2009.0,56.62683641994732
11977,雨水,900.0,2009.0,70.2890905130719
11978,雨水,1000.0,2009.0,42.77755295248831
11979,雨水,1000.0,2009.0,34.266950460281805
11980,雨水,1000.0,2009.0,77.69320686146646
11982,雨水,300.0,2009.0,21.775835884277964
11983,雨水,400.0,2009.0,51.419446582411524
11984,雨水,400.0,2009.0,51.51308724837802
11985,雨水,400.0,2009.0,50.20515564389284
11986,雨水,600.0,2009.0,34.74443561952701
11987,雨水,400.0,2009.0,28.196432206591187
11988,雨水,400.0,2009.0,50.049468443426676
11989,雨水,700.0,2009.0,42.77861322515243
11990,雨水,700.0,2009.0,43.09587131824076
11991,雨水,800.0,2009.0,85.2894714794748
11992,雨水,900.0,2009.0,55.35469815617264
11993,雨水,450.0,2009.0,48.8371646814628
11994,雨水,450.0,2009.0,49.07994316086542
11995,雨水,2000.0,2007.0,78.55655640331742
11996,雨水,2000.0,2007.0,84.12551671060054
11997,雨水,2000.0,2007.0,23.786816426386675
11998,雨水,800.0,2007.0,84.24915548933961
11999,雨水,2500.0,2007.0,94.52215720377983
12000,雨水,2500.0,2007.0,2.3111110543296824
12001,雨水,600.0,2007.0,47.303662074704846
12002,雨水,900.0,2007.0,70.64562628753409
12003,雨水,1000.0,2007.0,72.09747080482214
12004,雨水,500.0,2007.0,49.04498217541419
12005,雨水,1000.0,2007.0,24.57306437913037
12006,雨水,600.0,2007.0,47.45473923178323
12007,雨水,900.0,2007.0,76.08474149957492
12008,雨水,900.0,2007.0,15.552893803619416
12009,雨水,2500.0,2007.0,132.66059960699258
12010,雨水,400.0,2009.0,57.041196090715445
12011,雨水,400.0,2009.0,63.15123963847298
12012,雨水,900.0,2009.0,29.23677337163619
12013,雨水,900.0,2009.0,26.47423595484998
12014,雨水,1800.0,2009.0,34.79869681133466
12015,雨水,1800.0,2009.0,35.180098760487795
12016,雨水,1800.0,2009.0,32.65980702430451
12017,雨水,2000.0,2009.0,4.085954939146175
12018,雨水,500.0,2009.0,72.39482591592409
12019,雨水,500.0,2009.0,49.69429576446487
12020,雨水,500.0,2009.0,11.361870684221902
12021,雨水,500.0,2009.0,10.54351356353955
12022,雨水,400.0,2009.0,29.126267689576416
12023,雨水,400.0,2009.0,41.251022475201765
12024,雨水,500.0,2009.0,35.53416790670782
12025,雨水,1500.0,2009.0,61.83011859580234
12026,雨水,1500.0,2009.0,75.4238347124435
12027,雨水,500.0,2009.0,46.562723206429624
12028,雨水,500.0,2009.0,44.0456155666237
12029,雨水,700.0,2009.0,48.69344125312684
12030,雨水,500.0,2007.0,71.45069855765304
12031,雨水,400.0,2007.0,59.90232214003396
12032,雨水,450.0,2007.0,55.3178006339276
12033,雨水,500.0,2007.0,45.907724522719576
12034,雨水,600.0,2007.0,45.32383637065711
12035,雨水,600.0,2007.0,51.75448177086818
12036,雨水,700.0,2007.0,45.60224516661666
12037,雨水,700.0,2007.0,54.63563344526842
12038,雨水,600.0,2007.0,14.276157690301307
12039,雨水,600.0,2007.0,15.729180823738691
12040,雨水,600.0,2007.0,45.406781367559
12041,雨水,600.0,2007.0,11.933039458038847
12042,雨水,600.0,2007.0,34.461281496330095
12043,雨水,1500.0,2007.0,79.27562122145282
12044,雨水,1500.0,2007.0,32.31790070475695
12045,雨水,600.0,2007.0,14.91866635992613
12046,雨水,600.0,2007.0,46.20767700387301
12047,雨水,300.0,2007.0,27.35205437326727
12048,雨水,800.0,2007.0,48.446220661815666
12049,雨水,1500.0,2007.0,2.1775640059392267
12050,雨水,1500.0,2007.0,25.404986931081954
12051,雨水,1500.0,2007.0,7.5431527323062175
12052,雨水,600.0,2007.0,42.465547045465655
12053,雨水,600.0,2007.0,44.69143463966548
12054,雨水,450.0,2007.0,38.31562299174081
12055,雨水,700.0,2007.0,47.428204481683665
12056,雨水,1500.0,2007.0,93.57282333241895
12057,雨水,1500.0,2008.0,27.4939814446311
12058,雨水,1500.0,2008.0,39.60717003220526
12061,雨水,500.0,1995.0,12.238200741092152
12063,雨水,300.0,,25.979288192766045
12064,雨水,400.0,,38.794854932371976
12065,雨水,500.0,,55.47479163823235
12066,雨水,1500.0,2007.0,50.554267377369406
12067,雨水,1500.0,2007.0,71.06895871950204
12068,雨水,1500.0,2009.0,36.962063454237736
12069,雨水,1500.0,2009.0,56.14478810497839
12070,雨水,1500.0,2009.0,90.26556491645242
12071,雨水,600.0,2009.0,24.237848038893734
12072,雨水,600.0,2009.0,31.687833316312105
12073,雨水,700.0,2009.0,46.654359638298544
12074,雨水,700.0,2009.0,51.7187834187256
12076,雨水,1000.0,2009.0,42.305145547740494
12077,雨水,1000.0,2009.0,29.158066518728376
12078,雨水,1000.0,2009.0,29.067345051843784
12079,雨水,400.0,2009.0,33.77541384475005
12080,雨水,500.0,2009.0,27.180144649368565
12081,雨水,600.0,2009.0,49.728418976067246
12082,雨水,1100.0,2009.0,16.268527257468214
12083,雨水,1500.0,2009.0,72.10266047565388
12084,雨水,1500.0,2009.0,51.82223741734105
12085,雨水,300.0,2009.0,50.0754837868922
12086,雨水,300.0,2009.0,49.92324429961747
12087,雨水,300.0,2009.0,7.855632501287182
12088,雨水,1500.0,2009.0,16.985259055973497
12089,雨水,300.0,2009.0,47.80345435801654
12090,雨水,300.0,2009.0,47.385512956936395
12091,雨水,300.0,2009.0,12.114324584154796
12092,雨水,1500.0,2009.0,48.25209903952555
12093,雨水,300.0,2009.0,49.91506217199975
12094,雨水,,2009.0,8.484412197619905
12096,雨水,300.0,2009.0,50.24384916322281
12097,雨水,300.0,2006.0,11.050754682024204
12098,雨水,300.0,2009.0,50.27983431713085
12099,雨水,300.0,2009.0,49.38843511988807
12100,雨水,300.0,2009.0,8.71204451802483
12101,雨水,600.0,2009.0,29.84190785289426
12102,雨水,600.0,2009.0,25.721391599150888
12103,雨水,600.0,2009.0,11.59086313433835
12104,雨水,900.0,2009.0,69.52624801146855
12105,雨水,1500.0,2009.0,98.09189673085432
12106,雨水,1500.0,2009.0,70.00189928644588
12107,雨水,450.0,2009.0,22.848618416764488
12108,雨水,1800.0,2009.0,63.53701093679983
12109,雨水,1800.0,2009.0,35.98544560225419
12110,雨水,1800.0,2009.0,78.65047970805057
12111,雨水,1800.0,2009.0,76.31663717244533
12112,雨水,1800.0,2009.0,73.33141440227614
12113,雨水,1800.0,2009.0,2.476416909267041
12114,雨水,600.0,2009.0,50.68403989812035
12115,雨水,700.0,2009.0,31.625779973850655
12116,雨水,700.0,2009.0,21.297963627148278
12117,雨水,1300.0,2007.0,6.826190390684067
12118,雨水,1300.0,2007.0,22.468045421195832
12119,雨水,1800.0,2009.0,64.71890336369665
12121,雨水,500.0,2009.0,19.32579267199012
12122,雨水,500.0,2009.0,11.241804735678297
12123,雨水,500.0,2009.0,28.858621968527665
12124,雨水,1500.0,2009.0,45.276733278526045
12125,雨水,450.0,2009.0,21.113049873947865
12126,雨水,1500.0,2009.0,31.876093017688675
12128,雨水,300.0,2009.0,39.01888811402435
12129,雨水,600.0,2009.0,67.15909915562558
12130,雨水,600.0,2009.0,17.629138188084223
12131,雨水,800.0,2009.0,45.3848017863886
12132,雨水,800.0,2009.0,51.172750511668326
12133,雨水,800.0,2009.0,57.94952009729949
12134,雨水,800.0,2009.0,22.918580555741915
12135,雨水,350.0,2009.0,27.326943145168233
12136,雨水,500.0,2009.0,27.386631728728442
12137,雨水,400.0,2009.0,49.1758604724277
12138,雨水,400.0,2009.0,51.33185502625894
12139,雨水,450.0,2009.0,40.4581721225659
12140,雨水,500.0,2009.0,30.79901475392794
12141,雨水,1000.0,2009.0,17.134620199710028
12142,雨水,1000.0,2009.0,32.54314187085897
12143,雨水,1000.0,2009.0,15.260836561740117
12144,雨水,1000.0,2009.0,14.088585942417488
12145,雨水,1000.0,2009.0,26.30048303795529
12146,雨水,1000.0,2009.0,15.550746647785259
12148,雨水,900.0,2009.0,14.59334907540563
12149,雨水,1300.0,2007.0,20.56955665235225
12150,雨水,1300.0,2007.0,19.541536020864967
12151,雨水,1300.0,2007.0,20.49571576850174
12152,雨水,1300.0,2007.0,34.140493863260545
12153,雨水,1300.0,2007.0,9.714130843262197
12154,雨水,1300.0,2009.0,48.09715667546932
12155,雨水,600.0,2007.0,15.688304851398584
12156,雨水,600.0,2007.0,48.96826646798975
12157,雨水,600.0,2007.0,46.195361552948874
12158,雨水,1500.0,2007.0,106.24073628523095
12159,雨水,1500.0,2007.0,118.78698224754014
12160,雨水,800.0,2007.0,21.160376382748673
12161,雨水,800.0,2007.0,32.05522408091045
12162,雨水,800.0,2007.0,50.0072079385806
12163,雨水,800.0,2007.0,14.09199824545949
12164,雨水,350.0,2007.0,39.526196102108436
12165,雨水,350.0,2007.0,40.96213927040769
12166,雨水,1000.0,2007.0,90.15578987805033
12167,雨水,400.0,2007.0,39.08229809676062
12168,雨水,500.0,2007.0,39.91209518265285
12169,雨水,500.0,2007.0,39.05025148099157
12170,雨水,1500.0,2007.0,64.54475997971747
12171,雨水,1500.0,2007.0,90.65173007685243
12172,雨水,600.0,2007.0,74.82444062108551
12173,雨水,1500.0,2009.0,44.249738919632044
12174,雨水,1650.0,1985.0,70.6349949666371
12175,雨水,1650.0,1985.0,31.189218405332568
12176,雨水,1650.0,1985.0,38.973320175336596
12177,雨水,700.0,1995.0,39.057971432018704
12178,雨水,900.0,1995.0,305.90993121395195
12179,雨水,700.0,1995.0,32.18418897243921
4416,汚水,150.0,2002.0,9.799078180458604
4417,汚水,150.0,2002.0,29.942117004108017
4418,汚水,150.0,2002.0,4.223520706632165
4419,汚水,150.0,2002.0,7.234138286420109
4420,汚水,150.0,2002.0,26.411774917648962
4421,汚水,150.0,2002.0,4.489486704003853
4422,汚水,150.0,2002.0,14.640545626768438
4423,汚水,150.0,2002.0,20.706958517360505
4424,汚水,150.0,2002.0,9.565869900416454
4425,汚水,150.0,2002.0,6.007053279778052
4426,汚水,150.0,2002.0,9.623503988972486
4427,汚水,150.0,2002.0,3.924397951882625
4428,汚水,150.0,2002.0,18.553006720139287
4429,汚水,150.0,2002.0,52.436016905704385
4430,汚水,150.0,2002.0,18.90487637070543
4431,汚水,150.0,2002.0,31.34948311928268
4432,汚水,150.0,2002.0,8.751577770174343
4433,汚水,150.0,2002.0,10.304889635937268
4434,汚水,150.0,2002.0,3.515641832458973
4435,汚水,150.0,2002.0,25.18021618853024
4436,汚水,150.0,2002.0,6.724557605352195
4437,汚水,150.0,2002.0,56.8264954847424
4438,汚水,350.0,2002.0,26.18662896027956
4439,汚水,150.0,2002.0,22.44735849059168
4440,汚水,150.0,2002.0,21.94792407984794
4441,汚水,350.0,2002.0,38.83130262528649
4442,汚水,350.0,2002.0,26.900813949839424
4443,汚水,150.0,2002.0,35.75304920212658
4444,汚水,150.0,2002.0,14.866790444505321
4445,汚水,150.0,2002.0,18.155490295911378
4446,汚水,150.0,2002.0,29.29746271875238
4447,汚水,150.0,2002.0,33.550113283821396
4448,汚水,150.0,2002.0,59.38197713511171
4449,汚水,150.0,2002.0,14.316928062598958
4450,汚水,150.0,2002.0,17.49324347156551
4451,汚水,150.0,2002.0,13.217391892764319
4452,汚水,150.0,2002.0,16.70875442473224
4453,汚水,150.0,2002.0,42.74741221385415
4454,汚水,65.0,2002.0,144.69328359612592
4455,汚水,150.0,2002.0,54.569225531802815
4456,汚水,350.0,2002.0,9.308653051558148
4457,汚水,350.0,2002.0,19.45118429324952
4458,汚水,150.0,2002.0,9.357524649928978
4459,汚水,150.0,2002.0,28.904709173265683
4460,汚水,150.0,2002.0,19.83258391706023
4461,汚水,150.0,2002.0,3.8221888667112194
4462,汚水,350.0,2002.0,31.978518504701167
4463,汚水,350.0,2002.0,4.45166178036441
4464,汚水,350.0,2002.0,15.427492603706385
4465,汚水,300.0,2002.0,72.65544296951666
4466,汚水,300.0,2001.0,74.58335772785138
4467,汚水,300.0,2001.0,42.13244309228539
4468,汚水,300.0,2002.0,72.07619311933414
4469,汚水,450.0,2001.0,94.93392358662197
4470,汚水,200.0,2000.0,5.2547585002733985
4471,汚水,150.0,2006.0,34.80228498589923
4472,汚水,150.0,2006.0,32.384848839469264
4473,汚水,150.0,2006.0,22.21879233853943
4474,汚水,150.0,2006.0,50.99498205710604
4475,汚水,150.0,2006.0,21.50929477795817
4476,汚水,150.0,2006.0,36.16212420643841
4477,汚水,150.0,2006.0,51.373405039610475
4478,汚水,150.0,2006.0,27.72525481043072
4479,汚水,250.0,,41.43978535613532
4480,汚水,150.0,2006.0,5.8213461804834
4481,汚水,150.0,2006.0,29.773727305702767
4482,汚水,150.0,2006.0,36.48762480404324
4483,汚水,150.0,2006.0,99.97306677374809
4484,汚水,150.0,2006.0,24.419179901865782
4485,汚水,150.0,2006.0,54.92014809562127
4486,汚水,150.0,2006.0,87.66194441934125
4487,汚水,150.0,2006.0,5.4657953213168575
4488,汚水,150.0,2006.0,22.896247220264804
4489,汚水,150.0,2006.0,15.102302920318932
4490,汚水,150.0,2006.0,43.3167641776524
4491,汚水,150.0,2006.0,64.83618032999762
4492,汚水,150.0,2006.0,5.548948150844139
4493,汚水,150.0,2006.0,38.22636550343966
4494,汚水,150.0,2006.0,53.33594963183479
4495,汚水,150.0,2006.0,37.64911154918147
4496,汚水,150.0,2006.0,43.888919808400935
4497,汚水,150.0,2006.0,25.372959099526945
4498,汚水,150.0,2006.0,27.535159684951296
4499,汚水,150.0,2006.0,43.45845164508237
4500,汚水,150.0,2006.0,45.01462001039943
4501,汚水,150.0,2006.0,28.272421306628367
4503,汚水,150.0,2006.0,54.74730167440409
4504,汚水,150.0,2007.0,5.210770518353692
4505,汚水,150.0,2007.0,17.744109860031788
4506,汚水,150.0,2007.0,37.37729770659764
4507,汚水,150.0,2007.0,68.0630609829962
4508,汚水,150.0,2007.0,99.79575843435937
4509,汚水,150.0,2007.0,100.6102747885259
4510,汚水,150.0,2007.0,100.82816370584598
4511,汚水,150.0,2007.0,17.703619053229303
4512,汚水,150.0,2007.0,2.708245644192507
4513,汚水,150.0,2005.0,4.657851572168043
4514,汚水,150.0,2005.0,17.63662123913871
4515,汚水,150.0,2005.0,7.419066931656539
4516,汚水,150.0,2005.0,21.664472485063563
4517,汚水,150.0,2005.0,12.492360349556483
4518,汚水,150.0,2005.0,29.56997639025082
4519,汚水,150.0,2005.0,26.966951856499684
4520,汚水,150.0,2005.0,5.611263091673405
4521,汚水,150.0,2005.0,80.73198336677638
4522,汚水,150.0,2005.0,26.600665731868464
4523,汚水,150.0,2005.0,19.046930063172045
4524,汚水,150.0,2005.0,6.828051586753574
4525,汚水,150.0,2005.0,10.614864485262661
4526,汚水,150.0,2005.0,4.998560347737399
4527,汚水,150.0,2005.0,10.12995551226476
4528,汚水,150.0,2005.0,11.31346624009481
4529,汚水,150.0,2005.0,3.8262465271754733
4530,汚水,150.0,2005.0,41.86378560079401
4531,汚水,150.0,2005.0,27.352475268211506
4532,汚水,150.0,2005.0,32.015686564911896
4533,汚水,150.0,2005.0,24.341517578879152
4534,汚水,150.0,2005.0,39.40912574879949
4535,汚水,150.0,2005.0,20.981257105342888
4536,汚水,150.0,2005.0,45.34415171556423
4537,汚水,150.0,2005.0,12.974898888695845
4538,汚水,150.0,2005.0,38.626452072445915
4539,汚水,200.0,2005.0,30.412027794470088
4540,汚水,200.0,2005.0,6.600733538105982
4541,汚水,150.0,2005.0,37.68982948705957
4542,汚水,150.0,2005.0,8.12368135182576
4543,汚水,250.0,2005.0,7.1402354506615335
4544,汚水,250.0,2005.0,7.8276927377576015
4545,汚水,250.0,2005.0,26.234088066629763
4546,汚水,250.0,2005.0,25.102113331655385
4547,汚水,150.0,2005.0,50.9449710933486
4548,汚水,150.0,2005.0,55.946204269536494
4549,汚水,150.0,2005.0,12.0867469603472
4550,汚水,150.0,2005.0,50.28839835262434
4551,汚水,150.0,2005.0,6.484940944326551
4552,汚水,150.0,2005.0,13.051901755671407
4553,汚水,150.0,2005.0,22.241807317147853
4555,汚水,150.0,2005.0,3.6676270367649177
4556,汚水,150.0,2005.0,11.26143873520299
4557,汚水,150.0,2006.0,29.744583631628817
4558,汚水,150.0,2006.0,48.95488886114578
4559,汚水,150.0,2006.0,20.13898159820791
4560,汚水,150.0,2006.0,11.066074693156121
4562,汚水,150.0,2006.0,14.158639138789022
4563,汚水,150.0,2006.0,71.30932531433182
4564,汚水,150.0,2006.0,31.30827512702134
4565,汚水,150.0,2006.0,25.215164686965764
4566,汚水,150.0,2006.0,21.911086443261613
4567,汚水,150.0,2006.0,18.99067162511676
4568,汚水,150.0,2006.0,11.816592897967988
4569,汚水,150.0,2006.0,19.80855359837977
4570,汚水,150.0,2006.0,21.718344945792115
4571,汚水,150.0,2006.0,22.804185430137196
4572,汚水,150.0,2006.0,3.166205078031493
4573,汚水,150.0,2006.0,14.97343568464818
4575,汚水,600.0,1997.0,25.985357614883934
4576,汚水,600.0,1997.0,69.00811334263103
4577,汚水,600.0,1997.0,10.89238214473523
4578,汚水,600.0,1997.0,31.944195651405693
4579,汚水,600.0,1997.0,14.488933471301298
4580,汚水,600.0,1997.0,26.69864922613461
4581,汚水,600.0,1997.0,43.800497259662656
4582,汚水,600.0,1997.0,24.296626576991496
4583,汚水,600.0,1997.0,46.759044451358456
4584,汚水,600.0,1997.0,46.47180276484746
4586,汚水,200.0,1998.0,23.156609243097293
4587,汚水,200.0,1998.0,34.50220558859968
4588,汚水,200.0,1998.0,18.80359032719663
4589,汚水,200.0,1998.0,10.85303519253183
4590,汚水,200.0,1998.0,20.15458612014628
4591,汚水,200.0,1998.0,19.195951028544187
4592,汚水,200.0,1998.0,16.42154913459042
4593,汚水,200.0,1998.0,32.7443443076303
4594,汚水,200.0,1998.0,10.475044901227182
4595,汚水,200.0,1998.0,9.559903922759352
4596,汚水,200.0,1998.0,8.694425623138168
4597,汚水,200.0,1998.0,6.3285585860678255
4598,汚水,200.0,1998.0,12.674036778417042
4599,汚水,200.0,1998.0,4.359199760161787
4600,汚水,200.0,1998.0,57.91202131641711
4602,汚水,150.0,1999.0,32.44146139414855
4603,汚水,150.0,1999.0,42.492634087921495
4604,汚水,200.0,1999.0,24.087203204057918
4605,汚水,150.0,2002.0,35.700352949466755
4606,汚水,150.0,2002.0,6.742241046762959
4607,汚水,150.0,2005.0,83.5147021074183
4608,汚水,150.0,2005.0,11.536790615722806
4609,汚水,150.0,2005.0,4.95375588273102
4610,汚水,250.0,1992.0,41.720585727275875
4611,汚水,150.0,2007.0,86.35015367818364
4613,汚水,150.0,2006.0,51.665229745576504
4614,汚水,150.0,2006.0,51.745124055294944
4615,汚水,150.0,2006.0,34.92034025061501
4616,汚水,150.0,2006.0,7.605261044869114
4617,汚水,150.0,2006.0,8.390193587093439
4618,汚水,150.0,2006.0,69.80930925550506
4619,汚水,150.0,2006.0,41.43116936197506
4620,汚水,150.0,2006.0,59.21223270470965
4621,汚水,150.0,2006.0,69.53279085612094
4622,汚水,150.0,2006.0,44.089201828546834
4623,汚水,150.0,2006.0,54.690344563240025
4624,汚水,150.0,2006.0,54.56827802854629
4625,汚水,150.0,2006.0,32.447767308142936
4626,汚水,150.0,2006.0,38.63398547799947
4627,汚水,150.0,2006.0,59.452249969649316
4628,汚水,150.0,2006.0,37.4413569494976
4629,汚水,150.0,2006.0,25.476740323160307
4630,汚水,150.0,2006.0,14.512558737352794
4631,汚水,150.0,2006.0,46.13003587339583
4632,汚水,150.0,2006.0,4.525959545815459
4633,汚水,200.0,1994.0,50.333906606767904
4634,汚水,200.0,1994.0,5.024992204260775
4635,汚水,200.0,1994.0,21.881423575158877
4636,汚水,200.0,1994.0,19.67713524066377
4637,汚水,200.0,1994.0,38.16020048250914
4638,汚水,200.0,1994.0,14.336867401447938
4639,汚水,200.0,1994.0,33.783554022149254
4640,汚水,200.0,1994.0,63.7749697797952
4641,汚水,200.0,1994.0,39.817372393904144
4642,汚水,200.0,1994.0,31.42198208585458
4643,汚水,200.0,1994.0,20.103613227213025
4644,汚水,250.0,1991.0,46.66426832154298
4645,汚水,250.0,1991.0,33.979353877070054
4646,汚水,250.0,1991.0,50.09958485423149
4647,汚水,250.0,1991.0,27.943003865049807
4648,汚水,250.0,1991.0,24.599087820903456
4650,汚水,250.0,1991.0,23.59821191739084
4651,汚水,250.0,1991.0,35.721769970835645
4652,汚水,250.0,1991.0,49.171151739829206
4654,汚水,250.0,1991.0,11.280003172665893
4656,汚水,200.0,1996.0,17.318381513491605
4658,汚水,150.0,2008.0,4.536003302429493
4659,汚水,150.0,2008.0,38.92641595139044
4661,汚水,200.0,1994.0,16.258565599978855
4662,汚水,200.0,1994.0,37.79889175920859
4663,汚水,200.0,1994.0,37.50483708852429
4664,汚水,200.0,1994.0,20.151072355914565
4666,汚水,200.0,1994.0,19.85664419819887
4667,汚水,200.0,1994.0,15.443900807866644
4668,汚水,200.0,1994.0,13.077175067149794
4669,汚水,200.0,1994.0,3.593699720217845
4670,汚水,200.0,1994.0,3.7594999847701303
4671,汚水,200.0,1994.0,7.915136170410172
4672,汚水,200.0,1994.0,19.60478884948833
4673,汚水,200.0,1994.0,10.973017224494502
4674,汚水,300.0,,38.51380878805714
4675,汚水,200.0,1994.0,40.413015487576146
4676,汚水,200.0,1994.0,14.59415658610427
4677,汚水,200.0,1994.0,15.95367186726004
4678,汚水,200.0,1994.0,21.818966409485498
4679,汚水,200.0,1994.0,34.13440748076962
4680,汚水,200.0,1994.0,11.779764282236119
4681,汚水,200.0,1994.0,16.141135592330798
4682,汚水,200.0,1994.0,25.04736047316018
4683,汚水,200.0,1994.0,51.99511815045822
4684,汚水,200.0,1994.0,8.650028956745924
4685,汚水,200.0,1994.0,36.92765316234427
4686,汚水,200.0,1994.0,49.80935080670682
4687,汚水,200.0,1994.0,10.473067156040608
4688,汚水,200.0,1994.0,24.938414483177894
4689,汚水,200.0,1994.0,22.050110458748904
4690,汚水,200.0,1994.0,12.150897007466655
4691,汚水,200.0,1994.0,33.09117301198119
4692,汚水,200.0,1994.0,37.96120561064436
4693,汚水,200.0,1994.0,18.100313496196463
4694,汚水,200.0,1994.0,23.509058037159964
4695,汚水,200.0,1994.0,9.853575359248905
4696,汚水,200.0,1994.0,39.15748740683217
4697,汚水,200.0,1994.0,56.15345469897024
4698,汚水,200.0,1994.0,25.28764897150131
4699,汚水,200.0,1994.0,43.40386422638847
4700,汚水,200.0,1994.0,47.19738006001934
4701,汚水,200.0,1994.0,38.20374484108828
4702,汚水,200.0,1994.0,15.28443553013891
4703,汚水,200.0,1994.0,43.05474759958982
4704,汚水,200.0,1994.0,42.11074138408994
4705,汚水,400.0,1994.0,201.13881579756114
4706,汚水,200.0,1994.0,38.35241450493473
4707,汚水,200.0,1994.0,54.881283068785876
4708,汚水,200.0,1994.0,32.87182651733394
4709,汚水,200.0,1994.0,43.654908461747276
4711,汚水,200.0,1994.0,19.94066295663158
4712,汚水,200.0,1994.0,62.02341940960398
4713,汚水,200.0,1994.0,25.802806119155896
4714,汚水,200.0,1994.0,44.80150072207808
4715,汚水,200.0,1994.0,7.351530566816418
4716,汚水,200.0,1994.0,36.50157769413764
4717,汚水,200.0,1994.0,43.80444252031489
4718,汚水,200.0,1994.0,45.82158242923867
4719,汚水,200.0,1994.0,45.85517688836356
4720,汚水,200.0,1994.0,26.601397531763205
4721,汚水,200.0,1994.0,29.83773319163884
4722,汚水,200.0,1994.0,33.8535295352059
4724,汚水,200.0,1994.0,9.600330886872644
4725,汚水,200.0,1994.0,48.30638880969486
4727,汚水,200.0,1994.0,6.85893577750488
4728,汚水,200.0,1994.0,51.875049445527665
4730,汚水,200.0,1995.0,43.57473064290337
4731,汚水,200.0,2000.0,39.42801502756602
4732,汚水,200.0,1994.0,18.363007418286294
4733,汚水,150.0,2004.0,52.70183590683165
4734,汚水,700.0,1993.0,126.82377956372166
4735,汚水,250.0,1991.0,23.684945888239625
4736,汚水,700.0,1993.0,75.09156447218477
4737,汚水,450.0,2001.0,148.40771009172042
12180,雨水,1100.0,1995.0,114.37609709760389
12181,雨水,800.0,1995.0,77.15466359503628
12182,雨水,800.0,1995.0,63.919372499584135
12183,雨水,800.0,1995.0,62.83932774180919
12184,雨水,1350.0,1995.0,85.81437343267412
12185,雨水,1500.0,1995.0,41.94457414677768
12186,雨水,1500.0,1995.0,22.43321493997219
12187,雨水,1000.0,1995.0,6.869419527082897
12192,雨水,1000.0,1999.0,65.27340331998798
12193,雨水,1000.0,1999.0,23.057498466710506
12194,雨水,1000.0,1999.0,30.896205977312544
12196,雨水,1000.0,1999.0,4.976643117203455
12197,雨水,1200.0,1999.0,150.72609669520264
12198,雨水,700.0,2000.0,34.96507936763204
12199,雨水,700.0,2000.0,68.70059539483407
12202,雨水,600.0,1995.0,14.509655792421036
12203,雨水,600.0,1995.0,35.54333997788379
12204,雨水,1100.0,1995.0,84.58940998665669
12205,雨水,900.0,1995.0,9.06264108762609
12206,雨水,900.0,1995.0,47.4784388981543
12207,雨水,900.0,1995.0,33.89698872975297
12208,雨水,1000.0,1995.0,27.223644136975498
12209,雨水,1000.0,1995.0,5.636281963315598
12210,雨水,1000.0,1995.0,6.098976739191745
12212,雨水,1900.0,1998.0,64.65210019374831
12213,雨水,800.0,1998.0,8.284386547611042
12214,雨水,700.0,2000.0,28.090732747044765
12215,雨水,700.0,2000.0,28.119955458656577
12216,雨水,700.0,2000.0,28.25589609156294
12217,雨水,700.0,2000.0,18.184100248222382
12218,雨水,1650.0,1998.0,97.74160814715248
12219,雨水,1200.0,1999.0,142.6111673951049
12220,雨水,1800.0,1998.0,137.80403723065683
12222,雨水,900.0,1999.0,42.96902005127328
12223,雨水,900.0,1999.0,23.11034251781175
12224,雨水,900.0,1999.0,36.527983501040545
12225,雨水,900.0,1999.0,17.938647453804922
12226,雨水,800.0,2002.0,63.44299752316979
12227,雨水,2500.0,2004.0,16.77831576768302
12228,雨水,2250.0,2004.0,22.886339066413974
12229,雨水,700.0,2002.0,60.849496390743795
12230,雨水,600.0,2002.0,53.98333731513965
12232,雨水,1350.0,1993.0,26.920301872548837
12233,雨水,600.0,2004.0,89.79220972447818
12234,雨水,900.0,2008.0,5.583646550907782
12235,雨水,900.0,2008.0,6.161107815935136
12236,雨水,900.0,2008.0,65.09263895740065
12237,雨水,800.0,2008.0,67.94053707429727
12238,雨水,800.0,,20.51723999865852
12239,雨水,800.0,,59.50787570473065
12240,雨水,800.0,,4.217823115226574
12241,雨水,2000.0,1995.0,71.93442563249138
12242,雨水,2200.0,,77.45048955710008
12243,雨水,2200.0,,17.809339501140883
12244,雨水,2200.0,,40.93109679668332
12245,雨水,2200.0,1995.0,19.634103233757564
12246,汚水,150.0,2000.0,31.050855110726335
12247,汚水,150.0,2000.0,39.609143351106944
12248,汚水,150.0,2000.0,31.8371286306534
12250,汚水,150.0,2000.0,8.838860259962559
12251,汚水,150.0,2000.0,32.83431153829636
12252,汚水,150.0,2000.0,7.854148629428005
12253,汚水,150.0,2000.0,14.038649053080913
12254,汚水,150.0,2000.0,17.190020088951744
12255,汚水,150.0,2000.0,15.09407869738482
12256,汚水,150.0,2000.0,17.254136991598603
12257,汚水,150.0,2000.0,4.365900925518323
12258,汚水,150.0,2000.0,15.085916896960171
12259,汚水,150.0,2000.0,5.364021328117214
12260,汚水,150.0,2000.0,19.386703097930212
12261,汚水,150.0,2000.0,67.534461338808
12262,汚水,150.0,2000.0,20.164099952653693
12263,汚水,150.0,2000.0,15.88547537059427
12264,汚水,150.0,2000.0,14.669647324885787
12265,汚水,150.0,2000.0,50.05719386460654
12266,汚水,150.0,2000.0,22.53951476737989
12267,汚水,150.0,2000.0,10.747934346991023
12268,汚水,150.0,2000.0,10.121153002215879
12269,汚水,150.0,2000.0,9.97050171139319
12270,汚水,150.0,2000.0,26.934354447333654
12271,汚水,150.0,2000.0,8.53161510517432
12272,汚水,150.0,2000.0,8.991076193922057
12273,汚水,150.0,2000.0,8.574389025870419
12274,汚水,150.0,2000.0,5.268740941355834
12275,汚水,150.0,2000.0,13.030374446369425
12276,汚水,150.0,2000.0,12.640450016485175
12277,汚水,150.0,2000.0,46.20213458026109
12278,汚水,150.0,2000.0,13.639752637612592
12279,汚水,150.0,2000.0,15.164744516503246
12280,汚水,150.0,2000.0,1.5733569038749922
12281,汚水,150.0,2000.0,11.993855503574354
12282,汚水,150.0,2000.0,13.304295419031178
12283,汚水,150.0,2000.0,17.783948992122326
12284,汚水,150.0,2000.0,11.547885155027664
12285,汚水,150.0,2000.0,7.7915292568223755
12286,汚水,150.0,2000.0,22.611186191620234
12287,汚水,150.0,2000.0,15.045805764965271
12288,汚水,150.0,2000.0,14.109054086591536
12289,汚水,150.0,2000.0,10.277642806924671
12290,汚水,150.0,2000.0,15.357923437794106
12291,汚水,150.0,2000.0,6.012388317865434
12292,汚水,150.0,2000.0,11.038964685720682
12293,汚水,150.0,2000.0,5.4328545000860196
12294,汚水,150.0,2000.0,6.0191503813281635
12295,汚水,150.0,2000.0,16.497596825048728
12296,雨水,600.0,1997.0,85.33868712527236
12297,汚水,150.0,2000.0,18.227821242033087
12298,汚水,50.0,2000.0,17.034969162302144
12299,汚水,150.0,2000.0,16.027422437775215
12300,汚水,150.0,2000.0,12.07514675062031
12301,汚水,150.0,2000.0,12.173233768461145
12302,汚水,150.0,2000.0,7.679147166042227
12303,汚水,150.0,2000.0,6.0843028492571865
12304,汚水,150.0,2000.0,12.97885038822641
12305,汚水,150.0,2000.0,7.8264848042857444
12306,汚水,150.0,2000.0,9.502470713045822
12307,汚水,150.0,2000.0,15.15437775237844
12308,汚水,150.0,2000.0,18.81187574695805
12309,汚水,150.0,2000.0,3.041222482192946
12311,汚水,150.0,2000.0,4.872405259927198
12312,汚水,150.0,2000.0,6.632819871438625
12313,汚水,150.0,2000.0,7.219797775017186
12314,汚水,150.0,2000.0,4.451000000000931
12315,汚水,150.0,2000.0,7.333351272717646
12316,汚水,150.0,2000.0,21.37547283284996
12317,汚水,150.0,2000.0,19.04359502546839
12318,汚水,150.0,2000.0,23.76571956071465
12319,汚水,150.0,2000.0,36.340198642603944
12321,汚水,150.0,2006.0,7.165755654024364
12322,汚水,150.0,2006.0,18.653809019530048
12323,汚水,250.0,2006.0,38.91399547514551
12324,汚水,150.0,2008.0,1.6067044986762495
12325,汚水,150.0,2008.0,8.816101773654983
12326,汚水,150.0,2008.0,2.378785043323228
12327,汚水,150.0,2008.0,29.199044811935877
12328,汚水,150.0,2008.0,13.5487154965086
12329,汚水,150.0,2008.0,24.841930563953976
12330,汚水,250.0,1989.0,24.903885819275153
12332,汚水,250.0,1989.0,26.86622774331769
12333,汚水,250.0,1989.0,26.034900504019333
12335,汚水,250.0,1989.0,17.168112684190397
12336,汚水,250.0,1989.0,16.865681792183008
12337,汚水,250.0,1989.0,34.4461745460691
12338,汚水,250.0,1989.0,46.73411927460244
12342,汚水,250.0,1991.0,63.280166652509216
12343,汚水,250.0,1991.0,28.734834222738417
12344,汚水,250.0,1991.0,37.00979676017251
12345,汚水,250.0,1991.0,2.640175425095628
12346,汚水,250.0,1991.0,19.893020825689224
12347,汚水,250.0,1991.0,45.78020083701523
12348,汚水,250.0,1991.0,8.02300164609107
12349,汚水,250.0,1991.0,46.97031618933006
12350,汚水,250.0,1991.0,34.8760003725789
12351,汚水,250.0,1991.0,28.044767535097098
12352,汚水,250.0,1991.0,51.49647596269542
12353,汚水,250.0,1991.0,44.668481247097056
12354,汚水,250.0,1991.0,37.83633855334102
12355,汚水,250.0,1991.0,66.73744995966494
12356,汚水,250.0,1991.0,42.8918309989397
12357,汚水,250.0,1991.0,34.83384590642305
12358,汚水,250.0,1991.0,45.29299317771704
12359,汚水,250.0,1991.0,27.547787897471622
12360,汚水,250.0,1989.0,82.44632932859977
12361,汚水,250.0,1988.0,34.64468501207475
12362,汚水,250.0,1988.0,17.423846291824294
12363,汚水,250.0,1988.0,19.0435292218843
12364,汚水,250.0,1988.0,25.95479746559504
12365,汚水,250.0,1988.0,7.58678269872977
12366,汚水,250.0,1988.0,13.321218620226162
12367,汚水,250.0,1988.0,35.605763434648104
12368,汚水,250.0,1989.0,37.068125847966556
12369,汚水,250.0,1987.0,40.35136322705733
12370,汚水,250.0,1989.0,32.969889424762805
12371,汚水,250.0,1989.0,28.154323754811976
12372,汚水,250.0,1989.0,38.82148031709053
12373,汚水,250.0,1989.0,12.057858149256873
12374,汚水,250.0,1989.0,36.1520908430117
12375,汚水,250.0,1989.0,16.1663639112709
12376,汚水,250.0,1989.0,7.898831085287696
12377,汚水,250.0,1989.0,79.50846222602883
12378,汚水,250.0,1989.0,48.43687807103007
12379,汚水,250.0,1988.0,18.38659411661729
12380,汚水,250.0,1989.0,6.786199578532968
12381,汚水,250.0,1989.0,9.07017204908533
12382,汚水,250.0,1989.0,21.667891819639593
12384,汚水,250.0,1989.0,29.440372523082594
12385,汚水,250.0,1988.0,18.829075772132285
12386,汚水,250.0,1988.0,3.2761307737350793
12388,汚水,250.0,1988.0,13.682758228126147
12389,汚水,250.0,1988.0,13.305318600016065
12390,汚水,250.0,1988.0,7.51800529281526
12391,汚水,250.0,1988.0,14.117269281853776
12392,汚水,250.0,1988.0,7.2486858242792085
12393,汚水,250.0,1988.0,26.7196646759493
12394,汚水,250.0,1988.0,19.818754786482973
12395,汚水,250.0,1988.0,22.184669126746975
12396,汚水,250.0,1988.0,14.037618101780051
12397,汚水,250.0,1988.0,25.183698454415676
12398,汚水,250.0,1988.0,10.825547036425537
12399,汚水,250.0,1988.0,5.526030174237452
12400,汚水,250.0,1988.0,26.90028044211521
12401,汚水,250.0,1988.0,20.63832223331144
12402,汚水,250.0,1988.0,29.44245300575893
12403,汚水,250.0,1988.0,45.59598787978525
12404,汚水,250.0,1988.0,14.958995270393327
12405,汚水,250.0,1988.0,48.357229701284005
12406,汚水,250.0,1988.0,7.118658079926456
12407,汚水,250.0,1988.0,19.258099373115794
12408,汚水,250.0,1988.0,22.634224085708965
12409,汚水,250.0,1988.0,12.624750516002138
12410,汚水,250.0,1988.0,11.108037422704315
12411,汚水,250.0,1988.0,24.95879104127492
12412,汚水,250.0,1988.0,24.413836733957815
12413,汚水,250.0,1988.0,9.886950518790941
12414,汚水,250.0,1988.0,12.820855049086124
12415,汚水,250.0,1988.0,30.346174617304836
12416,汚水,250.0,1988.0,21.273603194962824
12417,汚水,250.0,1988.0,21.51649298968115
12418,汚水,250.0,1988.0,37.632289817934954
12419,汚水,250.0,1988.0,37.99300187465063
12420,汚水,250.0,1988.0,43.22001984081152
12421,汚水,250.0,1992.0,17.366062756648365
12422,汚水,250.0,1992.0,21.56622419582291
12424,汚水,250.0,1992.0,13.476193595589615
12425,汚水,250.0,1992.0,9.5039444003593
12426,汚水,250.0,1992.0,16.455579928448124
12427,雨水,,,45.698765874223156
12428,汚水,250.0,1992.0,3.605551275463989
12432,汚水,250.0,1992.0,29.143783236478967
12433,汚水,250.0,1992.0,30.190107927544116
12434,汚水,250.0,1992.0,44.19863208828033
12435,汚水,250.0,1992.0,43.076859983800944
12436,汚水,250.0,1992.0,42.94373547341395
12437,汚水,250.0,1992.0,46.4070758767582
12438,汚水,250.0,1992.0,2.8404305980750535
12439,汚水,250.0,1992.0,38.420733751097984
12440,汚水,250.0,1992.0,4.85888000396607
12441,汚水,250.0,1992.0,6.630015898228935
12442,汚水,250.0,1992.0,20.308277517250616
12443,汚水,250.0,1992.0,44.5728341439845
12445,汚水,250.0,1992.0,39.08795153446983
12446,汚水,250.0,1992.0,5.150342859906278
12447,汚水,250.0,1992.0,41.70373036206182
12448,汚水,250.0,1992.0,5.726618029066637
12449,汚水,250.0,1992.0,34.1276367272331
12450,汚水,250.0,1992.0,41.31218320380087
12451,汚水,250.0,1991.0,64.45196730026689
12452,汚水,250.0,1992.0,25.95186551122537
12453,汚水,250.0,1992.0,26.592044312105735
12454,汚水,250.0,1992.0,45.84513625444179
12455,汚水,250.0,1992.0,45.80618667847048
12456,汚水,250.0,1992.0,5.350254093941519
12457,汚水,250.0,1992.0,42.716379886365814
12458,汚水,250.0,1992.0,5.461670458948584
12459,汚水,250.0,1992.0,27.799524274282884
12460,汚水,250.0,1992.0,17.10983835485887
12461,汚水,150.0,1999.0,22.531051813923114
12462,汚水,250.0,1992.0,4.484480428081574
12463,汚水,250.0,1992.0,48.14102297737667
12464,汚水,250.0,1991.0,49.37579799042458
12465,汚水,250.0,1992.0,43.70317379759343
12466,汚水,250.0,1991.0,45.46876588080824
12467,汚水,250.0,1991.0,99.73326595727607
12468,汚水,200.0,1996.0,17.86487620245127
12469,汚水,200.0,1996.0,15.70553314148584
12470,汚水,200.0,1996.0,13.489925800820417
12471,汚水,250.0,1996.0,15.944145757831203
12472,汚水,250.0,1996.0,19.08677365223835
12474,汚水,150.0,2004.0,9.990583079047408
12475,汚水,250.0,1988.0,3.353186737454816
12477,汚水,150.0,2006.0,7.78051461155557
12478,汚水,150.0,2006.0,15.867218363962204
12479,汚水,150.0,2006.0,16.671522833063094
12480,汚水,150.0,2006.0,20.399339048253136
12481,汚水,150.0,2006.0,29.395265024070703
12482,汚水,150.0,2006.0,22.137021724159577
12483,汚水,150.0,2006.0,88.06450793486604
12484,汚水,150.0,2006.0,54.61129900470179
12485,汚水,200.0,2006.0,4.964392062787078
12486,汚水,200.0,2006.0,52.558610865508236
12487,汚水,200.0,2006.0,37.017556034172095
12488,汚水,150.0,2006.0,78.34270941507532
12489,汚水,150.0,2006.0,52.25065142642415
12490,汚水,150.0,2006.0,70.88794632231868
12491,汚水,150.0,2006.0,43.67072008951501
12492,汚水,150.0,2006.0,13.44330684444685
12493,汚水,150.0,2006.0,4.616018881027063
12494,汚水,150.0,2006.0,42.72627546652992
12495,汚水,200.0,2006.0,22.020536998693085
12496,汚水,150.0,2006.0,68.60336492177629
12497,汚水,150.0,2006.0,50.25017745215865
12498,汚水,150.0,2006.0,86.22464310839975
12499,汚水,150.0,2006.0,46.977487836852326
12500,汚水,200.0,2006.0,71.71504328204044
12501,汚水,150.0,2006.0,14.088749607888676
12502,汚水,150.0,2006.0,22.071272370041573
4738,汚水,200.0,1994.0,9.541922337836558
4739,汚水,200.0,1994.0,36.504979123930724
4740,汚水,200.0,1994.0,65.57887946427819
4741,汚水,200.0,1994.0,37.49963584011815
4742,汚水,200.0,1994.0,48.38325748947694
4743,汚水,200.0,1994.0,28.945559215609997
4744,汚水,200.0,1994.0,4.234305741991784
4745,汚水,200.0,1994.0,42.30381495474572
4746,汚水,200.0,1994.0,36.54186823721234
4747,汚水,200.0,1994.0,47.703300407615004
4748,汚水,200.0,1994.0,46.20274638856179
4749,汚水,200.0,1994.0,47.005030659644355
4750,汚水,200.0,1994.0,5.482949940060214
4751,汚水,200.0,1994.0,3.6505164916573722
4752,汚水,200.0,1994.0,5.401153601640338
4753,汚水,300.0,1994.0,101.18537295185907
4754,汚水,250.0,1994.0,3.1185072125523616
4755,汚水,200.0,1994.0,33.69904498988896
4756,汚水,250.0,1994.0,41.95706882356034
4757,汚水,200.0,1994.0,32.22512448152314
4758,汚水,200.0,1994.0,21.144298797055377
4759,汚水,200.0,1994.0,45.187786850896124
4760,汚水,200.0,1994.0,44.59726566916145
4761,汚水,200.0,1994.0,13.700102458586898
4762,汚水,200.0,1994.0,21.150067112294593
4763,汚水,200.0,1994.0,9.12452857878098
4764,汚水,200.0,1994.0,50.4470923834656
4765,汚水,200.0,1994.0,45.92419222050807
4766,汚水,200.0,1994.0,50.14795406955843
4767,汚水,200.0,1994.0,17.304895902411314
4768,汚水,200.0,1994.0,3.9033024082880776
4769,汚水,200.0,1994.0,4.046210371508183
4770,汚水,200.0,1994.0,51.78277801265476
4771,汚水,200.0,1994.0,47.04976135798289
4772,汚水,300.0,1994.0,5.467275608582036
4773,汚水,200.0,1996.0,5.758055556607962
4774,汚水,200.0,1996.0,2.0120068716679302
4775,汚水,200.0,1997.0,50.43170273011346
4776,汚水,200.0,1994.0,17.636156146959486
4777,汚水,150.0,2006.0,52.51988570260437
4778,汚水,200.0,1994.0,46.1275289565071
4779,汚水,300.0,1994.0,105.22242253725098
4780,汚水,200.0,1995.0,2.5056187022859664
4781,汚水,200.0,1995.0,11.44099025904732
4782,汚水,200.0,1995.0,10.93372768876319
4783,汚水,200.0,1995.0,39.03146761328604
4784,汚水,250.0,1991.0,36.177236888811095
4785,汚水,200.0,1995.0,19.980590464642255
4786,汚水,200.0,1995.0,10.781987684428604
4787,汚水,200.0,1995.0,7.140203137386832
4788,汚水,200.0,1995.0,22.272395674954367
4789,汚水,200.0,1995.0,21.526800682099335
4790,汚水,200.0,1995.0,3.8160844654685113
4791,汚水,200.0,1995.0,12.454417441948163
4792,汚水,200.0,1995.0,25.73599773417664
4793,汚水,200.0,1995.0,5.310955988430442
4794,汚水,200.0,1995.0,10.514870738605055
4795,汚水,200.0,1995.0,14.947247702177561
4796,汚水,200.0,1995.0,13.590467718971919
4797,汚水,200.0,1995.0,23.83212200120778
4798,汚水,200.0,1995.0,37.35809833162241
4799,汚水,200.0,1995.0,38.972522773811264
4800,汚水,200.0,1995.0,3.8680100388549024
4801,汚水,250.0,1989.0,45.04650058785161
4802,汚水,200.0,1995.0,16.07521120242135
4803,汚水,200.0,1995.0,6.57499999999709
4804,汚水,200.0,1995.0,2.6184441967867595
4805,汚水,200.0,1995.0,14.782057252276042
4806,汚水,200.0,1995.0,16.550717630655807
4807,汚水,200.0,1995.0,27.848188092191783
4808,汚水,200.0,1995.0,4.95088480102497
4809,汚水,250.0,1995.0,5.419005946149705
4810,汚水,200.0,1995.0,10.734059608015896
4811,汚水,200.0,1995.0,11.041541357040918
4812,汚水,200.0,1995.0,29.947891454951435
4813,汚水,200.0,1995.0,34.39919492502838
4814,汚水,200.0,1995.0,29.03917342375925
4815,汚水,200.0,1995.0,26.877853667033076
4816,汚水,200.0,1995.0,25.914075954127476
4817,汚水,200.0,1995.0,32.01550720915092
4818,汚水,200.0,2000.0,35.719924680806784
4819,汚水,200.0,1995.0,13.829555775294974
4820,汚水,200.0,1995.0,21.403817588544367
4821,汚水,200.0,1995.0,5.9850335366511604
4822,汚水,200.0,1995.0,8.80525452392075
4823,汚水,200.0,1995.0,3.254708531176818
4824,汚水,200.0,1995.0,21.181359761099753
4825,汚水,200.0,1995.0,32.63921067380371
4826,汚水,200.0,1995.0,29.92763340587755
4827,汚水,200.0,1995.0,7.825040130365286
4828,汚水,200.0,1995.0,21.967319763660683
4829,汚水,400.0,1996.0,122.33400097782895
4830,汚水,200.0,1995.0,27.049127501636388
4831,汚水,200.0,1995.0,27.205231692129857
4832,汚水,200.0,1995.0,9.584551652081718
4833,汚水,200.0,1995.0,27.836128290817435
4834,汚水,200.0,1995.0,46.914876147818205
4835,汚水,250.0,1991.0,49.099063096314545
4836,汚水,200.0,1995.0,7.575041373971231
4837,汚水,200.0,1995.0,39.070494449858145
4838,汚水,200.0,1995.0,9.220392572922979
4839,汚水,400.0,1996.0,117.96635470506834
4840,汚水,200.0,1995.0,37.93583795543776
4841,汚水,200.0,1995.0,34.118062783059294
4842,汚水,200.0,1995.0,8.862949817960569
4844,汚水,200.0,1995.0,41.11487752715749
4845,汚水,200.0,1995.0,48.81742401550073
4846,汚水,200.0,1995.0,12.746691448503515
4847,汚水,200.0,1995.0,2.5961512848843364
4848,汚水,200.0,1995.0,24.217285309490784
4849,汚水,200.0,1995.0,7.197265110157328
4850,汚水,200.0,1995.0,40.26209511062973
4852,汚水,250.0,1991.0,57.22002027726663
4854,汚水,200.0,1996.0,36.9939371526038
4855,汚水,200.0,1996.0,8.86907613534062
4856,汚水,150.0,2008.0,21.287112217700667
4857,汚水,200.0,1995.0,7.0794160682725975
4859,汚水,200.0,1995.0,17.230414427159975
4860,汚水,200.0,1995.0,34.70108078951482
4861,汚水,200.0,1995.0,12.807639438491343
4862,汚水,200.0,1995.0,19.532045390592554
4863,汚水,200.0,1995.0,29.76191731144586
4864,汚水,200.0,1995.0,13.489989871832652
4865,汚水,200.0,1995.0,7.413248894852256
4866,汚水,200.0,1995.0,33.886085214586004
4867,汚水,200.0,1997.0,19.62134028451182
4868,汚水,200.0,1995.0,23.018308455178403
4869,汚水,200.0,1995.0,24.656237135681618
4870,汚水,200.0,1995.0,24.80426843590568
4871,汚水,200.0,1995.0,42.72561243709029
4872,汚水,200.0,1995.0,11.496195260363601
4873,汚水,200.0,1995.0,3.341601907453378
4874,汚水,200.0,1995.0,22.934213476169397
4875,汚水,200.0,1995.0,32.90161425413912
4876,汚水,200.0,1995.0,17.688432007484103
4877,汚水,200.0,1997.0,44.06820065424562
4878,汚水,200.0,1995.0,28.840905119528802
4879,汚水,200.0,1995.0,24.709537659126877
4880,汚水,250.0,1995.0,15.849966349297437
4881,汚水,200.0,1995.0,26.41350754892376
4882,汚水,200.0,1995.0,9.021398528347554
4883,汚水,200.0,1995.0,5.361086787109575
4884,汚水,200.0,1995.0,21.62938991960157
4885,汚水,250.0,1991.0,66.64224983171276
4886,汚水,200.0,1995.0,24.974613222705898
4887,汚水,200.0,1995.0,6.74416091752211
4888,汚水,200.0,1995.0,18.22910203581365
4889,汚水,200.0,1995.0,12.910627055435999
4890,汚水,200.0,1995.0,9.65116610532772
4891,汚水,200.0,1995.0,9.27614990260426
4892,汚水,200.0,1995.0,4.0670211303290795
4893,汚水,200.0,1995.0,10.399501570992587
4894,汚水,200.0,1995.0,3.0054119489128643
4895,汚水,200.0,1995.0,8.186391468624155
4896,汚水,200.0,1995.0,8.330103625316895
4897,汚水,200.0,1995.0,10.213839375852777
4898,汚水,200.0,1995.0,7.561284868107107
4899,汚水,200.0,1995.0,21.403591118025375
4900,汚水,200.0,1995.0,15.04787952852881
4901,汚水,200.0,1995.0,22.15854241402214
4902,汚水,250.0,1991.0,61.69489500169116
4903,汚水,200.0,1995.0,4.695743019348101
4904,汚水,200.0,1995.0,4.225665801769134
4905,汚水,200.0,1995.0,10.246493502453314
4906,汚水,200.0,1995.0,6.627313336015746
4907,汚水,200.0,1995.0,4.220328736852838
4908,汚水,200.0,1995.0,3.8309393812584913
4909,汚水,200.0,1995.0,6.374727315143748
4910,汚水,200.0,1995.0,19.117312229792166
4911,汚水,200.0,1995.0,11.928028872383884
4912,汚水,200.0,1995.0,37.45011918001716
4913,汚水,200.0,1995.0,7.645245556513268
4914,汚水,200.0,1995.0,2.764254808859481
4915,汚水,200.0,1995.0,4.786244141588763
4916,汚水,50.0,1995.0,16.9743677498515
4917,汚水,200.0,1995.0,21.24314642790211
4918,汚水,200.0,1995.0,12.401041678746482
4919,汚水,250.0,1991.0,61.367306523351445
4920,汚水,200.0,1995.0,13.877252603361299
4921,汚水,200.0,1995.0,9.709434040491782
4922,汚水,200.0,1995.0,11.44623341752106
4923,汚水,200.0,1995.0,15.934632437572592
4924,汚水,200.0,1995.0,9.659516089776384
4925,汚水,200.0,1995.0,10.483684058631017
4926,汚水,200.0,1995.0,14.752902352410874
4927,汚水,200.0,1995.0,22.508532390657106
4929,汚水,200.0,1995.0,30.772892541814375
4930,汚水,200.0,1995.0,33.64172466580296
4931,汚水,200.0,1995.0,14.50734314368978
4932,汚水,200.0,1995.0,12.254846587625355
4933,汚水,200.0,1995.0,21.510929912972195
4934,汚水,200.0,1995.0,6.427723262745713
4935,汚水,200.0,1995.0,36.57758920723935
4936,汚水,250.0,1991.0,58.45824325264741
4937,汚水,200.0,1995.0,28.428578661088686
4938,汚水,200.0,1995.0,36.79767934784036
4939,汚水,200.0,1995.0,27.865760382404947
4940,汚水,200.0,1995.0,19.97525041401541
4941,汚水,200.0,1995.0,7.034309057903438
4942,汚水,200.0,1995.0,12.13623930683611
4943,汚水,200.0,1995.0,38.33135216748107
4944,汚水,200.0,1995.0,36.14760894321503
4945,汚水,200.0,1995.0,48.00904294174799
4946,汚水,200.0,1995.0,17.101631622293702
4947,汚水,200.0,1995.0,27.45924676840945
4948,汚水,200.0,1995.0,7.01866270338218
4951,汚水,200.0,1995.0,42.248132828248146
4954,汚水,200.0,1995.0,11.39706678378422
4955,汚水,200.0,1995.0,26.478021818606425
4956,汚水,200.0,1995.0,8.070820001793965
4957,汚水,200.0,1995.0,29.966271102375025
4958,汚水,200.0,1995.0,52.451482378091846
4959,汚水,200.0,1995.0,28.77587712983212
4960,汚水,200.0,1995.0,17.095240672940708
4961,汚水,200.0,1995.0,20.899079027023603
4962,汚水,200.0,1995.0,14.575000256537653
4963,汚水,200.0,1995.0,19.593545681530205
4964,汚水,200.0,1995.0,13.258040229761933
4965,汚水,200.0,1995.0,42.323993329999354
4966,汚水,200.0,1995.0,27.0596682837315
4967,汚水,200.0,1995.0,29.31051591282474
4968,汚水,200.0,1995.0,38.84958197221496
4969,汚水,200.0,1995.0,33.97087935491244
4970,汚水,250.0,1991.0,47.17225303785097
4971,汚水,200.0,1995.0,40.14493488072058
4972,汚水,200.0,1995.0,48.61568962334126
4973,汚水,200.0,1995.0,29.801567441034592
4974,汚水,200.0,1995.0,4.349497551520288
4975,汚水,200.0,1995.0,13.609969082566082
4976,汚水,200.0,1995.0,18.388516174987128
4977,汚水,200.0,1995.0,13.10558122292969
4978,汚水,200.0,1995.0,17.173854067732233
4979,汚水,200.0,1995.0,4.31856491717847
4980,汚水,200.0,1995.0,20.570733610929274
4981,汚水,200.0,1995.0,13.113286854112063
4982,汚水,200.0,1995.0,7.150223261654889
4983,汚水,200.0,1995.0,13.690274404729209
4984,汚水,200.0,1995.0,4.718315395204044
4985,汚水,200.0,1995.0,15.258850109312423
4986,汚水,200.0,1995.0,5.548085256217143
4987,汚水,250.0,1989.0,32.83838028424785
4988,汚水,200.0,1995.0,44.741490996720806
4989,汚水,200.0,1995.0,17.758102002743765
4990,汚水,200.0,1995.0,21.031095473181978
4991,汚水,200.0,1995.0,4.849549158996444
4992,汚水,200.0,1995.0,6.210726618330707
4993,汚水,200.0,1995.0,30.5546927286529
4994,汚水,200.0,1995.0,8.807702976904592
4995,汚水,200.0,1995.0,14.150353723234224
4996,汚水,200.0,1995.0,13.420218445990304
4997,汚水,200.0,1995.0,10.2546649972961
4998,汚水,200.0,1995.0,3.8745970549388438
4999,汚水,200.0,1995.0,6.48045138153052
5000,汚水,200.0,1995.0,26.931208816188104
5001,汚水,200.0,1995.0,36.34793122751707
5002,汚水,200.0,1995.0,40.933899377268794
5003,汚水,200.0,1995.0,15.421854275230249
5004,汚水,250.0,1989.0,41.50726188121022
5005,汚水,200.0,1995.0,6.00421728838829
5006,汚水,200.0,1995.0,12.302464185866876
5007,汚水,200.0,1995.0,23.860626860039716
5008,汚水,200.0,1995.0,18.06164887334755
5009,汚水,200.0,1995.0,13.849955523815003
5010,汚水,200.0,1995.0,7.453398697253549
5011,汚水,200.0,1995.0,30.619745143387743
5013,汚水,200.0,1995.0,51.72037370897073
5015,汚水,200.0,1995.0,8.257546630152563
5016,汚水,200.0,1995.0,30.565821070042002
5017,汚水,200.0,1995.0,23.969682970172794
5018,汚水,200.0,1995.0,14.484754654468388
5019,汚水,200.0,1995.0,9.84330419615119
5020,汚水,200.0,1995.0,25.41713287469148
5021,汚水,250.0,1986.0,39.88318782815149
5022,汚水,200.0,1995.0,32.35789129819625
5023,汚水,200.0,1995.0,17.463673101286314
5024,汚水,200.0,1995.0,31.501509835506873
5025,汚水,200.0,1995.0,45.9328045280809
5026,汚水,200.0,1995.0,11.905179592712955
5027,汚水,200.0,1995.0,14.540568273045086
5028,汚水,200.0,1995.0,5.904500664101307
5029,汚水,200.0,1995.0,9.031507461153545
5031,汚水,200.0,1995.0,16.06193389414206
5033,汚水,200.0,1995.0,8.477397002052108
5034,汚水,200.0,1995.0,24.91924589793502
5035,汚水,200.0,1995.0,47.52595016125208
5036,汚水,200.0,1995.0,5.902406841871148
5037,汚水,200.0,1995.0,14.793284533025053
5038,汚水,250.0,1986.0,17.17165933118765
5040,汚水,200.0,1995.0,10.9338072801371
5041,汚水,200.0,1995.0,24.298092859502802
5042,汚水,200.0,1995.0,12.24288906553775
5043,汚水,200.0,1995.0,21.286779733372057
5044,汚水,200.0,1995.0,7.106133366431464
5045,汚水,200.0,1995.0,14.422875291557986
5046,汚水,200.0,1995.0,5.255045538656043
5047,汚水,200.0,1995.0,13.988663000006952
5048,汚水,200.0,1995.0,21.009389477740964
5049,汚水,200.0,1995.0,9.266307538156251
5050,汚水,200.0,1995.0,4.550068709865771
5051,汚水,200.0,1995.0,10.215217682665395
5053,汚水,200.0,1995.0,10.307309506425183
5055,汚水,200.0,1995.0,8.986726436354418
5056,汚水,200.0,1995.0,13.98581871748869
5057,汚水,200.0,1995.0,15.926962277701694
5058,汚水,200.0,1995.0,2.904522918936274
5059,汚水,200.0,1995.0,33.723664142286424
12503,汚水,150.0,2006.0,37.81330988375727
12504,汚水,150.0,2006.0,18.750191804200536
12505,汚水,150.0,2006.0,21.31979454447825
12506,汚水,150.0,2006.0,41.19265681446129
12507,汚水,150.0,2006.0,22.793460653359112
12508,汚水,150.0,2006.0,24.155822979209812
12509,汚水,150.0,2006.0,30.187317547611062
12510,汚水,150.0,2006.0,14.696313191301309
12511,汚水,200.0,2006.0,68.55748386497686
12512,汚水,200.0,2006.0,46.83837503240448
12513,汚水,150.0,2006.0,2.8729699008424983
12514,汚水,150.0,2006.0,22.428414506578708
12515,汚水,150.0,2006.0,29.142906985547523
12516,汚水,150.0,2006.0,84.1960552783297
12517,汚水,150.0,2006.0,31.147048629473176
12518,汚水,150.0,2006.0,21.204490734748273
12519,汚水,150.0,2006.0,83.326925683195
12520,汚水,150.0,2006.0,77.0124951742585
12521,汚水,200.0,2006.0,47.97347207825649
12522,汚水,150.0,2006.0,85.12783390724582
12523,汚水,150.0,2006.0,48.15868473288027
12524,汚水,150.0,2006.0,33.68774447283025
12525,汚水,150.0,2006.0,45.782974562619735
12526,汚水,150.0,2006.0,36.46129850554761
12527,汚水,150.0,2006.0,36.49252680911893
12528,汚水,150.0,2006.0,5.09795417918205
12529,汚水,150.0,2006.0,5.016648796354918
12530,汚水,150.0,2006.0,21.449037811805635
12531,汚水,150.0,2006.0,39.273546760835856
12532,汚水,150.0,2006.0,8.5530613420069
12533,汚水,150.0,2006.0,6.73028282321213
12534,汚水,150.0,2006.0,48.68844335999546
12535,汚水,150.0,2006.0,72.70441523806669
12536,汚水,150.0,2006.0,35.38442615266371
12537,汚水,200.0,2006.0,33.61780966218506
12538,汚水,200.0,2006.0,73.01839791750811
12539,汚水,150.0,2006.0,57.66862662867041
12540,汚水,150.0,2006.0,39.036388199625506
12541,汚水,150.0,2006.0,41.47609907900582
12542,汚水,150.0,2006.0,92.71495051154206
12543,汚水,150.0,2006.0,7.751164829758791
12544,汚水,150.0,2006.0,79.65495153418576
12545,汚水,150.0,2006.0,96.96798142989057
12546,汚水,150.0,2006.0,66.25367277821657
12547,汚水,150.0,2006.0,59.27215300849921
12548,汚水,150.0,2006.0,28.387553701110846
12549,汚水,150.0,2006.0,92.31722766650444
12550,汚水,500.0,2008.0,95.04835121687331
12551,汚水,500.0,2008.0,38.8868118607294
12552,汚水,200.0,2008.0,33.90995282987983
12553,汚水,500.0,2008.0,85.25137953852368
12554,汚水,150.0,2005.0,46.9827990400409
12555,汚水,250.0,2005.0,62.04458247057426
12556,汚水,250.0,2005.0,60.7435584810835
12557,汚水,150.0,2006.0,46.216783519287894
12558,汚水,200.0,1995.0,24.17962704683097
12559,汚水,150.0,2006.0,51.19371234168783
12560,汚水,150.0,2006.0,35.53483335737323
12561,汚水,150.0,2006.0,48.153632306001235
12562,汚水,200.0,2006.0,8.636845813962545
12563,汚水,200.0,2006.0,76.2465685583123
12564,汚水,150.0,2006.0,37.415913806977564
12565,汚水,150.0,2006.0,83.11639347748175
12566,汚水,500.0,2008.0,88.9621765980458
12567,汚水,500.0,2008.0,98.67068535586347
12568,汚水,500.0,2008.0,93.60979305095881
12569,汚水,500.0,2008.0,78.5412647268231
12570,汚水,150.0,2008.0,50.727663687600725
12571,汚水,150.0,2008.0,41.013950834765055
12572,汚水,150.0,2008.0,3.877537711747311
12573,汚水,150.0,2008.0,25.14339868818485
12574,汚水,150.0,2008.0,30.40173759557988
12575,汚水,150.0,2008.0,51.09601233125711
12576,汚水,150.0,2008.0,71.98453702078349
12577,汚水,150.0,2008.0,44.44308882026314
12578,汚水,150.0,2008.0,45.106257939157956
12579,汚水,150.0,2008.0,42.81329120791733
12580,汚水,150.0,2008.0,36.56411409469821
12581,汚水,150.0,2008.0,15.445657891401439
12582,汚水,150.0,2008.0,67.853495349922
12583,汚水,150.0,2008.0,60.594477531672155
12584,汚水,150.0,2008.0,33.708063916913936
12585,汚水,150.0,2008.0,76.18196735660842
12586,汚水,150.0,2008.0,13.753715405981719
12587,汚水,150.0,2008.0,71.44492576821463
12588,汚水,150.0,2008.0,53.1073546915208
12589,汚水,150.0,2008.0,5.972148507384865
12590,汚水,150.0,2008.0,43.17540568601123
12591,汚水,150.0,2008.0,3.0818731151537957
12592,汚水,150.0,2008.0,3.7764123321620477
12593,汚水,150.0,2008.0,46.77405534845423
12594,汚水,150.0,2008.0,43.566973098109486
12595,汚水,150.0,2008.0,47.00431216002352
12596,汚水,150.0,2008.0,4.481623646659168
12597,汚水,150.0,2008.0,6.282646249039275
12598,汚水,150.0,2008.0,11.763954502566648
12599,汚水,250.0,1992.0,50.18171773560693
12600,汚水,250.0,1992.0,2.2616796701274615
12601,汚水,250.0,1992.0,33.67376981452888
12602,汚水,250.0,1992.0,6.609848233666576
12603,汚水,250.0,1992.0,43.058656617986756
12604,汚水,250.0,1992.0,29.507406532877308
12605,汚水,250.0,1992.0,36.065485500402794
12606,汚水,250.0,1992.0,4.5618354238057055
12607,汚水,250.0,1992.0,21.44202696075244
12608,汚水,250.0,1992.0,28.22092992581411
12609,汚水,250.0,1992.0,28.883444009679604
12610,汚水,250.0,1992.0,34.997053942464845
12611,汚水,250.0,1992.0,6.643029094176659
12612,汚水,300.0,1991.0,52.78902960922267
12614,汚水,250.0,1992.0,20.559781159840796
12615,汚水,250.0,1992.0,27.17232816906899
12616,汚水,250.0,1992.0,19.277605869923846
12617,汚水,250.0,1992.0,16.04878136374505
12619,汚水,250.0,1992.0,42.191610985901555
12620,汚水,300.0,1991.0,85.08460976898989
12621,汚水,300.0,2006.0,12.22357338040343
12622,汚水,250.0,1992.0,33.01208452246778
12623,汚水,250.0,1992.0,35.84842849764845
12624,汚水,200.0,1997.0,47.1355552484371
12625,汚水,250.0,1992.0,33.01323625666007
12626,汚水,250.0,1992.0,32.83225259999088
12627,汚水,250.0,1992.0,30.52398044195976
12628,汚水,250.0,1992.0,32.97902458322593
12629,汚水,250.0,1992.0,15.245724895467953
12630,汚水,250.0,1992.0,27.14447965072672
12631,汚水,250.0,1992.0,13.626202039738173
12632,汚水,250.0,1992.0,9.043921961713917
12634,汚水,250.0,1992.0,26.765643723651927
12635,汚水,250.0,1992.0,12.002761756338657
12636,汚水,250.0,2004.0,8.280124005653647
12637,汚水,150.0,1992.0,35.89651983920296
12638,汚水,150.0,2007.0,50.43759349910369
12640,汚水,300.0,1991.0,102.91716245417064
12641,汚水,150.0,2000.0,31.905835556223874
12642,汚水,150.0,2000.0,8.967400605818804
12643,汚水,150.0,2000.0,6.011696284099432
12644,汚水,150.0,2000.0,10.157061487947775
12645,汚水,150.0,2000.0,3.139034420963995
12646,汚水,150.0,2000.0,5.130811308514002
12647,汚水,150.0,2000.0,2.8460948773061694
12648,汚水,150.0,2000.0,18.60693634674267
12649,汚水,150.0,2000.0,2.278071389430223
12650,汚水,150.0,2000.0,2.5428019045710837
12651,汚水,150.0,2000.0,17.194175351368926
12652,汚水,150.0,2000.0,38.00720522769483
12653,汚水,150.0,2000.0,2.623069286855189
12654,汚水,150.0,2000.0,31.713358207133258
12655,汚水,150.0,2000.0,19.003812520299235
12656,汚水,150.0,2000.0,14.353064140460296
12657,汚水,150.0,2000.0,9.908310128166862
12658,汚水,150.0,2000.0,8.819200726835481
12659,汚水,150.0,2000.0,2.6197285085434774
12660,汚水,150.0,2000.0,23.245267317067146
12661,汚水,150.0,2000.0,16.22047060213916
12662,汚水,150.0,2000.0,28.002611591575043
12663,汚水,150.0,2000.0,14.181848386188454
12664,汚水,150.0,2000.0,11.753241736418827
12665,汚水,150.0,2000.0,12.24466019288687
12666,汚水,150.0,2000.0,17.98200985428721
12667,汚水,150.0,2000.0,16.498999653279107
12668,汚水,150.0,2000.0,11.029506388101549
12669,汚水,150.0,2000.0,3.032063123166953
12670,汚水,150.0,2000.0,22.292198864304197
12671,汚水,150.0,2000.0,4.00393680476831
12672,汚水,150.0,2000.0,11.735813862302077
12673,汚水,150.0,2000.0,5.243996346475263
12674,汚水,150.0,2000.0,13.138892966495805
12675,汚水,150.0,2000.0,23.625556337888877
12676,汚水,150.0,2000.0,7.19310586407953
12677,汚水,250.0,2000.0,3.5441279455460037
12678,汚水,250.0,2000.0,29.80592577546846
12679,汚水,250.0,2000.0,22.197322148361156
12680,汚水,250.0,2000.0,6.513363046011897
12681,汚水,250.0,2000.0,48.10702193404056
12682,汚水,250.0,2000.0,5.046478978823215
12683,汚水,250.0,2000.0,6.315419252679296
12684,汚水,250.0,2000.0,70.11227256049395
12685,汚水,250.0,2000.0,57.309389453716726
12686,汚水,300.0,2006.0,2.804973956033021
12687,汚水,600.0,1996.0,79.55553238958191
12688,汚水,150.0,2006.0,2.8251705517935126
12689,汚水,200.0,2008.0,6.722959397554479
12690,汚水,200.0,2000.0,8.526128562533804
12691,汚水,200.0,2000.0,18.735716721668798
12692,汚水,200.0,2000.0,27.534816453663666
12693,汚水,200.0,2000.0,10.25383600484358
12694,汚水,150.0,2000.0,9.197752701938334
12695,汚水,150.0,2000.0,53.69654832984172
12696,汚水,150.0,2000.0,4.974747989257463
12697,汚水,150.0,2000.0,8.776919070646624
12698,汚水,150.0,2000.0,23.13625434915049
12699,汚水,150.0,2000.0,4.95186412166656
12700,汚水,150.0,2000.0,4.163333952238661
12701,汚水,150.0,2000.0,4.999099583161408
12702,汚水,150.0,2000.0,41.08949517123878
12703,汚水,150.0,2000.0,4.751742229864499
12704,汚水,150.0,2000.0,11.800143192021757
12705,汚水,150.0,2000.0,22.48549993958399
12706,汚水,150.0,2000.0,26.80655760789736
12707,汚水,150.0,2000.0,23.921177838142246
12708,汚水,150.0,2000.0,5.317950104211556
12709,汚水,150.0,2000.0,26.628021387485962
12710,汚水,150.0,2000.0,9.956393977506837
12711,汚水,150.0,2000.0,8.339957850621813
12712,汚水,150.0,2000.0,6.182929637251423
12713,汚水,150.0,2000.0,13.55723060438847
12714,汚水,200.0,1994.0,42.32770023622355
12715,汚水,150.0,2000.0,16.878188167070228
12716,汚水,150.0,2000.0,2.2276970230612205
12717,汚水,150.0,2000.0,20.167107222303038
12718,汚水,150.0,2000.0,35.9152340774635
12719,汚水,150.0,2000.0,11.921678346250793
12720,汚水,150.0,2000.0,25.082533586808015
12721,汚水,150.0,2000.0,33.25768430435095
12722,汚水,150.0,2000.0,5.699833946046815
12723,汚水,150.0,2000.0,13.152007595702262
12724,汚水,150.0,2000.0,25.01102833313932
12725,汚水,150.0,2000.0,32.84722996679098
12726,汚水,150.0,2000.0,27.57215913840983
12727,汚水,150.0,2000.0,28.541429099889466
12728,汚水,150.0,2000.0,3.8624217072721985
12729,汚水,150.0,2000.0,39.354836806105034
12730,汚水,150.0,2000.0,72.25919389728166
12731,汚水,300.0,1994.0,105.4494674808576
12732,汚水,150.0,2000.0,7.469310863035086
12733,汚水,150.0,2000.0,18.05723375379103
12734,汚水,150.0,2000.0,4.110687299953746
12735,汚水,150.0,2000.0,23.719096611455424
12736,汚水,150.0,2000.0,7.565859713377562
12737,汚水,150.0,2000.0,29.563259425434747
12738,汚水,150.0,2000.0,58.76697871367701
12739,汚水,150.0,2000.0,56.228661040386406
12740,汚水,150.0,2000.0,25.513143693652868
12741,汚水,150.0,2000.0,42.611317703841195
12742,汚水,150.0,2000.0,62.730536233356446
12743,汚水,150.0,2000.0,6.943398601052056
12744,汚水,150.0,2000.0,14.705556025485905
12745,汚水,150.0,2000.0,24.275194331124034
12746,汚水,150.0,2000.0,19.0998611807322
12747,汚水,150.0,2000.0,17.356651724691854
12748,汚水,150.0,2000.0,5.890747078209194
12749,汚水,150.0,2000.0,7.989280097455397
12750,汚水,150.0,2000.0,65.27638142205353
12751,汚水,150.0,2004.0,39.11256579392705
12752,汚水,150.0,2004.0,50.845511746446796
12753,汚水,250.0,2004.0,39.78605564441943
12754,汚水,150.0,2005.0,80.26338288929924
12755,汚水,150.0,2005.0,91.33056201541693
12756,汚水,150.0,2005.0,36.52869910651707
12757,汚水,300.0,2006.0,14.320692535170123
12758,汚水,300.0,2006.0,35.83146480064318
12759,汚水,650.0,2006.0,82.73567183447852
12760,汚水,650.0,2006.0,90.10326359337859
12761,汚水,300.0,2006.0,105.0274198661138
12762,汚水,200.0,1993.0,48.268016142491504
12763,汚水,200.0,1993.0,45.5342393578318
12764,汚水,200.0,1993.0,41.55277209897642
12765,汚水,200.0,1994.0,56.05565266020486
12766,汚水,200.0,1993.0,27.9088802240731
12768,汚水,200.0,1994.0,56.354913731815365
12769,汚水,200.0,1994.0,56.98205225397006
12770,汚水,200.0,1996.0,47.617646660633504
12771,汚水,200.0,1996.0,25.89727953221069
12772,汚水,200.0,1996.0,44.163099472588364
12773,汚水,200.0,1996.0,16.60994326648802
12774,汚水,200.0,1996.0,14.492889603136351
12775,汚水,200.0,1996.0,33.82709950074871
12776,汚水,200.0,1996.0,27.874999273937476
12777,汚水,200.0,1996.0,39.04923863820769
12778,汚水,200.0,1996.0,42.04938676346216
12779,汚水,250.0,1996.0,4.616979381483665
12780,汚水,250.0,1996.0,39.29201923271104
12781,汚水,250.0,1996.0,35.41058659308926
12783,汚水,200.0,1996.0,31.956631928790866
12784,汚水,200.0,1996.0,30.54225051853013
12785,汚水,200.0,1996.0,46.906796139911464
12786,汚水,200.0,1996.0,47.6729489167998
12787,汚水,200.0,1996.0,47.73768464349891
12788,汚水,200.0,1996.0,15.602399219830971
12789,汚水,200.0,1996.0,3.5803388435372225
12790,汚水,250.0,1996.0,40.11048644591143
12791,汚水,200.0,1996.0,29.858255361192107
12792,汚水,200.0,1996.0,24.258104200394946
12793,汚水,200.0,1996.0,46.44836826196131
12794,汚水,200.0,1996.0,48.90147888276741
12796,汚水,200.0,1996.0,46.99976968245272
12797,汚水,200.0,1996.0,25.570996419109672
12798,汚水,150.0,2003.0,36.56543233038957
12799,汚水,150.0,2003.0,17.11964316185741
12800,汚水,150.0,2003.0,55.233938355840294
12801,汚水,200.0,1996.0,6.126450407225515
12802,汚水,150.0,2003.0,55.38681787222125
12803,汚水,150.0,2003.0,13.058720017198398
12804,汚水,150.0,2003.0,36.95942100042641
12805,汚水,150.0,2003.0,26.395001732768012
12806,汚水,150.0,2003.0,6.252349024361269
12807,汚水,150.0,2004.0,12.256731005932537
12808,汚水,150.0,2004.0,59.42499204313212
12809,汚水,250.0,2004.0,15.18733838188366
12810,汚水,250.0,1987.0,25.633772844275267
12811,汚水,250.0,1987.0,28.90037508036304
12812,汚水,250.0,1987.0,35.12524525151429
12813,汚水,250.0,1987.0,12.214401771934059
12814,汚水,250.0,1987.0,26.097428670463508
12815,汚水,250.0,1987.0,25.634724031016344
12816,汚水,250.0,1987.0,49.61072345534492
12817,汚水,250.0,1987.0,33.18132025123026
12818,汚水,250.0,1987.0,28.884322131385336
12819,汚水,250.0,1987.0,40.31043158731039
12820,汚水,250.0,1987.0,10.66701607135521
12821,汚水,250.0,1987.0,25.584180988286928
12822,汚水,250.0,1987.0,51.18150478032412
12823,汚水,250.0,1987.0,34.13525182535034
12824,汚水,250.0,1987.0,6.755007585204325
5061,汚水,200.0,1996.0,24.84784362882364
5062,汚水,200.0,1996.0,21.17180716595796
5063,汚水,200.0,1997.0,9.199433253290014
5064,汚水,200.0,1997.0,16.515145216578095
5065,汚水,200.0,1997.0,12.976576721318827
5066,汚水,200.0,1997.0,3.995148441875636
5067,汚水,200.0,1997.0,15.327776524788424
5068,汚水,200.0,1997.0,11.642897023159403
5069,汚水,200.0,1997.0,14.044771095736225
5071,汚水,200.0,1997.0,15.694316136404298
5072,汚水,200.0,1997.0,10.969722718946562
5073,汚水,200.0,1997.0,9.902453148310592
5074,汚水,200.0,1997.0,11.127014153154777
5075,汚水,200.0,1997.0,8.861744756703727
5076,汚水,200.0,1997.0,36.24971504421468
5077,汚水,200.0,1997.0,31.039451628588083
5078,汚水,200.0,1997.0,9.464619891946109
5079,汚水,200.0,1997.0,39.75698613576362
5080,汚水,200.0,1997.0,30.427922086460065
5081,汚水,200.0,1997.0,31.49693758933013
5082,汚水,200.0,1997.0,3.543401513399835
5083,汚水,200.0,1997.0,35.53790279508866
5084,汚水,200.0,1997.0,17.46629533985183
5085,汚水,200.0,1997.0,44.47953564619517
5086,汚水,200.0,1997.0,6.161761848249182
5087,汚水,200.0,1997.0,14.089678051836593
5088,汚水,200.0,1997.0,18.12825759432208
5089,汚水,200.0,1997.0,13.415629910095566
5090,汚水,200.0,1997.0,4.324567710029963
5091,汚水,200.0,1997.0,14.720612925899019
5092,汚水,200.0,1997.0,9.418557666680156
5093,汚水,200.0,1997.0,9.319161680157762
5094,汚水,200.0,1997.0,6.424121056241631
5095,汚水,200.0,1997.0,10.342853821123137
5097,汚水,250.0,1991.0,50.5756336377391
5098,汚水,250.0,1991.0,24.002735799306684
5099,汚水,250.0,1991.0,48.1468891110101
5100,汚水,250.0,1991.0,21.388979732415283
5101,汚水,250.0,1991.0,30.111600632376707
5102,汚水,250.0,1991.0,27.241786986306614
5103,汚水,250.0,1991.0,12.527551862840031
5104,汚水,300.0,1991.0,94.26813530532604
5105,汚水,300.0,1991.0,65.23253670486868
5106,汚水,250.0,1991.0,20.457721062064593
5107,汚水,250.0,1991.0,21.96635818145386
5108,汚水,250.0,1991.0,49.839562181271745
5110,汚水,250.0,1991.0,56.976985482864904
5111,汚水,250.0,1991.0,50.258295728665274
5112,汚水,250.0,1991.0,47.79982539808473
5113,汚水,250.0,1991.0,45.5004582719985
5114,汚水,250.0,1991.0,9.006830703898174
5115,汚水,250.0,1991.0,46.75637747931018
5117,汚水,250.0,1991.0,14.517065655370118
5118,汚水,300.0,1991.0,65.08281258354351
5119,汚水,250.0,1991.0,38.298218490260695
5120,汚水,300.0,1991.0,66.52471635680396
5122,汚水,250.0,1991.0,32.87569537538257
5123,汚水,250.0,1986.0,25.11685834341754
5124,汚水,250.0,1991.0,46.9485975187267
5125,汚水,250.0,1991.0,46.748776947048874
5126,汚水,250.0,1991.0,36.20218072432131
5127,汚水,250.0,1991.0,40.94200335676578
5128,汚水,250.0,1991.0,32.031985557507674
5129,汚水,250.0,1991.0,26.15170417615201
5130,汚水,250.0,1991.0,14.363217592297051
5131,汚水,250.0,1991.0,13.975634782909463
5133,汚水,200.0,1994.0,14.613248812485011
5134,汚水,200.0,1994.0,11.278462136583512
5135,汚水,200.0,1994.0,17.15199667773469
5136,汚水,200.0,1994.0,38.628416329800054
5137,汚水,200.0,1994.0,6.174517310493584
5138,汚水,200.0,1994.0,7.56612546344632
5139,汚水,200.0,1994.0,16.427141081497187
5140,汚水,250.0,1986.0,49.62774919874862
5141,汚水,200.0,1994.0,19.38968575735855
5142,汚水,200.0,1994.0,15.616237502436007
5143,汚水,200.0,1994.0,61.16749350043811
5144,汚水,200.0,1994.0,51.26460805620631
5145,汚水,200.0,1994.0,15.374996599729402
5146,汚水,200.0,1994.0,24.529849260199104
5147,汚水,200.0,1994.0,34.43259333085737
5148,汚水,200.0,1994.0,25.92810937290903
5149,汚水,200.0,1994.0,33.0042095594883
5150,汚水,200.0,1994.0,31.450705029569637
5151,汚水,200.0,1994.0,40.86713866091742
5152,汚水,200.0,1994.0,46.99767234385445
5153,汚水,200.0,1994.0,48.647849104095194
5154,汚水,200.0,1994.0,43.44173381496409
5155,汚水,200.0,1994.0,12.819196330025568
5157,汚水,150.0,2001.0,32.976347519109595
5158,汚水,200.0,1994.0,20.275214104841996
5159,汚水,200.0,1994.0,8.513750523921587
5160,汚水,200.0,1994.0,7.644894562177696
5161,汚水,200.0,1994.0,41.02339192059784
5162,汚水,200.0,1994.0,44.974642343473164
5163,汚水,200.0,1994.0,40.50567535017571
5164,汚水,200.0,1994.0,34.67494622929389
5165,汚水,200.0,1994.0,43.57570595387039
5166,汚水,200.0,1994.0,36.77659068735012
5167,汚水,200.0,1994.0,40.05140791154905
5168,汚水,200.0,1994.0,57.853969937006596
5169,汚水,400.0,2007.0,163.78307932471353
5170,汚水,200.0,1994.0,29.941416647449934
5171,汚水,200.0,1994.0,13.944570067615286
5172,汚水,200.0,1994.0,11.200515450228767
5174,汚水,200.0,1994.0,53.80235745764905
5175,汚水,200.0,1994.0,12.304626974705561
5176,汚水,200.0,1994.0,15.1836645215219
5178,汚水,400.0,2001.0,56.555753162907834
5179,汚水,200.0,1994.0,37.82674928954238
5180,汚水,200.0,1994.0,28.910173377298698
5181,汚水,200.0,1994.0,17.84899999999834
5182,汚水,200.0,1994.0,3.378497875042923
5183,汚水,200.0,1994.0,20.585090222734348
5184,汚水,200.0,1994.0,11.768328226489643
5185,汚水,200.0,1994.0,1.5846697501901121
5186,汚水,400.0,2007.0,158.63651038401824
5187,汚水,200.0,1994.0,69.71777992570526
5188,汚水,200.0,1994.0,3.386306331295679
5189,汚水,200.0,1994.0,40.84981872784813
5190,汚水,200.0,1994.0,21.57603048776047
5191,汚水,200.0,1994.0,36.89800000000105
5192,汚水,200.0,1994.0,1.8452453521915486
5193,汚水,200.0,1994.0,41.12060410020017
5194,汚水,200.0,1994.0,13.375657876513621
5195,汚水,200.0,1994.0,47.70913110996155
5196,汚水,200.0,1994.0,6.308932284071106
5197,汚水,200.0,1994.0,18.48177464200512
5198,汚水,200.0,1994.0,11.955182897289244
5199,汚水,200.0,1994.0,53.52741242354277
5200,汚水,200.0,1994.0,3.5509868664503497
5201,汚水,200.0,1994.0,44.867943149323644
5202,汚水,200.0,1994.0,49.639538883350326
5203,汚水,200.0,1994.0,30.064840397883046
5204,汚水,200.0,1994.0,49.3500996531705
5205,汚水,200.0,1994.0,59.155844516139524
5206,汚水,200.0,1994.0,14.926182020661482
5207,汚水,200.0,1994.0,56.425083164658716
5208,汚水,200.0,1994.0,43.201770858237516
5208,汚水,200.0,1994.0,26.098159697716394
5209,汚水,200.0,1994.0,34.300320130552294
5210,汚水,200.0,1994.0,20.137172810990897
5211,汚水,200.0,1994.0,39.82909400805001
5212,汚水,200.0,1994.0,31.90440084556169
5213,汚水,200.0,1994.0,66.32660490976315
5214,汚水,200.0,1994.0,6.779142117640417
5215,汚水,200.0,1994.0,35.72943191617401
5216,汚水,200.0,1994.0,48.516109028222466
5217,汚水,200.0,1994.0,44.25423577954222
5218,汚水,200.0,1994.0,11.798679153531141
5220,汚水,600.0,1989.0,35.93846140893891
5221,汚水,200.0,1995.0,60.44394300169999
5222,汚水,200.0,1995.0,13.153850524470478
5223,汚水,200.0,1995.0,41.654351407174985
5224,汚水,200.0,1995.0,15.727609678998293
5225,汚水,200.0,1995.0,31.42549320349425
5226,汚水,200.0,1995.0,16.47188895528992
5228,汚水,200.0,1996.0,37.64524454711342
5229,汚水,200.0,1994.0,13.225213173325548
5230,汚水,150.0,2001.0,58.0289059966804
5231,汚水,150.0,2001.0,36.817199599590886
5232,汚水,150.0,2001.0,66.05740948716176
5233,汚水,200.0,2007.0,1.5941646337809305
5234,汚水,250.0,2007.0,19.433075925856844
5235,汚水,200.0,1994.0,26.450117221389824
5236,汚水,200.0,1994.0,40.90458353254152
5237,汚水,200.0,1994.0,38.85840165347665
5238,汚水,200.0,1994.0,28.851618687129953
5239,汚水,200.0,1994.0,14.852497938939633
5240,汚水,200.0,1994.0,65.22879220600738
5241,汚水,200.0,1994.0,24.252435128709955
5242,汚水,200.0,1994.0,41.19988395767921
5243,汚水,200.0,1994.0,39.40061556481034
5244,汚水,200.0,1994.0,5.364006857286792
5245,汚水,200.0,1994.0,20.50462615180656
5246,汚水,200.0,1994.0,20.387390525860372
5247,汚水,200.0,1994.0,28.330757584260986
5248,汚水,200.0,1994.0,25.173085442830697
5249,汚水,200.0,1994.0,11.268566174796069
5250,汚水,200.0,1994.0,12.50011363577669
5251,汚水,200.0,1994.0,15.506808259551516
5252,汚水,200.0,1994.0,65.31902642810574
5253,汚水,200.0,1994.0,62.48003341295153
5254,汚水,200.0,1994.0,35.846046941833755
5255,汚水,200.0,1994.0,15.602216345552867
5256,汚水,200.0,1994.0,34.77723325125437
5257,汚水,200.0,1994.0,18.97567035205831
5258,汚水,200.0,1994.0,34.6693501881208
5259,汚水,200.0,1994.0,63.130968805541436
5260,汚水,200.0,1994.0,49.926355660396425
5261,汚水,200.0,1994.0,6.801441737370141
5262,汚水,200.0,1994.0,37.40675855335337
5263,汚水,200.0,1994.0,36.37703695464853
5264,汚水,200.0,1994.0,13.746665499700558
5267,汚水,200.0,1995.0,45.116292459721414
5268,汚水,200.0,1995.0,39.29319601816151
5269,汚水,200.0,1995.0,29.149386025097424
5270,汚水,200.0,1995.0,34.691604286253025
5271,汚水,200.0,1995.0,35.522719919515964
5272,汚水,200.0,1995.0,8.48413251348626
5273,汚水,200.0,1995.0,6.60303048149951
5274,汚水,200.0,1995.0,27.3745596260329
5275,汚水,200.0,1995.0,5.221410584175549
5276,汚水,200.0,1995.0,24.656338357625454
5277,汚水,200.0,1995.0,30.813088372072144
5278,汚水,200.0,1995.0,29.09906561158741
5279,汚水,200.0,1995.0,34.600141796279495
5280,汚水,200.0,1995.0,34.43416891356625
5281,汚水,200.0,1995.0,25.476484303443293
5282,汚水,200.0,1995.0,60.15000070479458
5283,汚水,200.0,1995.0,48.82376895037737
5284,汚水,200.0,1995.0,5.567596193396362
5285,汚水,200.0,1995.0,5.437668757193812
5286,汚水,200.0,1995.0,35.282767056577754
5287,汚水,200.0,1995.0,8.162085153330457
5288,汚水,200.0,1995.0,5.905327432057362
5289,汚水,200.0,1995.0,14.803144083800078
5290,汚水,200.0,1995.0,49.90029151704625
5291,汚水,200.0,1995.0,45.16279726489798
5292,汚水,200.0,1995.0,44.88974038189661
5293,汚水,200.0,1995.0,45.256119809065424
5294,汚水,200.0,1995.0,39.827489669166496
5295,雨水,1200.0,1999.0,76.43717068470339
5296,雨水,1350.0,1999.0,16.09185851296585
5297,雨水,1350.0,1999.0,18.54834073249195
5298,雨水,1350.0,1999.0,58.674155517071696
5299,雨水,1400.0,1999.0,18.570968438424746
5300,雨水,600.0,2011.0,59.162405884571555
5302,雨水,700.0,1992.0,14.184415177745075
5303,雨水,800.0,1992.0,54.18614982345768
5304,雨水,800.0,1992.0,45.53577951968903
5305,雨水,1500.0,1992.0,9.8921837641743
5306,雨水,1500.0,1992.0,61.17389189148773
5307,雨水,1500.0,1992.0,5.517596689283632
5308,雨水,1500.0,,104.70337858643654
5310,雨水,1650.0,,97.94892842328082
5311,雨水,1650.0,,28.10337365635942
5312,雨水,1650.0,1995.0,93.59717441240487
5313,雨水,1650.0,,10.27710492058193
5315,雨水,900.0,,3.726960610480919
5316,雨水,500.0,2002.0,40.344364431695766
5317,雨水,600.0,2002.0,50.86547706195293
5318,雨水,700.0,2002.0,47.76423390665125
5319,雨水,1200.0,2007.0,90.11667553521964
5320,雨水,1500.0,2007.0,11.552615434484746
5321,雨水,500.0,2009.0,55.137981623585475
5322,雨水,500.0,2009.0,70.00842137835436
5323,雨水,1100.0,2009.0,28.14896932559765
5324,雨水,1100.0,2009.0,20.181196679835498
5325,雨水,1100.0,2009.0,13.875792102279291
5326,雨水,500.0,2009.0,22.964100290283497
5327,雨水,1200.0,2009.0,30.36308746755724
5328,雨水,1200.0,2009.0,30.09299999999348
5329,雨水,1200.0,2009.0,30.718169454023727
5330,雨水,1200.0,2009.0,19.858120903911146
5331,雨水,1200.0,2009.0,18.97919349937903
5332,雨水,1200.0,2009.0,18.93875821146564
5333,雨水,350.0,2009.0,44.56123239273433
5334,雨水,350.0,2009.0,45.050606484177905
5335,雨水,1350.0,2009.0,80.99631835106244
5336,雨水,1350.0,2009.0,81.95732615060957
5337,雨水,450.0,2009.0,12.412967651410353
5338,雨水,450.0,2009.0,9.030664574599912
5339,雨水,450.0,2009.0,21.752208077006692
5340,雨水,500.0,2009.0,46.47774636174596
5341,雨水,500.0,2009.0,44.804444989427544
5342,雨水,400.0,2009.0,10.246605518932444
5343,雨水,400.0,2009.0,34.29104739160541
5344,雨水,500.0,2009.0,28.938728490543006
5345,雨水,500.0,2009.0,40.10794634685772
5346,雨水,600.0,2009.0,57.63720436917462
5347,雨水,700.0,2009.0,26.9860002697303
5348,雨水,1500.0,2006.0,46.23367198798707
5349,雨水,450.0,2009.0,45.77615546384649
5350,雨水,500.0,2009.0,42.620970328792694
5351,雨水,500.0,2009.0,43.941387378257396
5352,雨水,1500.0,2009.0,48.252696922323366
5353,雨水,350.0,2009.0,46.398620086509915
5354,雨水,400.0,2009.0,56.3901113772254
5355,雨水,400.0,2009.0,34.89779750295931
5356,雨水,1500.0,2009.0,23.644132542513006
5357,雨水,500.0,2009.0,30.20096076222401
5358,雨水,500.0,2009.0,87.65404832613031
5359,雨水,500.0,2009.0,17.292438708274425
5360,雨水,500.0,2009.0,13.244178021051368
5361,雨水,4000.0,2009.0,34.00470956535935
5362,雨水,700.0,2007.0,46.44826358727349
5363,雨水,600.0,2007.0,46.60284552385451
5364,雨水,500.0,2007.0,36.28318596530212
5365,雨水,400.0,2007.0,37.40459953854312
5366,雨水,1500.0,2009.0,14.526955696196389
5367,雨水,500.0,2009.0,50.43273401054494
5368,雨水,2000.0,2009.0,63.233392776675466
5369,雨水,1400.0,2009.0,42.162234363599055
5370,雨水,1400.0,2009.0,1.8786636895749886
5371,雨水,2000.0,2009.0,46.43475770257899
5372,雨水,500.0,2009.0,40.86445033001524
5373,雨水,500.0,2009.0,4.892927387479185
5374,雨水,2000.0,2009.0,51.94228728887996
5376,雨水,500.0,2009.0,50.44169061817542
5377,雨水,1000.0,2009.0,47.30178375112917
5378,雨水,1000.0,2009.0,44.01466363529453
5379,雨水,500.0,2009.0,53.248336636556225
5380,雨水,1200.0,2009.0,52.05995442092432
12825,汚水,250.0,1987.0,14.736616103533935
12826,汚水,250.0,1987.0,49.70639045107515
12827,汚水,250.0,1987.0,21.074973966460792
12828,汚水,250.0,1987.0,15.104674094760275
12829,汚水,250.0,1987.0,34.89397101052594
12830,汚水,250.0,1987.0,33.066714990195635
12831,汚水,250.0,1987.0,32.79135044033076
12832,汚水,250.0,1987.0,39.27658728337864
12833,汚水,250.0,1987.0,5.368950340819912
12834,汚水,250.0,1988.0,23.937654513801093
12835,汚水,250.0,1988.0,14.067454810560449
12836,汚水,250.0,1988.0,26.123403929601164
12837,汚水,250.0,1988.0,38.409039786483916
12838,汚水,250.0,1988.0,18.213823307913525
12839,汚水,250.0,1988.0,30.01778309283818
12840,汚水,250.0,1988.0,34.01161720085087
12841,汚水,250.0,1988.0,38.070993135168806
12842,汚水,250.0,1988.0,39.6232164203272
12843,汚水,250.0,1988.0,19.989503803129157
12844,汚水,250.0,1988.0,28.029617710654342
12845,汚水,250.0,1988.0,11.008836004959393
12846,汚水,250.0,1988.0,45.16387493515598
12847,汚水,250.0,1988.0,47.283349855852066
12848,汚水,250.0,1988.0,14.815491298552224
12849,汚水,250.0,1988.0,31.057671065674114
12850,汚水,250.0,1988.0,14.910617901515128
12851,汚水,250.0,1988.0,32.61410242897646
12852,汚水,250.0,1988.0,6.124846524646616
12853,汚水,250.0,1988.0,14.226974575702648
12854,汚水,250.0,1988.0,42.04188089165377
12855,汚水,250.0,1988.0,4.553296097958283
12856,汚水,250.0,1988.0,27.21137488513483
12857,汚水,250.0,1988.0,31.2586164122373
12858,汚水,900.0,1988.0,50.827536074712036
12859,汚水,250.0,1988.0,22.263140405976195
12860,汚水,250.0,1988.0,5.104666568411933
12861,汚水,250.0,1988.0,2.5256115716112006
12862,汚水,250.0,1987.0,4.813008586390313
12864,汚水,250.0,1987.0,40.016832608948626
12865,汚水,250.0,1987.0,49.60624745236796
12866,汚水,250.0,1991.0,39.22689058676589
12867,汚水,250.0,1987.0,5.4381227759139055
12868,汚水,900.0,1987.0,77.58249608194832
12869,汚水,250.0,1988.0,23.876349512897875
12870,汚水,250.0,1988.0,14.854096954220934
12871,汚水,250.0,1988.0,34.049596485453854
12872,汚水,250.0,1988.0,6.2441991359081985
12873,汚水,250.0,1988.0,37.014199141957896
12874,汚水,250.0,1988.0,14.140028591038432
12875,汚水,250.0,1988.0,10.510445998669962
12876,汚水,250.0,1988.0,31.73597830399558
12877,汚水,250.0,1988.0,28.871885987328355
12878,汚水,250.0,1988.0,13.29101882790109
12879,汚水,250.0,1988.0,23.987517892071924
12880,汚水,250.0,1988.0,17.469791192854206
12881,汚水,250.0,1988.0,20.721212059488085
12882,汚水,250.0,1988.0,15.954698827713255
12883,汚水,250.0,1988.0,26.62246998010753
12884,汚水,250.0,1988.0,8.09980545670319
12885,汚水,250.0,1987.0,43.303169092548345
12886,汚水,250.0,1987.0,47.397310662165324
12887,汚水,250.0,1987.0,22.374829658995054
12889,汚水,250.0,1988.0,7.9247743158552755
12891,汚水,250.0,1988.0,24.95929145985912
12892,汚水,250.0,1988.0,26.92633681771708
12893,汚水,250.0,1988.0,33.12161806561984
12894,汚水,250.0,1988.0,33.15104897233718
12895,汚水,250.0,1988.0,8.461244564384314
12896,汚水,250.0,1988.0,5.2846445167426
12897,汚水,250.0,1988.0,2.2210559517281636
12898,汚水,250.0,1988.0,15.59215548812887
12899,汚水,250.0,1988.0,17.07372836648784
12900,汚水,250.0,1988.0,18.310779908480953
12901,汚水,250.0,1988.0,22.58869503024104
12902,汚水,250.0,1988.0,16.476297551402105
12903,汚水,250.0,1988.0,14.690295725006898
12904,汚水,250.0,1988.0,8.459495259757704
12905,汚水,250.0,1988.0,5.554441644753449
12906,汚水,250.0,1988.0,19.151926268823445
12907,汚水,250.0,1988.0,23.909531450511242
12908,汚水,250.0,1988.0,25.548019087601038
12909,汚水,250.0,1988.0,7.9888651659366845
12910,汚水,250.0,1988.0,43.855317783546354
12911,汚水,250.0,1988.0,27.25089707156925
12912,汚水,250.0,1988.0,28.959223429723522
12913,汚水,250.0,1988.0,4.718798951940446
12914,汚水,250.0,1988.0,37.17883914115289
12915,汚水,250.0,1988.0,27.78714040939029
12916,汚水,250.0,1988.0,26.53573384327789
12917,汚水,250.0,1988.0,9.360041152092615
12918,汚水,250.0,1988.0,26.801624758897248
12919,汚水,250.0,1988.0,28.09271517720165
12920,汚水,250.0,1988.0,47.772995453812186
12921,汚水,250.0,1988.0,18.841523559026875
12922,汚水,250.0,1988.0,5.562924498793251
12923,汚水,250.0,1988.0,12.859252765068383
12924,汚水,250.0,1988.0,37.76367076079505
12926,汚水,800.0,1988.0,18.21786904423474
12927,汚水,250.0,1988.0,21.502203286014204
12928,汚水,250.0,1988.0,36.86566150834657
12929,汚水,250.0,1988.0,17.51273319669773
12930,汚水,250.0,1988.0,15.618996377089449
12931,汚水,250.0,1988.0,4.903094433392685
12932,汚水,250.0,1988.0,23.17910833041541
12933,汚水,250.0,1988.0,18.856209229877603
12934,汚水,250.0,1988.0,14.966809483686355
12935,汚水,250.0,1988.0,5.2530867728792225
12936,汚水,250.0,1988.0,20.40236314667169
12937,汚水,250.0,1988.0,20.63592265864175
12938,汚水,250.0,1988.0,29.0645013108763
12939,汚水,250.0,1988.0,48.89739817030556
12940,汚水,250.0,1987.0,23.447908531379152
12941,汚水,250.0,1987.0,43.32057640486924
12942,汚水,250.0,1987.0,7.427840735125579
12943,汚水,250.0,1987.0,37.876186065528664
12944,汚水,250.0,1987.0,23.08190583647727
12945,汚水,250.0,1987.0,8.71359870206802
12947,汚水,250.0,1987.0,26.966780168459305
12948,汚水,250.0,1987.0,32.245453125726385
12949,汚水,250.0,1987.0,21.152285195312277
12950,汚水,250.0,1987.0,38.90160254977024
12951,汚水,250.0,1987.0,30.088668098000834
12952,汚水,250.0,1987.0,9.193684642280672
12953,汚水,250.0,1987.0,39.248657287358114
12954,汚水,250.0,1987.0,30.81914029743965
12955,汚水,250.0,1987.0,15.634078502714074
12956,汚水,250.0,1987.0,28.81973919712144
12957,汚水,900.0,1987.0,62.891951280374904
12958,汚水,250.0,1987.0,28.447967482623273
12959,汚水,250.0,1987.0,32.70827573177339
12960,汚水,900.0,1987.0,92.82740354100021
12962,汚水,250.0,1987.0,32.3167650659653
12963,汚水,250.0,1987.0,9.334713036379334
12964,汚水,250.0,1987.0,9.20717853692219
12965,汚水,250.0,1987.0,17.060986054995716
12966,汚水,250.0,1987.0,8.138611702819567
12967,汚水,200.0,1987.0,11.116425025433907
12968,汚水,250.0,1987.0,19.110618548133267
12969,汚水,250.0,1987.0,28.3728460507912
12970,汚水,900.0,1988.0,60.506460719525194
12971,汚水,250.0,1987.0,4.590642692644301
12972,汚水,150.0,1988.0,30.687813546083856
12974,汚水,250.0,1987.0,39.94359092774284
12975,汚水,250.0,1987.0,9.128605032979996
12977,汚水,250.0,1987.0,31.098999063981726
12978,汚水,250.0,1987.0,11.70927819671182
12979,汚水,250.0,1987.0,7.549284139369841
12980,汚水,250.0,1987.0,24.74884549474441
12981,汚水,250.0,1987.0,19.149319746776552
12982,汚水,250.0,1987.0,7.758867232846296
12983,汚水,250.0,1987.0,2.9615498486260026
12984,汚水,250.0,1987.0,4.67759204933305
12985,汚水,250.0,1987.0,19.437382748951794
12986,汚水,250.0,1987.0,32.61686001134595
12987,汚水,250.0,1987.0,25.471622012610183
12988,汚水,250.0,1987.0,15.062385976552202
12989,汚水,250.0,1987.0,18.03818286364596
12990,汚水,250.0,1987.0,27.6111978613508
12991,汚水,250.0,1987.0,31.05545641220088
12992,汚水,250.0,1987.0,2.8643136041951482
12993,汚水,250.0,1987.0,17.506759942493623
12994,汚水,250.0,1987.0,31.07528719470986
12995,汚水,250.0,1987.0,4.703302278065945
12996,汚水,250.0,1987.0,32.68156186113455
12997,汚水,250.0,1987.0,36.81423510785044
12998,汚水,250.0,1987.0,5.001305817565913
12999,汚水,250.0,1987.0,17.878778829894983
13000,汚水,250.0,1987.0,38.09506732761785
13001,汚水,250.0,1987.0,11.115876232783519
13002,汚水,250.0,1987.0,10.083815428370244
13003,汚水,250.0,1987.0,18.822295006282637
13005,汚水,250.0,1987.0,21.961414512862763
13007,汚水,250.0,1988.0,49.68691231880384
13009,汚水,200.0,1993.0,35.044716163052485
13011,汚水,200.0,1993.0,56.297652016450414
13012,汚水,200.0,1993.0,56.916520755425225
13014,汚水,200.0,1993.0,50.98278523582202
13015,汚水,200.0,1993.0,3.992274267318606
13016,汚水,200.0,1993.0,10.475552616080446
13017,汚水,200.0,1993.0,23.7760841717672
13018,汚水,200.0,1993.0,36.865125561234144
13019,汚水,200.0,1994.0,56.65545508890916
13020,汚水,200.0,1993.0,7.621128165029936
13021,汚水,200.0,1993.0,26.77281019558472
13022,汚水,200.0,1993.0,53.59729435250297
13023,汚水,200.0,1993.0,33.950153126119964
13024,汚水,200.0,1993.0,21.347775695108524
13025,汚水,200.0,1993.0,26.266571431979017
13026,汚水,200.0,1993.0,63.013764833414726
13027,汚水,200.0,1993.0,13.706776575390236
13028,汚水,200.0,1993.0,48.1875178614948
13029,汚水,200.0,1993.0,52.927498962767366
13030,汚水,250.0,1993.0,49.56232549382816
13033,汚水,200.0,1996.0,49.10639152764658
13034,汚水,200.0,1996.0,50.663853955899015
13035,汚水,200.0,1996.0,48.13375603357036
13036,汚水,500.0,1991.0,34.38900476431207
13037,汚水,200.0,1996.0,44.45904838833676
13038,汚水,200.0,1996.0,50.29375345858463
13039,汚水,200.0,1996.0,47.077053801684976
13040,汚水,200.0,1996.0,4.050960102485379
13041,汚水,200.0,1996.0,31.31008205717326
13042,汚水,200.0,1996.0,26.696729397469564
13043,汚水,200.0,1996.0,33.98579143868648
13045,汚水,200.0,1996.0,40.52552488248963
13046,汚水,200.0,1996.0,39.33469311343053
13047,汚水,200.0,1996.0,40.5101617889013
13048,汚水,200.0,1996.0,45.994469085023916
13049,汚水,200.0,1996.0,45.611052039678036
13050,汚水,200.0,1996.0,29.724884187944763
13051,汚水,200.0,1996.0,28.986093438537328
13053,汚水,200.0,1996.0,34.75957968026749
13054,汚水,200.0,1996.0,23.165252156211835
13055,汚水,200.0,1996.0,21.92126109641614
13056,汚水,200.0,1996.0,31.14641481158515
13057,汚水,200.0,1996.0,26.18022620407238
13058,汚水,200.0,1996.0,26.491950694369827
13059,汚水,200.0,1996.0,40.26230993637348
13061,汚水,200.0,1996.0,27.216034985834654
13062,汚水,200.0,1996.0,30.512370582402323
13064,汚水,200.0,1996.0,46.1356662144363
13066,汚水,200.0,1996.0,32.036591658793235
13067,汚水,200.0,1996.0,35.688669246384784
13068,汚水,200.0,1996.0,33.11409746701284
13069,汚水,200.0,1996.0,37.545868412453345
13072,汚水,150.0,2005.0,75.1486651324666
13073,汚水,200.0,1996.0,28.180630514618233
13074,汚水,200.0,1996.0,30.003083528823897
13075,汚水,200.0,1996.0,50.42507783154316
13076,汚水,200.0,1996.0,41.90864687723763
13077,汚水,200.0,1996.0,46.119451238730385
13078,汚水,200.0,1996.0,42.180708962550916
13079,汚水,200.0,1996.0,38.26880186795267
13081,汚水,200.0,1996.0,38.964761345727425
13082,汚水,200.0,1996.0,40.94185519580876
13083,汚水,200.0,1996.0,44.80263759892077
13084,汚水,200.0,1996.0,45.965140861197526
13085,汚水,200.0,1996.0,41.30385448024648
13086,汚水,200.0,1996.0,39.490844605715544
13087,汚水,200.0,1996.0,25.783400569384668
13088,汚水,200.0,1996.0,47.836817508966384
13089,汚水,200.0,1996.0,50.03187305693124
13090,汚水,200.0,1996.0,49.903777593471276
13091,汚水,200.0,1996.0,46.10831162151995
13092,汚水,200.0,1996.0,47.03849377327577
13093,汚水,200.0,1996.0,45.769978923775064
13094,汚水,200.0,1996.0,49.968486067517524
13096,汚水,200.0,1996.0,48.45567275480238
13097,汚水,200.0,1996.0,43.150799457236644
13098,汚水,200.0,1996.0,43.15560155330854
13099,汚水,200.0,1996.0,43.064061346648536
13100,汚水,200.0,1996.0,6.458489635075479
13101,汚水,200.0,1996.0,31.83343960476782
13102,汚水,200.0,1996.0,31.490626207570646
13103,汚水,200.0,1996.0,39.95924513263122
13104,汚水,200.0,1996.0,5.369406931870297
13105,汚水,200.0,1996.0,39.31803087578326
13106,汚水,200.0,1996.0,35.08823892572264
13107,汚水,200.0,1996.0,35.04603919455327
13108,汚水,200.0,1996.0,38.066922467504284
13109,汚水,200.0,1996.0,37.22672028972649
13110,汚水,200.0,1996.0,42.15455220817263
13111,汚水,250.0,1996.0,37.241400338318364
13113,汚水,200.0,1996.0,41.27436402101003
13114,汚水,200.0,1996.0,35.965334897889775
13115,汚水,200.0,1996.0,42.88365555816173
13116,汚水,200.0,1996.0,28.196124638956114
13117,汚水,200.0,1996.0,50.94566497056128
13118,汚水,200.0,1996.0,35.12940230208023
13119,汚水,200.0,1996.0,49.20276421769368
13121,汚水,200.0,1996.0,28.91000321351723
13122,汚水,200.0,1996.0,34.567237001532
13123,汚水,200.0,1996.0,28.834030796215178
13124,汚水,200.0,1996.0,25.614762393467906
13125,汚水,200.0,1996.0,57.366933201600126
13126,汚水,200.0,1996.0,39.701081602918585
13127,汚水,200.0,1996.0,12.335222819230138
13128,汚水,200.0,1996.0,16.490133842623596
13131,汚水,200.0,1996.0,28.11214025453637
13132,汚水,200.0,1996.0,27.85578012167916
13133,汚水,200.0,1996.0,40.24932757433817
13134,汚水,200.0,1996.0,28.31533376111078
13135,汚水,200.0,1996.0,27.98580056703135
13136,汚水,200.0,1996.0,13.180906420773434
13137,汚水,200.0,1996.0,28.02235465663362
13139,汚水,200.0,1996.0,41.48617824566736
13140,汚水,200.0,1996.0,50.081412120728736
13141,汚水,200.0,1996.0,34.96689129496846
13142,汚水,200.0,1996.0,22.351091917531065
13143,汚水,200.0,1996.0,28.801933676102788
13144,汚水,200.0,1996.0,24.94022844839617
13145,汚水,200.0,1996.0,33.00233977589598
13146,汚水,200.0,1996.0,34.15352621830402
5382,雨水,600.0,,4.9053870787072125
5383,雨水,600.0,,18.06587076065845
5384,雨水,,,21.379723917885936
5385,雨水,,,36.567668906284126
5386,雨水,500.0,,53.72077450363013
5387,雨水,900.0,,2.782469950468423
5388,雨水,1500.0,,68.25560382479459
5389,雨水,2000.0,,39.28612077439173
5390,雨水,2000.0,2009.0,64.33034781979462
5391,雨水,600.0,,55.11330016896738
5392,雨水,900.0,,2.7886982546992285
5393,雨水,1000.0,,61.56501173438092
5394,雨水,1000.0,,3.3882201369081812
5395,雨水,500.0,,5.32256265801081
5396,雨水,2300.0,,25.290580150427576
5397,雨水,2300.0,,5.3145687156487815
5398,雨水,500.0,2007.0,68.52617910906766
5399,雨水,1500.0,2009.0,67.59164799077995
5400,雨水,500.0,2009.0,34.96945742428888
5401,雨水,500.0,2009.0,1.883572154556434
5402,雨水,1500.0,2009.0,54.64912850069156
5403,雨水,1500.0,1999.0,50.16632857418191
5404,雨水,1500.0,1999.0,96.76081942301249
5405,雨水,1800.0,1999.0,187.21071322792906
5406,雨水,1800.0,,46.66984433680742
5407,雨水,300.0,,30.183993249252307
5408,雨水,700.0,,30.499647593239498
5409,雨水,700.0,,74.58800275381735
5410,雨水,700.0,,47.271642848332746
5411,雨水,700.0,,34.51979711088189
5412,雨水,1200.0,,81.76495144196798
5413,雨水,900.0,,20.832977208677185
5414,雨水,1200.0,,38.36943738003919
5415,雨水,1200.0,,15.349922859330743
5417,雨水,800.0,,59.87281033909759
5418,雨水,800.0,,43.079863147453544
5419,雨水,1000.0,,33.69455872978861
5420,雨水,1000.0,,48.85597108991582
5421,雨水,400.0,,11.418989121571087
5422,雨水,700.0,2001.0,11.88353682868662
5423,雨水,1200.0,2001.0,40.22842636714006
5424,雨水,1100.0,2001.0,2.448690758682112
5425,雨水,900.0,2001.0,2.2926207147916657
5426,雨水,700.0,2002.0,30.17110976058075
5427,雨水,700.0,2002.0,8.321719405982156
5428,雨水,350.0,2004.0,60.96224218971135
5429,汚水,200.0,1995.0,49.53656168408787
5430,汚水,200.0,1995.0,26.6597453696351
5431,汚水,200.0,1995.0,33.04477676784151
5432,汚水,200.0,1995.0,33.35529775785362
5433,汚水,200.0,1995.0,27.30452579924595
5434,汚水,200.0,1995.0,28.97949005651344
5435,汚水,200.0,1995.0,4.18221015494103
5436,汚水,200.0,1995.0,28.283705319091638
5437,汚水,200.0,1995.0,31.813731242486313
5438,汚水,200.0,1995.0,34.92337544765162
5439,汚水,200.0,1995.0,22.147382950550764
5440,汚水,200.0,1995.0,26.657259183425875
5441,汚水,200.0,1995.0,30.8458608766504
5442,汚水,200.0,1995.0,5.5987497052997615
5443,汚水,200.0,1995.0,32.290219312331445
5444,汚水,200.0,1995.0,39.21177524631368
5445,汚水,200.0,1995.0,28.767998828627753
5446,汚水,200.0,1995.0,36.24816402065225
5447,汚水,200.0,1995.0,20.114481771715425
5448,汚水,200.0,1995.0,32.708263896185464
5449,汚水,200.0,1995.0,19.333715690722887
5450,汚水,200.0,1995.0,49.7457694086623
5451,汚水,200.0,1995.0,20.862231780394023
5452,汚水,200.0,1995.0,4.904507263622596
5453,汚水,250.0,1990.0,35.67612139050184
5454,汚水,250.0,1995.0,11.67226301446697
5455,汚水,250.0,1995.0,20.54215145998544
5456,汚水,200.0,1995.0,17.62563993650744
5457,汚水,250.0,1995.0,40.030805356414696
5458,汚水,250.0,1995.0,15.514735569950357
5460,汚水,200.0,1995.0,16.364804106238605
5461,汚水,200.0,1995.0,28.920853367370146
5462,汚水,200.0,2008.0,7.478262629053246
5463,汚水,200.0,1995.0,5.075073737939557
5466,汚水,200.0,1995.0,14.383236311267565
5467,汚水,200.0,1995.0,4.37614284753278
5468,汚水,200.0,1995.0,14.771615790803532
5469,汚水,200.0,1995.0,35.024255468439975
5470,汚水,200.0,1995.0,29.582902941183868
5471,汚水,200.0,1995.0,17.62074689308914
5472,汚水,200.0,1995.0,40.20460623506181
5473,汚水,200.0,1995.0,9.60006542570476
5474,汚水,200.0,1995.0,38.37969626223884
5475,汚水,200.0,1995.0,38.90442457956824
5476,汚水,200.0,1995.0,18.585015794869435
5477,汚水,200.0,1995.0,23.998150518312915
5478,汚水,200.0,1995.0,4.126515386542406
5479,汚水,200.0,1995.0,27.348424614515196
5480,汚水,200.0,1995.0,27.436458186352173
5481,汚水,200.0,1995.0,30.079480417151956
5482,汚水,200.0,1995.0,28.103581159050954
5483,汚水,200.0,1995.0,29.75885727381614
5484,汚水,200.0,1995.0,28.505949781128635
5485,汚水,200.0,1995.0,48.9293209072441
5486,汚水,200.0,1995.0,20.096350959778064
5487,汚水,400.0,1990.0,62.9374886863371
5488,汚水,200.0,1995.0,33.05740854584987
5489,汚水,200.0,1995.0,27.8691808939147
5490,汚水,200.0,1995.0,33.12149045079583
5491,汚水,200.0,1995.0,33.17455817254178
5492,汚水,200.0,1995.0,8.699105210122841
5493,汚水,200.0,1995.0,9.950659581625507
5494,汚水,200.0,1995.0,17.46519546164124
5495,汚水,200.0,1995.0,26.60762344230579
5496,汚水,200.0,1995.0,26.07954182086594
5497,汚水,200.0,1995.0,8.25077045442276
5498,汚水,200.0,1995.0,9.920393440830306
5499,汚水,200.0,1995.0,26.429174760021215
5500,汚水,200.0,1995.0,8.887452268257672
5501,汚水,200.0,1995.0,7.9264197640205545
5502,汚水,200.0,1995.0,30.082146006513554
5503,汚水,250.0,1995.0,16.5030209687722
5504,汚水,250.0,1990.0,38.411262413957736
5505,汚水,200.0,1995.0,32.95445722266982
5506,汚水,200.0,1995.0,37.27795966087598
5507,汚水,200.0,1995.0,2.8289796491436006
5508,汚水,250.0,1995.0,14.41442421342736
5510,汚水,200.0,1995.0,21.24419639559491
5511,汚水,200.0,1995.0,28.062708940317016
5512,汚水,200.0,1995.0,27.167317498607225
5513,汚水,200.0,1995.0,28.696137692242143
5514,汚水,200.0,1995.0,13.574424482353768
5515,汚水,200.0,1995.0,32.783985117563695
5516,汚水,200.0,1995.0,23.09294728752883
5517,汚水,200.0,1995.0,12.40722296413066
5518,汚水,200.0,1995.0,12.130797823812491
5519,汚水,200.0,1995.0,7.1478744578402855
5520,汚水,200.0,1995.0,26.05112828379746
5521,汚水,250.0,1990.0,18.48865484974653
5522,汚水,200.0,1995.0,8.105939287790578
5523,汚水,200.0,1995.0,48.4829265491385
5525,汚水,200.0,1995.0,45.104742963481144
5526,汚水,200.0,1995.0,30.580599490865144
5527,汚水,200.0,1995.0,11.661529174211442
5529,汚水,200.0,1995.0,35.310940325440946
5531,汚水,600.0,1996.0,82.21141638337214
5532,汚水,600.0,1996.0,99.69919356019481
5533,汚水,600.0,1996.0,109.78598934089364
5535,汚水,200.0,1997.0,30.296527401599548
5536,汚水,200.0,1997.0,2.6136873381673267
5537,汚水,200.0,1997.0,17.23905823705995
5538,汚水,200.0,1997.0,10.6745382120563
5539,汚水,200.0,1997.0,3.1428022624663914
5540,汚水,200.0,1997.0,18.704195444149878
5541,汚水,200.0,1997.0,14.39024793560783
5542,汚水,200.0,1997.0,2.913819133040227
5543,汚水,200.0,1997.0,36.402480527283565
5544,汚水,200.0,1997.0,47.50276643360124
5545,汚水,200.0,1997.0,38.37487813200291
5546,汚水,200.0,1997.0,37.602719266777704
5547,汚水,200.0,1997.0,30.576686240207383
5548,汚水,200.0,1997.0,4.777245059087277
5549,汚水,200.0,1997.0,49.90661003477296
5551,汚水,200.0,1997.0,22.535420847201998
5552,汚水,200.0,1997.0,49.82933335393442
5553,汚水,200.0,1997.0,32.17594967035139
5554,汚水,200.0,1997.0,3.5979250993015506
5556,汚水,200.0,1997.0,16.225912816713443
5557,汚水,200.0,1997.0,9.082907955562787
5561,汚水,200.0,1997.0,10.247974363790041
5562,汚水,200.0,1997.0,31.543695596744275
5563,汚水,150.0,1999.0,39.31151004361322
5564,汚水,250.0,1989.0,19.04954421478972
5565,汚水,250.0,1989.0,7.4917755056580315
5566,汚水,250.0,1989.0,17.545426766628935
5567,汚水,250.0,1989.0,25.111043818296935
5569,汚水,250.0,1989.0,25.954124473229914
5570,汚水,250.0,1989.0,13.851619335280859
5571,汚水,250.0,1989.0,7.754864078635288
5572,汚水,250.0,1989.0,16.891129792633247
5573,汚水,250.0,1989.0,16.85892075311408
5574,汚水,250.0,1989.0,41.835956900302776
5576,汚水,250.0,1989.0,50.276182108192145
5578,汚水,250.0,1989.0,30.711269435053524
5579,汚水,250.0,1989.0,22.902286510611596
5580,汚水,250.0,1989.0,34.83054488188147
5581,汚水,250.0,1989.0,30.184156337150135
5582,汚水,250.0,1989.0,13.993359889070119
5583,汚水,250.0,1989.0,29.65870571417033
5584,汚水,250.0,1994.0,5.9078727469480485
5585,汚水,250.0,1991.0,33.86190202507247
5586,汚水,250.0,1991.0,10.891977091017706
5587,汚水,250.0,1991.0,40.125529293956404
5588,汚水,400.0,1991.0,84.7010140131788
5589,汚水,250.0,1991.0,39.94326138051344
5590,汚水,250.0,1991.0,28.917464033281504
5591,汚水,250.0,1991.0,32.166669897099716
5592,汚水,250.0,1991.0,50.13524416178507
5593,汚水,250.0,1991.0,43.71506092512386
5594,汚水,250.0,1991.0,42.81401384680613
5595,汚水,250.0,1991.0,42.860068788862876
5596,汚水,250.0,1991.0,30.03545542969213
5597,汚水,250.0,1991.0,25.76645713982573
5598,汚水,250.0,1991.0,5.601219330883945
5599,汚水,250.0,1991.0,25.20943839308171
5600,汚水,250.0,1991.0,48.37646141719611
5601,汚水,250.0,1991.0,32.95389023947867
5602,汚水,250.0,1991.0,49.28677323109904
5603,汚水,250.0,1991.0,28.390230374927544
5604,汚水,250.0,1991.0,30.775045332535598
5605,汚水,250.0,1990.0,42.36146313099573
5606,汚水,250.0,1991.0,8.029413786861777
5607,汚水,250.0,1991.0,9.464211223582792
5608,汚水,250.0,1991.0,50.29207665804309
5609,汚水,250.0,1991.0,20.15057372906477
5610,汚水,250.0,1991.0,20.263558900828574
5611,汚水,250.0,1991.0,32.766663633152454
5612,汚水,250.0,1991.0,37.77054591539179
5613,汚水,250.0,1991.0,42.95409751968536
5614,汚水,250.0,1991.0,11.748429324956103
5615,汚水,250.0,1991.0,10.154112310264454
5616,汚水,250.0,1991.0,35.16176774754817
5617,汚水,250.0,1991.0,13.005588959844562
5618,汚水,400.0,1991.0,69.0445354953216
5619,汚水,250.0,1991.0,47.40233257204335
5620,汚水,250.0,1991.0,4.157567240168826
5621,汚水,250.0,1991.0,9.011910762015097
5622,汚水,250.0,1991.0,21.089286226235004
5623,汚水,250.0,1991.0,18.791974311724047
5624,汚水,250.0,1991.0,32.07433446275461
5625,汚水,250.0,1991.0,4.784675239943576
5626,汚水,250.0,1978.0,26.941377067806187
5627,汚水,250.0,1978.0,45.90177452397727
5628,汚水,250.0,1978.0,40.89815404274829
5629,汚水,250.0,1991.0,7.804767896331427
5630,汚水,250.0,1991.0,42.59295237687689
5631,汚水,250.0,1991.0,10.956276792508788
5632,汚水,250.0,1991.0,50.32883532409021
5633,汚水,250.0,1991.0,6.570489538107655
5634,汚水,250.0,1990.0,28.15240950087384
5635,汚水,250.0,1990.0,25.723716598739202
5636,汚水,250.0,1995.0,5.4009060658404255
5637,汚水,350.0,1990.0,50.7490000160687
5638,汚水,250.0,1990.0,34.60671091291995
5639,汚水,250.0,1989.0,28.5526747073891
5640,汚水,350.0,1989.0,26.699125725195255
5641,汚水,350.0,1989.0,22.512722528490347
5642,汚水,350.0,1989.0,24.15828291988196
5643,汚水,250.0,1992.0,21.859326964021157
5644,汚水,250.0,1991.0,32.430142013064064
5645,汚水,250.0,1991.0,48.08413478143878
5646,汚水,250.0,1991.0,90.60026349106114
5647,汚水,250.0,1991.0,30.873087262736817
5648,汚水,250.0,1991.0,41.119334395319974
5649,汚水,250.0,1991.0,38.78430865566936
5650,汚水,250.0,1991.0,5.403860263928625
5651,汚水,250.0,1991.0,8.310803793268194
5652,汚水,250.0,1991.0,7.120491969013557
5653,汚水,350.0,1991.0,83.12273836590124
5654,汚水,250.0,1991.0,49.16027110315874
5655,汚水,250.0,1991.0,26.123068285920624
5656,汚水,500.0,1991.0,48.151203694828126
5657,汚水,200.0,1994.0,32.2651930584751
5658,汚水,200.0,1994.0,32.60811591065541
5659,汚水,200.0,1994.0,36.23363567816972
5660,汚水,200.0,1994.0,19.375437669704347
5661,汚水,200.0,1994.0,25.5311837311451
5662,汚水,200.0,1994.0,30.586948363392796
5663,汚水,200.0,1994.0,32.82171996903983
5664,汚水,200.0,1994.0,20.89501748374107
5665,汚水,200.0,1994.0,29.806483190047874
5666,汚水,200.0,1994.0,32.80190459606975
5667,汚水,200.0,1994.0,11.22163251114385
5668,汚水,200.0,1994.0,18.17738312026866
5670,汚水,200.0,1994.0,4.370722961408297
5671,汚水,200.0,1994.0,50.55787428310264
5672,汚水,200.0,1994.0,42.340010322013526
5673,汚水,200.0,1994.0,55.00669590685575
5674,汚水,200.0,1994.0,54.94486758275695
5675,汚水,200.0,1994.0,4.862646368776414
5677,汚水,200.0,1994.0,4.2816918466136045
5679,汚水,200.0,1994.0,10.309919511747347
5680,汚水,200.0,1994.0,32.43578961373584
5681,汚水,200.0,1994.0,35.112567370370016
5682,汚水,200.0,1994.0,6.700484680112633
5683,汚水,200.0,1994.0,22.239896646255147
5684,汚水,250.0,1994.0,117.79599387708178
5685,汚水,200.0,1994.0,19.746718106985174
5686,汚水,250.0,1990.0,27.865709324205145
5687,汚水,200.0,1994.0,23.966456471003667
5688,汚水,200.0,1994.0,20.142238507984207
5689,汚水,200.0,1994.0,27.163922501192097
5690,汚水,200.0,1994.0,15.15238133594983
5691,汚水,200.0,1994.0,34.42680411974383
5692,汚水,200.0,1994.0,23.028244404284827
5693,汚水,200.0,1994.0,14.537001683646466
5694,汚水,200.0,1994.0,9.14220629548923
5695,雨水,300.0,2004.0,29.6344174237381
5696,雨水,400.0,2004.0,73.68767657924592
5697,雨水,600.0,2005.0,58.20473830362405
5698,雨水,800.0,2005.0,12.405346092312824
5699,雨水,900.0,2005.0,59.774865911535514
5700,雨水,800.0,2006.0,36.676986021230036
5701,雨水,450.0,2005.0,38.40185563141516
5702,雨水,450.0,2005.0,14.370290625172524
5703,雨水,250.0,2005.0,56.410965072185334
13148,汚水,200.0,1996.0,31.608267676279535
13149,汚水,200.0,1996.0,30.97390081243322
13150,汚水,200.0,1996.0,31.133761103819445
13151,汚水,200.0,1996.0,40.843466535752526
13152,汚水,200.0,1996.0,32.16435461629433
13153,汚水,200.0,1996.0,35.87266934360942
13154,汚水,200.0,1996.0,39.194120659523335
13155,汚水,200.0,1996.0,38.82951581234069
13157,汚水,200.0,1996.0,27.175833341615203
13158,汚水,200.0,1996.0,27.37951904652939
13159,汚水,200.0,1996.0,9.23406449141387
13160,汚水,200.0,1996.0,19.411772148507975
13161,汚水,200.0,1996.0,13.289333390420786
13162,汚水,200.0,1996.0,40.84451462067855
13163,汚水,200.0,1996.0,35.127430485437344
13164,汚水,200.0,1996.0,27.800120949843606
13165,汚水,200.0,1996.0,47.741042733909445
13166,汚水,200.0,1996.0,50.175563660889665
13169,汚水,200.0,1996.0,10.976376316394807
13170,汚水,200.0,1996.0,22.25580917985466
13171,汚水,150.0,2001.0,21.544764802453233
13172,汚水,150.0,2001.0,16.198551640698664
13173,汚水,150.0,2001.0,19.295256146818684
13174,汚水,150.0,2001.0,16.16691044955624
13175,汚水,150.0,2001.0,7.368305691367293
13176,汚水,150.0,2001.0,29.61820897664268
13177,汚水,150.0,2001.0,16.20444791788411
13178,汚水,150.0,2001.0,4.97454147299444
13179,汚水,150.0,2001.0,42.48391658341994
13180,汚水,150.0,2001.0,17.40123731318245
13181,汚水,150.0,2001.0,34.99458260595414
13182,汚水,150.0,2001.0,17.06228554988377
13183,汚水,150.0,2001.0,8.675648401229404
13184,汚水,150.0,2001.0,8.483109340016677
13185,汚水,150.0,2001.0,39.44728817041743
13186,汚水,150.0,2001.0,10.707248663940728
13187,汚水,150.0,2001.0,35.16581274886633
13188,汚水,150.0,2001.0,11.468827234743483
13189,汚水,200.0,1994.0,41.50581709732942
13190,汚水,150.0,2001.0,10.106857086223913
13192,汚水,150.0,2001.0,54.37713898052629
13193,汚水,150.0,2001.0,55.56195192872367
13194,汚水,150.0,2001.0,31.682200574967094
13195,汚水,150.0,2001.0,20.034026431412638
13196,汚水,150.0,2001.0,77.52282704182717
13197,汚水,150.0,2001.0,41.76526913942816
13198,汚水,150.0,2001.0,56.49586300624552
13199,汚水,150.0,2001.0,6.215615345661967
13200,汚水,150.0,2001.0,45.06078807477524
13201,汚水,150.0,2001.0,44.80938612747743
13202,汚水,150.0,2001.0,55.456508723591014
13203,汚水,150.0,2001.0,3.384058887153501
13204,汚水,150.0,2001.0,63.14762430171397
13205,汚水,150.0,2001.0,57.1413982393043
13206,汚水,250.0,1989.0,44.30748840974888
13207,汚水,150.0,2001.0,4.972865238236853
13208,汚水,150.0,2001.0,47.70543276031081
13209,汚水,150.0,2001.0,33.460293088975064
13210,汚水,150.0,2001.0,43.67065871524334
13211,汚水,150.0,2001.0,38.9869866682617
13212,汚水,150.0,2001.0,48.034932714758504
13213,汚水,150.0,2001.0,83.4012581560511
13214,汚水,150.0,2001.0,27.87030071426411
13215,汚水,150.0,2001.0,30.560526240043764
13216,汚水,150.0,2001.0,53.892569578210725
13217,汚水,150.0,2001.0,31.611257785149576
13218,汚水,150.0,2001.0,57.47853789373311
13219,汚水,150.0,2001.0,37.79011235406118
13220,汚水,150.0,2001.0,23.060621254869698
13221,汚水,150.0,2001.0,48.09236173681539
13222,汚水,150.0,2001.0,5.846534067371266
13223,汚水,200.0,2001.0,63.64818514601989
13224,汚水,150.0,2001.0,16.294969451449113
13225,汚水,150.0,2001.0,48.089864511531054
13226,汚水,150.0,2001.0,39.98465026785986
13227,汚水,150.0,2001.0,19.9567188126808
13228,汚水,150.0,2001.0,39.80042369205967
13230,汚水,150.0,2001.0,54.834956588738976
13231,汚水,150.0,2003.0,40.91226307350589
13232,汚水,150.0,2003.0,8.850795251905982
13233,汚水,150.0,2003.0,66.4230258080158
13234,汚水,400.0,2008.0,71.47052138953094
13235,汚水,350.0,2008.0,80.84426001423876
13236,汚水,350.0,2008.0,79.2024945308731
13237,汚水,400.0,2008.0,94.97486310411342
13238,汚水,400.0,2008.0,101.65083322458787
13239,汚水,400.0,2008.0,69.7883330008691
13240,汚水,400.0,2008.0,80.48906294557273
13241,汚水,400.0,2008.0,79.80069063298214
13242,汚水,400.0,2008.0,4.045513220670591
13243,汚水,400.0,2008.0,19.80436298019669
13244,汚水,400.0,2008.0,40.05391710067521
13245,汚水,400.0,2008.0,31.882289175752277
13247,汚水,150.0,2008.0,36.82315814435388
13248,汚水,150.0,2008.0,22.970930366459257
13249,汚水,150.0,2008.0,36.47001209731447
13251,汚水,250.0,,16.59357593858828
13252,汚水,250.0,,29.775271707987063
13253,汚水,250.0,,36.994073261474604
13254,汚水,250.0,,42.73330079027817
13256,汚水,250.0,1993.0,39.768265876749254
13262,汚水,250.0,,31.661347005897134
13264,汚水,250.0,,40.56815777194005
13265,汚水,250.0,,21.716821567498762
13266,汚水,250.0,,39.78120282431429
13267,汚水,250.0,,38.16478925529402
13268,汚水,250.0,,44.37130339863674
13269,汚水,250.0,,24.634528780786226
13270,汚水,250.0,,24.7232359623721
13271,汚水,250.0,,22.0270397572446
13272,汚水,250.0,1992.0,45.200466290339975
13275,汚水,250.0,,22.340938394832754
13276,汚水,250.0,,25.86893210207544
13282,汚水,250.0,,23.212092194179654
13283,汚水,200.0,1996.0,45.88580549466487
13284,汚水,200.0,1996.0,26.92324998412565
13285,汚水,250.0,1992.0,43.903828426343686
13286,汚水,200.0,1996.0,33.740397562399174
13287,汚水,200.0,1996.0,34.19459546908029
13289,汚水,200.0,1996.0,36.00349688596482
13290,汚水,200.0,1996.0,46.385075807251404
13291,汚水,200.0,1996.0,49.41845296485042
13292,汚水,200.0,1996.0,28.415746972621488
13293,汚水,200.0,1996.0,51.17603438793017
13294,汚水,200.0,1996.0,27.575525927789926
13295,汚水,200.0,1996.0,29.883506612516832
13296,汚水,200.0,1996.0,42.29513552183567
13297,汚水,200.0,1996.0,32.69528694305311
13298,汚水,200.0,1996.0,8.323282603050247
13300,汚水,200.0,1996.0,50.492574618732064
13301,汚水,200.0,1996.0,34.12248416157146
13302,汚水,200.0,1996.0,32.76962066968639
13303,汚水,200.0,1996.0,42.103050647454786
13304,汚水,200.0,1996.0,25.23393511963556
13305,汚水,200.0,1996.0,22.29548590686735
13306,汚水,200.0,1996.0,7.422990923332442
13307,汚水,200.0,1996.0,25.284006656640223
13308,汚水,200.0,1996.0,30.104903430901416
13309,汚水,200.0,1996.0,30.172375829410548
13310,汚水,200.0,1996.0,43.15062683520689
13311,汚水,200.0,1996.0,42.31681675838656
13313,汚水,200.0,1996.0,45.81382553433844
13314,汚水,200.0,1996.0,27.87407620763162
13315,汚水,200.0,1996.0,33.946935837567935
13317,汚水,200.0,1996.0,47.89311898699659
13318,汚水,200.0,1996.0,26.984662563927706
13320,汚水,200.0,2008.0,25.824344153136703
13321,汚水,150.0,2008.0,48.22072425082734
13322,汚水,200.0,2008.0,29.71492088264526
13323,汚水,200.0,2008.0,22.553880540257353
13324,汚水,200.0,2008.0,31.61685735633537
13325,汚水,200.0,2008.0,54.65621941445934
13326,汚水,200.0,2008.0,36.476953427976895
13327,汚水,200.0,2008.0,40.939985806697955
13328,汚水,200.0,2008.0,28.058388425656872
13329,汚水,200.0,2008.0,54.42035554325037
13330,汚水,200.0,2008.0,97.93148353734664
13331,汚水,200.0,2008.0,88.24549404103276
13332,汚水,200.0,2008.0,92.46304982485013
13333,汚水,200.0,2008.0,14.501219463360854
13334,汚水,200.0,2008.0,61.503035108001185
13335,汚水,200.0,2008.0,11.888557761223131
13336,汚水,200.0,2008.0,29.929411820403903
13337,汚水,200.0,2008.0,52.21875654365574
13338,汚水,200.0,2008.0,63.10321378144022
13339,汚水,200.0,2008.0,35.218623421880515
13340,汚水,200.0,2008.0,58.77227549899322
13341,汚水,200.0,2008.0,43.97636694919091
13342,汚水,200.0,2008.0,26.21795158147266
13343,汚水,200.0,2008.0,30.87699469092085
13344,汚水,200.0,1999.0,49.50494293438021
13345,汚水,200.0,1999.0,65.54200075867413
13346,汚水,200.0,1999.0,37.66839398273003
13347,汚水,150.0,2004.0,21.25081214286213
13348,汚水,150.0,2004.0,51.490045763787634
13349,汚水,150.0,2004.0,40.964804586002145
13350,汚水,150.0,2004.0,32.68069651201091
13351,汚水,150.0,2004.0,19.45336524766669
13352,汚水,150.0,2004.0,76.78031187693217
13353,汚水,150.0,2004.0,55.702576211173955
13354,汚水,150.0,2004.0,68.94867764019143
13355,汚水,150.0,2004.0,44.87663386798461
13356,汚水,150.0,2004.0,42.877687166350384
13357,汚水,150.0,2004.0,53.61736052156329
13358,汚水,150.0,2004.0,46.15481793317662
13359,汚水,150.0,2004.0,8.553780362396322
13360,汚水,150.0,2004.0,67.72443378438929
13361,汚水,150.0,2004.0,41.95801187606
13362,汚水,150.0,2004.0,10.483864168109847
13363,汚水,150.0,2004.0,32.587600913375866
13364,汚水,150.0,2004.0,5.057002727066461
13365,汚水,150.0,2004.0,24.30326174775795
13366,汚水,150.0,2004.0,54.440399447174
13367,汚水,150.0,2004.0,64.26761704308792
13368,汚水,150.0,2004.0,43.147033980062474
13369,汚水,150.0,2004.0,69.09054358519714
13370,汚水,150.0,2004.0,20.172618322261822
13371,汚水,150.0,2004.0,67.77482413439472
13372,汚水,150.0,2004.0,84.41727074368289
13373,汚水,150.0,2004.0,56.699853534540466
13374,汚水,150.0,2004.0,19.085912345638384
13375,汚水,150.0,2004.0,40.70767782654391
13376,汚水,150.0,2004.0,36.063026897749275
13377,汚水,150.0,2004.0,89.39826011052416
13378,汚水,150.0,2004.0,6.938971945958416
13379,汚水,150.0,2004.0,83.40023504079345
13380,汚水,150.0,2004.0,2.027001135771384
13381,汚水,150.0,2004.0,4.677634337837437
13382,汚水,150.0,2004.0,8.40281541464098
13383,汚水,150.0,2004.0,52.92889078648674
13384,汚水,150.0,2004.0,79.68628196457941
13385,汚水,150.0,2004.0,5.1910528989787075
13386,汚水,150.0,2004.0,41.004889932249306
13387,汚水,250.0,,49.68769589015226
13388,汚水,150.0,2004.0,5.78331141629085
13389,汚水,150.0,2004.0,6.4992770239669095
13390,汚水,150.0,2004.0,6.294437893572025
13392,汚水,150.0,2004.0,16.820351364010605
13393,汚水,150.0,2004.0,30.10459593006853
13394,汚水,150.0,2004.0,24.748672725636187
13395,汚水,150.0,2004.0,7.566003841955647
13396,汚水,150.0,2004.0,22.05239494581955
13397,汚水,150.0,2004.0,29.42209476778405
13398,汚水,150.0,2004.0,21.473273009637175
13399,汚水,150.0,2004.0,6.609982342516501
13401,汚水,150.0,2019.0,49.0695672081981
13402,汚水,150.0,2019.0,49.118877521783325
13404,汚水,250.0,,42.50723876727125
13405,汚水,250.0,2000.0,40.71639815836934
13406,汚水,250.0,2000.0,11.569040644106186
13407,汚水,250.0,2000.0,20.67096067050133
13408,汚水,250.0,2000.0,21.054795376078
13409,汚水,250.0,,33.109811674900044
13410,汚水,250.0,,22.5028626677564
13411,汚水,250.0,,15.32447454168904
13413,汚水,250.0,,22.58613518647237
13414,汚水,250.0,,24.228182855522782
13415,汚水,250.0,,22.578134114088076
13416,汚水,250.0,,26.2075082801485
13418,汚水,250.0,,26.897596308754096
13420,汚水,150.0,2009.0,47.50094678471055
13421,汚水,150.0,2009.0,41.07252630438046
13422,汚水,250.0,,26.533362791076527
13423,汚水,250.0,,24.60401444032757
13424,汚水,250.0,,42.474916188454486
13425,汚水,250.0,,37.47569152355325
13426,汚水,250.0,,40.236718471292185
13427,汚水,250.0,,36.714103124620095
13428,汚水,250.0,2000.0,30.52034847354451
13429,汚水,150.0,2009.0,39.17030158321785
13430,汚水,150.0,2009.0,4.442331702843586
13431,汚水,150.0,,49.16188870836286
13432,汚水,150.0,2009.0,30.936303272290402
13433,汚水,150.0,2009.0,28.3052446939312
13434,汚水,150.0,2009.0,28.27724378959237
13435,汚水,150.0,2009.0,2.9580958643486457
13436,汚水,150.0,2009.0,3.412504262996218
13437,汚水,150.0,,18.09200983571678
13438,汚水,250.0,,46.60781767579754
13439,汚水,150.0,,19.97783945751669
13441,汚水,250.0,,18.947575263111105
13442,汚水,250.0,,18.86641462227193
13443,汚水,250.0,,19.459754466084433
13445,汚水,250.0,,29.565509758279283
13446,汚水,250.0,,30.246794616852245
13448,汚水,150.0,2000.0,8.64034237460009
13449,汚水,250.0,1992.0,35.5625629786821
13450,汚水,250.0,2000.0,25.525134989927253
13451,汚水,250.0,2000.0,31.052009832681065
13452,汚水,250.0,2000.0,40.6198270891843
13453,汚水,250.0,2000.0,22.75545308974654
13454,汚水,250.0,2000.0,27.53002915682336
13455,汚水,250.0,2000.0,39.462757153959366
13456,汚水,250.0,2000.0,22.500977837209852
13457,汚水,250.0,2000.0,27.6040961162086
13459,汚水,250.0,,23.194198509210704
13460,汚水,150.0,2009.0,23.835295325452563
13462,汚水,250.0,,26.28261067134617
13463,汚水,250.0,,13.766366644364275
13465,汚水,250.0,1991.0,22.452554941733997
13466,汚水,250.0,1991.0,16.02707999573042
13467,汚水,150.0,2011.0,95.56085016973108
13468,汚水,250.0,1991.0,19.852278603978142
5704,雨水,250.0,2005.0,53.100265857008814
5705,雨水,250.0,2005.0,7.926350515342023
5706,雨水,350.0,2006.0,47.633237768518875
5707,雨水,450.0,2006.0,40.62442454483416
5708,雨水,600.0,2006.0,39.68598723690502
5709,雨水,250.0,2006.0,7.607843932345415
5710,雨水,250.0,2006.0,7.95821882106811
5711,雨水,400.0,2006.0,73.02610711475413
5712,雨水,250.0,2006.0,62.95521640720782
5713,雨水,250.0,2006.0,7.9691182329225025
5714,雨水,250.0,2006.0,20.797945239350582
5715,雨水,250.0,2006.0,18.499932219349677
5716,雨水,1000.0,2004.0,78.93779066174781
5717,雨水,1500.0,,24.60011053345574
5718,雨水,2000.0,,45.64918210163059
5719,雨水,2000.0,,5.084262090020878
5720,雨水,250.0,,39.823111541915225
5721,雨水,300.0,,36.64476654905113
5722,雨水,450.0,,31.981382072206827
5723,雨水,450.0,,9.766885442867682
5724,雨水,600.0,,42.4291306096371
5725,雨水,600.0,,9.792070799526726
5726,雨水,400.0,,46.528481284317074
5727,雨水,400.0,,37.446538800121026
5728,雨水,450.0,,32.27914189767473
5729,雨水,450.0,,18.730268697755452
5730,雨水,1500.0,2003.0,1.014497302850504
5731,雨水,1500.0,2003.0,23.216335721270582
5732,雨水,3300.0,,41.64332287026996
5734,雨水,800.0,2003.0,52.937959112414525
5735,雨水,800.0,2003.0,6.107426665252408
5736,雨水,1500.0,2003.0,23.87411685073787
5737,雨水,1500.0,2000.0,43.82993694697404
5738,雨水,1500.0,2000.0,39.58147639487511
5739,雨水,1100.0,2004.0,133.9404281172009
5740,雨水,1200.0,2004.0,49.898669399143834
5741,雨水,250.0,2004.0,15.72698467376439
5742,雨水,250.0,2004.0,15.963436430676886
5743,雨水,250.0,2004.0,5.193524410217618
5744,雨水,250.0,2004.0,31.435425465187244
5745,雨水,250.0,2004.0,3.691033471868484
5746,雨水,250.0,2004.0,66.90733573516081
5747,雨水,800.0,2004.0,14.348515136680211
5748,雨水,1350.0,2004.0,66.89980822441822
5749,雨水,400.0,2005.0,3.817549825797982
5750,雨水,250.0,2004.0,4.015552533164229
5751,雨水,600.0,2005.0,9.895585216175558
5752,雨水,600.0,2005.0,7.366290525651238
5753,雨水,1200.0,2005.0,6.484540648549894
5754,雨水,600.0,2005.0,96.49944768050405
5755,雨水,700.0,2005.0,15.565490741787729
5756,雨水,400.0,2005.0,45.81796239942746
5757,雨水,250.0,2005.0,7.815229970911985
5758,雨水,250.0,2005.0,6.929398658082483
5759,雨水,250.0,2005.0,4.296959911446368
5760,雨水,250.0,2005.0,41.25679753944667
5761,雨水,250.0,2005.0,42.832195768893804
5762,雨水,250.0,2005.0,5.951447775764369
5763,雨水,350.0,2005.0,35.71993337196416
5764,雨水,400.0,2005.0,65.03550608432268
5765,雨水,250.0,2005.0,65.58179463723613
5766,雨水,250.0,2005.0,12.222904367319028
5767,雨水,250.0,2005.0,47.435797828867294
5768,雨水,250.0,2005.0,12.526904983874003
5771,雨水,450.0,,36.143490873772166
5772,雨水,450.0,,11.177624712143441
5773,雨水,300.0,2006.0,20.053704049132982
5774,雨水,300.0,2006.0,38.850946614717465
5775,雨水,250.0,2006.0,49.75205750822769
5776,雨水,250.0,2006.0,7.88667288396312
5777,雨水,250.0,2006.0,7.749801897813246
5778,雨水,250.0,2006.0,6.294091907714191
5779,雨水,250.0,2006.0,30.595280403150294
5780,雨水,250.0,2006.0,8.988961510296587
5782,雨水,300.0,2006.0,4.412930845934126
5783,雨水,400.0,2006.0,65.07336810093834
5784,雨水,400.0,2006.0,5.57677550434264
5785,雨水,250.0,2006.0,8.083965041793377
5786,雨水,250.0,2006.0,37.80871969305207
5787,雨水,350.0,,8.19624024197365
5788,雨水,250.0,2006.0,6.291955276769755
5789,雨水,250.0,2006.0,16.263672631356048
5790,雨水,600.0,,21.209838784603626
5791,雨水,800.0,,7.856267162540344
5792,雨水,450.0,2007.0,4.080125653682924
5793,雨水,250.0,2005.0,12.598865224376803
5794,雨水,250.0,2005.0,27.617497325016657
5795,雨水,3000.0,,127.16449114343895
5796,雨水,,,19.25966266363289
5797,雨水,,,41.93149291190215
5798,雨水,600.0,,109.72318733809986
5799,雨水,3300.0,,34.47887296273312
5800,雨水,3300.0,,36.50307427576305
5801,雨水,,,16.524957458862264
5802,雨水,600.0,,11.366000063875964
5803,雨水,600.0,,59.95561564946873
5804,雨水,600.0,,79.61272351898593
5805,雨水,600.0,2006.0,4.072192840346308
5807,雨水,3800.0,,38.452606099269595
5808,雨水,,,12.002658092026216
5809,雨水,1100.0,1997.0,76.99140134358325
5810,雨水,1100.0,1997.0,15.553051406103998
5811,雨水,1100.0,1997.0,17.412757450590732
5812,雨水,1100.0,1997.0,13.874089517508379
5814,雨水,300.0,,29.461473556921323
5815,雨水,300.0,,30.97605002574143
5816,雨水,300.0,,18.853320596165613
5817,雨水,400.0,,32.165196084639426
5818,雨水,400.0,,20.30636935443519
5819,雨水,500.0,,122.68884179300349
5820,雨水,1500.0,1997.0,71.48655790374478
5821,雨水,1500.0,1997.0,69.68456491122845
5822,雨水,1500.0,1997.0,90.87212006600217
5823,雨水,500.0,1997.0,59.29647032171513
5824,雨水,500.0,1997.0,4.355575947529926
5825,雨水,500.0,1997.0,45.35001308225738
5826,雨水,500.0,1997.0,45.432945248514535
5827,汚水,200.0,1994.0,9.831075760783047
5828,汚水,200.0,1994.0,56.15930396780693
5829,汚水,200.0,1994.0,57.77941236495733
5830,汚水,200.0,1994.0,25.9316952805387
5831,汚水,200.0,1994.0,22.89468989575014
5832,汚水,200.0,1994.0,15.302797165430885
5833,汚水,200.0,1994.0,47.02081572165006
5834,汚水,200.0,1994.0,32.94900936763238
5837,汚水,250.0,1991.0,14.833947255130068
5839,汚水,200.0,1994.0,58.55661675198444
5841,汚水,200.0,1994.0,59.077936782838385
5842,汚水,200.0,1994.0,57.39820125907555
5843,汚水,200.0,1994.0,17.527641237622106
5844,汚水,200.0,1994.0,59.364986432089495
5845,汚水,200.0,1994.0,55.70627152291372
5846,汚水,200.0,1994.0,44.932628409855944
5847,汚水,200.0,1994.0,49.77803787814747
5848,汚水,200.0,1994.0,65.29514698409781
5850,汚水,200.0,1994.0,25.17336917726641
5851,汚水,200.0,1994.0,39.393791673770856
5852,汚水,200.0,1994.0,48.63143822955401
5853,汚水,300.0,1994.0,91.85098899176512
5854,汚水,200.0,1994.0,43.94012072200884
5855,汚水,200.0,1994.0,42.08498783980163
5856,汚水,400.0,1994.0,12.921784271027699
5857,汚水,200.0,1994.0,69.32226210926258
5858,汚水,250.0,1994.0,92.75093801952272
5859,汚水,200.0,1994.0,37.15173396745828
5860,汚水,200.0,1994.0,16.042103782808557
5861,汚水,200.0,1994.0,20.982317497654034
5862,汚水,250.0,1994.0,88.22023921201183
5863,汚水,200.0,1994.0,52.089338531802305
5864,汚水,250.0,1994.0,86.33149072948218
5865,汚水,200.0,1994.0,31.141706503416998
5866,汚水,250.0,1994.0,42.75249569387002
5867,汚水,250.0,1994.0,42.07822661724996
5868,汚水,200.0,1994.0,30.97732129145111
5869,汚水,250.0,1990.0,22.583288970696916
5870,汚水,200.0,1994.0,48.40551784749691
5871,汚水,200.0,1994.0,72.4055206849834
5872,汚水,200.0,1994.0,3.0749999999970896
5873,汚水,200.0,1994.0,6.5734738451073795
5874,汚水,200.0,1994.0,65.33307102180227
5875,汚水,200.0,1994.0,68.0869461411708
5876,汚水,200.0,1994.0,60.567620900864426
5877,汚水,200.0,1994.0,16.26765745643838
5878,汚水,200.0,1994.0,19.010216621431987
5879,汚水,200.0,1994.0,18.904857724562692
5880,汚水,200.0,1994.0,16.71081437171955
5881,汚水,200.0,1994.0,4.483121916819529
5882,汚水,200.0,1994.0,25.650300624523116
5883,汚水,200.0,1994.0,6.820992627950191
5884,汚水,200.0,1994.0,68.34577338069928
5886,汚水,200.0,1994.0,40.79112867477177
5887,汚水,200.0,1994.0,36.081011052271386
5888,汚水,200.0,1994.0,21.8902359792324
5889,汚水,200.0,1994.0,22.08907811044537
5890,汚水,200.0,1994.0,5.450188610975321
5891,汚水,200.0,1994.0,14.759339519401188
5892,汚水,200.0,1994.0,36.743398455518474
5893,汚水,200.0,1994.0,27.267870159928744
5894,汚水,200.0,1994.0,31.557998794381458
5895,汚水,200.0,1994.0,35.662322768625195
5896,汚水,200.0,1994.0,40.942119995578096
5897,汚水,200.0,1994.0,48.578970587338084
5899,汚水,200.0,1994.0,20.238227652371485
5900,汚水,200.0,1994.0,23.850833033025566
5901,汚水,200.0,1994.0,37.315560719921265
5902,汚水,200.0,1994.0,9.560885406245962
5903,汚水,200.0,1994.0,16.92253509566063
5904,汚水,200.0,1994.0,23.445603945652106
5905,汚水,200.0,1994.0,3.442838726821707
5906,汚水,200.0,1994.0,18.836534989570023
5907,汚水,200.0,1994.0,2.0535765565220445
5908,汚水,200.0,1994.0,12.95875421510346
5909,汚水,200.0,1994.0,10.451256894984953
5910,汚水,200.0,1994.0,26.74000293239088
5911,汚水,200.0,1994.0,26.37406631778421
5912,汚水,200.0,1994.0,34.46218025040748
5914,汚水,200.0,1994.0,2.7573024678486533
5915,汚水,200.0,1994.0,33.480900531347096
5916,汚水,200.0,1994.0,37.31690315376983
5917,汚水,200.0,1994.0,17.673663892519606
5918,汚水,200.0,1994.0,11.141186088913798
5919,汚水,200.0,1994.0,22.789684506943903
5920,汚水,200.0,1994.0,31.75505841567891
5921,汚水,200.0,1994.0,8.649066155091193
5922,汚水,200.0,1994.0,18.705465489032353
5923,汚水,200.0,1994.0,4.724676021084186
5924,汚水,200.0,1994.0,21.746177955055284
5925,汚水,200.0,1994.0,58.369917474274715
5927,汚水,200.0,1994.0,29.609611645778514
5928,汚水,200.0,1994.0,42.13085362693397
5929,汚水,200.0,1994.0,12.716415737607983
5931,汚水,250.0,1995.0,55.948911694712535
5932,汚水,250.0,1995.0,38.331961688959154
5933,汚水,250.0,1995.0,26.380872867271457
5934,汚水,250.0,1995.0,32.103813270876245
5935,汚水,250.0,1995.0,35.02892090861601
5936,汚水,200.0,1994.0,8.800213556484286
5937,汚水,200.0,1994.0,22.877569518152416
5938,汚水,200.0,1994.0,14.72387458276538
5939,汚水,200.0,1994.0,21.857171589239783
5940,汚水,200.0,1994.0,12.254092041622979
5941,汚水,200.0,1994.0,9.15583026985699
5942,汚水,200.0,1994.0,16.42757746768548
5943,汚水,200.0,1994.0,44.89966581744615
5944,汚水,200.0,1994.0,45.967318513741404
5945,汚水,200.0,1994.0,13.301675156551749
5946,汚水,200.0,1994.0,48.89116586067021
5947,汚水,300.0,1994.0,67.44584796458074
5948,汚水,300.0,1994.0,101.68705225979758
5949,汚水,200.0,1994.0,29.668339135564523
5950,汚水,200.0,1994.0,32.46471694479897
5951,汚水,200.0,1994.0,18.13446388758297
5952,汚水,200.0,1994.0,22.4318614728507
5953,汚水,200.0,1994.0,17.99047442722175
5954,汚水,300.0,1994.0,8.354723808851857
5958,汚水,200.0,1994.0,48.79153683107459
5960,雨水,500.0,1997.0,41.21771439892718
5961,雨水,300.0,1997.0,43.039598876101685
5962,雨水,300.0,1997.0,43.74229296396399
5963,雨水,700.0,1997.0,46.337801177474695
5964,雨水,,1997.0,19.950529690476923
5966,雨水,300.0,1997.0,45.416559660578336
5967,雨水,300.0,1997.0,41.794176885079224
5968,雨水,450.0,1997.0,19.431354627641337
5969,雨水,600.0,1997.0,52.29958604809376
5972,雨水,300.0,,30.207269837369132
5973,雨水,300.0,,34.23699794928258
5974,雨水,300.0,,29.454505531624754
5975,雨水,300.0,,29.53486120273238
5976,雨水,450.0,,40.69799981468151
5977,雨水,450.0,,28.726423114419106
5978,雨水,300.0,,28.351247714665334
5979,雨水,300.0,,11.816698558343665
5980,雨水,1650.0,1990.0,43.54210123949492
5981,雨水,2200.0,,421.60435106180387
5982,雨水,800.0,,31.825331332774223
5983,雨水,800.0,,5.460892910247523
5984,雨水,800.0,,40.93565662808148
5986,雨水,400.0,,11.863666821241642
5987,雨水,500.0,,17.88592524033811
5988,雨水,500.0,,55.05999791562439
5989,雨水,600.0,,10.539681894390345
5990,雨水,600.0,,71.28702813094479
5991,雨水,600.0,,50.36357289826146
5992,雨水,1350.0,,69.05595138465651
5993,雨水,1500.0,,62.95517968755258
5994,雨水,1500.0,,31.25804334192962
5996,雨水,400.0,,34.40280017108059
5997,雨水,600.0,,6.560426595429171
5998,雨水,700.0,1999.0,49.06807509049929
5999,雨水,700.0,1999.0,57.88008743331732
6000,雨水,700.0,1999.0,4.927017332868287
6001,雨水,1100.0,2000.0,194.35820959080675
6002,雨水,600.0,2001.0,77.95293835460905
6003,雨水,700.0,2001.0,52.25327393483095
6004,雨水,700.0,2001.0,20.866725487906447
6005,雨水,800.0,2001.0,13.42727369102105
6006,雨水,250.0,2006.0,19.057952561041002
6007,雨水,250.0,2006.0,7.7870047810684655
6008,雨水,350.0,2006.0,72.52149823913042
6009,雨水,250.0,2006.0,23.913898954100855
6010,雨水,250.0,2006.0,9.008718685951807
6011,雨水,250.0,2006.0,66.7951949429383
6012,雨水,250.0,2006.0,63.369800777412784
6013,雨水,300.0,2007.0,54.46643736339664
6014,雨水,350.0,,31.33849082444553
6015,雨水,1650.0,,24.041447068889905
6016,雨水,1650.0,,46.021878030489695
6017,雨水,1650.0,,28.737586193045843
6018,雨水,1650.0,,79.80546728889693
6020,雨水,1650.0,2000.0,26.700213789464286
6021,雨水,500.0,2002.0,23.976774068334056
6022,雨水,500.0,2002.0,29.664046238611284
6023,雨水,500.0,2002.0,31.525225883906995
6024,雨水,350.0,,31.512268979847942
6025,雨水,350.0,2007.0,24.38110722392377
13469,汚水,250.0,1991.0,21.59774297884318
13470,汚水,250.0,1991.0,14.252310502268106
13471,汚水,250.0,1991.0,15.631904855100792
13472,汚水,250.0,1991.0,14.44822724943816
13473,汚水,250.0,1991.0,9.568849183365638
13474,汚水,250.0,1991.0,9.923966370713028
13475,汚水,250.0,1991.0,8.931685359485824
13476,汚水,250.0,1991.0,32.22298317073895
13477,汚水,250.0,1991.0,25.648513955288465
13478,汚水,250.0,1990.0,35.412600401137595
13479,汚水,250.0,1991.0,11.051687127263259
13480,汚水,250.0,1991.0,9.897557364697922
13481,汚水,250.0,1991.0,4.282083902160319
13482,汚水,250.0,1991.0,19.425979340179417
13483,汚水,250.0,1991.0,13.94801085251585
13484,汚水,250.0,1991.0,4.193060962790365
13485,汚水,250.0,1991.0,9.702146064310021
13486,汚水,250.0,1991.0,18.915582451224473
13487,汚水,250.0,1991.0,23.0448702643916
13488,汚水,250.0,1991.0,18.39594389505137
13489,汚水,250.0,1991.0,10.416739351962933
13490,汚水,250.0,1991.0,11.267490773855132
13491,汚水,250.0,1991.0,7.053122600329251
13492,汚水,250.0,1991.0,25.032142639015813
13493,汚水,250.0,1991.0,8.151584939180827
13494,汚水,250.0,1991.0,8.648521085327575
13495,汚水,200.0,1994.0,26.916966776709955
13496,汚水,250.0,1991.0,8.527394323861047
13497,汚水,250.0,1991.0,27.66447510373583
13498,汚水,250.0,1991.0,10.91173549924967
13499,汚水,250.0,1991.0,27.98671680746258
13500,汚水,250.0,1991.0,38.62925211110418
13501,汚水,250.0,1991.0,16.612775656620144
13502,汚水,250.0,1991.0,50.48033634497051
13503,汚水,250.0,1991.0,14.340669916338252
13504,汚水,250.0,1991.0,22.08037969337576
13505,汚水,250.0,1991.0,38.9319708938372
13506,汚水,250.0,1991.0,26.980076752013755
13507,汚水,250.0,1991.0,17.897106754701664
13508,汚水,250.0,1991.0,14.889114412799533
13509,汚水,250.0,1991.0,18.73238120477748
13510,汚水,250.0,1991.0,13.352136157701468
13511,汚水,250.0,1991.0,17.874836532839257
13512,汚水,250.0,1992.0,52.83769021565965
13513,汚水,250.0,1991.0,37.18794380054654
13514,汚水,250.0,1991.0,15.663888630485467
13515,汚水,250.0,1991.0,21.08658904309741
13516,汚水,250.0,1991.0,21.479966800709033
13517,汚水,250.0,1991.0,16.92194719375234
13518,汚水,250.0,1991.0,8.490131362105549
13519,汚水,250.0,1991.0,14.956413119585472
13520,汚水,250.0,1991.0,18.73317595839772
13521,汚水,250.0,1991.0,47.19652068375425
13522,汚水,250.0,1991.0,46.426723476271796
13523,汚水,250.0,1991.0,12.568578469343597
13524,汚水,250.0,1991.0,16.105971685674966
13525,汚水,250.0,1991.0,52.66984077181651
13526,汚水,250.0,1991.0,34.747012730915024
13527,汚水,250.0,1991.0,19.41004983040563
13528,汚水,250.0,1991.0,24.440327117728284
13529,汚水,200.0,1994.0,5.289730616957729
13530,汚水,250.0,1991.0,28.649019891739208
13532,汚水,250.0,1991.0,17.254296165993704
13533,汚水,250.0,1991.0,25.023392534486657
13534,汚水,250.0,1991.0,15.105088196300088
13535,汚水,250.0,1991.0,20.777115076194423
13536,汚水,250.0,1991.0,69.91179569013788
13537,汚水,250.0,1991.0,47.89880236342413
13539,汚水,250.0,1991.0,41.628163121448004
13540,汚水,250.0,1991.0,14.713013178345383
13541,汚水,250.0,1991.0,34.93083090003648
13542,汚水,250.0,1991.0,27.32650911400863
13544,汚水,250.0,1991.0,16.47763119213277
13545,汚水,250.0,1991.0,27.18440643448045
13546,汚水,250.0,1991.0,37.031732609625735
13547,汚水,250.0,1991.0,12.174345838207007
13548,汚水,250.0,1991.0,8.919044896768243
13549,汚水,250.0,1991.0,25.497008490771414
13550,汚水,250.0,1989.0,32.33498239888716
13552,汚水,250.0,1989.0,28.279662131585894
13553,汚水,250.0,1989.0,27.91337819216192
13554,汚水,250.0,1989.0,11.204866182052054
13555,汚水,250.0,1989.0,15.678733603492862
13556,汚水,250.0,1989.0,8.52143616047497
13558,汚水,200.0,1990.0,12.205775621276652
13559,汚水,250.0,1990.0,8.319590152608106
13560,汚水,250.0,1990.0,14.952592259862262
13562,汚水,250.0,1991.0,35.411458682537365
13563,汚水,250.0,1991.0,10.332443727568943
13565,汚水,150.0,2003.0,26.4606883667004
13566,汚水,200.0,1990.0,5.814730275259575
13567,汚水,250.0,1993.0,41.21226770078095
13568,汚水,250.0,1993.0,15.255286926105601
13569,汚水,250.0,1993.0,44.53062210822884
13570,汚水,250.0,1993.0,7.1103525468788815
13571,汚水,250.0,1993.0,14.384364208893365
13572,汚水,250.0,1993.0,37.196222960606626
13574,汚水,200.0,1995.0,48.41958541488878
13576,汚水,200.0,1995.0,40.615196567155124
13577,汚水,200.0,1995.0,26.862909467918797
13579,汚水,200.0,1995.0,9.501131568646544
13580,汚水,200.0,1995.0,40.964011928000254
13582,汚水,250.0,1992.0,41.02898672204591
13583,汚水,250.0,1992.0,17.855247898075696
13586,汚水,250.0,1992.0,20.860913630636222
13589,汚水,250.0,1992.0,28.9024052958718
13590,汚水,250.0,,23.74788746167241
13591,汚水,250.0,1992.0,48.54498918665849
13592,汚水,250.0,1992.0,8.42295819935184
13593,汚水,250.0,1992.0,35.874327467225385
13595,汚水,250.0,1993.0,36.559732803735045
13596,汚水,250.0,1993.0,48.06010511734286
13597,汚水,250.0,1993.0,12.209832613049635
13598,汚水,250.0,1993.0,28.549700861595234
13599,汚水,250.0,1993.0,28.57319707567735
13600,汚水,250.0,1993.0,14.457783519305488
13601,汚水,250.0,1993.0,9.871490986771573
13602,汚水,250.0,1993.0,8.023688391164416
13603,汚水,250.0,1993.0,7.160449146094574
13604,汚水,250.0,1993.0,45.88810706583436
13605,汚水,250.0,1993.0,49.856310442941506
13606,汚水,250.0,1993.0,40.23123237068988
13607,汚水,250.0,1993.0,23.17390110368579
13608,汚水,250.0,1993.0,3.1226991256119336
13609,汚水,250.0,1993.0,30.681000824202975
13610,汚水,250.0,1993.0,13.282084938928593
13611,汚水,250.0,1993.0,8.466429831774219
13612,汚水,250.0,1993.0,36.61192273107568
13613,汚水,200.0,1994.0,13.833630060400166
13614,汚水,250.0,1993.0,25.13156331534646
13615,汚水,250.0,1993.0,24.749629487312085
13616,汚水,250.0,1993.0,24.990030046946956
13617,汚水,250.0,1993.0,23.144791841305356
13618,汚水,250.0,1993.0,33.61620569457967
13619,汚水,250.0,1993.0,28.150191506056466
13620,汚水,250.0,1993.0,15.685663900523322
13622,汚水,250.0,,11.912448258513969
13623,汚水,150.0,2019.0,52.61640361705317
13624,汚水,250.0,,31.324408285688403
13626,汚水,250.0,,31.213708870383687
13627,汚水,250.0,,30.24401813005755
13628,汚水,250.0,,28.65096375896687
13629,汚水,250.0,,21.89204997808151
13630,汚水,250.0,1990.0,34.37429802805942
13631,汚水,250.0,,23.388554368048016
13632,汚水,300.0,,53.26460832809991
13633,汚水,250.0,,30.115677510183307
13634,汚水,150.0,2019.0,46.067451807108085
13635,汚水,150.0,2019.0,52.11341170250985
13636,汚水,150.0,2019.0,37.43148969317899
13637,汚水,150.0,2019.0,54.58453894112672
13639,汚水,300.0,,33.483358133770835
13640,汚水,150.0,2019.0,46.20787345594273
13641,汚水,250.0,,20.085860339467626
13642,汚水,250.0,,35.4855608069927
13643,汚水,250.0,,22.030452732044488
13644,汚水,250.0,1990.0,45.875056068440806
13645,汚水,250.0,,23.321770988243628
13646,汚水,150.0,2019.0,37.21176267360013
13647,汚水,150.0,2019.0,63.415274178346635
13648,汚水,250.0,,22.32702198014202
13649,汚水,250.0,,20.940359879964422
13650,汚水,300.0,,33.379015904926945
13651,汚水,200.0,,28.644147030998894
13652,汚水,250.0,,15.468615814227363
13653,汚水,250.0,,19.321056726357703
13654,汚水,250.0,,6.852992543775864
13655,汚水,250.0,,30.14284116946934
13656,汚水,250.0,,32.72373678275434
13657,汚水,300.0,,30.46907175978393
13658,汚水,300.0,,27.704089546167996
13659,汚水,300.0,,29.93587592428084
13660,汚水,250.0,,34.11465734990847
13661,汚水,250.0,1989.0,6.159040093246292
13663,汚水,250.0,,46.23128228922441
13664,汚水,250.0,,6.265989680073115
13665,汚水,250.0,,41.62032783295459
13667,汚水,250.0,,22.171876579346787
13668,汚水,250.0,,23.911461708683504
13669,汚水,150.0,2019.0,63.418125129251116
13671,汚水,200.0,1995.0,32.93941519158238
13672,汚水,200.0,1995.0,46.719572851051794
13673,汚水,200.0,1995.0,73.4528184582213
13674,汚水,200.0,1995.0,43.313984737414195
13675,汚水,200.0,1995.0,24.615446962926367
13676,汚水,200.0,1995.0,25.5384287522113
13677,汚水,200.0,1995.0,41.209039060146665
13678,汚水,200.0,1995.0,7.373008279582752
13679,汚水,200.0,1995.0,34.692385903018454
13680,汚水,200.0,1995.0,20.877541639453213
13681,汚水,200.0,1995.0,11.561084960946522
13682,汚水,200.0,1995.0,10.120317854731848
13683,汚水,250.0,1995.0,19.90987218249027
13684,汚水,150.0,2003.0,28.46443841197659
13685,汚水,250.0,2008.0,15.193914931875293
13686,汚水,150.0,2008.0,27.127203899690794
13687,汚水,250.0,1991.0,59.742482123410134
13688,汚水,250.0,1991.0,59.153515378518904
13689,汚水,250.0,1991.0,67.57457322704325
13691,汚水,250.0,1991.0,72.14656617596718
13692,汚水,250.0,1989.0,32.75476658195507
13693,汚水,250.0,1991.0,61.952514299445774
13695,汚水,250.0,1991.0,68.08063919927113
13696,汚水,250.0,1991.0,64.71173888363955
13697,汚水,250.0,1991.0,65.52381019393094
13698,汚水,250.0,1991.0,14.38232232822396
13699,汚水,250.0,1991.0,68.94368667987362
13700,汚水,250.0,1991.0,58.314540636229495
13701,汚水,250.0,1991.0,9.437883375214387
13702,汚水,250.0,1991.0,68.97649353211503
13703,汚水,250.0,1991.0,3.7719942392106924
13704,汚水,250.0,1991.0,8.092208855657065
13705,汚水,250.0,1991.0,21.316390407036646
13706,汚水,250.0,1991.0,17.754834990691496
13707,汚水,250.0,1991.0,34.732882152966695
13708,汚水,250.0,1991.0,3.441303632476548
13709,汚水,250.0,,29.487004981722393
13710,汚水,250.0,1991.0,31.97032365577203
13711,汚水,250.0,1991.0,17.89013847943629
13712,汚水,250.0,1991.0,21.1389798976417
13713,汚水,250.0,1991.0,34.1522403460967
13714,汚水,250.0,1991.0,68.54430124608615
13715,汚水,250.0,1991.0,49.77009074054601
13716,汚水,250.0,1991.0,19.514329898750216
13717,汚水,250.0,1991.0,30.934848499856653
13718,汚水,250.0,1991.0,56.57147075053317
13719,汚水,250.0,1991.0,8.802342468261848
13720,汚水,250.0,1991.0,30.531985628866728
13721,汚水,250.0,1991.0,31.706239702232754
13722,汚水,250.0,1991.0,56.61697484206675
13723,汚水,250.0,1991.0,23.30119308065896
13724,汚水,250.0,1991.0,58.69506277012934
13725,汚水,250.0,1991.0,27.522425668454066
13726,汚水,250.0,1990.0,12.031153839077138
13727,汚水,250.0,1991.0,14.194455628805159
13728,汚水,250.0,1991.0,54.45869318490591
13729,汚水,250.0,1991.0,60.64558629669968
13730,汚水,250.0,1991.0,5.891255548925661
13733,汚水,250.0,1991.0,51.04329522657322
13734,汚水,250.0,1991.0,39.812574040397706
13736,汚水,250.0,1992.0,50.155447216470286
13737,汚水,250.0,1992.0,39.12393159266743
13738,汚水,250.0,1992.0,38.858505059657574
13740,汚水,250.0,1992.0,45.1224297138846
13742,汚水,250.0,1992.0,50.09138093818821
13743,汚水,250.0,1992.0,28.791639396215704
13744,汚水,250.0,1992.0,28.941775539716055
13745,汚水,250.0,1992.0,26.571289026248472
13746,汚水,250.0,1992.0,19.200653112412933
13747,汚水,250.0,1992.0,7.572759189616343
13748,汚水,250.0,1992.0,17.06624398128354
13751,汚水,250.0,,23.190791004284694
13752,汚水,250.0,,14.772874446020158
13753,汚水,250.0,,36.20776042560545
13754,汚水,250.0,,38.320314294544545
13755,汚水,150.0,2019.0,71.43864816617618
13756,汚水,250.0,,26.57205911282291
13757,汚水,250.0,,27.15076806875212
13758,汚水,300.0,,22.7969203896503
13759,汚水,300.0,,35.897699828877634
13760,汚水,300.0,,22.83791856321164
13761,汚水,150.0,2000.0,16.085764157100844
13762,汚水,150.0,2000.0,16.037772554179128
13763,汚水,150.0,2000.0,15.736688553881365
13764,汚水,150.0,2000.0,16.62387948058855
13765,汚水,150.0,2000.0,16.14964554155982
13766,汚水,150.0,2000.0,68.08373211926126
13767,汚水,150.0,2000.0,53.461943584360775
13768,汚水,250.0,1993.0,41.9209853826354
13769,汚水,250.0,1992.0,36.834983462869246
13770,汚水,250.0,1992.0,43.19910143027149
13771,汚水,250.0,1992.0,37.47700327808046
13772,汚水,250.0,1992.0,33.98123964267708
13773,汚水,250.0,1992.0,17.02822984257284
13774,汚水,250.0,1992.0,14.221693563635865
13775,汚水,250.0,1992.0,43.71554828309047
13776,汚水,250.0,,30.00671107348039
13777,汚水,250.0,1992.0,21.16605336296609
13778,汚水,250.0,1992.0,11.143197436223092
13779,汚水,250.0,1992.0,13.101470370238449
13780,汚水,250.0,1992.0,2.25225070469643
13781,汚水,250.0,1992.0,2.153338261902609
13782,汚水,250.0,1992.0,14.603779369290127
13783,汚水,250.0,1992.0,7.009057709290793
13784,汚水,250.0,1992.0,1.7249999999985448
13785,汚水,250.0,1992.0,24.74970643175565
13786,汚水,250.0,1992.0,22.130504302303788
13787,汚水,250.0,1992.0,4.318079550784457
13788,汚水,250.0,1992.0,43.65939762703902
13789,汚水,250.0,1992.0,8.799429317763854
13790,汚水,250.0,1992.0,17.67685840760141
6026,雨水,350.0,2007.0,40.62868252860997
6027,雨水,400.0,2007.0,42.884493918770275
6028,雨水,450.0,2007.0,72.6983527722973
6029,雨水,3000.0,,12.75012254843211
6032,雨水,300.0,,28.050843599872348
6033,雨水,300.0,,21.030271360103235
6034,雨水,300.0,,5.703066912702589
6035,雨水,350.0,,34.944110066180876
6037,雨水,800.0,2009.0,46.08656816615893
6038,雨水,900.0,,43.5850700861173
6039,雨水,900.0,,18.9665336924414
6040,雨水,900.0,2017.0,6.391931542063746
6041,雨水,500.0,,100.44255413925976
6042,雨水,600.0,2006.0,14.0193060740694
6043,雨水,700.0,2009.0,102.42990312323606
6052,雨水,1200.0,,3.0030511776028597
6053,雨水,1300.0,,18.0076944719614
6054,雨水,1300.0,,4.325705285852406
6055,雨水,2000.0,1995.0,121.45409688087892
6057,雨水,1300.0,1995.0,49.69524341383801
6058,雨水,1500.0,1995.0,37.999866855545655
6059,雨水,1350.0,1997.0,36.14921280158417
6060,雨水,1350.0,1997.0,84.54407759698485
6062,雨水,500.0,1997.0,39.94622529580514
6063,雨水,700.0,1997.0,12.389497344956652
6064,雨水,1350.0,1997.0,42.853109364552914
6065,雨水,1500.0,1997.0,16.335844196790035
6066,雨水,1500.0,,38.20210906840828
6067,雨水,800.0,1997.0,65.50302131623515
6068,雨水,800.0,1997.0,52.39491963842349
6069,雨水,500.0,1997.0,64.53063021731748
6070,雨水,500.0,1997.0,61.8878430032391
6071,雨水,2000.0,1997.0,148.70987731637163
6072,雨水,2000.0,1997.0,58.41699554382114
6073,雨水,900.0,1997.0,71.6195693139818
6074,雨水,500.0,1997.0,49.564781740872306
6075,雨水,700.0,1997.0,59.357804673148635
6076,雨水,900.0,1997.0,61.37899600809745
6078,雨水,450.0,,45.52020848618304
6079,雨水,3000.0,1997.0,7.540225261891426
6080,雨水,3000.0,1997.0,6.171185056375691
6081,雨水,3000.0,1997.0,143.75665681246187
6083,雨水,600.0,1999.0,69.22004674322275
6084,汚水,250.0,1990.0,44.911448215894595
6085,雨水,600.0,1999.0,42.4645148497436
6086,雨水,900.0,1993.0,14.7712661056829
6089,雨水,700.0,1995.0,52.34664544306489
6090,雨水,700.0,1995.0,37.379822607249004
6091,雨水,700.0,1995.0,12.672421457637936
6092,雨水,,,22.122840672173574
6093,雨水,800.0,,140.5550171889954
6094,雨水,600.0,,15.446140044591571
6095,雨水,450.0,,4.101491554208145
6096,雨水,1650.0,,39.030801411661365
6097,雨水,1650.0,,23.91898470132596
6098,雨水,1650.0,,112.87300679503079
6099,雨水,350.0,,10.130003858787017
6100,雨水,350.0,,37.483873191203784
6101,雨水,400.0,,22.103238800501984
6102,雨水,400.0,,19.10413027648727
6103,雨水,400.0,,18.5194921784501
6104,雨水,400.0,,6.24988298315383
6105,雨水,400.0,,9.028479266987837
6106,雨水,400.0,,17.7215005747217
6107,雨水,400.0,,9.65152831172438
6108,雨水,400.0,,25.345683917492664
6109,雨水,400.0,,12.674733786762266
6110,雨水,400.0,,6.44288053316666
6111,雨水,400.0,,21.736540551519955
6112,雨水,400.0,,20.192371720489646
6113,雨水,400.0,1999.0,31.83988477665691
6114,雨水,600.0,1999.0,20.791409901690812
6115,雨水,600.0,1999.0,5.54367543345883
6116,雨水,400.0,2002.0,72.80045990428538
6117,雨水,500.0,2002.0,5.232113740984874
6118,雨水,900.0,,53.762883704921016
6119,雨水,1350.0,,181.5686672982439
6120,雨水,,,8.926625006130964
6121,雨水,800.0,1989.0,136.14638639670113
6122,雨水,900.0,1989.0,77.37436065013539
6123,雨水,900.0,1989.0,49.71064480614703
6124,雨水,900.0,1989.0,25.486654140436677
6126,雨水,800.0,,40.53680376426632
6128,雨水,1350.0,,147.37760906810755
6129,雨水,400.0,,38.00509019607535
6130,雨水,400.0,,52.27511639461346
6131,雨水,400.0,,5.3186467301660025
6132,雨水,2000.0,1995.0,98.01022833915415
6133,雨水,2000.0,1997.0,11.91769212369629
6134,雨水,2000.0,1997.0,38.25399438217091
6135,雨水,2000.0,1997.0,55.50515728318474
6136,雨水,2000.0,1997.0,19.50860002654173
6137,雨水,2500.0,1997.0,50.51636941797582
6138,雨水,2500.0,1997.0,120.73704416519024
6140,雨水,400.0,1997.0,39.688779138651945
6141,雨水,400.0,,39.49729442026328
6142,雨水,400.0,1997.0,40.397264500043214
6146,雨水,700.0,,80.53597078005033
6147,雨水,450.0,,37.92432843447303
6148,雨水,450.0,,42.5400063205037
6149,雨水,600.0,,43.66389223458138
6150,雨水,600.0,,42.63963002591081
6151,雨水,600.0,,43.6869070488246
6152,雨水,600.0,,26.326152404010006
6153,雨水,400.0,,40.48003237817873
6154,雨水,400.0,,39.48703057877102
6155,雨水,400.0,,18.01089282327788
6156,雨水,800.0,,82.91185857632395
6157,雨水,1100.0,,63.3372964905705
6158,雨水,1100.0,,6.609429216594046
6159,雨水,700.0,,27.676991344790242
6160,雨水,1500.0,,34.3314838573105
6161,雨水,900.0,1997.0,53.82920614613808
6162,雨水,1000.0,1997.0,50.861001196176964
6163,雨水,1100.0,1997.0,54.32814601124029
6165,雨水,600.0,1997.0,35.831004457043875
6166,雨水,600.0,1997.0,13.7511718500906
6167,雨水,700.0,,43.622807170485906
6168,雨水,600.0,,79.16750593201267
6169,雨水,800.0,,60.2730483665782
6170,雨水,1500.0,,70.87706921484548
6171,雨水,450.0,,43.30968617384436
6172,雨水,800.0,,93.73367010451692
6173,雨水,1500.0,,70.74821399025588
6174,雨水,700.0,,65.07785383550463
6175,雨水,1350.0,,66.54642432893934
6176,雨水,1350.0,,67.54305937970915
6177,雨水,1350.0,,44.8577898481951
6178,雨水,1200.0,,54.305686560071116
6179,雨水,1200.0,,55.92655899379569
6180,雨水,700.0,1997.0,4.390575575202739
6181,雨水,3000.0,1997.0,78.20427418013574
6182,雨水,3000.0,1997.0,5.297459768601599
6183,雨水,3000.0,1997.0,4.437816580250441
6184,雨水,3000.0,1997.0,180.8684322840401
6185,雨水,5000.0,1997.0,51.48358561716731
6187,雨水,800.0,1993.0,57.79018661469141
6188,雨水,800.0,1993.0,81.54193771683273
6189,雨水,800.0,1993.0,12.002783261872048
6190,雨水,900.0,1990.0,57.46691331470026
6191,雨水,900.0,1990.0,5.295157710992534
6192,雨水,1200.0,1990.0,44.2162661117573
6194,雨水,1650.0,1995.0,46.77612702702198
6195,雨水,1650.0,1995.0,45.959461029363126
6197,雨水,900.0,,132.51627740366888
6200,雨水,1200.0,1990.0,16.62384870342176
6201,雨水,800.0,,61.09955306871987
6202,雨水,800.0,,82.92173122767429
6203,雨水,800.0,,88.05376196241133
6204,雨水,900.0,,59.28739298718496
6205,雨水,1350.0,1993.0,147.48612087377487
6206,雨水,450.0,2007.0,4.728398039133
6207,雨水,450.0,2007.0,65.45213920394534
6208,汚水,150.0,2001.0,5.685042585262046
6209,汚水,500.0,2000.0,133.25115508511576
6210,汚水,150.0,2001.0,48.38858304910118
6211,汚水,150.0,2001.0,60.968789205125994
6212,汚水,150.0,2001.0,52.16416178358705
6213,汚水,150.0,2001.0,49.1473352803895
6214,汚水,150.0,2001.0,41.56075028191801
6215,汚水,150.0,2001.0,6.01782789299052
6216,汚水,150.0,2001.0,27.60421920129695
6217,汚水,350.0,2000.0,99.19924643644174
6218,汚水,150.0,2001.0,76.45879827424417
6219,汚水,250.0,1990.0,16.450125904682317
6220,汚水,150.0,2001.0,58.2614936091476
6221,汚水,150.0,2001.0,21.55093137689833
6222,汚水,150.0,2001.0,16.840553856701135
6223,汚水,150.0,2001.0,5.835795869338167
6224,汚水,150.0,2001.0,20.978180534267352
6225,汚水,150.0,2001.0,9.44550784968269
6226,汚水,150.0,2001.0,24.710983937187628
6227,汚水,150.0,2001.0,72.16091036489016
6228,汚水,150.0,2001.0,17.05558627886176
6229,汚水,150.0,2001.0,29.28070164989012
6230,汚水,150.0,2001.0,8.02412120681092
6231,汚水,150.0,2001.0,9.2458996642626
6232,汚水,150.0,2001.0,29.40949744132998
6233,汚水,150.0,2001.0,21.563760849608094
6234,汚水,150.0,2001.0,7.6525019073065135
6235,汚水,150.0,2001.0,14.945723169679358
6236,汚水,250.0,1990.0,12.495737148439346
6237,汚水,150.0,2001.0,38.55505475666706
6238,汚水,150.0,2001.0,24.390053440703646
6240,汚水,150.0,2001.0,14.794374398344736
6241,汚水,150.0,2001.0,7.876468536974917
6242,汚水,150.0,2001.0,19.94194734027761
6243,汚水,150.0,2001.0,19.24168757770023
6244,汚水,150.0,2001.0,14.530100537859159
6245,汚水,150.0,2001.0,14.914743481453073
6246,汚水,150.0,2001.0,33.02632943735513
6247,汚水,150.0,2001.0,4.79005083623716
6248,汚水,150.0,2001.0,30.22893371329467
6249,汚水,150.0,2001.0,2.9121584602965536
6250,汚水,150.0,2001.0,66.2669267590747
6251,汚水,150.0,2001.0,12.762857500277319
6252,汚水,150.0,2001.0,13.101461677032667
6253,汚水,150.0,2001.0,7.804870732349523
6254,汚水,150.0,2001.0,13.573724584555237
6255,汚水,150.0,2001.0,41.34157424010349
6256,汚水,150.0,2001.0,5.788126599816485
6257,汚水,150.0,2001.0,35.557882193458184
6258,汚水,150.0,2001.0,75.02583870596337
6259,汚水,150.0,2001.0,8.253045184113159
6260,汚水,150.0,2001.0,26.159532187543675
6261,汚水,150.0,2003.0,15.703615552784926
6262,汚水,150.0,2006.0,34.03187526740553
6263,汚水,150.0,2006.0,72.79512710979547
6264,汚水,150.0,2006.0,73.07080487393763
6265,汚水,150.0,2006.0,45.08920570565693
6266,汚水,150.0,2006.0,39.82340110314335
6267,汚水,150.0,2006.0,65.70589124700753
6268,汚水,150.0,2006.0,51.453442786034486
6269,汚水,150.0,2006.0,41.6103809405469
6270,汚水,250.0,1992.0,27.19463108314221
6271,汚水,150.0,2006.0,42.03880662874593
6273,汚水,200.0,2006.0,4.5449646232572904
6274,汚水,200.0,2006.0,39.77655055221112
6276,汚水,150.0,2007.0,39.487161728285116
6277,汚水,150.0,2007.0,30.49607797684401
6278,汚水,150.0,2001.0,71.53025494457282
6279,汚水,350.0,2000.0,48.9419868945097
6280,汚水,150.0,2001.0,13.541757997379975
6281,汚水,150.0,2001.0,33.513967779789745
6282,汚水,350.0,2000.0,76.92359111778578
6283,汚水,150.0,2001.0,53.88840798209997
6284,汚水,150.0,2001.0,9.082906476081712
6285,汚水,150.0,2001.0,38.3704890715847
6286,汚水,150.0,2001.0,16.68696009106433
6287,汚水,150.0,2001.0,42.38988839293312
6288,汚水,150.0,2001.0,49.32155071496842
6289,汚水,150.0,2001.0,49.020095252600555
6290,汚水,150.0,2001.0,56.215364986786
6291,汚水,150.0,2001.0,36.521348495750516
6292,汚水,150.0,2001.0,12.677240321653256
6293,汚水,150.0,2001.0,19.510082163582833
6294,汚水,150.0,2001.0,12.374784461275258
6295,汚水,150.0,2001.0,16.022702144828518
6296,汚水,150.0,2001.0,3.1235599837566457
6297,汚水,150.0,2001.0,21.629925802597516
6298,汚水,150.0,2001.0,20.264544808574485
6299,汚水,150.0,2001.0,16.957916012531836
6300,汚水,150.0,2001.0,17.9135398898745
6301,汚水,150.0,2001.0,4.050941801316954
6302,汚水,150.0,2001.0,33.47433229660809
6303,汚水,150.0,2001.0,10.17516776892171
6304,汚水,150.0,2001.0,17.89479441818742
6305,汚水,150.0,2001.0,50.29222839167854
6306,汚水,150.0,2001.0,40.715491208786275
6307,汚水,150.0,2001.0,10.099588186293357
6308,汚水,150.0,2001.0,35.26973802076807
6309,汚水,200.0,2001.0,7.306591903625956
6310,汚水,150.0,2001.0,10.64494608658626
6311,汚水,150.0,2001.0,33.14813031023363
6312,汚水,150.0,2001.0,41.57174325868694
6313,汚水,150.0,2001.0,39.78028907544529
6314,汚水,150.0,2001.0,5.8966295472153885
6315,汚水,150.0,2001.0,14.770999193851136
6316,汚水,150.0,2001.0,6.9939151670587565
6317,汚水,150.0,2001.0,27.2787862599209
6318,汚水,150.0,2001.0,27.0282727318292
6319,汚水,600.0,1988.0,76.64513439401196
6320,汚水,150.0,2001.0,34.622696853014475
6321,汚水,200.0,2001.0,7.316697794792258
6322,汚水,150.0,2001.0,40.56657747562538
6323,汚水,150.0,2001.0,51.755629973103765
6324,汚水,150.0,2001.0,24.288578438732166
6325,汚水,200.0,2001.0,7.926835715014108
6326,汚水,200.0,2001.0,37.616292233987096
6327,汚水,150.0,2001.0,31.609103328034067
6328,汚水,150.0,2001.0,7.507788848719782
6329,汚水,150.0,2001.0,32.08002045258939
6330,汚水,200.0,2001.0,4.220944482588396
6331,汚水,200.0,2001.0,35.59655280538789
6332,汚水,200.0,2001.0,20.01367812679764
6333,汚水,200.0,2001.0,8.636008117919015
6334,汚水,200.0,2001.0,23.612895089398446
6335,汚水,200.0,2001.0,26.60320471361598
6336,汚水,200.0,1993.0,28.564783333841927
6337,汚水,200.0,2001.0,84.03081315898976
6338,汚水,150.0,2001.0,23.34737531243907
6339,汚水,200.0,2001.0,51.95920080776048
6340,汚水,200.0,2001.0,10.577337721525435
6341,汚水,200.0,2001.0,5.655116052780805
6342,汚水,150.0,2001.0,26.96536553435675
6343,汚水,200.0,2001.0,6.223176585530128
6344,汚水,200.0,2001.0,27.435618103105497
6345,汚水,200.0,2001.0,8.112674900751953
6346,汚水,200.0,2001.0,40.409486972640174
6347,汚水,150.0,2001.0,9.77567749352103
13791,汚水,250.0,1992.0,36.17803611571893
13792,汚水,250.0,1992.0,13.481829215646364
13793,汚水,200.0,1993.0,55.85817703904422
13794,汚水,250.0,1992.0,34.05597245920705
13795,汚水,250.0,1992.0,10.155277292713567
13796,汚水,250.0,1992.0,17.38863616077395
13797,汚水,250.0,1992.0,27.63409303866632
13798,汚水,250.0,1992.0,28.36020314542125
13799,汚水,250.0,1992.0,3.9671498671249763
13800,汚水,250.0,1992.0,9.153447034485081
13801,汚水,250.0,1992.0,13.073131978708386
13802,汚水,250.0,1992.0,16.695403818414597
13803,汚水,250.0,1992.0,3.882405441318534
13804,汚水,250.0,1992.0,17.603590462391885
13805,汚水,250.0,1992.0,23.025904743488866
13806,汚水,250.0,1992.0,30.03940067910007
13807,汚水,250.0,1992.0,45.02180962646826
13808,汚水,250.0,1992.0,28.825420073746265
13809,汚水,250.0,1992.0,29.544381296073915
13810,汚水,200.0,1996.0,27.150057707495463
13811,汚水,250.0,1992.0,38.684916088122456
13812,汚水,250.0,1992.0,49.873068289326
13813,汚水,250.0,1992.0,21.959089204482172
13814,汚水,250.0,1992.0,10.844782215380047
13815,汚水,250.0,1992.0,19.301631975740925
13816,汚水,250.0,1992.0,17.751990520291233
13817,汚水,250.0,1992.0,7.945518531417529
13818,汚水,250.0,1992.0,17.696996245741367
13819,汚水,250.0,1992.0,33.71415259404193
13820,汚水,250.0,1992.0,24.33957658741558
13821,汚水,250.0,1992.0,19.150533456199412
13822,汚水,250.0,1992.0,20.841051547590205
13823,汚水,250.0,1992.0,4.7566031097867585
13824,汚水,250.0,1992.0,8.95234715485574
13825,汚水,250.0,1992.0,14.253383661201942
13826,汚水,250.0,1992.0,15.207287733956369
13827,汚水,200.0,1996.0,33.80112437046469
13828,汚水,250.0,1992.0,22.55459163552179
13829,汚水,250.0,1992.0,35.213399134194404
13830,汚水,250.0,1992.0,19.41242225842573
13832,汚水,250.0,1992.0,27.992799843330268
13834,汚水,250.0,1993.0,36.573690823597005
13836,汚水,150.0,2000.0,48.44640294816294
13837,汚水,150.0,2000.0,20.679873547892107
13838,汚水,150.0,2000.0,24.755854314297757
13839,汚水,150.0,2000.0,12.714409872231247
13840,汚水,150.0,2000.0,12.795311975385465
13841,汚水,150.0,2000.0,39.84392564097853
13842,汚水,150.0,2000.0,21.525887123775306
13843,汚水,150.0,2000.0,6.560360669048967
13844,汚水,150.0,2000.0,18.482513540850263
13845,汚水,150.0,2000.0,24.637958570136213
13846,汚水,150.0,2000.0,82.72413569634028
13847,汚水,150.0,2000.0,8.199481282837066
13848,汚水,150.0,2000.0,2.75756883544182
13849,汚水,150.0,2000.0,23.48634980530289
13850,汚水,150.0,2000.0,15.279675833066324
13851,汚水,150.0,2000.0,51.7683561111253
13852,汚水,150.0,2000.0,17.840999739602605
13853,汚水,150.0,2000.0,2.712556160994473
13854,汚水,150.0,2000.0,54.17317119648284
13855,汚水,150.0,2000.0,54.80844499538651
13856,汚水,150.0,2000.0,53.228112417070975
13857,汚水,150.0,2000.0,5.81769585538046
13858,汚水,150.0,2000.0,75.27139865327932
13859,汚水,150.0,2000.0,74.57989064141685
13860,汚水,150.0,2000.0,11.385540765048654
13861,汚水,250.0,1992.0,39.28731349744194
13862,汚水,150.0,2000.0,6.000597773488296
13863,汚水,150.0,2000.0,39.51854038240718
13864,汚水,150.0,2000.0,22.743598006719346
13865,汚水,150.0,2000.0,85.77319444328454
13866,汚水,250.0,1992.0,24.14148335500553
13867,汚水,250.0,1992.0,41.80775416729755
13869,汚水,250.0,1992.0,28.1132157674438
13870,汚水,250.0,1992.0,27.996147243707327
13871,汚水,250.0,1992.0,26.81241666989882
13872,汚水,250.0,1992.0,28.01075229709702
13873,汚水,250.0,1992.0,4.988248268685881
13874,汚水,250.0,1992.0,28.609797215486505
13875,汚水,250.0,1992.0,26.167647404504454
13876,汚水,250.0,1992.0,24.992244846837476
13877,汚水,250.0,1992.0,36.49526703899287
13878,汚水,200.0,1993.0,46.20937670296529
13879,汚水,250.0,1992.0,5.325069628083014
13880,汚水,250.0,1992.0,36.637227643434215
13881,汚水,250.0,1992.0,32.658186122202046
13882,汚水,250.0,1992.0,7.953939795350156
13883,汚水,250.0,1992.0,41.003352349483414
13884,汚水,250.0,1992.0,5.963748528401484
13885,汚水,250.0,1992.0,9.873105304809583
13886,汚水,250.0,1992.0,14.974883988436932
13887,汚水,250.0,1992.0,14.293358189070085
13888,汚水,250.0,1992.0,24.743013897018578
13889,汚水,250.0,1992.0,49.017468282324
13890,汚水,250.0,1992.0,19.504412866337
13891,汚水,250.0,1992.0,30.75553066733625
13892,汚水,250.0,1992.0,30.005497560502903
13893,汚水,250.0,1992.0,26.583372090946924
13895,汚水,250.0,1993.0,71.17709058398464
13896,汚水,250.0,1992.0,4.020044642455636
13897,汚水,250.0,1992.0,14.834906008520534
13898,汚水,250.0,1992.0,4.232916665283652
13899,汚水,250.0,1992.0,36.94828124379207
13900,汚水,250.0,1992.0,4.0751213563701665
13901,汚水,250.0,1992.0,18.93821612246329
13902,汚水,250.0,1992.0,4.283180416938231
13903,汚水,250.0,1991.0,32.45868562072931
13904,汚水,250.0,1991.0,16.376178355878277
13905,汚水,250.0,1992.0,24.879853248171603
13906,汚水,250.0,1992.0,12.028237815402623
13907,汚水,250.0,1992.0,10.395130616839747
13908,汚水,250.0,1992.0,32.4604788182153
13909,汚水,250.0,1992.0,40.2801285686469
13910,汚水,250.0,1992.0,10.940950380761912
13912,汚水,250.0,1992.0,38.5921104394266
13913,汚水,250.0,1992.0,36.24523235243095
13914,汚水,250.0,1992.0,33.60986342072485
13915,汚水,250.0,1992.0,29.807313220184728
13916,汚水,250.0,1992.0,15.440213039445869
13917,汚水,250.0,1992.0,4.010428581682266
13918,汚水,250.0,1992.0,14.855600873368694
13919,汚水,250.0,1992.0,3.871998809924497
13920,汚水,250.0,1992.0,13.947984795093616
13922,汚水,250.0,1992.0,20.520271870222647
13923,汚水,250.0,1992.0,30.55725727702834
13924,汚水,250.0,1992.0,37.8538280021059
13925,汚水,250.0,1992.0,36.79600150058745
13927,汚水,250.0,1992.0,12.00308164367965
13928,汚水,250.0,1992.0,35.39750215377368
13929,汚水,250.0,1992.0,44.2749121100714
13930,汚水,250.0,1992.0,19.466121403864026
13931,汚水,250.0,1992.0,37.508458369494576
13932,汚水,250.0,1992.0,36.09349219706843
13933,汚水,250.0,1992.0,36.24153798818435
13934,汚水,250.0,1992.0,22.24456710956565
13935,汚水,250.0,1992.0,29.57622587320182
13936,汚水,250.0,1992.0,32.923530326450255
13937,汚水,250.0,1992.0,31.42052657419984
13938,汚水,250.0,1992.0,25.967895923619473
13939,汚水,250.0,1992.0,28.899195426947816
13940,汚水,250.0,1992.0,22.09187543699813
13941,汚水,250.0,1992.0,15.293608212908518
13942,汚水,250.0,1992.0,17.14855009332902
13943,汚水,250.0,1992.0,33.65609947444887
13944,汚水,250.0,1992.0,29.00619877998354
13945,汚水,250.0,1992.0,16.749652898648037
13946,汚水,250.0,1992.0,65.11187448555373
13947,汚水,250.0,1992.0,28.957538529767955
13948,汚水,250.0,1992.0,44.7879776910764
13949,汚水,250.0,1992.0,45.17041454364713
13950,汚水,200.0,1992.0,41.25323162210618
13952,汚水,250.0,1992.0,40.477199554269966
13953,汚水,250.0,1992.0,37.411982714723045
13954,汚水,250.0,1992.0,11.365143888025807
13955,汚水,250.0,1992.0,29.666618088039208
13956,汚水,250.0,1992.0,45.385676155146164
13957,汚水,250.0,1992.0,27.450726333486845
13958,汚水,250.0,1992.0,43.180001068404756
13959,汚水,250.0,1992.0,21.141248748667564
13960,汚水,250.0,1992.0,21.855912443884595
13961,汚水,250.0,1992.0,3.4532704296780445
13963,汚水,250.0,1992.0,62.36075880816385
13964,汚水,250.0,1992.0,38.11753082229596
13965,汚水,250.0,1992.0,36.87885117321353
13968,汚水,250.0,1992.0,15.087828818354055
13969,汚水,250.0,1992.0,32.221168200954146
13970,汚水,250.0,1992.0,28.12115877444459
13971,汚水,250.0,1992.0,43.88226164682366
13972,汚水,250.0,1992.0,10.500312537620395
13974,汚水,250.0,1992.0,25.806321564512633
13975,汚水,250.0,1992.0,23.387972711129997
13976,汚水,250.0,1992.0,29.925301323688107
13977,汚水,250.0,1992.0,12.168853130412327
13978,汚水,250.0,1992.0,7.678738979262211
13981,汚水,250.0,1993.0,25.572704723875223
13982,汚水,250.0,1993.0,34.59989900457213
13983,汚水,250.0,1993.0,20.090743025714414
13984,汚水,250.0,1993.0,44.14814864578103
13985,汚水,250.0,1993.0,29.134969553522275
13986,汚水,250.0,1993.0,31.824244918773267
13987,汚水,250.0,1993.0,40.69727082290972
13988,汚水,250.0,1993.0,30.48952777642609
13989,汚水,250.0,1993.0,4.728150748192713
13990,汚水,250.0,1991.0,37.08756837905916
13991,汚水,250.0,1991.0,18.79544936971594
13992,汚水,250.0,1991.0,47.6630348637648
13993,汚水,250.0,1991.0,47.23439537771929
13994,汚水,250.0,1991.0,11.332046697651899
13995,汚水,250.0,1989.0,46.589471724967986
13996,汚水,250.0,1989.0,41.11417887987447
13998,汚水,250.0,1989.0,30.843581311538955
13999,汚水,250.0,1989.0,43.00482643515934
14000,汚水,250.0,1989.0,32.28114527349551
14002,汚水,250.0,1989.0,34.840270991933586
14003,汚水,250.0,1989.0,46.36300835860299
14004,汚水,250.0,1989.0,48.93951408685297
14006,汚水,250.0,1989.0,37.10338162084562
14008,汚水,250.0,1989.0,45.10622967375932
14009,汚水,250.0,1989.0,5.977201948191398
14010,汚水,250.0,1989.0,20.729405967488557
14012,汚水,250.0,1991.0,76.05766515579789
14013,汚水,250.0,1991.0,8.477360440206473
14014,汚水,250.0,1991.0,42.297684380121105
14015,汚水,250.0,1991.0,3.541571892761758
14016,汚水,250.0,1991.0,43.35953986516197
14017,汚水,250.0,1991.0,50.59076488822521
14018,汚水,250.0,1991.0,54.82499601053796
14019,汚水,250.0,1991.0,41.9918223966662
14021,汚水,250.0,1991.0,49.68176557720019
14023,汚水,250.0,1991.0,31.87888700017436
14024,汚水,250.0,1991.0,39.44433329196749
14025,汚水,250.0,1991.0,44.18838217666804
14026,汚水,250.0,1991.0,39.201028344918576
14027,汚水,250.0,1991.0,46.72485441614467
14028,汚水,250.0,1991.0,43.415050562367675
14029,汚水,250.0,1991.0,47.7217899471455
14030,汚水,250.0,1991.0,37.04662790198381
14031,汚水,200.0,1993.0,32.209685910815395
14032,汚水,250.0,1991.0,45.704859608890885
14033,汚水,250.0,1991.0,56.74428542954362
14034,汚水,250.0,1991.0,7.143389791294409
14035,汚水,250.0,1991.0,66.60178815242197
14036,汚水,250.0,1991.0,3.5164911746105494
14039,汚水,250.0,1991.0,52.76859774042476
14040,汚水,250.0,1991.0,63.023755613411375
14042,汚水,250.0,1992.0,28.998968346173527
14043,汚水,250.0,1992.0,42.42180061230664
14044,汚水,250.0,1992.0,44.573137741963876
14046,汚水,250.0,1992.0,10.09870073890616
14047,汚水,250.0,1992.0,35.844843483779265
14048,汚水,250.0,1992.0,3.9052342668155093
14049,汚水,250.0,1992.0,4.0572885405023476
14050,汚水,250.0,1992.0,47.86137181147635
14051,汚水,250.0,1992.0,17.802824964979905
14052,汚水,250.0,1992.0,28.3161135327221
14053,汚水,250.0,1992.0,6.2775873581567065
14054,汚水,250.0,1992.0,28.130508170572288
14055,汚水,250.0,1992.0,27.141020506949626
14056,汚水,250.0,1992.0,26.617659465952244
14057,汚水,250.0,1992.0,37.19316702797715
14058,汚水,250.0,1992.0,25.757488804171963
14059,汚水,250.0,1992.0,5.653550480957163
14060,汚水,250.0,1990.0,14.109124958816462
14061,汚水,250.0,1992.0,40.78570913181419
14062,汚水,250.0,1992.0,6.392506523267646
14063,汚水,250.0,1992.0,32.01694618965349
14064,汚水,250.0,1992.0,28.471334687308417
14065,汚水,250.0,1990.0,13.425823306353964
14066,汚水,250.0,1992.0,29.59888178757104
14067,汚水,250.0,1992.0,47.638904459188204
14068,汚水,250.0,1992.0,44.94211112522661
14069,汚水,250.0,1992.0,50.4670548536495
14070,汚水,250.0,1992.0,5.030835736757923
14071,汚水,250.0,1992.0,41.82135402827581
14072,汚水,250.0,1992.0,35.761761592665444
14073,汚水,250.0,1992.0,5.717815330976459
14074,汚水,250.0,1992.0,47.04813530691723
14075,汚水,250.0,1992.0,46.465537619995104
14076,汚水,250.0,1992.0,44.78213191261744
14078,汚水,250.0,1992.0,41.80943265743546
14080,汚水,250.0,1990.0,55.65206688565529
14081,汚水,250.0,1990.0,56.15431518302657
14082,汚水,250.0,1990.0,31.513624533086755
14083,汚水,250.0,1990.0,37.93977934298848
14084,汚水,400.0,2008.0,93.9349255742727
14085,汚水,400.0,2008.0,90.96825315181384
14086,汚水,400.0,2008.0,87.43720308478416
14087,汚水,400.0,2008.0,88.49452042063099
14088,汚水,150.0,2006.0,71.62073582184239
14089,汚水,150.0,2006.0,28.9110404323622
14090,汚水,150.0,2008.0,62.20090869024028
14091,汚水,500.0,2008.0,80.1445125968442
14092,汚水,500.0,2008.0,43.77705253151755
14093,汚水,500.0,2008.0,46.29177010408696
14094,汚水,500.0,2008.0,36.324216584765004
14095,汚水,400.0,2008.0,19.42737605424315
14096,汚水,200.0,2008.0,34.531189794891404
14097,汚水,350.0,2008.0,38.322213566609896
14098,汚水,250.0,1992.0,31.16595538981284
14099,汚水,250.0,1992.0,19.173155589387182
14100,汚水,250.0,1992.0,11.964307783716592
14101,汚水,250.0,1992.0,35.30633834841642
14102,汚水,250.0,1992.0,7.644054432195718
14103,汚水,250.0,1992.0,20.772088502894306
14104,汚水,250.0,1992.0,14.700905543067522
14106,汚水,150.0,2000.0,6.274394816488692
14107,汚水,150.0,2000.0,67.2232074667539
14108,汚水,150.0,2000.0,23.628769570969908
14109,汚水,150.0,2000.0,65.98263118877662
14110,汚水,150.0,2000.0,41.814050083694426
14111,汚水,150.0,2000.0,35.25743309385186
14112,汚水,150.0,2000.0,27.642092136735503
6348,汚水,150.0,2001.0,2.559165686126986
6349,汚水,150.0,2001.0,13.061522714364097
6350,汚水,150.0,2001.0,27.382012354584152
6351,汚水,150.0,2001.0,4.400824429757452
6352,汚水,150.0,2001.0,54.76203638658858
6353,汚水,200.0,1992.0,43.02570380633239
6354,汚水,150.0,2001.0,10.51865431793577
6355,汚水,150.0,2001.0,60.60242454268351
6356,汚水,150.0,2001.0,5.232327587249327
6357,汚水,300.0,2001.0,19.669751511840943
6358,汚水,150.0,2001.0,14.929505440648766
6359,汚水,150.0,2001.0,54.88590832981326
6360,汚水,150.0,2001.0,27.627785976741983
6362,汚水,150.0,2001.0,36.722341378661284
6363,汚水,150.0,2001.0,59.84692629441487
6364,汚水,150.0,2001.0,44.04560870614664
6365,汚水,150.0,2001.0,7.693950195341376
6366,汚水,150.0,2001.0,63.0707894481411
6368,汚水,150.0,2001.0,17.21704299675989
6369,汚水,150.0,2001.0,42.75443526141984
6370,汚水,150.0,2001.0,30.580462102694185
6371,汚水,150.0,2001.0,90.04311041805148
6372,汚水,150.0,2001.0,55.87690276102232
6373,汚水,150.0,2001.0,67.77799398191641
6374,汚水,150.0,2001.0,64.51676005303446
6375,汚水,150.0,2001.0,38.7431100378759
6376,汚水,150.0,2001.0,35.50147497530977
6377,汚水,150.0,2001.0,63.571477232259774
6378,汚水,150.0,2001.0,29.531596725678902
6379,汚水,150.0,2001.0,2.7850686120864347
6381,汚水,150.0,2001.0,16.639499346430018
6383,汚水,150.0,2001.0,24.84311955043294
6384,汚水,150.0,2001.0,20.59655157377618
6385,汚水,150.0,2001.0,10.075624267201032
6386,汚水,150.0,2001.0,13.986542688620345
6387,汚水,150.0,2001.0,33.9586832859101
6388,汚水,150.0,2001.0,5.2306245974303085
6389,汚水,150.0,2001.0,3.2218478424051695
6390,汚水,150.0,2001.0,6.758081946081248
6391,汚水,150.0,2001.0,2.977142311545398
6392,汚水,150.0,2001.0,20.194623901744656
6393,汚水,150.0,2001.0,11.313128386636933
6395,汚水,350.0,2000.0,27.010639869356787
6396,汚水,150.0,2003.0,72.37147592032596
6397,汚水,150.0,2003.0,3.477152218303503
6398,汚水,150.0,2003.0,21.888507995252922
6399,汚水,150.0,2003.0,9.803769407388941
6400,汚水,150.0,2003.0,10.687800340360361
6401,汚水,150.0,2001.0,40.04364220630369
6402,汚水,150.0,2001.0,80.96114926177573
6403,汚水,150.0,2001.0,82.68998911095993
6404,汚水,150.0,2001.0,83.97474883821884
6405,汚水,150.0,2001.0,8.501146719463684
6406,汚水,150.0,2001.0,56.929434227851246
6407,汚水,150.0,2001.0,12.754158643237291
6408,汚水,150.0,2001.0,20.79606085587297
6409,汚水,150.0,2001.0,6.039301296536279
6410,汚水,150.0,2001.0,29.10873586083234
6411,汚水,150.0,2001.0,22.30941236609223
6412,汚水,150.0,2001.0,26.590366885319654
6413,汚水,150.0,2001.0,49.239627971442204
6414,汚水,150.0,2001.0,4.93294620422747
6415,汚水,150.0,2001.0,12.602027267845967
6416,汚水,150.0,2001.0,13.04251913023004
6417,汚水,150.0,2001.0,8.265894473115594
6418,汚水,150.0,2001.0,22.37049356136288
6419,汚水,150.0,2001.0,22.301860637863413
6420,汚水,200.0,1993.0,39.690687645670316
6421,汚水,150.0,2001.0,15.708103767178356
6422,汚水,150.0,2001.0,18.10557086919169
6423,汚水,150.0,2001.0,13.953355415944326
6424,汚水,150.0,2001.0,10.58483255156074
6425,汚水,150.0,2001.0,18.52271823198475
6426,汚水,150.0,2001.0,2.9658363833828525
6427,汚水,150.0,2001.0,10.016897640148011
6428,汚水,150.0,2001.0,12.48649024722831
6429,汚水,150.0,2001.0,58.56134117703599
6430,汚水,150.0,2001.0,49.820543420705064
6431,汚水,150.0,2001.0,19.138927438625835
6432,汚水,150.0,2001.0,16.675318072037623
6433,汚水,150.0,2001.0,16.00847358916938
6434,汚水,150.0,2001.0,21.819337602978845
6435,汚水,150.0,2001.0,13.985158238701736
6436,汚水,150.0,2001.0,10.043474174280382
6437,汚水,200.0,1993.0,44.951243443180594
6438,汚水,150.0,2001.0,20.028804645663826
6439,汚水,150.0,2001.0,1.923318277718899
6440,汚水,150.0,2001.0,8.655667413111301
6441,汚水,150.0,2001.0,15.58871326361017
6442,汚水,150.0,2001.0,13.427103988645877
6443,汚水,150.0,2001.0,17.432308944290515
6444,汚水,150.0,2001.0,29.956918535885727
6445,汚水,150.0,2001.0,12.91160973410121
6446,汚水,150.0,2001.0,10.281246290467955
6447,汚水,150.0,2001.0,13.821757704979778
6448,汚水,150.0,2001.0,20.047763897378307
6449,汚水,150.0,2001.0,8.03154200455426
6450,汚水,150.0,2001.0,12.056003008413004
6451,汚水,150.0,2001.0,4.898461678256066
6452,汚水,150.0,2001.0,18.094209745035638
6454,汚水,150.0,2001.0,31.009782924877022
6455,汚水,150.0,2001.0,25.135908005394434
6456,汚水,150.0,2001.0,11.602585352897691
6457,汚水,150.0,2001.0,4.045956459387672
6458,汚水,150.0,2001.0,59.9479777613117
6459,汚水,150.0,2001.0,8.629978368146189
6460,汚水,150.0,2001.0,14.585191987156586
6461,汚水,150.0,2001.0,2.951351763388028
6462,汚水,150.0,2001.0,20.72325829294595
6463,汚水,150.0,2001.0,23.81128001988027
6464,汚水,150.0,2001.0,4.552375830971612
6465,汚水,150.0,2001.0,11.77882353259653
6466,汚水,150.0,2001.0,15.420496021136868
6467,汚水,150.0,2001.0,17.27816617976287
6468,汚水,150.0,2001.0,9.596419390542145
6469,汚水,150.0,2001.0,48.948960527610716
6470,汚水,150.0,2001.0,3.539387321628193
6471,汚水,250.0,1992.0,66.72100498248544
6472,汚水,150.0,2001.0,50.71423712689212
6473,汚水,150.0,2001.0,5.885610242733485
6474,汚水,150.0,2001.0,29.690867077286217
6475,汚水,150.0,2001.0,3.9458633837813295
6476,汚水,150.0,2001.0,12.940506371068981
6477,汚水,150.0,2001.0,28.937601018338764
6478,汚水,150.0,2001.0,4.592654728984915
6479,汚水,150.0,2001.0,13.617851545931076
6480,汚水,150.0,2001.0,13.252306989157098
6482,汚水,150.0,2003.0,20.583470588696233
6483,汚水,150.0,2003.0,12.611595613175908
6484,汚水,150.0,2003.0,36.258479135386295
6485,汚水,150.0,2003.0,83.74198459485007
6486,汚水,150.0,2003.0,81.52088948479744
6487,汚水,150.0,2003.0,32.79517845676635
6488,汚水,150.0,2003.0,63.12622172078598
6489,汚水,150.0,2003.0,64.4418549709197
6490,汚水,150.0,2003.0,95.46989357801651
6491,汚水,150.0,2003.0,58.13212480700161
6492,汚水,150.0,2003.0,61.03590050930768
6493,汚水,150.0,2004.0,33.957895173157375
6494,汚水,150.0,2004.0,42.00387921466216
6495,汚水,150.0,2004.0,21.502330265292983
6496,汚水,150.0,2004.0,30.802222633418108
6497,汚水,200.0,2004.0,98.44605392830867
6498,汚水,150.0,2004.0,42.004132498574435
6499,汚水,150.0,2004.0,55.58512184151356
6500,汚水,150.0,2004.0,17.04946977648757
6501,汚水,150.0,2004.0,14.82172243538562
6502,汚水,150.0,2004.0,20.287052384883296
6503,汚水,200.0,2004.0,45.33341367965372
6504,汚水,300.0,2006.0,18.556303790108736
6505,汚水,250.0,1990.0,31.088347637385088
6506,汚水,300.0,2006.0,19.839389111773496
6507,汚水,300.0,2006.0,8.92239921816314
6508,汚水,300.0,2006.0,15.451479927845595
6509,汚水,300.0,2006.0,5.508513059740994
6510,汚水,300.0,2006.0,49.49907824585115
6511,汚水,300.0,2006.0,9.949018539965369
6512,汚水,300.0,2006.0,40.25067236904223
6513,汚水,350.0,2006.0,96.65551252168491
6514,汚水,350.0,2006.0,98.97741575007635
6515,汚水,350.0,2006.0,3.985101207344786
6516,汚水,150.0,2006.0,10.299484694267509
6517,汚水,150.0,2006.0,5.169188955951944
6518,汚水,150.0,2006.0,4.12509574388996
6519,汚水,150.0,2006.0,8.881515237042441
6520,汚水,150.0,2006.0,3.2225615602924877
6521,汚水,150.0,2006.0,12.144697296249426
6522,汚水,150.0,2006.0,2.724059969748989
6523,汚水,150.0,2006.0,13.83151884504053
6524,汚水,150.0,2006.0,13.309929839127198
6525,汚水,150.0,2006.0,7.060573985907507
6526,汚水,150.0,2006.0,7.963847012294094
6527,汚水,200.0,2006.0,6.827287823876445
6528,汚水,150.0,2006.0,8.349138480092481
6529,汚水,150.0,2006.0,8.430141599820995
6530,汚水,150.0,2006.0,29.8327336755319
6531,汚水,150.0,2006.0,17.37455897133368
6532,汚水,150.0,2006.0,22.888673473810297
6533,汚水,150.0,2006.0,23.211798350201803
6534,汚水,150.0,2006.0,12.79123387353279
6535,汚水,150.0,2006.0,11.68310910905557
6536,汚水,150.0,2006.0,29.401104556665366
6537,汚水,150.0,2006.0,11.750505207700943
6538,汚水,150.0,2006.0,30.45253342508607
6539,汚水,150.0,2006.0,22.359213314603984
6540,汚水,150.0,2006.0,13.508269190624436
6541,汚水,150.0,2006.0,11.803010288795777
6542,汚水,150.0,2006.0,49.781811387243195
6543,汚水,150.0,2006.0,27.627608098175923
6544,汚水,150.0,2007.0,34.400357578613956
6545,汚水,150.0,2006.0,9.01116890714072
6546,汚水,150.0,2006.0,7.235973874916922
6547,汚水,150.0,2006.0,6.758850133145315
6548,汚水,150.0,2006.0,3.4601171921611407
6549,汚水,150.0,2006.0,20.02387465773509
6550,汚水,150.0,2006.0,10.76466505367818
6551,汚水,150.0,2006.0,17.586133584394133
6552,汚水,150.0,2006.0,5.884066812867229
6553,汚水,150.0,2006.0,15.933901624799246
6554,汚水,150.0,2006.0,4.124637915411524
6555,汚水,150.0,2006.0,11.169256971892334
6556,汚水,150.0,2006.0,5.755757260943336
6557,汚水,150.0,2006.0,6.846919297555747
6558,汚水,150.0,2006.0,6.178219693445779
6559,汚水,150.0,2006.0,14.16870593272243
6560,汚水,150.0,2006.0,13.025704043282353
6561,汚水,150.0,2006.0,14.092645899646914
6562,汚水,150.0,2006.0,18.316833397755595
6563,汚水,150.0,2007.0,6.248149034151117
6564,汚水,150.0,2006.0,3.392576987622401
6565,汚水,150.0,2006.0,11.651082850356902
6566,汚水,150.0,2006.0,2.2466319692832473
6567,汚水,150.0,2006.0,22.436064769781694
6568,汚水,150.0,2006.0,24.779108125590273
6569,汚水,150.0,2006.0,48.63430257528548
6570,汚水,150.0,2006.0,21.15877016703522
6571,汚水,150.0,2006.0,20.176390215835855
6572,汚水,150.0,2006.0,39.1078561358741
6573,汚水,150.0,2006.0,14.367527698952003
6574,汚水,150.0,2006.0,6.670305771226787
6575,汚水,150.0,2006.0,8.286968231180085
6576,汚水,150.0,2006.0,7.017257010927778
6577,汚水,150.0,2006.0,15.200684300573103
6578,汚水,150.0,2006.0,6.4118280360140805
6579,汚水,150.0,2006.0,9.220175156660556
6580,汚水,150.0,2006.0,2.0538075720695876
6581,汚水,150.0,2006.0,4.03239013780143
6582,汚水,150.0,2006.0,6.28642416958771
6583,汚水,150.0,2006.0,10.038193205102104
6584,汚水,150.0,2006.0,9.110366533696794
6585,汚水,150.0,2006.0,8.799368322065284
6586,汚水,150.0,2006.0,6.476992528936627
6587,汚水,150.0,2006.0,4.641218087073413
6588,汚水,150.0,2006.0,11.227744737622597
6589,汚水,150.0,2006.0,3.784622158815841
6590,汚水,200.0,2007.0,107.95133929768402
6591,汚水,200.0,2007.0,47.38165944197003
6592,汚水,150.0,2007.0,32.137460430655494
6593,汚水,150.0,2007.0,17.611537540795283
6594,汚水,150.0,2007.0,36.51913732076434
6595,汚水,200.0,2007.0,73.54757486587586
6596,汚水,150.0,2007.0,6.763852496994889
6597,汚水,150.0,2007.0,6.877724796512847
6598,汚水,150.0,2007.0,11.461852130212838
6599,汚水,150.0,2007.0,53.99263711167306
6600,汚水,150.0,2007.0,51.27202271799716
6601,汚水,150.0,2007.0,11.050683434634061
6602,汚水,250.0,1991.0,33.80808331678575
6603,汚水,150.0,2007.0,10.045783814716197
6604,汚水,150.0,2007.0,22.229330413903245
6605,汚水,150.0,2007.0,32.99180054523973
6606,汚水,150.0,2007.0,15.222703829803608
6607,汚水,150.0,2007.0,32.58747050241875
6608,汚水,150.0,2007.0,21.765216776946666
6609,汚水,150.0,2007.0,8.318514466976465
6610,汚水,150.0,2007.0,2.5572990591462865
6611,汚水,150.0,2007.0,16.962767699571287
6612,汚水,150.0,2007.0,2.640462569818523
6613,汚水,150.0,2007.0,21.949942925459546
6614,汚水,150.0,2007.0,20.431166833132114
6615,汚水,150.0,2007.0,42.33424921971499
6616,汚水,150.0,2007.0,27.671476546229098
6617,汚水,150.0,2007.0,7.222454434837097
6618,汚水,150.0,2007.0,52.716465338452146
6619,汚水,250.0,2000.0,35.25855894246128
6620,汚水,150.0,2007.0,18.38561823624464
6621,汚水,150.0,2007.0,15.78368632055017
6622,汚水,150.0,2007.0,34.075334568421695
6623,汚水,150.0,2007.0,10.329822624817496
6624,汚水,150.0,2007.0,6.347272700223863
6625,汚水,150.0,2007.0,2.226818845556258
6626,汚水,150.0,2007.0,10.85303938152589
6627,汚水,150.0,2007.0,17.095580900913248
6628,汚水,150.0,2007.0,22.799612135436806
6629,汚水,150.0,2007.0,21.207436122205433
6630,汚水,150.0,2007.0,10.057376823682027
6631,汚水,150.0,2007.0,5.532175392428106
6632,汚水,150.0,2007.0,9.081036075972053
6633,汚水,150.0,2007.0,23.514809294218463
6634,汚水,150.0,2007.0,12.113819903994663
6635,汚水,150.0,2007.0,99.15932448113412
6636,汚水,150.0,2007.0,15.017940895866534
6637,汚水,150.0,2006.0,19.326410319007703
6638,汚水,150.0,2007.0,9.036076609239952
6639,汚水,200.0,2007.0,32.73949063322594
6640,汚水,200.0,2007.0,43.73807911795604
6641,汚水,200.0,2007.0,6.076640634307285
6642,汚水,200.0,2007.0,2.495999999999185
6643,汚水,150.0,2007.0,5.415993102759925
6644,汚水,150.0,2007.0,14.278129878666746
6645,汚水,150.0,2007.0,8.224596630408392
6646,汚水,150.0,2007.0,58.479765796973474
6647,汚水,150.0,2007.0,74.09258809902519
6648,汚水,150.0,2007.0,80.72027096831017
6649,汚水,150.0,2006.0,5.115343180869449
6650,汚水,150.0,2006.0,3.343282442446981
6651,汚水,150.0,2006.0,12.368786380003002
6652,汚水,150.0,2006.0,10.698583944965922
6653,汚水,250.0,1990.0,38.094097739307905
6654,汚水,150.0,2006.0,4.909399967772671
6655,汚水,150.0,2006.0,18.611227774286878
6656,汚水,150.0,2006.0,20.741363125795363
6658,汚水,150.0,2006.0,6.8379668731399805
6659,汚水,150.0,2006.0,12.358982562489086
6660,汚水,150.0,2006.0,8.315148699336167
6661,汚水,150.0,2006.0,7.612915597812438
6662,汚水,150.0,2006.0,15.100083780177327
6663,汚水,150.0,2006.0,7.549347275053588
6664,汚水,150.0,2006.0,17.622116599261748
6665,汚水,150.0,2006.0,4.386755920932628
6666,汚水,150.0,2006.0,6.00644316807491
6667,汚水,150.0,2006.0,15.36093557321555
6668,汚水,150.0,2006.0,17.84506387714938
6669,汚水,150.0,2006.0,79.39570666706551
14113,汚水,200.0,2000.0,52.89332772989757
14114,汚水,200.0,2000.0,45.78398006513135
14115,汚水,200.0,1994.0,39.2790428583758
14116,汚水,200.0,2000.0,5.235509886888428
14117,汚水,200.0,2000.0,27.081514551303734
14118,汚水,200.0,2000.0,25.02137522948273
14119,汚水,200.0,2000.0,87.52275989255034
14120,汚水,200.0,2000.0,6.227732224228459
14121,汚水,200.0,2000.0,28.103511477905535
14122,汚水,200.0,2000.0,9.287556516605784
14123,汚水,200.0,2000.0,9.522004602645426
14124,汚水,200.0,2000.0,24.634836701089508
14125,汚水,200.0,2000.0,15.809847667786125
14126,汚水,200.0,2000.0,54.23692233366625
14127,汚水,200.0,2008.0,10.24602604317564
14129,汚水,150.0,2000.0,19.407521760000986
14130,汚水,150.0,2000.0,10.64316473415652
14131,汚水,150.0,2000.0,31.705980540341876
14132,汚水,150.0,2000.0,7.123488828236026
14133,汚水,150.0,2000.0,5.588333279218653
14134,汚水,150.0,2000.0,13.539140114948603
14135,汚水,150.0,2000.0,6.386989916405307
14136,汚水,150.0,2000.0,14.591007361487618
14137,汚水,150.0,2000.0,3.2135926986337195
14138,汚水,150.0,2000.0,22.898053137485714
14139,汚水,150.0,2000.0,4.0789843098795195
14140,汚水,150.0,2000.0,81.63857873298689
14141,汚水,150.0,2000.0,79.05226095764203
14142,汚水,150.0,2000.0,36.48951915591127
14143,汚水,150.0,2000.0,6.994316700104115
14144,汚水,150.0,2000.0,29.789738235463947
14145,汚水,150.0,2000.0,16.021996582618424
14146,汚水,150.0,2000.0,34.1986713251361
14147,汚水,150.0,2000.0,8.620982458565292
14148,汚水,150.0,2000.0,14.62203957570383
14149,汚水,250.0,1993.0,35.92454988898989
14150,汚水,150.0,2000.0,21.60913610388433
14151,汚水,150.0,2000.0,12.420414622887668
14152,汚水,150.0,2000.0,8.9369224921508
14153,汚水,150.0,2000.0,5.668576150906599
14154,汚水,150.0,2000.0,5.457035049216122
14155,汚水,150.0,2000.0,3.965725758141978
14156,汚水,150.0,2000.0,8.26331315789181
14157,汚水,150.0,2000.0,6.536960474640524
14158,汚水,150.0,2000.0,9.974889044245016
14159,汚水,150.0,2000.0,4.941158411200445
14160,汚水,150.0,2000.0,27.894950182343848
14161,汚水,150.0,2000.0,18.263069212524083
14162,汚水,150.0,2000.0,6.487973274874803
14163,汚水,150.0,2000.0,7.118393330984676
14164,汚水,150.0,2000.0,5.96292340317376
14165,汚水,150.0,2000.0,7.36699123937609
14166,汚水,150.0,2000.0,3.896609862712813
14167,汚水,150.0,2000.0,7.115674045381274
14168,汚水,150.0,2000.0,3.4277820869894757
14169,汚水,150.0,2000.0,16.64590556076756
14170,汚水,150.0,2000.0,2.067642353336944
14171,汚水,150.0,2000.0,14.311767822220366
14173,汚水,150.0,2000.0,11.055325286202825
14174,汚水,150.0,2000.0,13.344179481836166
14176,汚水,200.0,2008.0,19.84188263631903
14177,汚水,150.0,2008.0,24.188503800486274
14178,汚水,150.0,2008.0,4.13239921852597
14179,汚水,150.0,2008.0,54.948254074945694
14180,汚水,150.0,2008.0,4.4854119799923104
14181,汚水,150.0,2008.0,23.710364633669307
14182,汚水,150.0,2008.0,21.63858422249618
14183,汚水,150.0,2008.0,76.2364756158302
14184,汚水,150.0,2008.0,40.64121519339054
14185,汚水,150.0,2008.0,6.455763150341733
14186,汚水,150.0,2008.0,7.5828168619540905
14187,汚水,150.0,2008.0,30.25176662680975
14188,汚水,150.0,2008.0,58.698764076617906
14189,汚水,150.0,2008.0,4.285214526538929
14190,汚水,150.0,2008.0,97.360285757803
14191,汚水,150.0,2008.0,10.237138365045471
14192,汚水,150.0,2008.0,55.67327629995136
14193,汚水,150.0,2008.0,10.050121333066404
14194,汚水,150.0,2008.0,52.13659685050538
14195,汚水,150.0,2008.0,17.158155038632547
14196,汚水,150.0,2008.0,20.66663966207504
14197,汚水,150.0,2008.0,26.915690754718252
14198,汚水,150.0,2008.0,51.22952593723976
14199,汚水,150.0,2008.0,12.993039075021976
14200,汚水,150.0,2008.0,28.13867724963591
14201,汚水,100.0,2008.0,10.804401272260751
14202,汚水,100.0,2008.0,5.540387009914395
14203,汚水,150.0,2008.0,8.791608063322055
14204,汚水,150.0,2008.0,41.439081634009675
14205,汚水,150.0,2008.0,7.096593081721677
14206,汚水,150.0,2008.0,52.35997274524463
14207,汚水,150.0,2008.0,7.702719916521159
14208,汚水,150.0,2008.0,65.82812307244286
14209,汚水,150.0,2008.0,24.19997025796358
14210,汚水,150.0,2008.0,36.45730274938335
14211,汚水,150.0,2008.0,35.377962237021016
14212,汚水,150.0,2008.0,4.541450901984141
14213,汚水,150.0,2008.0,20.93491828891635
14214,汚水,150.0,2008.0,17.37012157259695
14215,汚水,150.0,2008.0,17.542411482134867
14216,汚水,150.0,2008.0,12.037380198093523
14217,汚水,150.0,2008.0,12.744502139711896
14218,汚水,150.0,2008.0,13.0429017329128
14219,汚水,150.0,2008.0,32.84224901084098
14220,汚水,150.0,2008.0,63.18993458491858
14221,汚水,150.0,2008.0,47.46134308853938
14222,汚水,150.0,2008.0,94.88426832934131
14223,汚水,150.0,2008.0,43.8894470771795
14224,汚水,150.0,2008.0,47.776118399585926
14225,汚水,250.0,1992.0,17.02508054648139
14226,汚水,250.0,1992.0,8.478521519044639
14227,汚水,250.0,1992.0,5.661518126406923
14228,汚水,250.0,1992.0,28.92657964922607
14229,汚水,250.0,1992.0,25.685999867290413
14230,汚水,250.0,1992.0,19.598766420692762
14231,汚水,250.0,1992.0,21.094831722394524
14232,汚水,250.0,1992.0,22.99086158777135
14233,汚水,250.0,1992.0,23.899152161373145
14234,汚水,250.0,1992.0,17.406817100895562
14235,汚水,250.0,1992.0,13.090612889641259
14236,汚水,250.0,1992.0,8.709781344408928
14237,汚水,250.0,1992.0,12.131207179679661
14238,汚水,250.0,1992.0,10.61066146281898
14239,汚水,250.0,1992.0,9.942884538599175
14240,汚水,250.0,1992.0,4.840599405146217
14241,汚水,250.0,1992.0,22.122558499885958
14242,汚水,250.0,1992.0,6.270311668402927
14243,汚水,250.0,1992.0,19.017787313155253
14244,汚水,250.0,1992.0,14.830294411838752
14245,汚水,250.0,1992.0,27.399890727799004
14246,汚水,250.0,1992.0,11.80643438920839
14247,汚水,250.0,1992.0,17.92431396873727
14248,汚水,250.0,1992.0,26.60697804481501
14249,汚水,250.0,1992.0,26.063664057820443
14250,汚水,250.0,1992.0,40.23250838540379
14251,汚水,250.0,1992.0,39.50382812004289
14252,汚水,250.0,1992.0,32.22647255376673
14253,汚水,250.0,1992.0,47.80954253647949
14254,汚水,250.0,1992.0,51.27739674893334
14255,汚水,250.0,1992.0,29.060232088553743
14256,汚水,250.0,1992.0,28.05691476257073
14257,汚水,250.0,1992.0,48.18577606229159
14258,汚水,250.0,1992.0,16.602657194172092
14259,汚水,250.0,1992.0,10.677002705481254
14260,汚水,250.0,1992.0,4.128400962085638
14261,汚水,250.0,1992.0,5.391098460813205
14262,汚水,250.0,1992.0,46.33348653479614
14263,汚水,250.0,1992.0,35.306342818200285
14264,汚水,250.0,1992.0,35.02647635636018
14265,汚水,250.0,1992.0,34.55020583225589
14266,汚水,250.0,1992.0,4.352002420998598
14267,汚水,200.0,1993.0,39.51904492641061
14268,汚水,250.0,1992.0,48.57442113352024
14269,汚水,250.0,1992.0,2.968164720379782
14270,汚水,250.0,1992.0,13.478809216105974
14271,汚水,250.0,1992.0,39.34471034854498
14272,汚水,250.0,1992.0,34.573842696583164
14273,汚水,250.0,1992.0,8.271448647204004
14274,汚水,250.0,1992.0,31.3528846165833
14275,汚水,250.0,1992.0,31.727652769509774
14276,汚水,250.0,1992.0,33.6281199091497
14277,汚水,250.0,1992.0,42.0602241130346
14278,汚水,250.0,1992.0,41.58440910546175
14279,汚水,250.0,1992.0,39.72783619183015
14281,汚水,250.0,1992.0,33.67776368100022
14283,汚水,250.0,1992.0,40.11655983427372
14284,汚水,200.0,1994.0,55.265036135004394
14285,汚水,250.0,1992.0,44.720452973499846
14287,汚水,250.0,1992.0,46.13075273757255
14288,汚水,250.0,1992.0,40.95678638938269
14289,汚水,250.0,1992.0,41.96200757819823
14291,汚水,250.0,1992.0,29.06419057980621
14292,汚水,250.0,1992.0,33.945528026231415
14293,汚水,250.0,1992.0,32.73671327363266
14294,汚水,250.0,1992.0,16.80049641199756
14295,汚水,250.0,1992.0,32.98222336452632
14297,汚水,250.0,1992.0,36.764486085156896
14300,汚水,200.0,1993.0,34.70309339760575
14301,汚水,200.0,1993.0,34.60974535460522
14302,汚水,250.0,1992.0,26.423422041352435
14303,汚水,200.0,1992.0,10.91179773415973
14304,汚水,200.0,1992.0,35.72489672190943
14305,汚水,200.0,1992.0,4.498004769574107
14306,汚水,200.0,1993.0,7.527280063318469
14307,汚水,200.0,1993.0,6.662062848880619
14308,汚水,200.0,1993.0,9.62820054378399
14309,汚水,250.0,1993.0,8.047901310062597
14310,汚水,150.0,2000.0,40.49142896586847
14311,汚水,250.0,1996.0,34.56909758595386
14312,汚水,150.0,2003.0,34.59467353848506
14313,汚水,150.0,2003.0,31.85059765966001
14314,汚水,150.0,1990.0,6.2527890748234585
14315,汚水,150.0,2001.0,10.23678990114896
14316,汚水,150.0,2001.0,42.57407758228871
14317,汚水,250.0,1990.0,7.051613148293262
14318,汚水,150.0,2005.0,27.319597455375636
14319,汚水,150.0,2005.0,4.912444276059923
14320,汚水,150.0,1990.0,45.75378432664968
14321,汚水,150.0,2006.0,4.421093259538954
14322,汚水,150.0,2006.0,20.740306738546302
14323,汚水,150.0,2006.0,9.421404561860925
14324,汚水,150.0,2007.0,16.382322424553628
14325,汚水,150.0,2007.0,4.851237314652547
14326,汚水,150.0,2007.0,56.728380762990156
14327,汚水,150.0,2007.0,25.558445662932925
14328,汚水,150.0,2007.0,13.681037103850612
14329,汚水,150.0,2007.0,47.98511201633363
14330,汚水,150.0,2007.0,22.34668983411479
14331,汚水,250.0,1990.0,28.725054208057625
14332,汚水,250.0,1990.0,32.20177540668245
14333,汚水,250.0,1990.0,20.268934107000252
14334,汚水,250.0,1990.0,4.709166694790056
14335,汚水,250.0,1990.0,21.39980508280666
14336,汚水,250.0,1990.0,6.721613043476607
14337,汚水,250.0,1990.0,39.322272419259136
14338,汚水,250.0,1990.0,43.95485733844862
14339,汚水,250.0,1990.0,6.3851039971223
14341,汚水,250.0,1990.0,29.748317284815894
14342,汚水,250.0,1990.0,17.252907862624305
14343,汚水,250.0,1990.0,11.130444420197616
14344,汚水,250.0,1990.0,12.76737354865795
14345,汚水,250.0,1990.0,10.718033459411885
14346,汚水,250.0,1990.0,3.6755746367329416
14347,汚水,250.0,1990.0,9.753197702158344
14348,汚水,250.0,1990.0,5.148336706733431
14349,汚水,200.0,1994.0,22.19488460141945
14350,汚水,250.0,1990.0,24.51766134830398
14351,汚水,250.0,1990.0,13.088825557903434
14352,汚水,250.0,1990.0,12.886230736720343
14353,汚水,250.0,1990.0,38.836262584027295
14354,汚水,250.0,1990.0,12.205438281584025
14355,汚水,250.0,1990.0,16.492247543511652
14356,汚水,250.0,1990.0,44.5623546898582
14357,汚水,250.0,1990.0,26.879242006872882
14359,汚水,250.0,1990.0,15.988777763372735
14360,汚水,250.0,1990.0,28.99219711444339
14361,汚水,250.0,1990.0,13.224448567958856
14362,汚水,250.0,1990.0,5.355954731084884
14363,汚水,250.0,1990.0,27.04964385269771
14364,汚水,250.0,1990.0,26.99901682901512
14365,汚水,250.0,1990.0,5.848360370508603
14366,汚水,250.0,1990.0,16.174460278164887
14367,汚水,250.0,1990.0,13.038662968781788
14368,汚水,250.0,1990.0,30.56350786732121
14369,汚水,250.0,1990.0,24.730564132718747
14370,汚水,250.0,1990.0,26.647936382831816
14371,汚水,250.0,1990.0,26.669480247004852
14372,汚水,250.0,1990.0,29.337289622578574
14373,汚水,250.0,1990.0,41.09555875703224
14374,汚水,250.0,1990.0,6.994800296958652
14375,汚水,250.0,1990.0,27.079193835760375
14376,汚水,250.0,1990.0,28.911386769557552
14377,汚水,250.0,1990.0,29.17046291969424
14378,汚水,250.0,1990.0,6.037672653080039
14379,汚水,250.0,1990.0,16.676633822187462
14380,汚水,250.0,1990.0,27.04452581308786
14381,汚水,250.0,1990.0,21.400799623668203
14382,汚水,250.0,1990.0,5.433741541668807
14383,汚水,250.0,1990.0,47.86099760522136
14384,汚水,250.0,1990.0,21.79463692803695
14385,汚水,250.0,1990.0,37.5107407651082
14386,汚水,250.0,1990.0,29.834524122465393
14387,汚水,250.0,1990.0,38.27695436967391
14388,汚水,250.0,1990.0,34.713082819552135
14389,汚水,250.0,1990.0,32.423714785265716
14390,汚水,250.0,1990.0,33.914772117305354
14391,汚水,250.0,1990.0,33.363881319074046
14392,汚水,250.0,1990.0,18.43293759852481
14393,汚水,250.0,1990.0,34.35953583721759
14394,汚水,250.0,,62.5207645511648
14395,汚水,200.0,2005.0,62.646174514457016
14397,汚水,200.0,1994.0,4.75173305623882
14398,汚水,250.0,1990.0,2.8802130452573094
14399,汚水,200.0,1994.0,29.682441499146776
14400,汚水,200.0,1994.0,8.144646346816474
14401,汚水,200.0,1994.0,12.618282602520644
14402,汚水,200.0,1994.0,16.89650281973301
14403,汚水,200.0,1994.0,15.873874535492739
14404,汚水,200.0,1994.0,21.360735842039283
14405,汚水,200.0,1994.0,38.66859833677699
14406,汚水,200.0,1994.0,35.92989200758048
14407,汚水,200.0,1994.0,35.07014057246377
14408,汚水,200.0,1994.0,34.721888733884114
14409,汚水,200.0,1994.0,57.17101003628967
14410,汚水,200.0,1994.0,5.876334239713498
14411,汚水,200.0,1994.0,21.780992535908858
14412,汚水,200.0,1994.0,24.07126943774112
14413,汚水,200.0,1994.0,8.8896443082172
14414,汚水,200.0,1994.0,33.8879702205435
14416,汚水,200.0,1994.0,18.87607883834304
14417,汚水,200.0,1994.0,14.66621582239995
14418,汚水,200.0,1994.0,13.100076355457606
14419,汚水,200.0,1994.0,10.093850022296282
14420,汚水,200.0,1994.0,5.326682762324243
14422,汚水,200.0,1994.0,5.492623992160842
14423,汚水,200.0,1994.0,4.193174957727648
14424,汚水,200.0,1994.0,4.11550493791842
14425,汚水,200.0,1994.0,7.318983841165266
14426,汚水,200.0,1994.0,3.585135643208576
14427,汚水,200.0,1994.0,17.838607741585328
14429,汚水,200.0,1994.0,58.19644829946759
14430,汚水,150.0,2001.0,39.5858244511262
14431,汚水,250.0,1990.0,43.058540618974476
14432,汚水,150.0,2001.0,33.442534945747745
14433,汚水,150.0,2001.0,31.412965860973344
14434,汚水,150.0,2001.0,9.333836855728103
6670,汚水,150.0,2006.0,7.407092857597047
6671,汚水,150.0,2006.0,5.159002437096029
6672,汚水,150.0,2006.0,14.645171479756828
6673,汚水,150.0,2006.0,2.8046580753382684
6674,汚水,150.0,2006.0,10.444019227730898
6675,汚水,150.0,2006.0,16.077929789771463
6676,汚水,150.0,2006.0,14.79959841666645
6677,汚水,150.0,2006.0,12.779526620459173
6678,汚水,150.0,2006.0,4.545812987237345
6679,汚水,150.0,2006.0,14.449735028827739
6680,汚水,150.0,2006.0,2.8622348847535797
6681,汚水,150.0,2006.0,9.0433047317529
6682,汚水,150.0,2006.0,7.552930986369576
6683,汚水,150.0,2006.0,16.11252951210728
6684,汚水,150.0,2006.0,31.95942712333939
6685,汚水,150.0,2006.0,24.411120336748382
6686,汚水,150.0,2006.0,11.355594303536563
6687,汚水,150.0,2006.0,19.369002084346167
6688,汚水,150.0,2006.0,9.444160576460215
6689,汚水,150.0,2006.0,14.810490007633865
6690,汚水,150.0,2006.0,10.403576512963829
6691,汚水,150.0,2006.0,3.499637781041565
6692,汚水,150.0,2006.0,6.220822890452193
6693,汚水,150.0,2006.0,18.054707271754822
6694,汚水,150.0,2006.0,17.930467929231934
6695,汚水,150.0,2006.0,21.948693180779692
6696,汚水,150.0,2006.0,20.468922487491906
6697,汚水,150.0,2006.0,4.260608765506204
6698,汚水,150.0,2006.0,27.997544165461036
6699,汚水,150.0,2006.0,22.05290156475291
6700,汚水,150.0,2006.0,9.932167099841005
6701,汚水,150.0,2006.0,13.770764311936158
6702,汚水,150.0,2006.0,21.99377944053287
6703,汚水,150.0,2006.0,4.69739579354722
6704,汚水,150.0,2006.0,8.469834013254863
6705,汚水,150.0,2006.0,8.340588740128538
6706,汚水,150.0,2006.0,14.951831701674914
6707,汚水,150.0,2006.0,9.29401918862212
6708,汚水,150.0,2006.0,7.292260224459119
6709,汚水,150.0,2006.0,14.406835602887368
6710,汚水,150.0,2006.0,16.11053296888182
6711,汚水,150.0,2006.0,15.828043569778622
6712,汚水,150.0,2006.0,26.257056316047453
6713,汚水,150.0,2006.0,33.388708109167425
6714,汚水,150.0,2006.0,21.584141308817312
6715,汚水,150.0,2006.0,23.945370234986544
6716,汚水,150.0,2006.0,23.40278331884951
6717,汚水,150.0,2006.0,3.1610334395980586
6718,汚水,150.0,2006.0,15.136126431244397
6719,汚水,150.0,2006.0,43.12577672172382
6720,汚水,150.0,2006.0,8.237611857663463
6721,汚水,150.0,2006.0,7.063920075974156
6722,汚水,150.0,2006.0,20.48532478134686
6723,汚水,150.0,2006.0,5.35116755470165
6724,汚水,150.0,2006.0,16.195761435454223
6725,汚水,150.0,2006.0,15.563095633385563
6726,汚水,150.0,2006.0,11.512809841208348
6727,汚水,150.0,2006.0,3.473061252711968
6728,汚水,150.0,2006.0,6.677270799985704
6729,汚水,150.0,2006.0,24.091036892875895
6730,汚水,150.0,2006.0,32.09734143519799
6731,汚水,150.0,2006.0,9.408928463466816
6732,汚水,150.0,2006.0,24.375207822890967
6733,汚水,150.0,2006.0,19.847119404467392
6734,汚水,150.0,2006.0,5.160503103139521
6735,汚水,150.0,2006.0,5.332610388402488
6736,汚水,150.0,2006.0,15.664890846409596
6737,汚水,150.0,2006.0,12.280742296111148
6738,汚水,150.0,2006.0,17.122554055810397
6739,汚水,150.0,2006.0,12.00471263110103
6740,汚水,150.0,2006.0,24.776011465240458
6741,汚水,150.0,2006.0,10.109678634466926
6742,汚水,250.0,2007.0,16.920475868090577
6743,汚水,250.0,2007.0,25.160661655385084
6744,汚水,250.0,2007.0,24.541810087857435
6745,汚水,250.0,2007.0,17.865543401421302
6746,汚水,250.0,2007.0,9.89518175884621
6747,汚水,250.0,2007.0,28.064811638314378
6748,汚水,250.0,2007.0,18.930816499966053
6749,汚水,250.0,2007.0,18.02070502124764
6750,汚水,250.0,2007.0,18.0734545245634
6751,汚水,250.0,2007.0,18.10684066839476
6752,汚水,250.0,2007.0,29.90963272325446
6753,汚水,250.0,2007.0,27.6968075143813
6754,汚水,250.0,2007.0,22.989763363412777
6755,汚水,250.0,2007.0,20.624699011826934
6756,汚水,250.0,2007.0,26.930216171345226
6757,汚水,250.0,2007.0,29.936630494191487
6758,汚水,250.0,2007.0,18.14623366505901
6759,汚水,250.0,2007.0,17.864437188598508
6760,汚水,250.0,2007.0,17.558797977625005
6761,汚水,250.0,2007.0,17.081725202690084
6762,汚水,250.0,2007.0,29.714487154222457
6763,汚水,250.0,2007.0,30.406196692480776
6764,汚水,250.0,2007.0,21.577082372357463
6765,汚水,250.0,2007.0,24.67186436998495
6766,汚水,250.0,2007.0,14.696834137251804
6767,汚水,250.0,2007.0,21.21287531532651
6768,汚水,250.0,2007.0,21.699484664739835
6769,汚水,250.0,2007.0,14.160109664179046
6770,汚水,250.0,2007.0,4.738425454078828
6771,汚水,250.0,2007.0,19.70477555381239
6772,汚水,250.0,2007.0,19.08320051683032
6773,汚水,250.0,2007.0,22.022044630195364
6774,汚水,250.0,2007.0,14.365735232948088
6775,汚水,250.0,2007.0,25.149911097510458
6776,汚水,250.0,2007.0,24.742403756012624
6777,汚水,250.0,2007.0,17.532073047587772
6778,汚水,250.0,2007.0,16.54200093456383
6779,汚水,250.0,2007.0,28.19998878458451
6780,汚水,250.0,2007.0,25.42693543970978
6781,汚水,250.0,2007.0,12.99748861654293
6782,汚水,250.0,2007.0,12.810408166201201
6783,汚水,250.0,2007.0,12.664602311774152
6784,汚水,250.0,2007.0,13.665512577004886
6785,汚水,250.0,2007.0,18.641151777475116
6786,汚水,250.0,2007.0,18.437154612820613
6787,汚水,250.0,2007.0,22.90617938029522
6788,汚水,250.0,2007.0,22.071065864336514
6789,汚水,250.0,2007.0,22.028412112706224
6790,汚水,250.0,2007.0,21.33711532134257
6791,汚水,250.0,2007.0,14.498040998702447
6792,汚水,250.0,2007.0,16.111743035678195
6793,汚水,250.0,2007.0,17.78784107703702
6794,汚水,250.0,2007.0,28.328294000654164
6795,汚水,250.0,2007.0,22.510767500799307
6796,汚水,250.0,2007.0,21.68827619598239
6797,汚水,250.0,2007.0,31.01383418725911
6798,汚水,250.0,2007.0,29.800652074390445
6799,汚水,250.0,2007.0,24.442743690900187
6800,汚水,100.0,2007.0,101.03880438772552
6801,汚水,250.0,1998.0,104.28283111354774
6802,汚水,250.0,1998.0,57.98018260991954
6803,汚水,200.0,1999.0,37.77020339473456
6804,汚水,200.0,1999.0,4.512209617057517
6805,汚水,200.0,1999.0,38.99328173915673
6806,汚水,200.0,1999.0,49.09683119347647
6807,汚水,200.0,1999.0,4.513011281927543
6808,汚水,200.0,1999.0,48.91278586343014
6809,汚水,200.0,1999.0,60.431937213815736
6810,汚水,200.0,1999.0,37.98754325068115
6811,汚水,200.0,1999.0,7.933680104643076
6812,汚水,200.0,1999.0,28.10129707362104
6813,汚水,150.0,2000.0,77.6269019046269
6814,汚水,150.0,2000.0,50.42974342685856
6815,汚水,150.0,2000.0,24.81844190224564
6816,汚水,150.0,2000.0,60.21595422298204
6817,汚水,150.0,2000.0,33.34004647908139
6818,汚水,150.0,2000.0,5.200043631851206
6819,汚水,150.0,2000.0,59.46420396179963
6820,汚水,150.0,2000.0,61.120389509316695
6821,汚水,150.0,2000.0,16.792070844953592
6822,汚水,150.0,2000.0,49.77130672985787
6823,汚水,150.0,2000.0,44.36631821801705
6824,汚水,150.0,2000.0,6.000908505474283
6825,汚水,150.0,2000.0,8.832927463482536
6826,汚水,150.0,2000.0,25.342390896851896
6827,汚水,150.0,2000.0,42.045636346544725
6828,汚水,150.0,2000.0,41.9060438323733
6829,汚水,250.0,1992.0,42.209801109037215
6830,汚水,150.0,2000.0,5.421106812415062
6831,汚水,150.0,2000.0,67.34403763647325
6832,汚水,150.0,2000.0,3.8513666459887252
6833,汚水,150.0,2000.0,79.08900277692075
6834,汚水,150.0,2000.0,54.33900436942424
6835,汚水,150.0,2000.0,53.39539927867885
6836,汚水,150.0,2000.0,74.91496841862742
6837,汚水,150.0,2000.0,46.35279387025808
6838,汚水,150.0,2000.0,48.8048696538001
6839,汚水,150.0,2000.0,78.04761754518991
6840,汚水,150.0,2000.0,43.78773182127526
6841,汚水,150.0,2000.0,57.232259609397566
6842,汚水,150.0,2000.0,46.78845318351541
6843,汚水,150.0,2000.0,31.21891833443572
6844,汚水,150.0,2000.0,36.76094996041075
6845,汚水,150.0,2000.0,8.311883128329022
6846,汚水,250.0,1992.0,55.32796594952352
6847,汚水,150.0,2000.0,66.37744147128103
6848,汚水,150.0,2000.0,58.57041965167976
6849,汚水,150.0,2000.0,49.151719590593764
6850,汚水,150.0,2000.0,63.7212250368691
6851,汚水,150.0,2000.0,53.22746158401899
6852,汚水,150.0,2000.0,55.0324713789483
6853,汚水,150.0,2000.0,52.19319774259191
6854,汚水,150.0,2000.0,7.809315435098529
6855,汚水,150.0,2000.0,52.38255109203268
6856,汚水,250.0,2000.0,26.042856892904496
6857,汚水,250.0,2000.0,84.24887430808079
6858,汚水,150.0,2000.0,53.008652153370306
6859,汚水,150.0,2000.0,97.65441697826921
6860,汚水,250.0,2000.0,3.587203723920997
6861,汚水,250.0,2000.0,31.5600389575259
6862,汚水,150.0,2000.0,10.517399409368899
6863,汚水,150.0,2000.0,40.92820338233336
6864,汚水,150.0,2000.0,25.922962473437394
6865,汚水,150.0,2000.0,51.85401138770722
6866,汚水,150.0,2000.0,52.577339968071776
6867,汚水,150.0,2000.0,6.687120017305793
6868,汚水,150.0,2000.0,78.8456207187485
6869,汚水,150.0,2000.0,36.64234680285635
6870,汚水,150.0,2000.0,55.24545632573956
6871,汚水,150.0,2000.0,68.0747130830806
6872,汚水,150.0,2000.0,39.771351221728665
6873,汚水,150.0,2000.0,70.6828310116541
6874,汚水,150.0,2000.0,66.92359199556178
6875,汚水,150.0,2000.0,59.13573714940653
6876,汚水,150.0,2000.0,30.19644620540267
6877,汚水,150.0,2000.0,30.487194850566972
6878,汚水,250.0,1998.0,20.042253840229726
6879,汚水,250.0,1998.0,47.20846595778664
6880,汚水,250.0,1998.0,41.34546602269452
6881,汚水,250.0,2000.0,33.407970252560034
6882,汚水,250.0,2000.0,16.85615091454265
6883,汚水,250.0,2000.0,9.000792024476262
6884,汚水,250.0,2000.0,14.522377172463964
6885,汚水,250.0,2000.0,16.832158588297517
6887,汚水,150.0,2000.0,32.14950448212385
6888,汚水,150.0,2000.0,5.568968935443392
6889,汚水,150.0,2003.0,55.66331352854889
6890,汚水,150.0,2003.0,5.999188304649831
6891,汚水,150.0,2003.0,9.750674418624172
6892,汚水,150.0,2003.0,5.768399834948135
6893,汚水,150.0,2003.0,5.521072012083255
6894,汚水,200.0,2003.0,49.63973111332303
6895,汚水,200.0,2003.0,55.64153764760893
6896,汚水,200.0,2003.0,15.668855000667532
6897,汚水,200.0,2003.0,15.790752560606965
6898,汚水,200.0,2003.0,35.088492064455274
6899,汚水,200.0,2003.0,32.52844374831659
6900,汚水,200.0,2003.0,35.19614636643465
6901,汚水,150.0,2003.0,15.331258419150233
6902,汚水,150.0,2003.0,23.558834619307877
6903,汚水,150.0,2003.0,17.876280920661447
6904,汚水,150.0,2003.0,22.14087755221833
6905,汚水,150.0,2003.0,31.52697478982981
6906,汚水,150.0,2003.0,4.802305076531268
6907,汚水,150.0,2003.0,36.054097360336904
6908,汚水,150.0,2003.0,60.81734964572801
6909,汚水,150.0,2003.0,10.127752558475606
6910,汚水,150.0,2003.0,4.838392011514591
6911,汚水,150.0,2003.0,87.96743261521513
6912,汚水,150.0,2003.0,6.75408375065209
6913,汚水,150.0,2003.0,14.965583267059277
6914,汚水,150.0,2003.0,83.37519520021405
6915,汚水,150.0,2003.0,55.32690846604493
6916,汚水,150.0,2003.0,41.953044974432906
6917,汚水,150.0,2003.0,26.58084837879273
6918,汚水,150.0,2003.0,29.613506678644317
6919,汚水,150.0,2003.0,6.0691672662155325
6920,汚水,150.0,2003.0,60.777875465361284
6921,汚水,150.0,2003.0,18.16728755448287
6922,汚水,150.0,2003.0,15.069140446537292
6923,汚水,150.0,2003.0,15.482248527955164
6924,汚水,150.0,2003.0,17.716205711974474
6925,汚水,150.0,2003.0,30.834396339871265
6926,汚水,150.0,2003.0,61.475852752838556
6927,汚水,250.0,1992.0,43.040731788627255
6928,汚水,150.0,2003.0,43.05030011466973
6929,汚水,150.0,2003.0,71.8024535745819
6930,汚水,150.0,2003.0,25.724130925939985
6931,汚水,150.0,2003.0,6.933240578112906
6932,汚水,150.0,2003.0,17.412232286330017
6933,汚水,150.0,2003.0,49.49172878913404
6934,汚水,150.0,2003.0,45.11341319212725
6935,汚水,150.0,2006.0,10.301372254684011
6936,汚水,250.0,2007.0,28.9415753887828
6937,汚水,250.0,2007.0,28.98239163921556
6938,汚水,250.0,2007.0,19.95308649323889
6939,汚水,250.0,2007.0,20.766090392149934
6940,汚水,250.0,2007.0,6.918326194506299
6941,汚水,250.0,2007.0,29.440456451415663
6942,汚水,250.0,2007.0,25.29857221686629
6943,汚水,250.0,2007.0,24.693087372568634
6944,汚水,200.0,1994.0,46.92192401473716
6945,汚水,250.0,2007.0,24.857250319877018
6946,汚水,250.0,2007.0,30.381147169995486
6947,汚水,250.0,2007.0,29.587929567970328
6948,汚水,250.0,2007.0,28.346177482165587
6949,汚水,250.0,2007.0,25.465740109052863
6950,汚水,250.0,2007.0,25.63746639000365
6951,汚水,250.0,2007.0,25.589894024617642
6952,汚水,250.0,2007.0,25.228324326143508
6953,汚水,250.0,2007.0,13.83212294140707
6954,汚水,250.0,2007.0,19.69566370706255
6955,汚水,250.0,2007.0,18.786612668651404
6956,汚水,250.0,2007.0,18.294571940970236
6957,汚水,250.0,2007.0,17.713937894395908
6958,汚水,250.0,2007.0,25.73498198345187
6959,汚水,250.0,2007.0,25.574410734812545
6960,汚水,250.0,2007.0,25.41085782127847
6961,汚水,250.0,2007.0,25.27945395975338
6962,汚水,250.0,2007.0,18.37359593407072
6963,汚水,250.0,2007.0,17.807050309991276
6964,汚水,250.0,2007.0,26.016923008374114
6965,汚水,250.0,2007.0,26.215405729938148
6966,汚水,250.0,2007.0,26.130388623726134
6967,汚水,250.0,2007.0,24.82761155312933
6968,汚水,250.0,2007.0,25.15997470098558
6969,汚水,250.0,2007.0,22.304014296064924
6970,汚水,250.0,2007.0,29.472541589080436
6971,汚水,250.0,2007.0,30.251715928027018
6972,汚水,250.0,2007.0,30.40227063431722
6973,汚水,250.0,2007.0,29.15994060871333
6974,汚水,250.0,2007.0,22.4948828504075
6975,汚水,250.0,2007.0,24.556061772571567
6976,汚水,250.0,2007.0,24.783876299317356
6977,汚水,250.0,2007.0,23.71420520894723
6978,汚水,250.0,2007.0,18.035045243230435
6979,汚水,250.0,2007.0,17.906119809596962
6980,汚水,250.0,2007.0,12.91401303253589
6981,汚水,250.0,2007.0,19.679280121778774
6982,汚水,250.0,2007.0,18.815080157306777
6983,汚水,250.0,2007.0,20.119302075124324
6984,汚水,250.0,2007.0,17.225976289875305
6985,汚水,250.0,2007.0,18.80481697037549
6986,汚水,250.0,2007.0,29.029466373264327
6987,汚水,250.0,2007.0,29.278852633153356
6988,汚水,250.0,2007.0,26.40581840971782
6989,汚水,250.0,2007.0,25.938492884493407
6990,汚水,250.0,2007.0,21.21914317335897
6991,汚水,250.0,2007.0,20.886734507233683
6992,汚水,250.0,2007.0,19.800982275681896
6993,汚水,250.0,2007.0,16.572573205899953
6994,汚水,250.0,2007.0,19.66515466754803
6995,汚水,250.0,2007.0,10.59728634276045
6996,汚水,250.0,2007.0,19.99551453850805
6997,汚水,250.0,2007.0,20.2497127647089
6998,汚水,250.0,2007.0,23.595799002754724
6999,汚水,250.0,2007.0,23.5964384910445
7000,汚水,250.0,2007.0,24.380978847408183
7001,汚水,250.0,2007.0,12.799682172937121
7002,汚水,250.0,2007.0,22.83199807603376
7003,汚水,200.0,,7.76326783491383
7004,汚水,200.0,,10.073247330906195
7005,汚水,200.0,,19.251743917600194
7006,汚水,200.0,,25.81928955067521
7007,汚水,150.0,2008.0,42.74478282221895
7008,汚水,150.0,2008.0,38.98131943571908
7009,汚水,150.0,2008.0,40.48055077050945
7010,汚水,150.0,2008.0,43.66396050223407
7011,汚水,150.0,2008.0,41.58475083980766
7012,汚水,150.0,2008.0,41.75750421085658
7013,汚水,150.0,2006.0,31.93454517362928
7014,汚水,150.0,2006.0,38.182075946912974
7015,汚水,150.0,2008.0,41.10770273445046
7016,汚水,150.0,2007.0,29.09918632596415
7017,汚水,150.0,2007.0,29.451518169955683
7018,汚水,150.0,2007.0,36.827815010383766
7019,汚水,150.0,2007.0,35.81840385038004
7020,汚水,150.0,2006.0,31.83766500480619
7021,汚水,150.0,2006.0,29.16757585634625
7022,汚水,150.0,2006.0,44.172133324780916
7023,汚水,150.0,2007.0,48.900804299927
7024,汚水,150.0,2007.0,33.80169710004997
7025,汚水,150.0,,28.613583298172106
7026,汚水,150.0,2008.0,29.288953992468468
7027,汚水,150.0,,7.200563012784227
7028,汚水,150.0,,27.652664525340988
7029,汚水,150.0,,31.26439431947545
7031,汚水,150.0,2003.0,40.164717182222354
7032,汚水,150.0,2003.0,43.19746816509182
7035,汚水,150.0,,40.45861258467892
7037,汚水,250.0,,33.263162799963474
7038,汚水,250.0,,39.52376750477957
7039,汚水,250.0,,35.22442574194984
7040,汚水,250.0,,36.66271262457947
7041,汚水,250.0,,10.951137550577338
7042,汚水,250.0,,12.061059866037729
7043,汚水,250.0,1997.0,4.55447375072842
7045,汚水,250.0,,14.869135084170809
7047,汚水,150.0,2007.0,5.668614189580024
7048,汚水,150.0,2006.0,11.82727114772494
7049,汚水,150.0,2007.0,36.55532032591998
7050,汚水,200.0,2006.0,37.54551566290831
7051,汚水,200.0,2006.0,16.992433133724013
7052,汚水,250.0,,18.86485531210086
7053,汚水,250.0,,17.572711063667878
7054,汚水,250.0,,41.461399369306534
7055,汚水,250.0,,41.47708603849181
7057,汚水,200.0,1993.0,32.68262642320473
7058,汚水,200.0,,24.215904236388656
7059,汚水,200.0,,36.03326552170669
7060,汚水,150.0,2003.0,38.256647880310176
7061,汚水,150.0,2003.0,39.851684819575766
7062,汚水,150.0,2003.0,40.7852365100851
7063,汚水,150.0,2003.0,27.211740975452695
7064,汚水,150.0,2002.0,27.141100761092787
7065,汚水,200.0,,29.65470801082541
7066,汚水,200.0,,40.55842213684365
7067,汚水,200.0,,29.328356885202904
7068,汚水,150.0,2003.0,39.45649287290744
7069,汚水,200.0,,22.56117325754589
7070,汚水,150.0,2003.0,27.88243495009563
7071,汚水,200.0,,27.592971528180414
7072,汚水,200.0,,26.004925604397652
7073,汚水,150.0,2003.0,24.814180536505965
7074,汚水,150.0,2003.0,35.86129258023123
7075,汚水,150.0,2003.0,43.63222768501402
7076,汚水,200.0,,35.48564642483599
7077,汚水,150.0,2005.0,25.400269883337707
7078,汚水,150.0,2005.0,26.53093830333859
7079,汚水,150.0,2005.0,29.07433002323147
7080,汚水,150.0,2005.0,29.586847650519427
7081,汚水,150.0,,16.01323936053467
7082,汚水,150.0,,15.151874436034982
7083,汚水,150.0,2005.0,53.4503330495448
7084,汚水,150.0,2005.0,36.142274167849514
7085,汚水,150.0,2003.0,34.39800999748837
7086,汚水,150.0,2003.0,28.330654105950035
7087,汚水,200.0,,27.345353081095464
7088,汚水,200.0,,16.770525359277148
7089,汚水,150.0,2005.0,36.36111330712726
7090,汚水,150.0,2005.0,35.643247699155175
7091,汚水,250.0,,17.6058012795319
7092,汚水,250.0,,16.490087159063535
7093,汚水,250.0,,16.179773885587327
7094,汚水,250.0,,53.01103259950858
7095,汚水,250.0,,36.787242766628204
7096,汚水,250.0,,26.882875649864808
7097,汚水,250.0,,27.339602272675783
7098,汚水,250.0,,37.11126227600037
7099,汚水,250.0,,37.3506360672062
7100,汚水,200.0,1993.0,20.566762335287656
7101,汚水,250.0,,38.57878045283254
7102,汚水,250.0,,36.325099385430754
7103,汚水,250.0,,34.54945362477892
7104,汚水,250.0,,13.423963174833952
7105,汚水,250.0,,38.55371476429557
7106,汚水,250.0,,38.93948145406051
7107,汚水,300.0,2003.0,29.66232407590727
7108,汚水,300.0,2003.0,27.61505121780528
7109,汚水,200.0,,19.63313835807441
7110,汚水,200.0,,20.986837702119548
7111,汚水,200.0,1995.0,34.204998960986444
7112,汚水,200.0,1995.0,26.053805990076867
7113,汚水,200.0,1995.0,14.123853391577429
7114,汚水,200.0,1995.0,45.97819286632691
7115,汚水,200.0,1995.0,26.125392342778472
7116,汚水,200.0,1995.0,36.95173008413266
7117,汚水,200.0,1995.0,32.37967170094297
7118,汚水,200.0,1995.0,39.11406992934275
7119,汚水,200.0,1995.0,3.574000000000524
7120,汚水,200.0,1995.0,8.052484451000728
7121,汚水,200.0,1995.0,28.701829385656588
7122,汚水,200.0,1995.0,36.05299339228578
7123,汚水,250.0,1995.0,50.80188044648895
7125,汚水,200.0,1995.0,23.861012669509865
7126,汚水,200.0,1995.0,18.456733629753796
7128,汚水,200.0,1996.0,35.89293727739435
7129,汚水,200.0,1996.0,48.95038453763275
7130,汚水,200.0,1996.0,14.054635853237771
7131,汚水,200.0,1996.0,4.637360036719106
7132,汚水,200.0,1996.0,24.413523849704074
7133,汚水,200.0,1996.0,19.044701214355047
7134,汚水,200.0,1996.0,3.4417238617293835
7135,汚水,200.0,1996.0,10.322875112220814
7136,汚水,200.0,1996.0,6.586369108944936
7137,汚水,200.0,1996.0,12.030453167514588
7138,汚水,200.0,1996.0,7.132445403278533
7139,汚水,200.0,1996.0,8.780521774328387
7140,汚水,200.0,1996.0,6.276667816988257
7141,汚水,200.0,1996.0,37.26073527787582
7142,汚水,200.0,1996.0,36.74669666389614
7144,汚水,200.0,1996.0,47.46590945098422
7145,汚水,200.0,1996.0,7.088053661011515
7146,汚水,200.0,1996.0,12.93459919905119
7147,汚水,200.0,1996.0,4.682262561892461
7148,汚水,200.0,1996.0,43.77605535150872
7149,汚水,200.0,1996.0,49.00264442047905
7150,汚水,200.0,1996.0,9.882262328516227
7151,汚水,200.0,1996.0,9.950067785086611
7152,汚水,200.0,1996.0,20.236839956135697
7153,汚水,200.0,1996.0,4.242197286542165
7154,汚水,200.0,1996.0,17.8440155321328
7155,汚水,200.0,1996.0,18.122364963800937
7156,汚水,200.0,1996.0,23.431456905229027
7157,汚水,200.0,1996.0,47.35042506667317
7158,汚水,200.0,1996.0,7.536469266208182
7159,汚水,200.0,1996.0,17.679472233936735
7160,汚水,200.0,1996.0,48.76560934420363
7161,汚水,200.0,1996.0,37.09628703428039
7162,汚水,200.0,1996.0,13.039378124537064
7163,汚水,200.0,1996.0,21.59813813754879
7164,汚水,200.0,1996.0,45.9821804156308
7165,汚水,200.0,1996.0,11.206830013058529
7166,汚水,200.0,1996.0,7.46575510989497
7167,汚水,200.0,1996.0,4.510798884815259
7168,汚水,200.0,1996.0,23.653039760952655
7169,汚水,200.0,1996.0,37.072057771648396
7170,汚水,200.0,1996.0,43.944761097894315
7171,汚水,200.0,1995.0,38.27770302176052
7172,汚水,200.0,1995.0,37.52539578249194
7173,汚水,200.0,1995.0,4.4167671342494295
7174,汚水,200.0,1995.0,25.703514582266248
7175,汚水,200.0,1995.0,18.32708045778586
7178,汚水,200.0,1995.0,12.625212999742953
7179,汚水,200.0,1995.0,11.936210679861546
7180,汚水,200.0,1995.0,28.894996571812644
7181,汚水,200.0,1995.0,25.960751332824813
7182,汚水,200.0,1995.0,16.0767465029898
7183,汚水,200.0,1995.0,4.85231932849896
7184,汚水,200.0,1995.0,26.132977293736158
7185,汚水,200.0,1995.0,23.89253327919724
7186,汚水,200.0,1995.0,10.732642548139452
7187,汚水,200.0,1995.0,4.990303435011661
7188,汚水,200.0,1995.0,13.797191884080924
7189,汚水,200.0,1995.0,8.114507157385276
7191,汚水,200.0,1995.0,28.413811498065503
7192,汚水,200.0,1995.0,10.920843759094367
7193,汚水,200.0,1995.0,18.898135552663547
7194,汚水,200.0,1995.0,28.930455871417443
7195,汚水,200.0,1995.0,18.99920001028893
7196,汚水,200.0,1995.0,5.727346681858747
7197,汚水,200.0,1995.0,12.712322117568164
7198,汚水,200.0,1995.0,35.85728027277078
7199,汚水,200.0,1995.0,20.893306563651947
7200,汚水,200.0,1995.0,6.204232620511647
7201,汚水,250.0,1993.0,61.523763668571526
7202,汚水,200.0,1995.0,29.50344243316823
7203,汚水,200.0,1995.0,10.790389283024048
7205,汚水,200.0,1995.0,3.9725622552428645
7206,汚水,200.0,1995.0,31.87048694997417
7207,汚水,200.0,1995.0,6.166543021381744
7208,汚水,200.0,1995.0,17.35821736075356
7209,汚水,200.0,1995.0,49.9706593162079
7210,汚水,200.0,1995.0,9.30658386926315
7211,汚水,200.0,1995.0,5.453992037337917
7213,汚水,200.0,1998.0,4.897998664252233
7214,汚水,200.0,1998.0,5.807523175249461
7215,汚水,200.0,1998.0,11.165763901773285
7216,汚水,200.0,1998.0,3.644948230009855
7217,汚水,200.0,1998.0,41.04240298669191
7218,汚水,200.0,1998.0,23.8258473205891
7219,汚水,200.0,1998.0,15.642329013264185
7220,汚水,200.0,1998.0,8.407616699046168
7221,汚水,200.0,1998.0,31.94696682338458
7222,汚水,200.0,1998.0,15.97233751691875
7223,汚水,200.0,1998.0,11.505487372335727
7224,汚水,200.0,1998.0,18.505247238686785
7225,汚水,200.0,1998.0,9.053653210874064
7226,汚水,200.0,1998.0,23.770313179115863
7227,汚水,200.0,1998.0,15.890788520149304
7228,汚水,200.0,1998.0,12.605111583823957
7230,汚水,200.0,1998.0,5.07126316857393
7231,汚水,200.0,1998.0,6.818567258927287
7232,汚水,200.0,1998.0,4.400747664472841
7233,汚水,200.0,1998.0,14.11132261620548
7234,汚水,200.0,1993.0,45.395023148240185
7235,汚水,200.0,1998.0,58.549859354377695
7236,汚水,200.0,1998.0,4.938328489197186
7237,汚水,200.0,1998.0,16.62129623816005
7238,汚水,200.0,1998.0,8.16268305042546
7239,汚水,200.0,1998.0,3.5659905015592006
7240,汚水,200.0,1998.0,9.262598575242972
7241,汚水,200.0,1998.0,5.278929011067493
7242,汚水,200.0,1998.0,2.7535145947046034
7243,汚水,200.0,1998.0,9.591368273220528
7244,汚水,200.0,1998.0,3.7263305652505996
7245,汚水,200.0,1998.0,13.790574278307556
7246,汚水,200.0,1998.0,3.7488965043038616
7247,汚水,200.0,1998.0,6.991630003439375
7248,汚水,200.0,1998.0,5.6786026452642835
7249,汚水,200.0,1998.0,12.24781494213579
7250,汚水,200.0,1998.0,9.021445777346095
7251,汚水,200.0,1993.0,26.992097874844738
7252,汚水,200.0,1998.0,6.880199757975126
7253,汚水,200.0,1998.0,8.17967349619887
7254,汚水,200.0,1998.0,12.31765425122656
7255,汚水,200.0,1998.0,13.305508625951651
7256,汚水,200.0,1998.0,27.219343583885827
7257,汚水,200.0,1998.0,19.09816426242969
7258,汚水,200.0,1998.0,3.637179481120911
7259,汚水,200.0,1998.0,8.831786127970531
7260,汚水,200.0,1998.0,33.06776448189041
7262,汚水,200.0,1995.0,24.96608993159907
7263,汚水,200.0,1995.0,11.841901410796707
7264,汚水,200.0,1995.0,9.344283053841725
7265,汚水,200.0,1995.0,8.830947144324771
7266,汚水,200.0,1995.0,24.92484721119995
7267,汚水,200.0,1995.0,6.926624724897146
7268,汚水,200.0,1993.0,43.155765747182365
7269,汚水,200.0,1995.0,15.572572055582777
7270,汚水,200.0,1995.0,4.778206034948732
7271,汚水,200.0,1995.0,19.866641093135637
7272,汚水,200.0,1995.0,6.267425927509198
7273,汚水,200.0,1995.0,16.648742787581117
7274,汚水,200.0,1995.0,12.730350903851832
7275,汚水,200.0,1995.0,8.14574283208088
7276,汚水,200.0,1995.0,27.77593440852859
7277,汚水,200.0,1995.0,12.716623410271088
7278,汚水,200.0,1995.0,19.009816740320897
7279,汚水,200.0,1995.0,4.356604537057459
7280,汚水,200.0,1995.0,4.7292969884151645
7281,汚水,200.0,1995.0,7.180771989693273
7282,汚水,200.0,1995.0,11.002272569184692
7283,汚水,200.0,1995.0,2.157110529780079
7284,汚水,200.0,1995.0,14.353135698828188
7285,汚水,200.0,1993.0,42.03533435274283
7286,汚水,200.0,1995.0,26.717328269427668
7287,汚水,200.0,1995.0,8.95003493057759
7288,汚水,200.0,1995.0,29.889325764288838
7289,汚水,200.0,1995.0,34.19255292661935
7290,汚水,200.0,1995.0,7.173843310536102
7291,汚水,200.0,1995.0,19.217596803365343
7292,汚水,200.0,1995.0,22.460273898793183
7294,汚水,200.0,1995.0,28.574963795213716
7295,汚水,200.0,1995.0,12.858193900915671
7296,汚水,200.0,1995.0,5.648561874773749
7297,汚水,200.0,1995.0,9.10415436901528
7299,汚水,200.0,1995.0,9.970269055695555
7300,汚水,200.0,1995.0,6.602319923153623
7301,汚水,200.0,1995.0,3.114300700716896
7302,汚水,200.0,1995.0,19.799033142430908
7303,汚水,200.0,1995.0,5.89791849198322
7304,汚水,200.0,1995.0,2.9552708648478916
7305,汚水,200.0,1995.0,11.342866950088471
7306,汚水,200.0,1995.0,4.317150059785924
7307,汚水,200.0,1995.0,48.26577069739046
7308,汚水,200.0,1999.0,13.34167160680907
7309,汚水,200.0,1995.0,19.283169563164957
7310,汚水,200.0,1995.0,7.233818568421939
7311,汚水,200.0,1999.0,33.61187836020934
7312,汚水,200.0,1995.0,26.759107503520788
7313,汚水,200.0,1995.0,16.858809016879412
14435,汚水,150.0,2006.0,23.034770851443994
14436,汚水,150.0,2001.0,40.54451447116575
14437,汚水,250.0,1990.0,69.83750864992535
14438,汚水,250.0,1990.0,68.68294917597036
14439,汚水,150.0,2006.0,83.86832604643014
14440,汚水,250.0,1990.0,43.23755576437657
14441,汚水,250.0,1990.0,22.20472049707336
14442,汚水,250.0,1990.0,43.03493556530418
14443,汚水,250.0,1990.0,29.541400432020257
14444,汚水,250.0,1990.0,37.289898898762736
14445,汚水,150.0,2005.0,45.07186636334918
14446,汚水,150.0,,10.790906200217428
14447,汚水,150.0,2006.0,31.206247099034726
14448,汚水,150.0,2006.0,6.918797833685403
14449,汚水,250.0,1990.0,12.576477383615204
14450,汚水,250.0,1990.0,6.152987079967123
14451,汚水,250.0,1990.0,47.62497562058958
14452,汚水,250.0,1990.0,39.92260035620768
14453,汚水,250.0,1990.0,44.67456869789921
14454,汚水,250.0,1990.0,44.04935987767521
14455,汚水,250.0,1990.0,43.08373203599929
14456,汚水,250.0,1990.0,40.149182074667394
14457,汚水,250.0,1990.0,39.60055265262526
14458,汚水,250.0,1990.0,10.629587322941848
14459,汚水,250.0,1990.0,7.031402893073275
14460,汚水,250.0,1990.0,93.68339214381466
14461,汚水,250.0,1990.0,37.80401285861688
14462,汚水,250.0,1990.0,24.099397832177473
14463,汚水,250.0,1990.0,3.6760442872984074
14464,汚水,250.0,1990.0,10.188038989930151
14465,汚水,250.0,1990.0,33.498999999999796
14466,汚水,250.0,1990.0,31.624420214596302
14467,汚水,250.0,1990.0,29.094155071647474
14468,汚水,250.0,1990.0,27.7620919423172
14469,汚水,250.0,1990.0,6.231422535319286
14470,汚水,250.0,1990.0,83.81789048515752
14471,汚水,250.0,1990.0,28.512310050065615
14472,汚水,250.0,1990.0,44.656014606645755
14473,汚水,250.0,1990.0,28.889920602105033
14474,汚水,250.0,1990.0,28.72992838691
14475,汚水,250.0,1990.0,21.325187039668563
14476,汚水,250.0,1990.0,19.734132079313063
14477,汚水,250.0,1986.0,24.745480090267264
14478,汚水,250.0,1990.0,41.89138499433684
14479,汚水,250.0,1990.0,11.660833857728583
14480,汚水,250.0,1990.0,54.066068002056795
14481,汚水,250.0,1990.0,7.650070440232984
14482,汚水,250.0,1990.0,5.914647119603712
14483,汚水,250.0,1990.0,32.0359283534627
14484,汚水,250.0,1990.0,5.670024351606352
14485,汚水,250.0,1990.0,35.78607680056064
14486,汚水,250.0,1990.0,37.28949256316364
14487,汚水,250.0,1990.0,35.856082548803414
14488,汚水,250.0,1990.0,17.658745221217817
14489,汚水,250.0,1990.0,45.29405660420248
14490,汚水,250.0,1990.0,41.24904575889794
14491,汚水,250.0,1990.0,30.373958837124768
14492,汚水,250.0,1990.0,49.89461227894078
14493,汚水,250.0,1990.0,20.955488566216605
14494,汚水,250.0,1986.0,45.56951865434429
14495,汚水,250.0,1990.0,8.23654246664698
14496,汚水,250.0,1990.0,7.705820124717553
14497,汚水,250.0,1990.0,29.071619885889902
14498,汚水,250.0,1990.0,33.308444133363324
14499,汚水,250.0,1990.0,26.359435945831372
14500,汚水,250.0,1990.0,6.942937570755325
14501,汚水,250.0,1990.0,31.132141476917756
14502,汚水,250.0,1990.0,17.212228429670734
14503,汚水,250.0,1990.0,17.996607004454567
14504,汚水,250.0,1990.0,29.749214491524206
14505,汚水,250.0,1990.0,28.66604995601724
14506,汚水,250.0,1990.0,34.6513633922416
14507,汚水,250.0,1990.0,39.82806172263874
14508,汚水,250.0,1990.0,28.852708231502966
14509,汚水,200.0,1995.0,22.342099301355187
14511,汚水,200.0,1994.0,14.789058551369504
14512,汚水,200.0,1994.0,40.32620602073141
14513,汚水,200.0,1994.0,2.701908753740727
14514,汚水,200.0,1994.0,28.672563425338453
14516,汚水,200.0,1994.0,10.371007812517082
14517,汚水,200.0,1994.0,8.13735070774505
14518,汚水,250.0,1994.0,32.39979849514717
14519,汚水,250.0,1994.0,3.3654763591558376
14520,汚水,250.0,1994.0,18.937002434723734
14521,汚水,250.0,1994.0,54.9707176451151
14522,汚水,250.0,1994.0,55.74190465240985
14523,汚水,250.0,1994.0,35.57442216527929
14525,汚水,250.0,1994.0,50.74672893476925
14526,汚水,250.0,1994.0,36.4782252527053
14529,汚水,200.0,1995.0,26.571912238931045
14530,汚水,200.0,1995.0,31.019721965596997
14531,汚水,200.0,1995.0,53.70459238317265
14532,汚水,200.0,1995.0,33.15581617515395
14533,汚水,200.0,1995.0,56.548350757841355
14534,汚水,200.0,1995.0,34.57443077870606
14535,汚水,200.0,1995.0,22.82932610217154
14536,汚水,200.0,1995.0,24.769250499817495
14537,汚水,200.0,1995.0,8.319445477938388
14538,汚水,200.0,1995.0,26.114830931077872
14539,汚水,200.0,1995.0,21.220862719340516
14540,汚水,200.0,1995.0,9.052659019096208
14541,汚水,200.0,1995.0,27.20714707972094
14542,汚水,,2002.0,33.257993266844586
14543,汚水,250.0,1986.0,14.35762384912842
14544,汚水,250.0,1990.0,9.495751989331305
14545,汚水,150.0,2000.0,59.19357251732373
14546,汚水,200.0,2000.0,34.37716672504176
14547,汚水,150.0,2000.0,18.027532199380392
14548,汚水,150.0,2000.0,40.197468145882674
14549,汚水,150.0,2000.0,31.974713730079454
14551,汚水,250.0,1992.0,3.3270042330639056
14552,汚水,250.0,1992.0,26.85002049666303
14553,汚水,250.0,1992.0,10.022839998482132
14554,汚水,250.0,1992.0,15.554439405313223
14555,汚水,250.0,1992.0,59.22892560513544
14556,汚水,250.0,1992.0,7.627125252065397
14557,汚水,250.0,1992.0,30.73600213168471
14558,汚水,250.0,1992.0,53.06346475163018
14559,汚水,250.0,1992.0,51.829264362040604
14560,汚水,250.0,1988.0,39.45750682964082
14561,汚水,250.0,1992.0,65.79662275178033
14562,汚水,250.0,1992.0,39.855453263410176
14563,汚水,250.0,1992.0,26.122532792614074
14565,汚水,250.0,1992.0,59.33424183263312
14566,汚水,250.0,1992.0,41.28414288116768
14567,汚水,250.0,1992.0,40.93326022362652
14568,汚水,250.0,1992.0,2.127829912179239
14569,汚水,250.0,1992.0,32.67514741804292
14571,汚水,250.0,1992.0,37.36142632872166
14575,汚水,200.0,1997.0,42.071182663151696
14576,汚水,200.0,1997.0,6.181973637284566
14577,汚水,200.0,1997.0,5.004207075705448
14578,汚水,200.0,1997.0,46.59183590453257
14579,汚水,200.0,1997.0,4.158270452020142
14580,汚水,200.0,1997.0,22.459639112196378
14581,汚水,200.0,1997.0,44.691590442067046
14583,汚水,200.0,1997.0,22.62211349344679
14584,汚水,200.0,1997.0,33.08852604011106
14585,汚水,200.0,1997.0,46.76519613215924
14587,汚水,200.0,1997.0,18.524777481350657
14588,汚水,200.0,1997.0,32.73168478368787
14589,汚水,200.0,1997.0,31.56204907535289
14590,汚水,200.0,1997.0,4.5991117108683115
14591,汚水,200.0,1997.0,45.71614365646349
14592,汚水,200.0,1997.0,16.188188419202795
14593,汚水,200.0,1997.0,6.188267720543456
14594,汚水,200.0,1997.0,10.858948030886618
14595,汚水,200.0,1997.0,36.43884542992608
14596,汚水,200.0,1997.0,40.41443637997203
14597,汚水,200.0,1997.0,39.381303622890655
14598,汚水,200.0,1997.0,42.91118836331994
14599,汚水,200.0,1997.0,41.34207046137548
14600,汚水,200.0,1997.0,40.74634783388618
14601,汚水,200.0,1997.0,41.266680618867206
14602,汚水,200.0,1997.0,53.05473651102844
14603,汚水,200.0,1997.0,7.7127247725314385
14604,汚水,200.0,1997.0,36.1716090161937
14605,汚水,200.0,1997.0,4.321354544290061
14606,汚水,200.0,1997.0,32.560262139644074
14607,汚水,200.0,1997.0,13.578285139663208
14608,汚水,200.0,1997.0,41.5647537822368
14609,汚水,200.0,1997.0,15.110349013489921
14610,汚水,200.0,1997.0,38.8872473689017
14611,汚水,200.0,1997.0,11.355928188065533
14612,汚水,200.0,1997.0,2.8102079807955382
14613,汚水,200.0,1997.0,29.874937279060415
14614,汚水,200.0,1997.0,30.19638064195029
14615,汚水,200.0,1997.0,23.56816963433912
14616,汚水,200.0,1997.0,26.42664574916942
14617,汚水,200.0,1997.0,26.728667339694805
14618,汚水,200.0,1997.0,37.341529620542744
14619,汚水,200.0,1997.0,1.956630294970974
14620,汚水,200.0,1997.0,5.733666451262758
14621,汚水,200.0,1997.0,36.90533712164522
14622,汚水,200.0,1997.0,4.035114188757671
14623,汚水,200.0,1997.0,35.4668044733868
14624,汚水,200.0,1997.0,38.12721431246823
14625,汚水,200.0,1997.0,37.49606930865197
14626,汚水,200.0,1997.0,37.8268383051388
14628,汚水,200.0,1997.0,14.484936900831144
14629,汚水,200.0,1997.0,21.57720168764589
14630,汚水,200.0,1997.0,31.15815831265055
14631,汚水,200.0,1997.0,30.959759136148634
14632,汚水,200.0,1997.0,22.33740515539667
14633,汚水,200.0,1997.0,21.82919154268195
14634,汚水,200.0,1997.0,14.330805717334629
14635,汚水,200.0,1997.0,45.06169805523255
14637,汚水,150.0,2001.0,23.589304295919824
14638,汚水,150.0,2001.0,15.21095850540966
14639,汚水,150.0,2001.0,6.458440442364072
14640,汚水,150.0,2001.0,18.30140064003709
14641,汚水,150.0,2001.0,70.14308149260211
14642,汚水,150.0,2001.0,86.28719719637954
14643,汚水,150.0,2001.0,31.13044080902758
14644,汚水,150.0,2001.0,10.04415764720854
14645,汚水,150.0,2001.0,45.50159960752788
14646,汚水,150.0,2001.0,36.33706186321265
14647,汚水,200.0,1997.0,23.583574962682686
14648,汚水,150.0,2006.0,23.811765557694713
14649,汚水,150.0,2006.0,41.88303512853238
14650,汚水,150.0,2006.0,34.56143168394165
14651,汚水,150.0,2006.0,25.10805150786264
14652,汚水,150.0,2006.0,54.52481572927039
14653,汚水,150.0,2006.0,54.35424148616748
14654,汚水,150.0,2006.0,85.16741955918972
14655,汚水,150.0,2006.0,20.98812788093461
14656,汚水,150.0,2006.0,21.089628491373993
14657,汚水,150.0,2006.0,36.50987295689535
14658,汚水,150.0,2006.0,52.03402496592846
14659,汚水,150.0,2006.0,27.44948268013126
14660,汚水,150.0,2006.0,38.39549001830837
14661,汚水,150.0,2006.0,40.634391150466215
14662,汚水,150.0,2006.0,4.675729425252765
14663,汚水,150.0,2006.0,31.992054721034776
14664,汚水,150.0,2006.0,25.547580088029424
14665,汚水,150.0,2006.0,4.8986351356946845
14666,汚水,150.0,2006.0,35.29836442925987
14667,汚水,150.0,2006.0,21.801705768721664
14668,汚水,150.0,2006.0,21.733115795228645
14669,汚水,150.0,2006.0,30.655330931527164
14670,汚水,150.0,2008.0,15.845294111762643
14671,汚水,150.0,2001.0,17.128375843195908
14672,汚水,150.0,2001.0,23.146519543326878
14673,汚水,150.0,2001.0,16.21914375123514
14674,汚水,150.0,2001.0,23.39176038196434
14675,汚水,150.0,2001.0,9.487942729636728
14676,汚水,150.0,2001.0,5.922128773208462
14677,汚水,150.0,2001.0,25.070013684849343
14678,汚水,250.0,1991.0,64.20764900678734
14679,汚水,150.0,2001.0,80.11868156831083
14680,汚水,150.0,2001.0,72.3394164720257
14681,汚水,150.0,2001.0,7.401614501187553
14682,汚水,150.0,2001.0,50.986431347785
14683,汚水,150.0,2001.0,50.74664345335989
14684,汚水,150.0,2001.0,11.79669266686157
14685,汚水,150.0,2001.0,20.67053773080438
14686,汚水,150.0,2001.0,6.313964200174584
14687,汚水,150.0,2001.0,20.256326220281537
14688,汚水,150.0,2001.0,12.223884570703879
14689,汚水,150.0,2001.0,11.110000470819822
14690,汚水,150.0,2001.0,73.26412623926805
14691,汚水,150.0,2001.0,60.09451873015829
14692,汚水,150.0,2001.0,26.404007991509584
14693,汚水,150.0,2001.0,30.331519239482038
14694,汚水,150.0,2001.0,43.97369077787525
14695,汚水,250.0,1986.0,35.81405999573172
14696,汚水,150.0,2001.0,30.746523423534338
14697,汚水,150.0,2001.0,9.649312987488013
14698,汚水,150.0,2001.0,19.405104034113517
14699,汚水,150.0,2001.0,21.19621045500472
14700,汚水,150.0,2001.0,5.101637977249983
14701,汚水,600.0,1999.0,89.52139792591974
14702,汚水,150.0,2001.0,61.2165554554882
14703,汚水,150.0,2001.0,59.32062627945028
14704,汚水,600.0,1999.0,51.96418374738644
14705,汚水,150.0,2001.0,30.913354316348354
14706,汚水,150.0,2001.0,23.866162588921647
14707,汚水,150.0,2001.0,49.81427448904026
14708,汚水,150.0,2001.0,43.65538247056686
14709,汚水,150.0,2001.0,36.22237623739068
14710,汚水,150.0,2001.0,4.0919724085349465
14711,汚水,150.0,2001.0,5.438993473084736
14712,汚水,600.0,1999.0,18.977257297333566
14713,汚水,150.0,2001.0,29.603551185295693
14714,汚水,150.0,2001.0,5.021802241816104
14715,汚水,150.0,2001.0,10.87174233741013
14716,汚水,150.0,2001.0,8.704903180284068
14717,汚水,150.0,2001.0,10.868164738162847
14718,汚水,150.0,2001.0,41.898727925517974
14719,汚水,150.0,2001.0,9.86966892190165
14720,汚水,150.0,2001.0,5.740871020121472
14721,汚水,150.0,2001.0,49.568120413818
14722,汚水,150.0,2001.0,63.8484540304066
14723,汚水,150.0,2001.0,26.10490672395768
14724,汚水,150.0,2001.0,11.257625706028662
14725,汚水,150.0,2001.0,3.8804942803056006
14726,汚水,150.0,2001.0,13.07136023205297
14727,汚水,150.0,2001.0,26.067078693437335
14728,汚水,250.0,1990.0,47.417176850231805
14729,汚水,150.0,2001.0,9.34586319895513
14730,汚水,600.0,1999.0,67.66126334220898
14731,汚水,150.0,2001.0,55.54534978592477
14732,汚水,150.0,2001.0,33.490406906326164
14733,汚水,150.0,2001.0,6.352077896934366
14734,汚水,150.0,2001.0,7.8922306583467305
14735,汚水,150.0,2001.0,2.2150481661710737
14736,汚水,150.0,2001.0,10.285200869530913
14738,汚水,150.0,2001.0,21.204159261916228
14740,汚水,600.0,1999.0,9.127922119263467
14741,汚水,600.0,1999.0,52.265245124961275
14742,汚水,600.0,1999.0,61.80624996027645
14743,汚水,150.0,2003.0,6.447880777209935
14744,汚水,150.0,2007.0,21.80352752459757
14745,汚水,250.0,1990.0,29.55099268979563
14746,汚水,150.0,2007.0,15.218966167907402
14747,汚水,150.0,2007.0,43.061573523276905
14748,汚水,150.0,2001.0,33.031759056013435
14749,汚水,150.0,2001.0,6.659910224327615
14750,汚水,150.0,2001.0,22.58994781015236
14751,汚水,150.0,2001.0,70.6490964490496
14752,汚水,150.0,2001.0,9.723514985366426
14753,汚水,150.0,2001.0,4.513166642231935
14754,汚水,150.0,2001.0,53.60669936722475
14755,汚水,150.0,2001.0,71.70943872321297
14756,汚水,150.0,2001.0,3.885227694087426
7314,汚水,200.0,1995.0,9.836708462003415
7315,汚水,200.0,1995.0,5.258624067669358
7316,汚水,200.0,1995.0,45.43689447830393
7317,汚水,200.0,1995.0,29.2278230227952
7318,汚水,200.0,1995.0,48.14995475542914
7319,汚水,200.0,1995.0,27.94192759283958
7320,汚水,200.0,1995.0,7.346640758489389
7321,汚水,200.0,1995.0,10.237004318761832
7322,汚水,200.0,1995.0,15.412601373065074
7324,汚水,200.0,1995.0,15.423115776524021
7325,汚水,200.0,1995.0,20.651453031283793
7326,汚水,200.0,1995.0,18.78240696246134
7328,汚水,200.0,1995.0,41.5494810655646
7329,汚水,200.0,1995.0,46.12376531848263
7330,汚水,200.0,1995.0,44.30394369921352
7332,汚水,200.0,1995.0,11.225223018238461
7333,汚水,200.0,1995.0,4.108680013627319
7334,汚水,200.0,1995.0,23.303500292771314
7335,汚水,250.0,1992.0,20.89957094897303
7336,汚水,200.0,1995.0,13.739086922713113
7337,汚水,200.0,1995.0,14.143316467414627
7338,汚水,200.0,1995.0,13.87725226861797
7339,汚水,200.0,1995.0,19.85771366835418
7340,汚水,200.0,1995.0,18.889632152966012
7342,汚水,200.0,1995.0,16.987236060249973
7343,汚水,200.0,1995.0,42.497623822520595
7344,汚水,200.0,1995.0,20.874400017595708
7345,汚水,200.0,1995.0,8.203658189085692
7346,汚水,200.0,1995.0,15.014534785508616
7347,汚水,200.0,1995.0,8.680617960528297
7348,汚水,200.0,1995.0,12.957609222013536
7350,汚水,600.0,1997.0,158.74615686004782
7351,汚水,200.0,1998.0,36.78127164716214
7352,汚水,200.0,1998.0,10.263237864942411
7353,汚水,200.0,1998.0,34.28536296154118
7354,汚水,200.0,1998.0,60.630828866309145
7355,汚水,200.0,1998.0,12.280649287718607
7356,汚水,200.0,1998.0,12.462142768545608
7357,汚水,200.0,1998.0,5.366308634708208
7358,汚水,200.0,1998.0,7.292508180262069
7359,汚水,200.0,1998.0,8.474434201193569
7360,汚水,200.0,1998.0,4.500817711003647
7361,汚水,200.0,1998.0,9.37244370133347
7362,汚水,200.0,1998.0,8.746184861598845
7363,汚水,200.0,1998.0,15.255513548092113
7364,汚水,200.0,1998.0,8.371234770682118
7365,汚水,200.0,1998.0,33.62674850164413
7366,汚水,200.0,1998.0,68.4807317519864
7367,汚水,200.0,1998.0,45.25729588822906
7368,汚水,200.0,1998.0,44.56880671318364
7369,汚水,200.0,1998.0,17.612693213118487
7370,汚水,200.0,1998.0,43.4136978128441
7371,汚水,200.0,1998.0,8.139298859643077
7372,汚水,200.0,1998.0,22.270026099453503
7373,汚水,200.0,1998.0,8.821844262447813
7374,汚水,200.0,1998.0,12.026473659786983
7375,汚水,200.0,1998.0,29.74008243895432
7376,汚水,200.0,1998.0,44.10982976458645
7377,汚水,200.0,1998.0,21.99691967612216
7378,汚水,200.0,1998.0,3.938231429398728
7379,汚水,200.0,1998.0,8.792228753625944
7380,汚水,200.0,1998.0,3.305402660389085
7381,汚水,200.0,1998.0,4.838645172558863
7382,汚水,200.0,1998.0,24.014076946863305
7383,汚水,200.0,1998.0,12.75717496319822
7384,汚水,200.0,1998.0,18.57905950916264
7385,汚水,200.0,1998.0,14.799845780143855
7386,汚水,200.0,1998.0,3.0640166736945664
7387,汚水,200.0,1998.0,5.660383169208995
7388,汚水,200.0,1998.0,10.8449792258672
7389,汚水,200.0,1998.0,27.348655616835195
7390,汚水,200.0,1998.0,8.159622092568076
7391,汚水,200.0,1998.0,16.86952656370287
7392,汚水,200.0,1998.0,42.67801824592485
7393,汚水,200.0,1998.0,42.33022530499961
7394,汚水,200.0,1998.0,20.411503382773887
7395,汚水,200.0,1998.0,37.30894913388171
7396,汚水,200.0,1998.0,37.834155098410925
7397,汚水,200.0,1998.0,24.62124104557475
7398,汚水,200.0,1998.0,46.65620888458743
7399,汚水,200.0,1998.0,4.961175862632683
7400,汚水,200.0,1998.0,7.829817186101441
7401,汚水,200.0,1998.0,9.928583783152769
7402,汚水,200.0,1998.0,18.92546508382097
7403,汚水,200.0,1996.0,30.21433080471344
7404,汚水,200.0,1998.0,10.298081588592629
7405,汚水,200.0,1998.0,14.03132821600371
7406,汚水,200.0,1998.0,2.984249573700121
7407,汚水,200.0,1998.0,21.96935772060651
7408,汚水,200.0,1998.0,5.68990127900135
7409,汚水,200.0,1998.0,8.07898295470864
7410,汚水,200.0,1998.0,27.569670063039126
7411,汚水,200.0,1998.0,6.590543835760472
7412,汚水,200.0,1998.0,9.981088473795312
7413,汚水,200.0,1998.0,11.816168585564325
7414,汚水,200.0,1998.0,6.328102512223927
7415,汚水,200.0,1998.0,37.09259658250443
7416,汚水,200.0,1998.0,4.395900069181271
7417,汚水,200.0,1998.0,10.480221829519644
7418,汚水,200.0,1998.0,2.851205602463949
7419,汚水,200.0,1993.0,40.78020991037907
7420,汚水,200.0,1998.0,25.72825196880922
7421,汚水,200.0,1998.0,13.957182233319777
7422,汚水,200.0,1998.0,18.618744076760002
7423,汚水,200.0,1998.0,18.912881671869293
7424,汚水,200.0,1998.0,3.1020685843042766
7425,汚水,200.0,1998.0,14.429977335620254
7426,汚水,200.0,1998.0,13.475975523813723
7427,汚水,200.0,1999.0,7.651646597491769
7428,汚水,200.0,1999.0,32.894131418321166
7429,汚水,200.0,1999.0,36.6854073633193
7430,汚水,200.0,1999.0,23.185427621711952
7431,汚水,150.0,2005.0,27.88489309086595
7432,汚水,200.0,2005.0,7.694542148570677
7433,汚水,250.0,1991.0,23.006902073405765
7434,汚水,250.0,1991.0,35.198240690731026
7435,汚水,250.0,1991.0,46.15408320063336
7436,汚水,250.0,1991.0,31.33583580533164
7438,汚水,250.0,1991.0,31.698705992526655
7441,汚水,200.0,1995.0,44.00292116728634
7442,汚水,200.0,1994.0,37.236024754150996
7443,汚水,200.0,1994.0,40.404209076732194
7444,汚水,200.0,1994.0,29.378924296028767
7446,汚水,200.0,1995.0,28.513937153868895
7447,汚水,400.0,1995.0,59.577853782017655
7448,汚水,200.0,1995.0,57.19878156843492
7450,汚水,200.0,1995.0,13.674231634723064
7451,汚水,200.0,1995.0,22.660319420153286
7452,汚水,200.0,1995.0,19.175176650196903
7453,汚水,250.0,1992.0,38.87741248819892
7454,汚水,200.0,1995.0,9.30272146097756
7455,汚水,200.0,1995.0,33.47845550746762
7456,汚水,200.0,1995.0,13.50134757298238
7457,汚水,200.0,1995.0,15.549694963826656
7458,汚水,200.0,1995.0,34.783462510463636
7459,汚水,200.0,1995.0,18.02749674350527
7460,汚水,200.0,1995.0,38.751557009142225
7461,汚水,200.0,1995.0,10.901665767261553
7462,汚水,200.0,1995.0,24.776778584076123
7463,汚水,200.0,1995.0,15.892344975965841
7464,汚水,200.0,1995.0,42.371691186573734
7465,汚水,200.0,1995.0,34.90146109512074
7466,汚水,200.0,1995.0,24.44861824208678
7467,汚水,200.0,1995.0,40.23941452503889
7468,汚水,200.0,1995.0,19.16254750407382
7469,汚水,200.0,1995.0,9.711913033564795
7470,汚水,200.0,1993.0,33.90148373969282
7471,汚水,200.0,1995.0,8.071380566826468
7472,汚水,200.0,1995.0,20.01448962904688
7473,汚水,200.0,1995.0,17.366231655249365
7475,汚水,200.0,1995.0,40.21139161481531
7476,汚水,200.0,1995.0,23.50432744493479
7477,汚水,200.0,1995.0,22.626790201319157
7478,汚水,200.0,1995.0,7.057202124350266
7479,汚水,200.0,1995.0,13.424324947491664
7480,汚水,200.0,1995.0,14.287451551793726
7481,汚水,200.0,1995.0,31.630724936800693
7482,汚水,200.0,1995.0,29.481780469576687
7483,汚水,200.0,1995.0,33.44535447127427
7484,汚水,200.0,1995.0,10.140685809653698
7485,汚水,200.0,1995.0,35.79807944306355
7486,汚水,200.0,1995.0,38.62312974146086
7487,汚水,200.0,1996.0,48.09093992434581
7488,汚水,200.0,1995.0,33.66897860731785
7489,汚水,250.0,1995.0,34.57115501464249
7493,汚水,200.0,1996.0,11.758969506316635
7494,汚水,400.0,1996.0,108.39989749939302
7495,汚水,400.0,1995.0,95.81829994042351
7496,汚水,200.0,1996.0,37.44200306722549
7497,汚水,200.0,1996.0,27.71550926460995
7498,汚水,200.0,1996.0,46.446604896536556
7499,汚水,200.0,1996.0,40.81763553645982
7500,汚水,200.0,1996.0,34.636301727245204
7501,汚水,200.0,1996.0,15.020753163151957
7502,汚水,200.0,1996.0,33.67875047627003
7503,汚水,200.0,1996.0,29.11544953360709
7504,汚水,200.0,1996.0,5.138263091224043
7505,汚水,200.0,1996.0,43.04125920432653
7506,汚水,200.0,1996.0,25.19400364499352
7507,汚水,200.0,1996.0,25.88305745221332
7508,汚水,200.0,1996.0,33.45517218246855
7509,汚水,200.0,1996.0,42.59966874288231
7510,汚水,200.0,1996.0,9.445899330500964
7511,汚水,200.0,1996.0,32.845936814323146
7512,汚水,200.0,1996.0,35.36133203137826
7513,汚水,200.0,1996.0,20.087752320618435
7514,汚水,200.0,1996.0,26.90830513474738
7515,汚水,200.0,1996.0,9.278026391630574
7516,汚水,200.0,1996.0,26.805099419222696
7517,汚水,200.0,1996.0,37.086999999999534
7519,汚水,200.0,1996.0,27.31185211328557
7520,汚水,200.0,1996.0,30.875516950350956
7521,汚水,200.0,1996.0,32.426083041106125
7522,汚水,200.0,1996.0,28.906317712014662
7523,汚水,200.0,1996.0,42.72900587289306
7524,汚水,200.0,1996.0,24.00024300012993
7525,汚水,200.0,1996.0,7.337833261591677
7526,汚水,200.0,1996.0,9.77025551632681
7527,汚水,200.0,1996.0,34.68592250015588
7528,汚水,200.0,1996.0,4.071953013047031
7529,汚水,200.0,1996.0,48.44580064000214
7530,汚水,200.0,1996.0,30.37082962740174
7531,汚水,200.0,1996.0,27.228625830361555
7532,汚水,200.0,1996.0,25.210438756578426
7534,汚水,200.0,1996.0,12.769941634583258
7535,汚水,200.0,1996.0,9.769029904373989
7536,汚水,200.0,1996.0,26.740814779379043
7537,汚水,200.0,1996.0,20.325966261957863
7538,汚水,200.0,1996.0,20.400013479378554
7539,汚水,200.0,1996.0,33.02529342145286
7540,汚水,200.0,1996.0,16.446603583753806
7541,汚水,200.0,1996.0,15.89100406493781
7542,汚水,200.0,1996.0,41.59240505384688
7543,汚水,200.0,1996.0,21.578010068682406
7544,汚水,200.0,1996.0,26.458232187967255
7546,汚水,200.0,1996.0,23.521355429567826
7548,汚水,200.0,1996.0,33.75076870349679
7549,汚水,200.0,1996.0,43.17427819018633
7550,汚水,200.0,1996.0,21.404631432708296
7551,汚水,200.0,1996.0,18.521224193596808
7552,汚水,200.0,1996.0,22.276803856511165
7553,汚水,200.0,1996.0,13.607737892805943
7554,汚水,200.0,1996.0,26.195094860540536
7555,汚水,200.0,1996.0,35.72107969854851
7556,汚水,200.0,1996.0,2.433384674484978
7557,汚水,200.0,1996.0,22.120951563942583
7558,汚水,200.0,1996.0,18.039695381809203
7559,汚水,200.0,1996.0,19.042600353253984
7560,汚水,200.0,1996.0,19.418517687137488
7561,汚水,200.0,1996.0,9.809786246873124
7562,汚水,200.0,1996.0,20.269773998486055
7563,汚水,200.0,1996.0,25.8910700219532
7564,汚水,200.0,1996.0,11.240844568911358
7566,汚水,200.0,1996.0,33.454647297098916
7567,汚水,150.0,2007.0,38.741617056144555
7568,汚水,150.0,2007.0,8.36635920076215
7569,汚水,150.0,2008.0,7.57832593856883
7570,汚水,150.0,2008.0,23.30724757184586
7571,汚水,150.0,2008.0,5.972148585879641
7572,汚水,400.0,1995.0,100.04630471943905
7573,汚水,400.0,1995.0,98.79302978947275
7574,汚水,200.0,1995.0,49.10441559591353
7577,汚水,200.0,1994.0,12.839750028077587
7578,汚水,200.0,1994.0,12.436045983532962
7579,汚水,200.0,1994.0,6.5243279849618485
7581,汚水,200.0,1995.0,40.127987536178935
7582,汚水,200.0,1995.0,55.40028000604037
7583,汚水,200.0,1995.0,17.40620898270248
7584,汚水,200.0,1995.0,3.241635700013677
7585,汚水,200.0,1995.0,37.75025062400625
7586,汚水,200.0,1995.0,48.85168682306429
7588,汚水,300.0,1992.0,70.9745550574071
7589,汚水,200.0,1995.0,22.612174498954737
7590,汚水,200.0,1995.0,10.469738795277312
7591,汚水,200.0,1995.0,9.425928714596283
7592,汚水,200.0,1995.0,16.07319138364208
7593,汚水,200.0,1995.0,16.161257835333224
7594,汚水,200.0,1995.0,35.63292946989845
7595,汚水,200.0,1995.0,37.17948297486413
7596,汚水,200.0,1995.0,23.916768884245858
7597,汚水,200.0,1995.0,11.376099217458028
7598,汚水,200.0,1995.0,3.2674533693907355
7599,汚水,200.0,1995.0,14.395148172612659
7600,汚水,200.0,1995.0,12.324163840093128
7601,汚水,200.0,1995.0,10.412882764740504
7602,汚水,200.0,1995.0,30.54757200458097
7603,汚水,200.0,1995.0,17.044243898149215
7604,汚水,200.0,1995.0,14.52153469445769
7605,汚水,200.0,1996.0,49.755064726948525
7606,汚水,200.0,1995.0,24.152855571705334
7607,汚水,200.0,1995.0,14.300022298367713
7608,汚水,200.0,1995.0,13.107679281262458
7609,汚水,200.0,1995.0,3.480750664619271
7610,汚水,200.0,1995.0,10.974455655301817
7611,汚水,200.0,1995.0,22.009524915203574
7612,汚水,200.0,1995.0,2.975105172247771
7613,汚水,200.0,1995.0,6.977195071164551
7614,汚水,300.0,1995.0,80.3924803512246
7615,汚水,200.0,1995.0,19.50029832982018
7617,汚水,200.0,1995.0,48.22637767853421
7618,汚水,200.0,1995.0,6.5267240109950375
7619,汚水,200.0,1995.0,19.60841109186837
7620,汚水,200.0,1995.0,12.336860443057487
7621,汚水,200.0,1995.0,44.26758987602702
7622,汚水,200.0,1996.0,37.00347858458811
7623,汚水,300.0,1995.0,86.68077448374883
7624,汚水,300.0,1995.0,81.18718733271822
7625,汚水,200.0,1995.0,42.31382654941076
7626,汚水,200.0,1995.0,30.063437962419545
7627,汚水,200.0,1995.0,9.382533513469419
7628,汚水,200.0,1995.0,9.029073971084282
7629,汚水,300.0,1995.0,60.90183497641948
7630,汚水,200.0,1995.0,59.85538577558973
7631,汚水,200.0,1995.0,35.199171005873154
7632,汚水,200.0,1995.0,48.97934592800241
7633,汚水,200.0,1995.0,15.591723247203186
7634,汚水,200.0,1995.0,34.903614568620256
7635,汚水,200.0,1995.0,60.10336959791876
14757,汚水,150.0,2001.0,29.53173573298248
14758,汚水,150.0,2001.0,38.689002395162284
14759,汚水,150.0,2001.0,10.771283325372528
14760,汚水,150.0,2001.0,11.861894714872664
14761,汚水,150.0,2001.0,56.05707226733174
14763,汚水,150.0,2001.0,56.038641255284986
14765,汚水,150.0,2003.0,37.528189252664056
14766,汚水,150.0,2003.0,6.874881614367855
14767,汚水,150.0,2003.0,83.75255243450904
14768,汚水,150.0,2003.0,13.876269434361332
14769,汚水,150.0,2003.0,49.095257407476055
14770,汚水,150.0,2003.0,64.09568872464659
14771,汚水,150.0,2003.0,66.59679523285158
14772,汚水,150.0,2003.0,52.54582191412738
14773,汚水,150.0,2003.0,61.39478940979493
14774,汚水,150.0,2003.0,63.66027086071105
14775,汚水,150.0,2003.0,59.660266585039494
14776,汚水,150.0,2003.0,27.28230094821828
14777,汚水,150.0,2003.0,46.543702874388835
14778,汚水,150.0,2003.0,57.31301486466611
14779,汚水,150.0,2003.0,58.69348404136746
14780,汚水,150.0,2003.0,61.84768285528736
14781,汚水,150.0,2003.0,97.63607918390434
14782,汚水,150.0,2003.0,21.08528610968907
14783,汚水,150.0,2003.0,85.51571662661269
14784,汚水,150.0,2003.0,53.76284049248125
14785,汚水,150.0,2003.0,25.82970810430451
14786,汚水,150.0,2003.0,18.382063464210763
14787,汚水,150.0,2003.0,69.77628316080057
14788,汚水,150.0,2003.0,69.97214069585581
14789,汚水,150.0,2003.0,38.987526294540054
14790,汚水,150.0,2003.0,41.0717670491694
14791,汚水,150.0,2003.0,54.3795876396752
14792,汚水,150.0,2003.0,61.510578483306745
14793,汚水,150.0,2003.0,4.536807251101285
14794,汚水,150.0,2003.0,35.002187264131784
14795,汚水,250.0,1990.0,24.095979961812603
14796,汚水,150.0,,28.596569564358205
14797,汚水,150.0,2003.0,59.16828433207982
14798,汚水,150.0,2003.0,68.82006223514071
14799,汚水,150.0,2003.0,88.09170241581747
14800,汚水,150.0,2003.0,99.99944438088701
14801,汚水,150.0,2003.0,80.09883111229765
14802,汚水,150.0,2003.0,73.85360528432588
14803,汚水,150.0,2003.0,14.002328651218773
14804,汚水,150.0,2003.0,58.35301976492751
14805,汚水,150.0,2003.0,49.78518973272991
14806,汚水,150.0,2003.0,8.265243067588703
14807,汚水,150.0,2003.0,7.711487678012867
14808,汚水,150.0,2003.0,54.51136307592842
14809,汚水,200.0,1997.0,25.73731515648477
14810,汚水,200.0,1997.0,21.856068739481838
14811,汚水,200.0,1997.0,32.693280684554125
14812,汚水,200.0,1997.0,33.53758674376964
14813,汚水,200.0,1997.0,5.691886621772724
14814,汚水,200.0,1997.0,11.079657427100651
14815,汚水,200.0,1997.0,16.251499211377276
14816,汚水,200.0,1997.0,11.564124842055936
14817,汚水,200.0,1997.0,2.589707833755701
14818,汚水,200.0,1997.0,17.97843103306148
14819,汚水,200.0,1997.0,35.54476201497312
14820,汚水,200.0,1997.0,5.229711834437795
14821,汚水,200.0,1997.0,25.54596561063376
14823,汚水,200.0,1997.0,30.10138736535099
14824,汚水,200.0,1997.0,38.67889720181616
14825,汚水,200.0,1997.0,34.24639346089397
14827,汚水,200.0,1997.0,52.82870506116783
14828,汚水,200.0,1997.0,9.580591157969465
14829,汚水,200.0,1997.0,42.885476978135515
14830,汚水,200.0,1997.0,41.71921710837367
14832,汚水,200.0,1997.0,36.10383102928038
14833,汚水,200.0,1997.0,50.61113405219857
14835,汚水,150.0,2001.0,19.635860744795224
14836,汚水,150.0,2001.0,7.944531836429735
14837,汚水,250.0,1992.0,66.41074180316772
14838,汚水,250.0,1992.0,68.65900869031783
14841,汚水,250.0,1992.0,55.77231370319644
14842,汚水,250.0,1992.0,7.037905830398123
14843,汚水,250.0,1992.0,57.71099928045661
14844,汚水,250.0,1992.0,27.360275250684825
14845,汚水,250.0,1992.0,56.0541921883007
14847,汚水,250.0,1992.0,57.79173520860001
14848,汚水,250.0,1992.0,49.42168532180154
14849,汚水,250.0,1992.0,36.210582857935414
14850,汚水,200.0,1993.0,34.57729399754248
14851,汚水,200.0,1993.0,26.40829187354146
14852,汚水,250.0,1992.0,49.41742916793126
14853,汚水,250.0,1992.0,45.936138907858016
14854,汚水,250.0,1992.0,42.75052447455213
14855,汚水,250.0,1992.0,48.72585870161827
14856,汚水,250.0,1992.0,50.03001539764832
14857,汚水,250.0,1992.0,39.913093460938875
14858,汚水,250.0,1992.0,31.208824871219377
14859,汚水,250.0,1992.0,56.81444709832247
14861,汚水,250.0,1992.0,4.375000538289265
14862,汚水,250.0,1992.0,58.19088187138286
14864,汚水,200.0,1993.0,53.25023149376386
14865,汚水,200.0,1993.0,31.35615000463903
14866,汚水,200.0,1993.0,35.26165371898248
14867,汚水,200.0,1993.0,15.021068618360554
14868,汚水,200.0,1993.0,64.61631414260869
14869,汚水,200.0,1993.0,16.7219347954638
14870,汚水,200.0,1993.0,52.66266275422752
14871,汚水,200.0,1993.0,38.783001166092426
14872,汚水,200.0,1993.0,36.8805994241295
14873,汚水,200.0,1993.0,46.65367448318294
14874,汚水,200.0,1993.0,45.117424273475756
14875,汚水,200.0,1993.0,41.886617139587784
14876,汚水,200.0,1993.0,16.629015450292894
14877,汚水,200.0,1993.0,22.984041860751393
14878,汚水,200.0,1993.0,6.798899520042636
14879,汚水,200.0,1993.0,33.091814954324086
14880,汚水,200.0,1993.0,33.173628853623164
14881,汚水,200.0,1993.0,34.75556240101456
14882,汚水,200.0,1993.0,23.346002360330782
14883,汚水,200.0,1993.0,24.95733008224057
14885,汚水,200.0,1993.0,45.56744420299101
14886,汚水,200.0,1993.0,23.99185213613047
14887,汚水,200.0,1993.0,27.871359964842014
14888,汚水,200.0,1993.0,27.154690571910805
14890,汚水,200.0,1993.0,26.53782844383329
14891,汚水,200.0,1993.0,21.79436291940555
14892,汚水,200.0,1993.0,29.00781819796499
14893,汚水,200.0,1993.0,30.319243789020813
14894,汚水,200.0,1993.0,29.749999239012954
14895,汚水,200.0,1993.0,29.793128851883157
14897,汚水,200.0,1993.0,37.18796709873295
14898,汚水,200.0,1993.0,47.58475558812049
14899,汚水,200.0,1993.0,26.752363410426923
14900,汚水,200.0,1993.0,59.80988228676809
14901,汚水,200.0,1993.0,32.35658030966977
14902,汚水,200.0,1993.0,46.86205750781552
14903,汚水,200.0,1993.0,41.86975498789535
14904,汚水,200.0,1993.0,29.723026244924668
14906,汚水,200.0,1993.0,37.663527537633705
14908,汚水,600.0,1987.0,61.24784320244585
14910,汚水,600.0,1987.0,63.277453423569376
14911,汚水,600.0,1987.0,59.97364609185045
14912,汚水,250.0,1989.0,35.994682698145695
14913,汚水,250.0,1989.0,13.396293060312864
14914,汚水,250.0,1989.0,2.17549746667979
14916,汚水,250.0,1989.0,44.8211012412258
14917,汚水,250.0,1989.0,14.79073224996641
14918,汚水,250.0,1989.0,1.7903158616480095
14919,汚水,250.0,1989.0,13.895691597657644
14920,汚水,250.0,1989.0,20.845302274251658
14921,汚水,250.0,1989.0,20.546269969478686
14922,汚水,250.0,1989.0,30.052660662213867
14923,汚水,250.0,1989.0,16.127191908802825
14924,汚水,250.0,1989.0,33.92454883788741
14925,汚水,250.0,1990.0,34.28024539873968
14926,汚水,250.0,1989.0,20.071865693171517
14927,汚水,250.0,1989.0,4.548993042238026
14928,汚水,250.0,1989.0,35.1966264040238
14929,汚水,250.0,1989.0,15.044651796692538
14930,汚水,250.0,1988.0,48.91288519998769
14931,汚水,250.0,1989.0,49.236549155775656
14934,汚水,250.0,1989.0,45.09377483592031
14935,汚水,250.0,1989.0,45.24346963414234
14936,汚水,250.0,1989.0,5.903100726063167
14937,汚水,250.0,1989.0,49.772840733449605
14938,汚水,250.0,1989.0,16.06630723510342
14939,汚水,250.0,1989.0,36.61262086260525
14940,汚水,250.0,1989.0,3.5823968417202128
14941,汚水,250.0,1989.0,22.635531419019287
14942,汚水,250.0,1988.0,16.949265585821873
14943,汚水,250.0,1989.0,48.646144717391145
14944,汚水,250.0,1988.0,20.279246733824944
14945,汚水,250.0,1989.0,29.801376443729577
14946,汚水,250.0,1988.0,31.87287350539809
14947,汚水,250.0,1989.0,36.873057781029104
14948,汚水,250.0,1989.0,38.76857553517943
14949,汚水,250.0,1989.0,37.3019919116142
14950,汚水,250.0,1989.0,34.61590417865707
14951,汚水,250.0,1989.0,46.55111629474812
14952,汚水,250.0,1989.0,2.5143668142835987
14953,汚水,250.0,1989.0,40.82054546766299
14955,汚水,250.0,1989.0,23.399129633164826
14956,汚水,250.0,1989.0,3.2280502030670455
14957,汚水,250.0,1989.0,15.042752700907798
14958,汚水,250.0,1989.0,40.617558312197225
14960,汚水,250.0,1989.0,37.43601024908844
14961,汚水,250.0,1989.0,49.8164406217935
14962,汚水,250.0,1989.0,49.778194545344824
14963,汚水,250.0,1989.0,50.17107022998705
14964,汚水,250.0,1989.0,8.922777100709482
14965,汚水,250.0,1989.0,43.861482872066176
14966,汚水,250.0,1989.0,7.4194107582718605
14967,汚水,250.0,1988.0,41.36869613359884
14968,汚水,250.0,1989.0,30.70073367969479
14969,汚水,250.0,1989.0,28.78750040272042
14970,汚水,250.0,1988.0,3.8052450630743606
14971,汚水,250.0,1988.0,42.341480339228994
14972,汚水,250.0,1988.0,35.61779997918012
14973,汚水,250.0,1988.0,36.81840696223765
14974,汚水,250.0,1989.0,43.70266618438601
14975,汚水,250.0,1989.0,6.657330703838512
14976,汚水,250.0,1988.0,32.2479416173422
14977,汚水,250.0,1989.0,12.974752468942373
14978,汚水,250.0,1989.0,27.838314583009343
14979,汚水,250.0,1989.0,26.034585572629616
14980,汚水,250.0,1989.0,6.523284924781686
14981,汚水,250.0,1989.0,36.98387043655911
14982,汚水,250.0,1989.0,6.508716679328425
14983,汚水,250.0,1989.0,43.490664645480315
14984,汚水,250.0,1989.0,11.394211609626263
14985,汚水,250.0,1989.0,28.360496221854167
14986,汚水,250.0,1989.0,34.01562049070818
14987,汚水,250.0,1991.0,37.52167938147372
14988,汚水,250.0,1991.0,17.240764281817437
14989,汚水,250.0,1991.0,74.19715564914011
14990,汚水,250.0,1991.0,25.254327494393277
14991,汚水,250.0,1991.0,48.489253775681355
14992,汚水,250.0,1991.0,47.31001950334441
14993,汚水,250.0,1991.0,4.2241440849879375
14994,汚水,250.0,1991.0,50.118372561156605
14995,汚水,250.0,1991.0,42.18560014353879
14996,汚水,250.0,1991.0,4.419630358660154
14997,汚水,250.0,1991.0,48.580371452329615
14998,汚水,250.0,1991.0,58.207891872687235
14999,汚水,250.0,1991.0,54.283233486670866
15000,汚水,250.0,1991.0,4.520878421936623
15001,汚水,250.0,1991.0,72.37907275339907
15003,汚水,250.0,1991.0,61.92228953532527
15004,汚水,250.0,1991.0,53.66477221168495
15005,汚水,250.0,1991.0,6.470410806764611
15006,汚水,250.0,1991.0,55.46794233301875
15007,汚水,250.0,1991.0,32.361064819356926
15008,汚水,250.0,1990.0,51.59774285746423
15009,汚水,250.0,1991.0,44.18633091411617
15010,汚水,250.0,1991.0,56.66678382720244
15012,汚水,250.0,1991.0,2.4373143353631352
15013,汚水,150.0,2000.0,55.33030917763928
15014,汚水,150.0,2001.0,80.07153963584038
15015,汚水,150.0,2006.0,26.094663930493777
15016,汚水,150.0,2007.0,65.79710488527522
15017,汚水,150.0,2006.0,66.81136266455955
15018,汚水,150.0,2008.0,35.997076587485864
15019,汚水,150.0,2007.0,32.15984814555583
15020,汚水,150.0,2010.0,40.440110970227046
15021,汚水,150.0,2007.0,30.379973697777167
15022,汚水,250.0,1990.0,12.600299274490034
15023,汚水,250.0,1990.0,14.692694325013921
15024,汚水,250.0,1990.0,15.340021120072223
15025,汚水,250.0,1990.0,35.064167179403924
15026,汚水,250.0,1990.0,9.571069766263951
15027,汚水,250.0,1990.0,10.069428908975764
15029,汚水,250.0,1990.0,9.050534222515266
15030,汚水,250.0,1990.0,21.44710970626657
15031,汚水,250.0,1990.0,16.10531076144689
15033,汚水,250.0,1990.0,25.666284559640147
15034,汚水,250.0,1990.0,27.62265515725593
15035,汚水,250.0,1990.0,31.838234158587756
15036,汚水,250.0,1990.0,5.850879116620125
15037,汚水,250.0,1990.0,12.876252791890154
15038,汚水,250.0,1990.0,5.127830746117768
15039,汚水,250.0,1990.0,40.06957591676899
15040,汚水,250.0,1990.0,14.852588374613164
15041,汚水,400.0,1990.0,66.12759482386627
15042,汚水,250.0,1990.0,32.85054372238651
15043,汚水,250.0,1990.0,16.287588779568637
15045,汚水,250.0,1990.0,25.85176444599563
15047,汚水,250.0,1990.0,24.1168987609968
15048,汚水,250.0,1990.0,11.787846817820725
15049,汚水,250.0,1990.0,16.973263039085516
15050,汚水,250.0,1990.0,17.60118382927999
15051,汚水,250.0,1990.0,21.00284898977361
15052,汚水,250.0,1990.0,20.019825407357015
15054,汚水,250.0,1990.0,24.2403372072561
15055,汚水,250.0,1990.0,3.7353679351960736
15056,汚水,250.0,1990.0,19.373235864790008
15058,汚水,250.0,1990.0,34.84684607827731
15059,汚水,250.0,1990.0,11.752688834882747
15060,汚水,250.0,1990.0,10.804806022056932
15061,汚水,250.0,1990.0,22.33306983613974
15062,汚水,250.0,1990.0,11.120861499890111
15063,汚水,250.0,1990.0,24.57646998188899
15064,汚水,250.0,1990.0,16.12444682091271
15065,汚水,250.0,1990.0,46.16420876040804
15066,汚水,250.0,1990.0,28.351624461306912
15067,汚水,250.0,1990.0,29.093956050095226
15068,汚水,250.0,1990.0,27.68292989171672
15071,汚水,250.0,1990.0,14.960554844637368
15073,汚水,250.0,1990.0,20.6281422639083
15074,汚水,250.0,1990.0,33.38446713060744
15075,汚水,250.0,1990.0,33.72397192337957
15076,汚水,250.0,1990.0,23.745510471216903
15077,汚水,250.0,1990.0,23.957478653380686
15078,汚水,250.0,1990.0,3.3749999999985447
7636,汚水,200.0,1995.0,17.85567142386726
7637,汚水,200.0,1995.0,9.827576046649272
7638,汚水,200.0,1995.0,38.959388677094374
7639,汚水,300.0,1995.0,40.01698839156354
7640,汚水,300.0,1995.0,73.2968084504943
7641,汚水,200.0,1995.0,45.103511859973736
7642,汚水,200.0,1995.0,46.62882235645489
7643,汚水,200.0,1995.0,3.660313777477716
7644,汚水,200.0,1995.0,19.790064860719294
7645,汚水,200.0,,20.35622758207411
7646,汚水,200.0,1995.0,19.680857013107403
7647,汚水,200.0,,19.7194867088653
7648,汚水,200.0,,17.99423530725551
7649,汚水,300.0,,4.694296830630129
7650,汚水,300.0,,7.426812966109826
7651,汚水,300.0,,25.527895057691126
7652,汚水,300.0,,23.73629452189412
7653,汚水,300.0,,43.7976431718336
7654,汚水,300.0,,22.56194205874202
7655,汚水,300.0,,43.105222019857564
7656,汚水,200.0,,21.27883918956302
7657,汚水,200.0,,33.26969261085893
7658,汚水,200.0,,24.69235431945497
7659,汚水,300.0,,46.28191283547991
7660,汚水,250.0,,26.030012709906313
7661,汚水,250.0,,7.917678268877843
7662,汚水,250.0,,4.501984131390669
7663,汚水,250.0,,19.316220325166746
7664,汚水,300.0,,30.04403557652412
7666,汚水,250.0,,5.999095581551151
7667,汚水,250.0,,15.019636875438163
7668,汚水,200.0,,17.855501536361228
7669,汚水,200.0,,4.860059523288694
7670,汚水,200.0,,15.920074926456147
7671,汚水,250.0,,16.43568472546706
7673,汚水,250.0,,17.748533667718316
7674,汚水,250.0,,30.92750424527842
7675,汚水,250.0,,39.117308958485104
7677,汚水,200.0,1995.0,16.130794105373624
7678,汚水,250.0,1989.0,39.87473692316255
7679,汚水,250.0,1989.0,26.12463401553928
7680,汚水,250.0,1989.0,16.249521465225648
7681,汚水,250.0,1989.0,33.41146043626892
7682,汚水,250.0,1989.0,5.7061380224845415
7683,汚水,250.0,1989.0,26.132752631017922
7684,汚水,250.0,1989.0,28.68090204418694
7685,汚水,250.0,1989.0,34.99329376930024
7686,汚水,250.0,1993.0,48.84079398703097
7687,汚水,250.0,1989.0,2.907086623790394
7688,汚水,250.0,1989.0,38.03526298045705
7689,汚水,250.0,1989.0,25.479486319226982
7690,汚水,250.0,1989.0,3.957131468131824
7691,汚水,250.0,1992.0,29.387774058569807
7692,汚水,250.0,1989.0,6.038554358761683
7693,汚水,250.0,1992.0,11.600214659369147
7694,汚水,250.0,1989.0,18.734980951869403
7695,汚水,250.0,1989.0,17.790458405012956
7696,汚水,250.0,1989.0,7.640339310739737
7697,汚水,250.0,1989.0,5.548274350582261
7699,汚水,250.0,1989.0,8.12291797352864
7701,汚水,250.0,1995.0,23.927205136256653
7702,汚水,250.0,,10.08541647169808
7703,汚水,250.0,,50.065130722106176
7704,汚水,250.0,,34.18028570622149
7706,汚水,250.0,1992.0,43.17699642192304
7707,汚水,250.0,1992.0,49.57371655003659
7708,汚水,250.0,1992.0,30.850830350386243
7710,汚水,250.0,1992.0,29.477923160929798
7711,汚水,250.0,1992.0,29.827816350578374
7712,汚水,250.0,1992.0,30.28818552809552
7713,汚水,250.0,1992.0,3.9750000000058208
7714,汚水,250.0,1992.0,39.032020841997124
7716,汚水,250.0,1992.0,43.31105069997857
7717,汚水,250.0,1992.0,45.32695792118281
7718,汚水,250.0,1992.0,26.782875786901418
7719,汚水,200.0,1996.0,41.06822921380723
7720,汚水,250.0,1992.0,25.03671978217399
7721,汚水,250.0,1992.0,10.371996432506675
7722,汚水,250.0,1992.0,50.32341536711391
7723,汚水,250.0,1992.0,17.058055984565552
7724,汚水,250.0,1992.0,7.719043454991789
7725,汚水,250.0,1992.0,26.463466233309532
7726,汚水,250.0,1992.0,33.484522173703375
7727,汚水,250.0,1992.0,27.64677005391777
7728,汚水,250.0,1992.0,40.91228747064338
7729,汚水,250.0,1992.0,40.66908746674673
7730,汚水,250.0,1992.0,32.072017289302444
7731,汚水,250.0,1992.0,27.54599458901449
7732,汚水,250.0,,24.055777170374295
7733,汚水,250.0,,21.650139577686907
7734,汚水,250.0,,19.994560271482694
7735,汚水,200.0,1993.0,50.26963347911162
7736,汚水,250.0,,21.29102873030675
7737,汚水,250.0,,29.642225122796635
7738,汚水,150.0,2008.0,16.375408240359587
7739,汚水,150.0,2006.0,32.36781212455242
7740,汚水,150.0,2006.0,29.799823868661793
7741,汚水,150.0,2006.0,49.10731073081985
7742,汚水,150.0,2006.0,25.557479144493904
7743,汚水,150.0,2006.0,47.99863497882558
7744,汚水,150.0,2006.0,43.965048664665844
7745,汚水,150.0,2006.0,17.410058641154837
7746,汚水,150.0,2006.0,23.189643422295973
7747,汚水,150.0,2006.0,17.929679399321373
7748,汚水,150.0,2006.0,18.22512098275705
7749,汚水,150.0,2006.0,27.155082288719914
7750,汚水,150.0,2006.0,27.296816874155745
7751,汚水,150.0,2006.0,33.47501239084542
7752,汚水,150.0,2006.0,29.127800009569278
7753,汚水,150.0,2006.0,40.098605092770626
7754,汚水,150.0,2006.0,22.494150986038694
7755,汚水,150.0,2007.0,36.53237189295842
7756,汚水,150.0,2007.0,40.73433981961021
7757,汚水,150.0,2006.0,20.71031973105082
7758,汚水,150.0,2006.0,20.46615552989157
7759,汚水,250.0,2007.0,35.82657744864639
7760,汚水,150.0,2007.0,28.77546721778213
7761,汚水,150.0,2007.0,48.284435872475136
7762,汚水,150.0,2007.0,55.715584117258786
7763,汚水,150.0,2007.0,24.588578592514406
7764,汚水,150.0,2006.0,30.190374597273127
7765,汚水,150.0,2006.0,31.67097447993091
7766,汚水,150.0,2006.0,26.90532516480139
7767,汚水,150.0,2008.0,17.700423312484244
7768,汚水,150.0,2008.0,23.541193948266574
7769,汚水,150.0,2008.0,31.403621402207342
7770,汚水,150.0,2008.0,27.642208420951118
7771,汚水,150.0,2008.0,23.030979805390135
7772,汚水,150.0,2008.0,20.220179684490493
7773,汚水,150.0,2008.0,19.56843989804903
7774,汚水,150.0,2005.0,45.5415740990489
7775,汚水,150.0,2005.0,22.589487112300702
7776,汚水,250.0,,28.64985149103221
7777,汚水,250.0,,29.42823422725659
7778,汚水,250.0,,14.64760191037061
7779,汚水,250.0,,27.06661140031179
7780,汚水,250.0,,48.68586774668721
7782,汚水,200.0,2005.0,29.338073610043438
7783,汚水,250.0,,22.380926002095773
7784,汚水,200.0,2003.0,46.50986138049345
7785,汚水,150.0,2000.0,93.39494451942004
7787,汚水,150.0,2006.0,22.32516658042519
7788,汚水,150.0,2006.0,15.245780339974893
7789,汚水,150.0,2007.0,6.14521947759018
7790,汚水,200.0,2003.0,44.899690299726885
7791,汚水,250.0,1989.0,30.038104560012954
7792,汚水,200.0,2003.0,47.01122092562175
7793,汚水,250.0,,8.03196835422697
7794,汚水,200.0,2005.0,30.934069945401767
7795,汚水,200.0,2005.0,39.89729601890803
7796,汚水,200.0,2005.0,42.11739005570884
7797,汚水,150.0,,20.450580176681108
7798,汚水,200.0,,3.2056515182984535
7802,汚水,250.0,,23.411970255557804
7803,汚水,250.0,,19.865376461570328
7804,汚水,250.0,,48.52427097697804
7805,汚水,250.0,,23.921010103421235
7806,汚水,150.0,2005.0,20.75222252422118
7807,汚水,150.0,2005.0,28.159114675941638
7808,汚水,150.0,2005.0,21.19989378941667
7809,汚水,150.0,2005.0,18.599547842469686
7810,汚水,150.0,2005.0,17.78780527520169
7811,汚水,150.0,2005.0,18.137845422266437
7812,汚水,150.0,2005.0,22.35400550156825
7813,汚水,150.0,2005.0,23.269712989861233
7814,汚水,150.0,2005.0,27.190038090121764
7815,汚水,150.0,2005.0,27.89418420610568
7816,汚水,150.0,2005.0,26.916612485425134
7817,汚水,250.0,,19.08888389227289
7818,汚水,250.0,,18.855491145405725
7819,汚水,250.0,,19.37527827415789
7823,汚水,150.0,1999.0,45.90235513813455
7826,汚水,250.0,,16.867736584232738
7827,汚水,250.0,,17.708428739173442
7828,汚水,250.0,1999.0,9.78152661766164
7829,汚水,250.0,,29.23584515650533
7830,汚水,250.0,1999.0,34.92337537712047
7831,汚水,250.0,,33.15719382882924
7832,汚水,250.0,,44.539866284879395
7833,汚水,150.0,2005.0,43.705923168256845
7834,汚水,200.0,1999.0,38.84038510225512
7835,汚水,250.0,,35.75120229409488
7836,汚水,200.0,,29.80906066081684
7837,汚水,200.0,,3.0828723225968186
7838,汚水,200.0,2001.0,26.667916869764905
7839,汚水,200.0,2001.0,29.940993388455247
7840,汚水,250.0,,15.016472781161866
7841,汚水,250.0,,20.351076054921734
7842,汚水,250.0,,26.224097610448773
7843,汚水,250.0,,25.87342940165942
7844,汚水,150.0,,27.47382088833338
7845,汚水,200.0,2001.0,24.594731750105467
7846,汚水,200.0,2001.0,34.48343668062472
7847,汚水,250.0,,26.634698690439215
7848,汚水,250.0,,19.60571332496653
7849,汚水,250.0,2001.0,24.958580973605788
7850,汚水,250.0,,10.261088240170611
7851,汚水,250.0,,19.20825468186173
7852,汚水,250.0,,31.3674321380711
7853,汚水,250.0,,33.87563048388606
7854,汚水,250.0,2007.0,22.288953767809605
7855,汚水,200.0,2007.0,7.069902030662652
7856,汚水,250.0,2007.0,29.808500037987994
7857,汚水,250.0,2007.0,19.396760947877056
7858,汚水,250.0,2007.0,26.363806601782198
7859,汚水,250.0,2001.0,17.54426359851265
7860,汚水,250.0,2007.0,81.971245106974
7861,汚水,250.0,2007.0,7.5878487936913235
7862,汚水,250.0,,41.138530211774025
7863,汚水,300.0,1999.0,25.990764316926633
7864,汚水,300.0,,35.85562694438425
7866,汚水,150.0,2002.0,15.874925627057378
7867,汚水,150.0,2002.0,41.97516820328442
7868,汚水,150.0,2002.0,47.700094327211445
7869,汚水,250.0,2007.0,36.245359297498496
7870,汚水,250.0,1989.0,49.919503670217836
7871,汚水,250.0,1989.0,7.876810174022453
7872,汚水,250.0,1989.0,17.480157114919077
7873,汚水,250.0,1989.0,16.402937635317087
7874,汚水,250.0,1989.0,15.335959783807564
7875,汚水,250.0,1989.0,7.028871597649468
7876,汚水,250.0,1989.0,8.56748972495221
7877,汚水,250.0,1989.0,5.982545973033084
7878,汚水,250.0,1989.0,18.212338477651713
7879,汚水,250.0,1989.0,7.656504187130569
7880,汚水,250.0,1989.0,19.716241574138333
7881,汚水,250.0,1989.0,6.742281422427675
7882,汚水,250.0,1989.0,12.979827135658812
7883,汚水,250.0,1989.0,29.170824937230957
7885,汚水,250.0,1989.0,39.075477650318284
7886,汚水,250.0,1989.0,12.325331333106675
7887,汚水,250.0,1989.0,28.97655230070296
7888,汚水,250.0,1989.0,37.09838177660098
7889,汚水,250.0,1989.0,22.553237085746968
7890,汚水,250.0,1989.0,14.901526662692776
7891,汚水,250.0,1989.0,13.77739853616899
7892,汚水,250.0,1989.0,48.83280426296601
7893,汚水,250.0,1989.0,29.438236227052926
7894,汚水,250.0,1989.0,14.948927046877975
7895,汚水,250.0,1989.0,54.40374017746166
7896,汚水,250.0,1989.0,23.785943840422462
7897,汚水,250.0,1989.0,25.665779334864872
7898,汚水,250.0,1988.0,21.530969554965083
7899,汚水,250.0,1988.0,16.400515292437714
7900,汚水,250.0,1988.0,48.62503534515254
7901,汚水,250.0,1988.0,16.24741814091602
7902,汚水,250.0,1996.0,36.74946882363887
7903,汚水,250.0,1988.0,29.652307918943766
7904,汚水,250.0,1988.0,49.71312421914424
7905,汚水,250.0,1989.0,29.068465196570905
7906,汚水,250.0,1989.0,18.98095220411599
7907,汚水,250.0,1989.0,16.22437996724439
7908,汚水,250.0,1989.0,3.2850904800650786
7910,汚水,250.0,1989.0,37.99160890114219
7911,汚水,250.0,1989.0,42.14623716469502
7912,汚水,250.0,1989.0,15.420449797020975
7913,汚水,250.0,1989.0,35.434945452824834
7914,汚水,250.0,1989.0,16.898646054785814
7915,汚水,250.0,1989.0,13.651623156404138
7916,汚水,250.0,1989.0,44.080130621440524
7917,汚水,250.0,1989.0,39.03832379997704
7918,汚水,250.0,1989.0,14.120703320965024
7919,汚水,250.0,1989.0,31.88166897196649
7920,汚水,250.0,1989.0,24.725559392506163
7921,汚水,250.0,1989.0,12.78539844325896
7922,汚水,250.0,1989.0,21.030962083738068
7923,汚水,250.0,1989.0,33.883425385705024
7924,汚水,250.0,1989.0,33.46932169217615
7925,汚水,250.0,1989.0,34.39467718052315
7926,汚水,250.0,1989.0,19.973389220855662
7927,汚水,250.0,1989.0,9.378170906081392
7928,汚水,250.0,1990.0,31.142070300356547
7929,汚水,250.0,1990.0,40.916095799691035
7930,汚水,250.0,1990.0,22.16005806136033
7931,汚水,250.0,1990.0,16.734529556876907
7932,汚水,250.0,1990.0,36.36389941529886
7933,汚水,250.0,1990.0,17.877611496932346
7934,汚水,250.0,1989.0,41.92549694257552
7935,汚水,250.0,1990.0,65.13942415366175
7936,汚水,250.0,1990.0,5.482585142659335
7937,汚水,250.0,1990.0,38.74358527284969
7938,汚水,250.0,1990.0,17.276137016510038
7939,汚水,250.0,1990.0,18.9191351324055
7940,汚水,250.0,1990.0,28.069317726255996
7941,汚水,250.0,1990.0,43.92573641360945
7942,汚水,250.0,1990.0,42.052502027997456
7943,汚水,250.0,1990.0,7.4854603872419005
7944,汚水,250.0,1990.0,13.573107680311814
7945,汚水,250.0,1990.0,25.100463018954354
7946,汚水,250.0,1990.0,48.18267502658333
7947,汚水,250.0,1989.0,12.85875193384675
7948,汚水,250.0,1989.0,13.42000247055598
7949,汚水,250.0,1989.0,20.137506684036843
7951,汚水,250.0,1990.0,20.881148537571715
7952,汚水,250.0,1990.0,4.540515133909843
7955,汚水,250.0,1989.0,49.7351575476782
7956,汚水,250.0,1989.0,23.153809628885696
7957,汚水,250.0,1989.0,38.0737218112581
15079,汚水,250.0,1990.0,27.160810150973393
15080,汚水,250.0,1990.0,32.77470621729889
15081,汚水,250.0,1990.0,26.55981162205833
15082,汚水,250.0,1990.0,5.200169765947293
15083,汚水,250.0,1990.0,43.736136372368584
15084,汚水,250.0,1990.0,11.378548725679234
15085,汚水,400.0,1990.0,39.683511986795104
15086,汚水,250.0,1990.0,8.856539396711506
15087,汚水,250.0,1990.0,20.532625651014417
15088,汚水,250.0,1990.0,7.809395388861643
15089,汚水,250.0,1990.0,27.060571338028762
15090,汚水,250.0,1990.0,30.956909947174168
15091,汚水,250.0,1990.0,21.17479948395545
15092,汚水,250.0,1990.0,13.103338251793534
15093,汚水,250.0,1990.0,31.873596566487787
15094,汚水,250.0,1990.0,12.354720522670801
15095,汚水,250.0,1990.0,18.416785219985517
15096,汚水,250.0,1990.0,27.82814041446934
15097,汚水,250.0,1990.0,9.966830828020179
15098,汚水,250.0,1990.0,2.8816932099781494
15099,汚水,250.0,1990.0,28.312340729691275
15100,汚水,250.0,1990.0,27.454280742005096
15101,汚水,250.0,1990.0,4.018495884917638
15102,汚水,250.0,1990.0,6.707103150693962
15105,汚水,250.0,1990.0,23.603555819582915
15106,汚水,250.0,1990.0,11.93762625914326
15107,汚水,250.0,1990.0,34.368390484279544
15108,汚水,250.0,1990.0,42.19575218017975
15109,汚水,250.0,1990.0,11.441227285798792
15110,汚水,250.0,1990.0,12.92735934941739
15111,汚水,250.0,1990.0,16.936675187092717
15112,汚水,250.0,1990.0,10.035661781809427
15113,汚水,250.0,1990.0,49.34637265478701
15114,汚水,250.0,1990.0,8.50698007708954
15115,汚水,250.0,1990.0,31.48751142177136
15116,汚水,250.0,1990.0,7.835712272505019
15117,汚水,250.0,1990.0,22.583843598862433
15118,汚水,250.0,1990.0,10.516952332391167
15119,汚水,250.0,1990.0,2.4357136730788023
15120,汚水,250.0,1990.0,17.00229945183253
15121,汚水,250.0,1990.0,37.313901626966704
15122,汚水,250.0,1990.0,14.454192181637708
15123,汚水,250.0,1990.0,18.575152052140528
15124,汚水,250.0,1990.0,11.017213533214724
15125,汚水,250.0,1990.0,12.923754311068343
15126,汚水,250.0,1990.0,11.853018983082913
15127,汚水,250.0,1990.0,34.96306729841716
15128,汚水,250.0,1990.0,3.185612382752391
15129,汚水,250.0,1990.0,3.9092850032137294
15130,汚水,250.0,1990.0,4.557237228574079
15131,汚水,250.0,1990.0,16.812824509620178
15132,汚水,250.0,1990.0,17.448551136501333
15133,汚水,250.0,1990.0,13.65180640699681
15134,汚水,250.0,1990.0,26.179933352545735
15135,汚水,250.0,1990.0,19.252213837906826
15136,汚水,250.0,1990.0,31.880609825610122
15137,汚水,250.0,1990.0,32.002711237345785
15138,汚水,250.0,1990.0,2.654359922640038
15139,汚水,250.0,1990.0,17.7805287504414
15140,汚水,250.0,1990.0,19.88745988532533
15141,汚水,250.0,1986.0,15.665447760995393
15142,汚水,250.0,1986.0,21.43906454237047
15143,汚水,250.0,1986.0,46.06364168145461
15144,汚水,250.0,1986.0,5.1893221740230056
15145,汚水,250.0,1986.0,29.19363194958544
15146,汚水,250.0,1986.0,32.674371689952615
15147,汚水,250.0,1986.0,28.318682982891783
15148,汚水,250.0,1986.0,12.122176095315973
15149,汚水,250.0,1986.0,8.333583727171934
15150,汚水,600.0,1986.0,22.85330887330624
15153,汚水,250.0,1986.0,25.77186601268714
15154,汚水,250.0,1986.0,5.557369593241467
15155,汚水,250.0,1986.0,13.33021235850197
15157,汚水,250.0,1986.0,30.116495390641695
15158,汚水,250.0,1986.0,8.648294565927134
15159,汚水,250.0,1986.0,7.477013646237681
15160,汚水,250.0,1986.0,10.147767875375983
15161,汚水,250.0,1986.0,20.239363943792974
15162,汚水,250.0,1986.0,4.508325611564138
15163,汚水,250.0,1986.0,7.201347412973593
15164,汚水,250.0,1986.0,13.063769754970632
15165,汚水,250.0,1986.0,34.604892327200915
15166,汚水,250.0,1986.0,4.510601475680499
15167,汚水,600.0,1986.0,41.20934338591097
15168,汚水,250.0,1989.0,4.759558980833069
15169,汚水,250.0,1986.0,34.15277097460892
15170,汚水,250.0,1986.0,48.98895842532283
15171,汚水,250.0,1986.0,4.768405180790954
15172,汚水,600.0,1986.0,54.06230057237169
15173,汚水,250.0,1990.0,35.678977275160825
15174,汚水,250.0,1990.0,14.527129444156067
15175,汚水,250.0,1990.0,24.924949566248422
15176,汚水,250.0,1990.0,11.725578482099685
15177,汚水,250.0,1990.0,19.693768007463202
15178,汚水,250.0,1990.0,15.033588154012321
15179,汚水,250.0,1990.0,27.404732333341045
15180,汚水,250.0,1990.0,20.885715974796955
15181,汚水,250.0,1990.0,24.082589874598472
15182,汚水,250.0,1990.0,24.1263851367273
15183,汚水,250.0,1990.0,10.709434217522608
15184,汚水,250.0,1990.0,13.423857283549035
15185,汚水,250.0,1990.0,11.454816563662634
15186,汚水,250.0,1990.0,21.021822682192518
15187,汚水,250.0,1990.0,49.02173343777436
15188,汚水,250.0,1990.0,17.24656404472593
15189,汚水,250.0,1990.0,33.509612201579756
15190,汚水,250.0,1990.0,7.239544144681598
15191,汚水,250.0,1990.0,17.444074213330914
15192,汚水,250.0,1990.0,12.613936245989278
15193,汚水,250.0,1990.0,10.62960707126299
15194,汚水,250.0,1990.0,12.592686132736063
15195,汚水,250.0,1990.0,15.37646652277319
15196,汚水,250.0,1990.0,24.21353724017699
15197,汚水,250.0,1990.0,16.318891268862373
15198,汚水,250.0,1990.0,11.360020283946659
15199,汚水,250.0,1990.0,11.504431647476666
15200,汚水,250.0,1990.0,32.088145115102705
15201,汚水,250.0,1990.0,11.017434972253087
15203,汚水,250.0,1990.0,64.71165369512389
15204,汚水,250.0,1990.0,17.863521094116525
15205,汚水,250.0,1990.0,50.840966942669
15206,汚水,250.0,1990.0,49.038519454939895
15207,汚水,600.0,1986.0,34.98519197120665
15208,汚水,250.0,1990.0,42.47037127658405
15209,汚水,250.0,1990.0,37.0693099881164
15211,汚水,150.0,2001.0,29.32755580909544
15212,汚水,150.0,2000.0,12.497856340242713
15213,汚水,150.0,2000.0,9.727905419788806
15214,汚水,250.0,1990.0,33.05761030662017
15215,汚水,150.0,2007.0,92.11399030891387
15216,汚水,150.0,2007.0,8.355029075650322
15217,汚水,150.0,2007.0,44.62309194789403
15218,汚水,600.0,1986.0,54.11611324379451
15219,汚水,250.0,1990.0,28.42328809161535
15222,汚水,250.0,1990.0,23.811617338662984
15223,汚水,250.0,1990.0,39.87916278699966
15224,汚水,250.0,1990.0,48.649545105525235
15225,汚水,250.0,1990.0,29.149098672324
15226,汚水,250.0,1990.0,24.1667530973577
15227,汚水,250.0,1990.0,16.919103205637896
15228,汚水,250.0,1990.0,22.32699099160425
15229,汚水,250.0,1990.0,30.05856634134489
15230,汚水,250.0,1990.0,1.811291364307582
15231,汚水,250.0,1990.0,17.064681715757516
15233,汚水,250.0,1990.0,27.067489140656107
15234,汚水,250.0,1990.0,29.50082108563292
15235,汚水,250.0,1990.0,38.96514282164362
15236,汚水,250.0,1990.0,33.642106396830144
15237,汚水,250.0,1990.0,46.16851718118912
15238,汚水,250.0,1990.0,41.034045533361855
15239,汚水,250.0,1990.0,26.242419179318343
15240,汚水,250.0,1990.0,26.673289447743386
15241,汚水,250.0,1990.0,46.605577186546846
15242,汚水,250.0,1990.0,34.748214298733444
15243,汚水,250.0,1990.0,30.856362459376427
15244,汚水,250.0,1990.0,50.19311888371813
15245,汚水,250.0,1990.0,7.5136533953555205
15246,汚水,250.0,1990.0,15.254674364788546
15247,汚水,250.0,1990.0,9.896407563653945
15248,汚水,250.0,1990.0,8.835407766358857
15249,汚水,250.0,1990.0,4.852943100184918
15250,汚水,250.0,1990.0,27.30818705718297
15251,汚水,250.0,1990.0,14.248273997992118
15252,汚水,250.0,1990.0,19.817746953458546
15253,汚水,250.0,1990.0,14.657736073372174
15254,汚水,250.0,1990.0,13.851643836310885
15255,汚水,250.0,1990.0,30.39110235085714
15256,汚水,250.0,1990.0,48.1479973111024
15257,汚水,250.0,1990.0,42.47993003267232
15258,汚水,250.0,1990.0,3.5987862669437334
15259,汚水,250.0,1990.0,48.34955613911415
15260,汚水,250.0,1990.0,42.55410669992882
15261,汚水,250.0,1990.0,13.32693470448585
15262,汚水,250.0,1990.0,20.8244099678892
15263,汚水,250.0,1990.0,25.072333304729657
15264,汚水,250.0,1990.0,40.33766297316538
15265,汚水,250.0,1990.0,46.7251391278915
15266,汚水,250.0,1990.0,35.11857221032151
15267,汚水,250.0,1990.0,35.04402833440652
15268,汚水,250.0,1990.0,47.98175301622812
15269,汚水,250.0,1990.0,5.051832293050076
15270,汚水,250.0,1990.0,22.395749817157604
15271,汚水,250.0,1990.0,35.675632479903
15272,汚水,250.0,1990.0,34.05039895548139
15273,汚水,250.0,1992.0,45.930306852813295
15276,汚水,250.0,1990.0,35.923280638435436
15278,汚水,250.0,1990.0,25.944102621359797
15279,汚水,250.0,1990.0,26.89610866143495
15280,汚水,250.0,1990.0,10.89107193067349
15281,汚水,250.0,1990.0,26.643221072607183
15283,汚水,250.0,1990.0,16.410118406599892
15284,汚水,250.0,1990.0,45.437331289640944
15285,汚水,250.0,1990.0,5.353586496612764
15286,汚水,600.0,1988.0,56.65697049124994
15287,汚水,250.0,1990.0,14.344499189379064
15288,汚水,250.0,1990.0,17.935320015620775
15289,汚水,250.0,1990.0,31.053503871353
15290,汚水,250.0,1990.0,14.038198928899451
15291,汚水,250.0,1990.0,15.038454858880012
15292,汚水,250.0,1990.0,29.04316389897565
15293,汚水,250.0,1990.0,32.93295670820453
15294,汚水,250.0,1990.0,26.4361660994917
15295,汚水,250.0,1990.0,27.89993389601561
15296,汚水,250.0,1990.0,4.09384779265006
15297,汚水,250.0,1990.0,42.057381852660484
15298,汚水,250.0,1990.0,4.375892356199165
15299,汚水,250.0,1990.0,6.343667129516563
15300,汚水,600.0,1988.0,70.57326419460043
15301,汚水,250.0,1990.0,12.926456104913939
15302,汚水,250.0,1990.0,16.73557614481985
15303,汚水,250.0,1990.0,21.707744901459716
15304,汚水,250.0,1990.0,30.80971754229529
15305,汚水,250.0,1990.0,21.003925830184492
15306,汚水,,1990.0,10.782103838180541
15307,汚水,250.0,1990.0,29.850241693387527
15309,汚水,250.0,1990.0,38.467332699544365
15310,汚水,400.0,1988.0,73.42161298686527
15311,汚水,250.0,1990.0,32.70191524009779
15312,汚水,250.0,1990.0,23.36720583722397
15313,汚水,250.0,1990.0,36.25802316741047
15314,汚水,250.0,1990.0,5.8067157682667325
15315,汚水,400.0,1990.0,28.948861403852852
15316,汚水,250.0,1990.0,21.14319988648373
15317,汚水,250.0,1990.0,38.29627899513118
15318,汚水,250.0,1990.0,10.848143363577767
15319,汚水,250.0,1990.0,36.842980468043024
15320,汚水,250.0,1990.0,34.90077935508215
15321,汚水,250.0,1990.0,34.85572441933104
15322,汚水,250.0,1990.0,35.60975704985548
15324,汚水,250.0,1990.0,16.051143471482302
15325,汚水,250.0,1990.0,33.85085931167595
15326,汚水,350.0,1988.0,59.7724749355358
15327,汚水,250.0,1990.0,23.387657502366004
15328,汚水,600.0,1988.0,93.63533333894416
15329,汚水,250.0,1992.0,36.19756019846504
15330,汚水,250.0,1992.0,35.032245518138325
15331,汚水,250.0,1992.0,4.271263832736599
15332,汚水,250.0,1992.0,45.81812043875145
15333,汚水,250.0,1992.0,33.19705086995291
15334,汚水,250.0,1992.0,35.57963987293369
15335,汚水,250.0,1992.0,28.288240664791957
15336,汚水,250.0,1992.0,31.322251659579457
15338,汚水,200.0,1993.0,38.987514750265824
15340,汚水,200.0,1993.0,19.15969209867572
15341,汚水,200.0,1993.0,10.912335505191653
15342,汚水,200.0,1993.0,52.88827813470351
15343,汚水,200.0,1993.0,54.982012848203865
15344,汚水,200.0,1993.0,32.35412691852247
15347,汚水,150.0,2006.0,31.180627642043905
15348,汚水,150.0,2006.0,9.969755076924292
15349,汚水,250.0,1992.0,39.25123782141887
15350,汚水,250.0,1992.0,27.837488147266775
15351,汚水,250.0,1992.0,16.291459002856655
15352,汚水,250.0,1992.0,4.5785673811205765
15353,汚水,250.0,1992.0,45.80609263030639
15354,汚水,250.0,1992.0,66.22869028655451
15355,汚水,250.0,1992.0,19.82716456757466
15356,汚水,250.0,1992.0,6.185476476408377
15357,汚水,250.0,1990.0,42.9389516604384
15358,汚水,250.0,1990.0,44.16656048512066
15359,汚水,250.0,1990.0,14.716591378558041
15360,汚水,250.0,1990.0,12.29275716583907
15361,汚水,250.0,1990.0,52.80694169879388
15362,汚水,250.0,1990.0,31.090385104372046
15364,汚水,250.0,1990.0,30.76153272353265
15365,汚水,250.0,1990.0,27.003552255674634
15366,汚水,250.0,1990.0,41.70276730198399
15367,汚水,250.0,1990.0,23.67988206959697
15368,汚水,250.0,1990.0,9.305726855994822
15369,汚水,250.0,1990.0,36.50311585284397
15370,汚水,250.0,1990.0,36.08111999497571
15371,汚水,250.0,1990.0,38.111583712184675
15372,汚水,250.0,1992.0,34.40345169510969
15373,汚水,250.0,1990.0,42.138549389772336
15374,汚水,250.0,1990.0,10.720574996524135
15375,汚水,250.0,1990.0,48.08434112424988
15376,汚水,250.0,1992.0,33.99837245293626
15377,汚水,250.0,1992.0,34.92593135398589
15378,汚水,250.0,1992.0,29.778991026653916
15379,汚水,250.0,1992.0,19.730712407478546
15380,汚水,250.0,1990.0,41.00371932424113
15381,汚水,250.0,1990.0,38.51149747792182
15382,汚水,250.0,1990.0,2.8435643145586784
15383,汚水,250.0,1990.0,49.21308275756152
15384,汚水,250.0,1990.0,61.47848365494357
15385,汚水,250.0,1990.0,46.588061711219765
15386,汚水,250.0,1990.0,40.85368144187099
15387,汚水,250.0,1990.0,40.19591345864269
15388,汚水,250.0,1990.0,47.86871870846138
15389,汚水,250.0,1990.0,22.061861669948165
15390,汚水,250.0,1990.0,35.0402942012065
15391,汚水,300.0,1988.0,72.02923728421489
15392,汚水,250.0,1990.0,35.088990476132054
15393,汚水,600.0,1988.0,19.99020577820485
15394,汚水,250.0,1990.0,22.94438693420061
15395,汚水,250.0,1990.0,17.422088496965912
15397,汚水,250.0,1990.0,14.41517218204397
15398,汚水,250.0,1990.0,9.277669330338165
15399,汚水,250.0,1990.0,22.78741922929802
15400,汚水,250.0,1990.0,19.12044379419324
15466,汚水,200.0,1993.0,58.75935957014116
15468,汚水,200.0,1994.0,49.210695322827966
15469,汚水,200.0,1994.0,49.55949188310155
15470,汚水,200.0,1994.0,46.57287089255013
15471,汚水,200.0,1994.0,51.13821235981573
15472,汚水,200.0,1994.0,3.6764077387138867
15473,汚水,200.0,1994.0,42.16411663140446
15474,汚水,200.0,1994.0,42.48768428271047
15475,汚水,200.0,1994.0,43.14224843487771
15476,汚水,250.0,1991.0,21.85268379346233
15477,汚水,200.0,1994.0,37.2598258612089
15478,汚水,200.0,1994.0,35.86764174190101
15479,汚水,200.0,1994.0,37.037564671087196
15480,汚水,200.0,1994.0,17.595552370951033
15481,汚水,200.0,1994.0,47.021389560679914
15482,汚水,200.0,1994.0,48.616187474776744
15483,汚水,200.0,1994.0,41.88370289787982
15484,汚水,200.0,1994.0,5.406784739494207
15485,汚水,200.0,1994.0,46.231634796613456
15486,汚水,200.0,1994.0,62.38981262046855
15494,汚水,200.0,1994.0,19.472581421528904
15495,汚水,200.0,1994.0,46.099517888568194
15496,汚水,200.0,1994.0,45.919719846041986
15497,汚水,200.0,1994.0,45.722395792332655
15498,汚水,200.0,1994.0,34.26532923348846
15499,汚水,200.0,1994.0,42.76855442152537
15500,汚水,200.0,1994.0,39.4802695304958
15501,汚水,200.0,1994.0,39.27157724667252
15502,汚水,200.0,1994.0,37.278082328938716
15503,汚水,200.0,1994.0,59.88888949467143
15504,汚水,200.0,1994.0,34.28346141648074
15506,汚水,200.0,1994.0,41.279377148493374
15507,汚水,200.0,1994.0,41.026324379259655
15508,汚水,200.0,1994.0,40.44040059164289
15509,汚水,250.0,1991.0,49.87609338600704
17296,汚水,200.0,1999.0,14.249468382815927
17297,汚水,200.0,1999.0,28.793854802803203
17298,汚水,200.0,1999.0,49.74930702036404
17299,汚水,200.0,1999.0,69.90574452178069
17300,汚水,200.0,1999.0,70.4802278035223
17301,汚水,200.0,1999.0,8.09250532020768
17302,汚水,200.0,1999.0,56.87672939859517
17303,汚水,200.0,1999.0,58.94039934564905
17304,汚水,200.0,1999.0,53.35377804936496
17305,汚水,200.0,1999.0,59.49666623060544
17306,汚水,200.0,1999.0,61.13500616337212
17307,汚水,200.0,1999.0,35.87444530644453
17308,汚水,200.0,1999.0,32.234055565118716
17309,汚水,200.0,1999.0,68.29298818694714
17310,汚水,200.0,1999.0,7.868402793773628
17311,汚水,200.0,1999.0,22.1118597081906
17312,汚水,200.0,1999.0,52.12445393860399
17313,汚水,200.0,1999.0,7.962858092434108
17314,汚水,200.0,1999.0,15.784873226616842
17315,汚水,200.0,1999.0,8.114100931099998
17316,汚水,200.0,1999.0,13.353030521818132
17317,汚水,200.0,1999.0,77.95595839985705
17318,汚水,200.0,1999.0,8.779696582675015
17319,汚水,200.0,1999.0,37.308398509413905
17320,汚水,200.0,1999.0,9.94108897737843
15487,汚水,200.0,1994.0,30.411436605368095
15488,汚水,200.0,1994.0,30.57237185648197
15489,汚水,200.0,1994.0,27.25569188483023
15490,汚水,200.0,1994.0,49.084376302530075
15491,汚水,200.0,1994.0,33.11882523466102
15492,汚水,200.0,1994.0,36.756100449461975
15493,汚水,200.0,1994.0,8.605735422587266
17321,汚水,200.0,1999.0,23.53901306838522
17322,汚水,200.0,1999.0,49.56888830650058
17323,汚水,200.0,1999.0,49.91877677311689
17324,汚水,200.0,1999.0,9.229959427724216
17325,汚水,200.0,1999.0,39.61245726224613
17326,汚水,250.0,,38.39112010002238
1,汚水,250.0,2007.0,11.522381314033286
2,汚水,250.0,2007.0,15.735401202895751
3,汚水,250.0,2007.0,10.474874826340471
4,汚水,250.0,2007.0,20.623580807457483
5,汚水,250.0,2007.0,2.8202827508256254
6,汚水,250.0,2007.0,8.187454891579234
7,汚水,250.0,2007.0,27.244682482662977
8,汚水,250.0,2007.0,19.78579621493224
9,汚水,250.0,2007.0,20.721522266380365
10,汚水,250.0,2007.0,21.133255442272883
11,汚水,250.0,2007.0,30.895733690173405
12,汚水,250.0,2007.0,29.761238987603555
13,汚水,250.0,2007.0,25.095089553288055
14,汚水,250.0,2007.0,25.257584087469585
15,汚水,250.0,2007.0,24.65179561541331
16,汚水,250.0,2007.0,17.89395367528046
17,汚水,250.0,2007.0,18.893214645079322
18,汚水,250.0,2007.0,13.010308118043405
19,汚水,250.0,2007.0,13.470893377152622
20,汚水,250.0,2007.0,26.33750446774252
21,汚水,250.0,2007.0,26.04622430776306
22,汚水,250.0,2007.0,14.214380053873121
23,汚水,250.0,2007.0,14.865629510685578
24,汚水,250.0,2007.0,29.98557401317608
25,汚水,250.0,2007.0,23.204737261166823
26,汚水,250.0,2007.0,7.856733803347983
27,汚水,250.0,2007.0,28.82311976694626
28,汚水,250.0,2007.0,28.257207964484177
29,汚水,250.0,2007.0,30.036251903081585
30,汚水,250.0,2007.0,20.09498871002268
31,汚水,250.0,2007.0,19.932381174111473
32,汚水,250.0,2007.0,30.05769347382842
33,汚水,250.0,2007.0,29.073229478170976
34,汚水,250.0,2007.0,28.87129242667845
35,汚水,250.0,2007.0,26.221677849874165
36,汚水,250.0,2007.0,26.740462351533786
37,汚水,250.0,2007.0,26.973050130623164
38,汚水,250.0,2007.0,9.641098828297938
39,汚水,250.0,2007.0,9.448360046907013
40,汚水,250.0,2007.0,8.429840335260923
41,汚水,250.0,2007.0,5.601455701505438
42,汚水,250.0,2007.0,7.865662598094691
43,汚水,250.0,2007.0,7.957999999998719
44,汚水,100.0,2007.0,8.224502920756976
45,汚水,250.0,2007.0,7.9585790327793475
46,汚水,250.0,2007.0,7.958579032793898
47,汚水,250.0,2007.0,30.5733121337827
48,汚水,250.0,2007.0,1.6786878872936266
49,汚水,250.0,2007.0,6.548035992505512
50,汚水,250.0,2006.0,29.562797293159875
51,汚水,250.0,2007.0,5.705000682129675
52,汚水,250.0,2007.0,7.1739979451805445
53,汚水,250.0,2007.0,13.379722330049974
54,汚水,150.0,2007.0,28.277763218561073
55,汚水,150.0,2007.0,26.01923614170092
56,汚水,250.0,2006.0,12.651855810099812
57,汚水,250.0,2006.0,16.6021066700243
58,汚水,250.0,2006.0,15.765215188500585
59,汚水,250.0,2006.0,2.368697682038363
60,汚水,250.0,2006.0,22.092856449914557
61,汚水,150.0,2007.0,10.440446378952267
62,汚水,150.0,2007.0,9.517853456184678
63,汚水,150.0,2007.0,11.713369134182143
64,汚水,150.0,2007.0,64.43064734341957
65,汚水,250.0,1998.0,105.39836427557331
66,汚水,200.0,1999.0,41.5881111783373
67,汚水,250.0,1998.0,52.94832049530231
68,汚水,250.0,1998.0,15.527381097883644
69,汚水,250.0,1998.0,15.911749443215907
70,汚水,250.0,1998.0,38.25497713574885
71,汚水,200.0,1999.0,41.01364036259989
72,汚水,200.0,2004.0,9.561539251828359
73,汚水,200.0,1999.0,38.218540823274374
74,汚水,200.0,1999.0,58.14808271789496
75,汚水,200.0,1999.0,73.67979202795112
76,汚水,200.0,1999.0,39.97349122313412
77,汚水,200.0,1999.0,29.4805268990945
78,汚水,200.0,1999.0,31.395249789397678
79,汚水,200.0,1999.0,44.383510642223854
80,汚水,200.0,1999.0,34.82952296176324
81,汚水,200.0,1999.0,41.981388284352164
82,汚水,200.0,1999.0,49.039733643520584
83,汚水,200.0,1999.0,65.75811169679258
84,汚水,200.0,1999.0,40.51482804684151
85,汚水,200.0,1999.0,45.18255930860307
86,汚水,200.0,1999.0,21.513846188200528
87,汚水,200.0,1999.0,32.25776683340516
88,汚水,200.0,1999.0,13.406136532728823
89,汚水,200.0,1999.0,51.5914935786413
90,汚水,200.0,1999.0,37.81961076828948
91,汚水,200.0,1999.0,23.965021514318206
92,汚水,200.0,1999.0,47.91722856978821
93,汚水,200.0,1999.0,48.59532106356389
94,汚水,200.0,1999.0,59.20817399044116
95,汚水,200.0,1999.0,17.42946983256681
96,汚水,200.0,1999.0,7.184981958416162
97,汚水,200.0,1999.0,10.174959416878863
98,汚水,200.0,1999.0,58.03625623506297
99,汚水,200.0,1999.0,21.248963990223825
100,汚水,200.0,1999.0,28.80004670868101
101,汚水,200.0,1999.0,8.300484670566206
102,汚水,200.0,1999.0,7.721154037360411
103,汚水,200.0,1999.0,76.7233407180728
104,汚水,200.0,1999.0,28.144618784680716
105,汚水,200.0,1999.0,23.397013699006454
106,汚水,200.0,1999.0,15.143177693775659
107,汚水,200.0,1999.0,16.879167278264784
108,汚水,200.0,1999.0,21.66728355253218
109,汚水,200.0,1999.0,44.618360380428754
110,汚水,200.0,1999.0,26.794767239180725
111,汚水,200.0,1999.0,48.112055398045335
112,汚水,200.0,1999.0,22.076716256937264
113,汚水,200.0,1999.0,61.485534983910256
114,汚水,200.0,1999.0,6.64975627881868
115,汚水,200.0,1999.0,7.904196617721495
116,汚水,200.0,1999.0,22.344002130065405
117,汚水,200.0,1999.0,21.019191644223127
118,汚水,200.0,1999.0,49.94196734085041
119,汚水,200.0,2000.0,26.637497736994177
120,汚水,200.0,2000.0,42.48784689937116
121,汚水,150.0,2000.0,55.56383829137153
122,汚水,250.0,2000.0,126.43403678975749
123,汚水,150.0,2004.0,4.523875878508816
124,汚水,150.0,2004.0,31.78624946059906
125,汚水,200.0,2004.0,32.40850517943543
126,汚水,150.0,2007.0,52.00749031319705
127,汚水,150.0,2007.0,34.866202440946246
128,汚水,150.0,2007.0,46.97287901494686
129,汚水,,,29.131605895123
130,汚水,200.0,1996.0,31.056140592538693
131,汚水,200.0,1996.0,32.68980952248536
132,汚水,200.0,1996.0,14.208824380073255
133,汚水,200.0,1996.0,43.95191382903077
134,汚水,200.0,1996.0,46.283263769777044
135,汚水,200.0,1996.0,24.071900489466938
136,汚水,200.0,1996.0,22.6672955054433
137,汚水,250.0,1996.0,55.048257906309246
138,汚水,250.0,1996.0,40.68577613777437
139,汚水,200.0,1996.0,22.090250513820703
140,汚水,200.0,1996.0,19.569914664115686
141,汚水,200.0,1996.0,19.56174912885406
142,汚水,200.0,1996.0,11.544520539532805
143,汚水,200.0,1996.0,32.09201379483715
144,汚水,200.0,1996.0,17.104143363904488
145,汚水,200.0,1996.0,20.793512040435353
146,汚水,200.0,1996.0,32.88765118317282
147,汚水,200.0,1996.0,10.603966003579226
148,汚水,200.0,1996.0,9.629839135925295
149,汚水,200.0,1996.0,12.395329641796776
150,汚水,200.0,1996.0,16.535332955123586
151,汚水,200.0,1996.0,4.372576894889599
152,汚水,200.0,1996.0,12.692811947282028
153,汚水,200.0,1996.0,12.000353683835739
154,汚水,200.0,1996.0,9.705799539631341
155,汚水,200.0,1996.0,36.188469761904344
156,汚水,200.0,1996.0,20.043223884621028
157,汚水,200.0,1996.0,3.8163687080812894
158,汚水,200.0,1996.0,22.25277071761859
160,汚水,200.0,1996.0,33.316314981585045
161,汚水,200.0,1996.0,10.600607607957052
162,汚水,200.0,1996.0,54.36956831747395
163,汚水,200.0,1996.0,8.718305050674974
165,汚水,200.0,1996.0,13.660910828634504
166,汚水,200.0,1996.0,10.524804326533143
168,汚水,350.0,1995.0,84.24626628078921
169,汚水,200.0,1996.0,25.465052238989408
170,汚水,200.0,1996.0,28.686823044584187
171,汚水,400.0,1996.0,55.55302672805305
172,汚水,400.0,1996.0,106.22592658497244
173,汚水,500.0,1996.0,101.04460892931345
174,汚水,200.0,1996.0,42.35975574144632
175,汚水,500.0,1996.0,13.51478823679128
176,汚水,200.0,1996.0,48.529620941878605
177,汚水,200.0,1996.0,5.1970220877941795
178,汚水,200.0,1996.0,45.02328919728542
179,汚水,200.0,1996.0,6.786091433761131
180,汚水,200.0,1996.0,46.95019250625567
181,汚水,200.0,1996.0,16.3454419006628
182,汚水,200.0,1996.0,57.56400617389939
184,汚水,200.0,1996.0,10.466048251401066
185,汚水,200.0,1996.0,15.779169397587788
186,汚水,200.0,1996.0,42.218008054848525
187,汚水,200.0,1996.0,22.334413940030547
188,汚水,200.0,1996.0,27.595084028032563
189,汚水,200.0,1996.0,31.203225262229694
190,汚水,200.0,1996.0,5.2705488329922074
191,汚水,200.0,1996.0,15.693734612092598
192,汚水,200.0,1996.0,46.317923680153115
193,汚水,200.0,1996.0,48.68662686161341
194,汚水,200.0,1996.0,7.734660595298248
195,汚水,200.0,1996.0,14.087033247283085
196,汚水,200.0,1996.0,10.444333947792183
197,汚水,200.0,1996.0,25.079675682789
198,汚水,200.0,1996.0,24.82657588130748
199,汚水,200.0,1996.0,27.222874354240655
200,汚水,200.0,1996.0,19.60249967870362
201,汚水,200.0,1996.0,2.7475427971232165
202,汚水,200.0,1996.0,31.6055419640512
203,汚水,200.0,1996.0,3.9596850202436076
204,汚水,200.0,1996.0,36.79640273376154
205,汚水,200.0,1996.0,15.65050496648114
206,汚水,200.0,1996.0,7.308477127162755
207,汚水,200.0,1996.0,13.553159450325893
208,汚水,200.0,1996.0,34.04088216380945
209,汚水,200.0,1996.0,4.395712971511837
210,汚水,200.0,1996.0,23.932623207624918
211,汚水,200.0,1996.0,20.07697192330593
212,汚水,200.0,1996.0,18.99581023985095
213,汚水,200.0,1996.0,7.854579804090841
214,汚水,200.0,1996.0,17.52913797025127
215,汚水,200.0,1996.0,19.63324314183938
216,汚水,200.0,1996.0,24.09429022541798
217,汚水,200.0,1996.0,24.15940784241047
218,汚水,200.0,1996.0,3.869203062585334
219,汚水,200.0,1996.0,14.488548302988217
220,汚水,200.0,1996.0,9.974765191049766
221,汚水,200.0,1996.0,28.39101276887125
222,汚水,200.0,1996.0,39.497438134634685
223,汚水,200.0,1996.0,28.068266657659603
224,汚水,200.0,1996.0,41.83731660766227
225,汚水,200.0,1996.0,18.61080042151808
226,汚水,200.0,1996.0,3.1222825161506877
227,汚水,200.0,1996.0,8.915589241594159
228,汚水,200.0,1996.0,19.58394707078379
229,汚水,200.0,1996.0,3.982611660465217
230,汚水,200.0,1996.0,32.30443519087543
231,汚水,200.0,1996.0,6.820903943899913
232,汚水,200.0,1996.0,10.807027422722687
233,汚水,200.0,1996.0,17.520440269456564
234,汚水,200.0,1996.0,22.589573854906376
235,汚水,350.0,1996.0,27.50092446637173
236,汚水,200.0,1996.0,28.013754890827542
237,汚水,200.0,1996.0,34.314134336684475
238,汚水,200.0,1996.0,29.46898306181568
239,汚水,200.0,1996.0,2.9795854318084176
240,汚水,200.0,1996.0,31.490716942441477
241,汚水,200.0,1996.0,34.625310568501774
242,汚水,200.0,1996.0,5.838447855022754
243,汚水,200.0,1996.0,32.84752551391575
244,汚水,200.0,1996.0,13.40627592672622
245,汚水,200.0,1996.0,15.360448801005164
15401,汚水,250.0,1990.0,26.208666401636076
15402,汚水,250.0,1990.0,24.858525028999082
15403,汚水,300.0,1988.0,59.07779059933458
15404,汚水,250.0,1990.0,8.662943079027155
15405,汚水,250.0,1990.0,10.988216652969474
15406,汚水,250.0,1990.0,25.26461699349559
15407,汚水,250.0,1990.0,8.386240348550112
15408,汚水,250.0,1990.0,6.913156060171357
15409,汚水,250.0,1990.0,9.276343712739003
15410,汚水,250.0,1990.0,16.140850824444968
15411,汚水,250.0,1990.0,5.8502452342238405
15412,汚水,250.0,1990.0,21.28913797471814
15414,汚水,200.0,1994.0,23.909171785784455
15415,汚水,200.0,1994.0,24.016785954432706
15416,汚水,200.0,1994.0,24.13364559753455
15418,汚水,200.0,1994.0,27.929820947332093
15419,汚水,200.0,1994.0,31.745243287803756
15420,汚水,250.0,1994.0,23.33907651649162
15421,汚水,200.0,1993.0,41.229200876232355
15422,汚水,200.0,1993.0,42.402749922898764
15423,汚水,200.0,1993.0,42.882839072785906
15426,汚水,200.0,1993.0,42.50890681267596
15427,汚水,250.0,1992.0,85.37564339775598
15428,汚水,200.0,1994.0,18.68088126228999
15429,汚水,200.0,1994.0,44.40794785895167
15430,汚水,200.0,1994.0,45.296394364966005
15431,汚水,150.0,2003.0,27.42260613731087
15432,汚水,250.0,2003.0,35.23990199225548
15433,汚水,250.0,1990.0,8.287775054121477
15434,汚水,150.0,2006.0,21.8073863963043
15435,汚水,150.0,2006.0,61.7593038291988
15436,汚水,250.0,1992.0,58.12443496506196
15437,汚水,200.0,1992.0,40.30909015745829
15438,汚水,250.0,1992.0,77.1392333519314
15439,汚水,200.0,1992.0,19.61761450423634
15440,汚水,250.0,1992.0,90.00675876607858
15441,汚水,200.0,1992.0,41.36800922343516
15442,汚水,250.0,1992.0,35.66414119801173
15444,汚水,200.0,1993.0,32.997612139827595
15445,汚水,200.0,1993.0,36.54373487121411
15446,汚水,200.0,1993.0,13.70244323005679
15447,汚水,200.0,1993.0,33.37885608606643
15449,汚水,200.0,1993.0,45.17986810297953
15451,汚水,200.0,1993.0,37.511529208703294
15453,汚水,200.0,1993.0,68.84182659925813
15455,汚水,200.0,1992.0,50.70713973131146
15456,汚水,200.0,1992.0,45.32773784754322
15457,汚水,250.0,1994.0,57.95279383856836
15458,汚水,200.0,1992.0,44.541277592370704
15459,汚水,250.0,1992.0,46.31331339494099
15460,汚水,200.0,1992.0,43.82269827956457
15461,汚水,200.0,1992.0,46.144514284628364
15462,汚水,200.0,1992.0,3.3003031137817254
15463,汚水,200.0,1992.0,17.42699081082814
15464,汚水,200.0,1992.0,36.95216637364535
15512,汚水,200.0,2006.0,35.62990216757797
15513,汚水,200.0,2006.0,16.019300110805375
15514,汚水,200.0,2006.0,50.98009674829202
15515,汚水,200.0,2006.0,57.58580373393194
15518,汚水,200.0,1993.0,43.60940048316973
15519,汚水,200.0,1993.0,45.55607747578382
15520,汚水,200.0,1994.0,41.58386340240947
15521,汚水,200.0,1993.0,46.946370556836584
15522,汚水,200.0,1993.0,44.385100407827764
15523,汚水,200.0,1993.0,45.971235002214144
15524,汚水,250.0,1993.0,54.58621994674691
15525,汚水,200.0,1993.0,5.820498604617055
15526,汚水,250.0,1992.0,50.19291602242785
15527,汚水,250.0,1993.0,66.9117669217098
15528,汚水,300.0,1993.0,6.228231819268489
15529,汚水,300.0,1993.0,63.767211531264195
15530,汚水,200.0,1993.0,38.656606029082674
15531,汚水,200.0,1993.0,52.24540268038618
15532,汚水,200.0,1993.0,12.446228480874531
15533,汚水,200.0,1993.0,48.91385967929677
15534,汚水,200.0,1993.0,59.16348261035875
15535,汚水,200.0,1993.0,37.97450183853876
15536,汚水,200.0,1993.0,27.12561273448062
15537,汚水,200.0,1993.0,5.941222563602248
15538,汚水,300.0,1993.0,62.27136894623334
15539,汚水,300.0,1993.0,62.37699336686219
15540,汚水,200.0,1993.0,3.8344015314507875
15541,汚水,400.0,1991.0,26.2254601240254
15542,汚水,200.0,1993.0,39.067316995471835
15543,汚水,200.0,1993.0,35.28489958538679
15544,汚水,200.0,1993.0,44.75477700225916
15545,汚水,200.0,1993.0,56.297169535341354
15546,汚水,350.0,1994.0,62.224122572781326
15548,汚水,350.0,1991.0,133.57966842747365
15549,汚水,200.0,1994.0,45.302819206655194
15550,汚水,200.0,1994.0,48.7757921228152
15551,汚水,200.0,1994.0,64.9702108877697
15552,汚水,200.0,1994.0,38.50020516296029
15553,汚水,200.0,1994.0,59.06678991303215
15554,汚水,200.0,1994.0,36.532060852098915
15555,汚水,200.0,1994.0,1.8785248763548377
15556,汚水,350.0,1991.0,133.8662482125079
15557,汚水,200.0,1994.0,42.82959367688966
15558,汚水,200.0,1994.0,2.5554060903801568
15559,汚水,200.0,1994.0,45.16629811974301
15560,汚水,200.0,1994.0,58.0299624016819
15561,汚水,200.0,1994.0,56.44773511632493
15562,汚水,200.0,1994.0,34.71180748579388
15563,汚水,200.0,1994.0,43.825668450836616
15564,汚水,200.0,1994.0,45.35440958667348
15566,汚水,200.0,1994.0,47.22570163318767
15568,汚水,200.0,1996.0,25.034760228627047
15569,汚水,200.0,1996.0,27.017433542318653
15570,汚水,200.0,1996.0,6.915844241058565
15571,汚水,200.0,1996.0,33.30752392813942
15572,汚水,200.0,1996.0,30.83896417537324
15573,汚水,200.0,1996.0,34.1537847263916
15574,汚水,200.0,1996.0,5.609336238232681
15575,汚水,200.0,1996.0,26.929266630903236
15576,汚水,200.0,1996.0,26.863328970009896
15577,汚水,200.0,1996.0,6.03342753365788
15578,汚水,200.0,1996.0,42.120817294143876
15579,汚水,200.0,1996.0,41.94398199386466
15580,汚水,200.0,1996.0,42.193060476834184
15581,汚水,200.0,1996.0,4.36754816406977
15582,汚水,200.0,1996.0,40.07887180759338
15583,汚水,200.0,1996.0,42.58816929232092
15584,汚水,200.0,1996.0,40.12009475251369
15585,汚水,200.0,1996.0,42.95836649250444
15586,汚水,200.0,1996.0,31.918207757105378
15587,汚水,200.0,1996.0,37.505125823039535
15588,汚水,200.0,1996.0,29.229460270765426
15589,汚水,200.0,1996.0,27.886160184061325
15590,汚水,200.0,1996.0,32.08845259205765
15591,汚水,200.0,1996.0,55.99986138589609
15593,汚水,250.0,1996.0,36.00393106775842
15594,汚水,250.0,1996.0,38.14750156907563
15595,汚水,250.0,2004.0,24.15640025612209
15597,汚水,250.0,1996.0,13.219214627772915
15598,汚水,250.0,1986.0,21.984628869351237
15599,汚水,250.0,1986.0,19.559646463952422
15600,汚水,250.0,1986.0,30.540448142306342
15601,汚水,250.0,1986.0,30.96150895575905
15602,汚水,250.0,1987.0,14.124724318257721
15603,汚水,250.0,1987.0,18.634506005929637
15604,汚水,250.0,1987.0,3.631351187955174
15605,汚水,250.0,1987.0,14.631842216942218
15606,汚水,250.0,1987.0,11.895517916725105
15607,汚水,250.0,1987.0,6.040860277207694
15608,汚水,250.0,1987.0,9.316424665611596
15609,汚水,250.0,1987.0,10.222178002673953
15610,汚水,250.0,1987.0,3.4404759796027937
15611,汚水,250.0,1987.0,4.589172864023395
15612,汚水,250.0,1987.0,26.22665851114995
15613,汚水,250.0,1987.0,11.46404668996633
15614,汚水,250.0,1987.0,3.79132426952483
15615,汚水,250.0,1987.0,13.328741520745737
15616,汚水,250.0,1987.0,42.619932303177976
15617,汚水,250.0,1987.0,34.45634808558761
15618,汚水,250.0,1987.0,49.736593745472796
15619,汚水,250.0,1987.0,27.280251358284385
15620,汚水,150.0,2004.0,65.38890948994748
15621,汚水,150.0,2004.0,41.25269408821565
15622,汚水,150.0,2004.0,32.45638150562525
15623,汚水,150.0,2004.0,19.427687428609325
15624,汚水,150.0,2004.0,5.869623021170007
15625,汚水,150.0,2004.0,42.926064934059326
15626,汚水,150.0,2004.0,10.684678439762092
15635,汚水,250.0,1996.0,24.53839647910937
15636,汚水,250.0,1996.0,41.35659047588665
15637,汚水,250.0,1996.0,62.80739427227518
15638,汚水,200.0,1996.0,39.690557036502284
15642,汚水,150.0,2004.0,43.86304751334747
15643,汚水,150.0,2004.0,41.50736537878815
15644,汚水,150.0,2004.0,86.1517826101574
15645,汚水,150.0,2004.0,43.15013292974909
15646,汚水,150.0,2004.0,31.374434730499495
15647,汚水,150.0,2004.0,16.60054586456762
15648,汚水,150.0,2004.0,13.898914451327196
15649,汚水,150.0,2004.0,33.52834540165037
15650,汚水,150.0,2004.0,26.995911261766206
15651,汚水,150.0,2004.0,65.68652046633254
15652,汚水,150.0,2004.0,44.84156303570053
15653,汚水,150.0,2004.0,17.590402557034622
15654,汚水,150.0,2004.0,2.9669573506057425
15655,汚水,150.0,2004.0,68.55472236971693
15656,汚水,150.0,2004.0,28.43667540783984
15657,汚水,150.0,2004.0,29.640434651176488
15658,汚水,150.0,2004.0,36.77952362820814
15659,汚水,150.0,2004.0,62.257772532521564
15660,汚水,150.0,2004.0,6.2265794800506935
15661,汚水,150.0,2004.0,15.323294062122658
15662,汚水,150.0,2004.0,71.92806195282111
15663,汚水,150.0,2004.0,59.02701923545103
15664,汚水,150.0,2004.0,52.84802282003948
15665,汚水,150.0,2004.0,20.98098405343684
15666,汚水,150.0,2004.0,33.684423312403275
15667,汚水,150.0,2004.0,39.477297019331644
15668,汚水,150.0,2004.0,40.97286347573824
15669,汚水,150.0,2004.0,6.245761147965377
15670,汚水,150.0,2004.0,6.8220670652889
15671,汚水,150.0,2004.0,32.77708528397317
15672,汚水,150.0,2004.0,44.8015306075907
15673,汚水,150.0,2004.0,57.29135395059321
15674,汚水,150.0,2004.0,23.232809229061687
15675,汚水,150.0,2004.0,36.48386226293403
15676,汚水,150.0,2004.0,55.38569370991388
15677,汚水,150.0,2004.0,6.9892852177996785
15678,汚水,150.0,2004.0,21.632991596666873
15679,汚水,150.0,2004.0,33.61971737522958
15680,汚水,150.0,2004.0,53.20723040068019
15681,汚水,150.0,2004.0,42.23271352903538
15682,汚水,150.0,2004.0,52.0589778070575
15627,汚水,150.0,2004.0,25.969308057271107
15628,汚水,150.0,2004.0,92.24819872871893
15629,汚水,150.0,2004.0,56.420312684904715
15631,汚水,250.0,1996.0,74.22303045605103
15632,汚水,250.0,1996.0,75.45170555202822
15633,汚水,250.0,1996.0,35.62894743955358
15634,汚水,250.0,1996.0,41.691039102309695
15810,汚水,250.0,1987.0,37.6916168446999
15811,汚水,250.0,1987.0,33.891175711943895
15812,汚水,250.0,1987.0,11.266834920867234
15813,汚水,250.0,1987.0,13.66282831599821
15814,汚水,250.0,1987.0,22.775261410762305
15815,汚水,250.0,1987.0,10.106176495388945
15816,汚水,250.0,1987.0,35.743096729750015
15818,汚水,250.0,1987.0,17.09096882199354
15819,汚水,250.0,1987.0,18.13096482660888
15820,汚水,250.0,1987.0,17.430191130652503
15821,汚水,250.0,1987.0,17.073626505184887
15822,汚水,250.0,1987.0,19.67979532946135
15824,汚水,250.0,1987.0,12.729968186436011
15826,汚水,250.0,1987.0,29.881457960558365
15827,汚水,250.0,1987.0,45.3945914240712
15828,汚水,250.0,1987.0,9.814907482110877
15829,汚水,250.0,1987.0,10.551129538686197
15830,汚水,250.0,1987.0,16.20365855347725
15831,汚水,250.0,1987.0,2.9017469480389737
15832,汚水,250.0,1987.0,22.415097109059456
15833,汚水,250.0,1987.0,13.360286776692618
15834,汚水,250.0,1987.0,16.681897180744343
15835,汚水,250.0,1987.0,7.776288902820078
15836,汚水,250.0,1987.0,5.426189523721577
15837,汚水,250.0,1987.0,12.650403013750234
15838,汚水,250.0,1987.0,27.852788080399012
15839,汚水,250.0,1987.0,30.89234234845359
15840,汚水,250.0,1987.0,18.257524869778198
15841,汚水,250.0,1987.0,46.26177210117838
15842,汚水,250.0,1987.0,12.314766782934248
15843,汚水,250.0,1987.0,12.531810981203598
15844,汚水,250.0,1987.0,7.554400954957907
15845,汚水,250.0,1987.0,6.23511779249604
15846,汚水,250.0,1987.0,15.361906080929122
15847,汚水,250.0,1987.0,10.409876424407926
15849,汚水,250.0,1987.0,22.239446673804764
15850,汚水,250.0,1987.0,47.81797678109767
15851,汚水,250.0,1987.0,18.172926228323657
15852,汚水,250.0,1987.0,32.04889444538445
15853,汚水,250.0,1987.0,39.4355094658185
15854,汚水,250.0,1987.0,26.518939043430866
15856,汚水,250.0,1987.0,38.33111755327344
15857,汚水,250.0,1987.0,48.718565721478036
15859,汚水,250.0,1987.0,37.47814996548558
15860,汚水,900.0,1987.0,77.32781678319708
15861,汚水,250.0,1987.0,49.16112687710307
15862,汚水,900.0,1987.0,88.18398559238867
15863,汚水,250.0,1987.0,26.47584962177254
15864,汚水,250.0,1987.0,31.577200720233208
15865,汚水,250.0,1987.0,28.622522310332748
15683,汚水,150.0,2004.0,49.5791176534593
15684,汚水,150.0,2004.0,31.904225484423705
15685,汚水,150.0,2004.0,40.3344799170993
15686,汚水,150.0,2004.0,29.77912477644519
15687,汚水,150.0,2004.0,60.619107400266664
15688,汚水,150.0,2004.0,59.99028959142286
15689,汚水,150.0,2004.0,9.014702530223415
15690,汚水,150.0,2004.0,44.38168190752349
15691,汚水,150.0,2004.0,26.54861670255567
15692,汚水,150.0,2004.0,27.40896576846836
15693,汚水,150.0,2004.0,13.414129885643781
15694,汚水,150.0,2004.0,17.599080375963375
15695,汚水,150.0,2004.0,65.66068463420979
15696,汚水,150.0,2004.0,16.00874701581054
15697,汚水,150.0,2004.0,5.247000000003027
15698,汚水,150.0,2004.0,95.95777700136382
15699,汚水,150.0,2004.0,37.37306605575573
15700,汚水,200.0,2004.0,24.99621422160729
15701,汚水,200.0,2004.0,21.551131967420115
15702,汚水,150.0,2004.0,34.04546587490148
15703,汚水,150.0,2004.0,4.8694295785724
15704,汚水,200.0,2004.0,14.005886466217428
15705,汚水,150.0,2004.0,16.957518093693082
15706,汚水,150.0,2004.0,3.8381899282037244
15707,汚水,200.0,2004.0,3.8148627253940197
15708,汚水,200.0,2004.0,8.171906231761053
15709,汚水,200.0,2004.0,5.02034718851986
15710,汚水,150.0,2004.0,25.92142548332046
15711,汚水,150.0,2004.0,69.68235270521282
15712,汚水,150.0,2004.0,24.012552438854865
7958,汚水,250.0,1989.0,46.199874823096714
7959,汚水,250.0,1989.0,13.277506905064449
7960,汚水,250.0,1989.0,40.662827503270336
7961,汚水,250.0,1989.0,8.851711136657647
7962,汚水,250.0,1989.0,28.07216196055093
7963,汚水,250.0,1989.0,29.564455438329116
7964,汚水,250.0,1989.0,10.389543123583064
7965,汚水,250.0,1989.0,37.255983550100694
7966,汚水,250.0,1989.0,22.491394314755716
7967,汚水,250.0,1989.0,16.384239502479783
7968,汚水,250.0,1990.0,12.390681462418378
7969,汚水,250.0,1989.0,48.868637128594
7970,汚水,250.0,1989.0,39.90252159610365
7971,汚水,250.0,1989.0,13.202784835141511
7972,汚水,250.0,1989.0,32.262191508247504
7973,汚水,250.0,1989.0,33.875966430033024
7974,汚水,250.0,1989.0,4.016048176605164
7975,汚水,250.0,1991.0,45.29806750167326
7976,汚水,250.0,1991.0,42.788965323946854
7977,汚水,250.0,1991.0,46.09437384472343
7978,汚水,250.0,1991.0,41.77774267707761
7979,汚水,250.0,1991.0,49.1763907666522
7980,汚水,250.0,1991.0,50.400831710998126
7981,汚水,250.0,1991.0,24.834178383175793
7982,汚水,250.0,1991.0,44.57462368082959
7983,汚水,250.0,1991.0,89.5797608622672
7984,汚水,250.0,1991.0,21.17399999999907
7985,汚水,250.0,1991.0,17.450283356993715
7987,汚水,250.0,1991.0,43.775920559185074
7989,汚水,250.0,1991.0,43.849597728789085
7991,汚水,250.0,1991.0,22.717290686766145
7992,汚水,250.0,1991.0,48.107174357365736
7993,汚水,250.0,1991.0,40.027223407453384
7994,汚水,250.0,1991.0,50.04894973897702
7995,汚水,250.0,1991.0,42.29413067207676
7996,汚水,250.0,1991.0,9.150941432205403
7997,汚水,250.0,1991.0,48.02624662461594
7998,汚水,250.0,1991.0,36.72985119284064
7999,汚水,250.0,1991.0,11.835048068022795
8000,汚水,250.0,1991.0,36.150583648783794
8001,汚水,250.0,1991.0,24.051768313337426
8002,汚水,500.0,1988.0,86.23652902670872
8003,汚水,250.0,1991.0,34.42457408995671
8004,汚水,250.0,1991.0,32.25926720266118
8005,汚水,250.0,1991.0,8.842139146198555
8006,汚水,250.0,1991.0,11.80027305462143
8007,汚水,250.0,1991.0,7.249489194702378
8008,汚水,250.0,1991.0,43.42975832445737
8009,汚水,200.0,1994.0,26.040401720953785
8010,汚水,200.0,1994.0,27.501394122918033
8011,汚水,200.0,1994.0,29.201929103599117
8012,汚水,200.0,1994.0,5.114028390161741
8013,汚水,200.0,1994.0,11.072817083560626
8014,汚水,200.0,1994.0,16.311049170629662
8015,汚水,200.0,1994.0,12.077142305306095
8016,汚水,200.0,1994.0,14.576190655399767
8018,汚水,200.0,1994.0,19.85761169008159
8019,汚水,200.0,1994.0,24.931062290870557
8020,汚水,200.0,1994.0,31.629739501902126
8021,汚水,200.0,1994.0,8.681772400530784
8022,汚水,200.0,1994.0,19.903394017371042
8023,汚水,200.0,1994.0,9.792248395050741
8024,汚水,200.0,1994.0,5.664485236127128
8027,汚水,200.0,1994.0,8.833039454774651
8028,汚水,200.0,1994.0,6.584697608015296
8029,汚水,200.0,1994.0,34.543549515550836
8030,汚水,150.0,2006.0,60.86010446316696
8031,汚水,150.0,2006.0,90.66494671478263
8032,汚水,150.0,2006.0,60.31735450676274
8033,汚水,150.0,2007.0,22.83262806901777
8034,汚水,150.0,2007.0,9.081723929369744
8035,汚水,150.0,2007.0,23.873190041809867
8036,汚水,150.0,2007.0,26.668182933039823
8037,汚水,150.0,2007.0,27.870874894627313
8038,汚水,150.0,2007.0,98.67035034018322
8039,汚水,150.0,2008.0,16.765882867726233
8040,汚水,150.0,2008.0,35.94885425124502
8041,汚水,150.0,2008.0,20.583983387382688
8042,汚水,150.0,2008.0,20.98507440695117
8044,汚水,500.0,2000.0,100.54539498314007
8045,汚水,150.0,2001.0,41.44965224086124
8046,汚水,150.0,2001.0,53.41379784061846
8047,汚水,150.0,2001.0,59.94552028157626
8048,汚水,150.0,2001.0,36.13767081269914
8049,汚水,150.0,2001.0,54.60696356372671
8050,汚水,150.0,2001.0,56.563079293748544
8051,汚水,150.0,2001.0,21.56368115575021
8052,汚水,500.0,2000.0,99.53123447908638
8053,汚水,150.0,2001.0,33.717573210870675
8054,汚水,150.0,2001.0,73.37078387100964
8055,汚水,150.0,2001.0,15.057659652342307
8056,汚水,150.0,2001.0,38.91121798808931
8057,汚水,150.0,2001.0,64.61973888536063
8058,汚水,150.0,2001.0,56.54504145432174
8059,汚水,150.0,2001.0,52.370890483264574
8060,汚水,150.0,2001.0,53.51593186043496
8061,汚水,150.0,2001.0,53.36233551057522
8062,汚水,150.0,2001.0,6.039483150873217
8063,汚水,150.0,2001.0,53.740276551863616
8064,汚水,150.0,2001.0,5.302330017884978
8065,汚水,150.0,2001.0,4.7183773896346874
8066,汚水,500.0,2000.0,134.92017265644182
8067,汚水,150.0,2001.0,47.351019987063474
8068,汚水,200.0,1994.0,49.84220872108564
8069,汚水,150.0,2001.0,69.09221670468081
8070,汚水,150.0,2001.0,63.9361775614686
8071,汚水,150.0,2001.0,26.689551371719336
8072,汚水,150.0,2001.0,55.534591291739346
8073,汚水,150.0,2001.0,20.230983283834878
8074,汚水,150.0,2001.0,6.279914209786974
8075,汚水,150.0,2001.0,59.051870575880805
8076,汚水,150.0,2001.0,71.56336478314448
8077,汚水,150.0,2001.0,85.65556803925598
8078,汚水,150.0,2001.0,50.67755041499297
8079,汚水,150.0,2001.0,52.87677899668473
8080,汚水,150.0,2001.0,27.932099678287763
8081,汚水,150.0,2001.0,77.25724206238169
8082,汚水,150.0,2001.0,74.29387086903758
8083,汚水,150.0,2001.0,51.714185468177725
8084,汚水,200.0,1994.0,33.56125555219391
8085,汚水,150.0,2001.0,46.910603476264036
8086,汚水,250.0,2001.0,51.17855356496239
8087,汚水,450.0,2001.0,82.83609609314823
8088,汚水,450.0,2001.0,53.71532575639125
8089,汚水,150.0,2006.0,41.44254643080056
8090,汚水,150.0,2006.0,15.600495272323972
8091,汚水,150.0,2006.0,92.6290496121303
8092,汚水,150.0,2006.0,28.88528089117568
8093,汚水,150.0,2006.0,45.40094707323724
8094,汚水,150.0,2006.0,44.942082504702945
8095,汚水,150.0,2006.0,44.803659802092454
8096,汚水,150.0,2006.0,33.945022981604566
8097,汚水,150.0,2006.0,44.7644749683019
8098,汚水,150.0,2006.0,72.36217696165545
8099,汚水,150.0,2006.0,44.04930739460382
8100,汚水,150.0,2007.0,72.15433091296664
8101,汚水,150.0,2006.0,44.04185594884556
8102,汚水,150.0,2006.0,44.96926980689288
8103,汚水,150.0,2006.0,72.49514724025406
8104,汚水,150.0,2006.0,44.83785054743653
8105,汚水,150.0,2006.0,19.807702426062455
8106,汚水,150.0,2006.0,69.48687828014458
8107,汚水,150.0,2006.0,66.7324107092107
8108,汚水,150.0,2007.0,24.36999342571065
8109,汚水,150.0,2007.0,22.21316359428611
8110,汚水,150.0,2007.0,9.491587148748938
8111,汚水,150.0,2007.0,35.093002808882986
8112,汚水,150.0,2007.0,4.687157078578421
8113,汚水,150.0,2007.0,17.11933721664947
8114,汚水,150.0,2007.0,9.674355649742989
8115,汚水,150.0,2007.0,44.3921858282591
8116,汚水,150.0,2007.0,9.226696180459395
8117,汚水,150.0,2007.0,9.141842003044436
8118,汚水,150.0,2007.0,18.88160436619696
8119,汚水,150.0,2007.0,13.532586079302899
8120,汚水,150.0,2007.0,37.992462276556154
8121,汚水,150.0,2007.0,52.07012978226192
8122,汚水,150.0,2001.0,42.06201230276476
8123,汚水,150.0,2001.0,23.381884074809662
8124,汚水,150.0,2001.0,81.31196213554527
8125,汚水,150.0,2001.0,5.028330008654168
8126,汚水,150.0,2001.0,84.57744412594577
8127,汚水,150.0,2001.0,71.04474063233224
8128,汚水,150.0,2001.0,77.41029573178639
8129,汚水,150.0,2001.0,4.605641464699349
8130,汚水,150.0,2001.0,9.193615721206966
8131,汚水,150.0,2001.0,19.481413803159274
8132,汚水,150.0,2001.0,29.589896803549067
8133,汚水,150.0,2001.0,16.823255521097174
8134,汚水,150.0,2001.0,38.50482211256481
8135,汚水,150.0,2001.0,10.6895532775575
8136,汚水,150.0,2001.0,18.74713996130179
8137,汚水,150.0,2001.0,70.3770463859417
8138,汚水,150.0,2001.0,18.882533922119443
8139,汚水,150.0,2001.0,19.724058142255462
8140,汚水,150.0,2001.0,31.646328931027426
8141,汚水,150.0,2001.0,58.60280938271776
8142,汚水,150.0,2001.0,39.738075472314826
8143,汚水,150.0,2001.0,52.74435835428148
8144,汚水,150.0,2001.0,60.74551774231165
8145,汚水,150.0,2001.0,87.81760921618107
8146,汚水,300.0,2000.0,6.366527840456726
8147,汚水,250.0,1994.0,64.45459089802725
8148,汚水,150.0,2001.0,91.15832023078423
8149,汚水,150.0,2001.0,28.827649438865752
8150,汚水,150.0,2001.0,5.841351258756652
8151,汚水,150.0,2001.0,57.303967709928436
8152,汚水,150.0,2001.0,6.824582859496477
8153,汚水,300.0,2000.0,46.861606071687824
8154,汚水,150.0,2001.0,66.0000390067784
8155,汚水,150.0,2001.0,58.16570564284448
8156,汚水,150.0,2001.0,36.27285464352747
8157,汚水,150.0,2001.0,6.431596163867709
8158,汚水,300.0,2000.0,42.39250469389373
8159,汚水,150.0,2001.0,18.08575527082034
8160,汚水,150.0,2001.0,54.953675284808725
8161,汚水,150.0,2001.0,36.667512182033356
8162,汚水,150.0,2001.0,34.248221583487506
8163,汚水,150.0,2001.0,5.004527260007976
8164,汚水,200.0,1995.0,27.442916484923202
8165,汚水,300.0,2000.0,26.588953026419986
8166,汚水,150.0,2001.0,17.90491100066227
8167,汚水,150.0,2001.0,65.26153303195312
8168,汚水,300.0,2000.0,6.344435795946915
8169,汚水,150.0,2001.0,27.928632766199094
8170,汚水,150.0,2001.0,79.48731796251957
8171,汚水,300.0,2000.0,42.90703334830438
8172,汚水,150.0,2001.0,30.84016023022323
8173,汚水,150.0,2001.0,36.9180972275131
8174,汚水,150.0,2001.0,5.006879901187915
8175,汚水,150.0,2001.0,54.07771982948142
8176,汚水,150.0,2001.0,36.042974628281115
8177,汚水,150.0,2001.0,33.06806212521262
8178,汚水,150.0,2001.0,3.426960050390915
8179,汚水,150.0,2001.0,43.98647673380443
8180,汚水,150.0,2001.0,57.07436741559957
8181,汚水,250.0,1990.0,28.430987694412714
8182,汚水,150.0,2001.0,12.531062221938845
8183,汚水,150.0,2001.0,5.0665425633047
8184,汚水,300.0,2000.0,45.6966845331057
8185,汚水,150.0,2001.0,38.0244816385326
8186,汚水,150.0,2001.0,7.120156261885881
8187,汚水,150.0,2001.0,38.368694657721285
8188,汚水,150.0,2001.0,32.62085414631041
8189,汚水,150.0,2001.0,32.4342554768327
8190,汚水,150.0,2001.0,7.976372382898096
8191,汚水,150.0,2001.0,46.9509111658701
8192,汚水,150.0,2001.0,66.58699328383157
8193,汚水,150.0,2001.0,39.03415387462249
8194,汚水,150.0,2001.0,53.58034005057026
8195,汚水,150.0,2001.0,37.67830691958223
8196,汚水,150.0,2001.0,50.90942999220121
8197,汚水,150.0,2001.0,56.41757072459482
8198,汚水,150.0,2001.0,60.18789625134914
8199,汚水,150.0,2001.0,42.978077671332805
8200,汚水,150.0,2001.0,14.490971470099097
8201,汚水,150.0,2001.0,44.9272271592881
8202,汚水,150.0,2001.0,7.309559843191927
8203,汚水,150.0,2001.0,59.39942241305148
8204,汚水,150.0,2001.0,6.886034555778488
8205,汚水,150.0,2001.0,4.4450499431187325
8206,汚水,150.0,2001.0,6.903893707601152
8207,汚水,150.0,2001.0,61.317555770290355
8208,汚水,150.0,2001.0,8.059893875701746
8209,汚水,350.0,2000.0,105.51695668278148
8210,汚水,150.0,2001.0,26.777406127909885
8211,汚水,150.0,2001.0,50.4986280760141
8213,汚水,300.0,2000.0,44.29323508705848
8214,汚水,300.0,2000.0,14.724531811774556
8215,汚水,300.0,2000.0,16.53604092493512
8216,汚水,300.0,2000.0,20.972288234420258
8217,汚水,300.0,2000.0,62.67268735842216
8218,汚水,150.0,2002.0,2.826568848586602
8219,汚水,150.0,2002.0,5.048040908276743
8220,汚水,300.0,2002.0,37.86463754779653
8221,汚水,300.0,2002.0,7.205576057714642
8222,汚水,150.0,2001.0,23.73969830869646
8223,汚水,150.0,2001.0,59.92067735392531
8224,汚水,150.0,2001.0,50.679508224352816
8225,汚水,150.0,2001.0,35.68038844642155
8226,汚水,150.0,2001.0,21.017692510327137
8227,汚水,150.0,2001.0,3.2765575152689967
8228,汚水,150.0,2001.0,24.077244498068563
8229,汚水,250.0,,20.70215974293141
8230,汚水,150.0,2001.0,74.94390357188327
8231,汚水,150.0,2001.0,54.3130358856253
8232,汚水,150.0,2001.0,35.14121602660441
8233,汚水,150.0,2001.0,26.745993357605364
8234,汚水,150.0,2001.0,54.60133558713497
8235,汚水,150.0,2001.0,50.14586538465751
8236,汚水,150.0,2001.0,53.8046437466119
8237,汚水,150.0,2001.0,26.688580470068125
8238,汚水,150.0,2001.0,3.6156555090844194
8239,汚水,150.0,2001.0,15.181478039165574
8240,汚水,150.0,2001.0,8.327076180852265
8241,汚水,150.0,2001.0,5.245172904485274
8242,汚水,150.0,2001.0,11.446284697540218
8243,汚水,150.0,2001.0,2.5085323499322887
8244,汚水,150.0,2001.0,2.225260628200667
8245,汚水,150.0,2001.0,37.375656953520206
8246,汚水,250.0,,28.755936541635663
8247,汚水,150.0,2001.0,8.72694654610235
8248,汚水,150.0,2001.0,6.494737572048992
8249,汚水,150.0,2001.0,9.41710658597293
8250,汚水,150.0,2001.0,27.022219114729886
8251,汚水,150.0,2001.0,21.408000124088705
8252,汚水,150.0,2001.0,5.237375315561301
8253,汚水,150.0,2001.0,6.483909137229732
8254,汚水,150.0,2001.0,8.729284345161682
8255,汚水,150.0,2001.0,12.188682553631052
8256,汚水,150.0,2001.0,6.318032340298591
8257,汚水,150.0,2001.0,9.13359899152174
8258,汚水,150.0,2001.0,9.159829107795321
8259,汚水,150.0,2001.0,46.32075862877534
8260,汚水,150.0,2001.0,23.374697450354088
8261,汚水,150.0,2001.0,27.20907945256113
8262,汚水,150.0,2001.0,37.88501044347791
8264,汚水,150.0,2001.0,39.40902511215268
8265,汚水,150.0,2001.0,22.155868647115888
8266,汚水,150.0,2001.0,5.120342823317638
8267,汚水,150.0,2001.0,50.860931956242965
8268,汚水,150.0,2001.0,61.74437906838932
8270,汚水,150.0,2004.0,31.735341454771483
8271,汚水,150.0,2004.0,31.296768922580235
8272,汚水,150.0,2004.0,32.59507890277881
8273,汚水,150.0,2004.0,32.20050756250885
8274,汚水,150.0,2004.0,21.38589492701037
8275,汚水,150.0,2004.0,7.013390406939016
8276,汚水,150.0,2004.0,6.367774574445317
8277,汚水,150.0,2004.0,4.450097380018582
8278,汚水,150.0,2004.0,44.50126156159504
8279,汚水,150.0,2004.0,59.374326458919704
15713,汚水,150.0,2004.0,53.63298877552037
15714,汚水,150.0,2004.0,6.545453596345519
15715,汚水,150.0,2004.0,16.29412885890102
15716,汚水,200.0,2004.0,3.615436639794362
15717,汚水,200.0,2004.0,15.293217630812562
15718,汚水,250.0,2004.0,65.11129903676652
15719,汚水,250.0,2004.0,69.82380721293943
15720,汚水,150.0,2004.0,98.17568700057302
15721,汚水,150.0,2004.0,14.551944294219489
15722,汚水,150.0,2004.0,3.6031248089277272
15723,汚水,150.0,2004.0,23.797158504096046
15724,汚水,150.0,2004.0,6.742202061431717
15725,汚水,150.0,2004.0,4.909090499600091
15726,汚水,150.0,2004.0,15.268485088385907
15727,汚水,150.0,2004.0,11.012358140528013
15728,汚水,150.0,2004.0,9.162402998830022
15729,汚水,150.0,2004.0,54.38804187703171
15730,汚水,150.0,2004.0,31.99454219642634
15731,汚水,150.0,2004.0,4.7319785003879336
15732,汚水,150.0,2004.0,53.23889493655882
15733,汚水,150.0,2004.0,21.57023527476333
15734,汚水,150.0,2004.0,21.422231663445267
15735,汚水,150.0,2004.0,97.03034299545338
15736,汚水,150.0,2004.0,30.720821314407324
15737,汚水,150.0,2004.0,26.21133057656174
15738,汚水,150.0,2004.0,5.994257885367506
15739,汚水,150.0,2004.0,7.606057594724655
15740,汚水,150.0,2004.0,4.561107677587446
15741,汚水,150.0,2004.0,13.34581759695755
15742,汚水,150.0,2004.0,6.373006564192355
15743,汚水,150.0,2004.0,31.929581433454185
15744,汚水,150.0,2004.0,10.754844866867622
15745,汚水,600.0,1993.0,85.94510234178902
15746,汚水,600.0,1993.0,65.29703781933834
15747,汚水,600.0,1993.0,44.55545370789547
15748,汚水,200.0,1993.0,57.56811755618457
15749,汚水,200.0,1993.0,33.132825739969434
15750,汚水,200.0,1993.0,33.57707957800862
15751,汚水,200.0,1993.0,47.67904569136191
15752,汚水,200.0,1993.0,41.809030483113915
15753,汚水,200.0,1993.0,14.605342019559787
15754,汚水,200.0,1993.0,29.429405037259887
15755,汚水,250.0,1987.0,32.38893917011028
15756,汚水,250.0,1987.0,26.235564339348404
15757,汚水,250.0,1987.0,31.741419719573802
15758,汚水,250.0,1987.0,22.614659554450174
15759,汚水,250.0,1987.0,6.293372939355297
15760,汚水,250.0,1987.0,11.57752518722838
15761,汚水,250.0,1987.0,9.448730724183008
15762,汚水,250.0,1987.0,21.90014807570571
15763,汚水,250.0,1987.0,9.852754827634365
15764,汚水,250.0,1987.0,8.602339122449902
15765,汚水,250.0,1987.0,17.453942712673182
15766,汚水,250.0,1987.0,16.77516091764763
15767,汚水,250.0,1987.0,15.282992973255645
15768,汚水,250.0,1987.0,16.901374944931348
15769,汚水,250.0,1987.0,3.939543120713566
15770,汚水,250.0,1987.0,42.51160315927319
15771,汚水,250.0,1987.0,20.289546565119135
15772,汚水,250.0,1987.0,28.723059906993495
15773,汚水,250.0,1987.0,21.540810288010007
15774,汚水,250.0,1986.0,31.85829786900838
15775,汚水,250.0,1986.0,33.57517626488404
15776,汚水,250.0,1986.0,32.07705677995865
15777,汚水,250.0,1986.0,32.5261042378882
15778,汚水,250.0,1986.0,31.967014618475122
15780,汚水,250.0,1987.0,30.120561483882977
15782,汚水,250.0,1989.0,15.141574612216068
15783,汚水,250.0,1989.0,30.163179548440482
15784,汚水,250.0,1989.0,21.016401096616768
15785,汚水,250.0,1989.0,20.041601513682142
15786,汚水,250.0,1989.0,19.254049311936306
15787,汚水,250.0,1989.0,46.08396191882728
15788,汚水,250.0,1987.0,45.7739202844462
15789,汚水,250.0,1987.0,41.62361075118432
15790,汚水,250.0,1987.0,48.6808625733241
15791,汚水,250.0,1987.0,51.26505592776985
15792,汚水,250.0,1987.0,100.83015917332098
15793,汚水,250.0,1987.0,33.19078461790423
15794,汚水,250.0,1987.0,20.507887600449433
15795,汚水,250.0,1987.0,19.27986587823836
15796,汚水,250.0,1987.0,29.1882775063434
15797,汚水,250.0,1987.0,14.250845497814424
15798,汚水,250.0,1987.0,32.69966836767023
15799,汚水,250.0,1987.0,21.773768640891497
15800,汚水,250.0,1987.0,5.450015014881045
15801,汚水,250.0,1987.0,25.741549571515513
15802,汚水,250.0,1987.0,20.228993263477236
15805,汚水,250.0,1988.0,18.85191273810601
15806,汚水,250.0,1988.0,11.509903024723236
15807,汚水,250.0,1988.0,15.406680842399702
15808,汚水,250.0,1988.0,8.0313372376546
15866,汚水,250.0,1987.0,42.81712476075245
15867,汚水,250.0,1987.0,25.475448833916246
15868,汚水,250.0,1987.0,29.669948597322293
15869,汚水,250.0,1987.0,48.84803427087368
15870,汚水,250.0,1987.0,11.41736671567749
15872,汚水,250.0,1987.0,6.7949579127984
15873,汚水,250.0,1990.0,40.973726265713815
15874,汚水,250.0,1990.0,45.26170723952905
15875,汚水,250.0,1987.0,38.893297237479715
15876,汚水,250.0,1987.0,39.18233653970549
15877,汚水,250.0,1987.0,10.25428807539149
15878,汚水,250.0,1987.0,39.42575683138847
15879,汚水,250.0,1987.0,47.30277764853428
15880,汚水,250.0,1987.0,10.748543220589582
15881,汚水,250.0,1987.0,18.213764575587085
15882,汚水,250.0,1987.0,5.930752469918957
15883,汚水,250.0,1987.0,7.625923160809464
15884,汚水,250.0,1987.0,17.961439454624525
15885,汚水,250.0,1987.0,11.767804924696804
15886,汚水,250.0,1987.0,8.150751837192717
15887,汚水,250.0,1987.0,10.079069930811638
15888,汚水,250.0,1987.0,2.4241074138247125
15889,汚水,250.0,1987.0,38.38439129582079
15890,汚水,250.0,1987.0,9.90860912616888
15891,汚水,250.0,1987.0,27.536208495799123
15892,汚水,250.0,1987.0,4.960139120455489
15893,汚水,250.0,1987.0,6.091568361338711
15894,汚水,200.0,1987.0,41.160115536240426
15895,汚水,250.0,1987.0,42.42731539718815
15896,汚水,250.0,1987.0,31.258326989430948
15897,汚水,250.0,1987.0,45.20784512943884
15898,汚水,250.0,1987.0,41.217103915484174
15899,汚水,250.0,1987.0,40.63033660215581
15900,汚水,250.0,1987.0,18.115615246105097
15901,汚水,350.0,1987.0,41.41997249596365
15902,汚水,250.0,1987.0,19.247132781194697
15903,汚水,250.0,1987.0,27.08953817808584
15904,汚水,250.0,1987.0,33.217886759757235
15905,汚水,250.0,1987.0,33.34375082302178
15906,汚水,250.0,1987.0,32.864570991945406
15908,汚水,250.0,1987.0,6.924310041698164
15909,汚水,250.0,1987.0,31.16593792888185
15910,汚水,300.0,1987.0,70.11363331028319
15911,汚水,250.0,1987.0,32.74022825683216
15912,汚水,300.0,1987.0,66.0643890131248
15913,汚水,250.0,1990.0,32.42373919392913
15915,汚水,250.0,1987.0,10.466645574841268
15916,汚水,250.0,1987.0,11.971799008228647
15917,汚水,250.0,1987.0,21.874592650753616
15918,汚水,250.0,1987.0,19.485093666104994
15919,汚水,200.0,1987.0,29.41166020175252
15920,汚水,250.0,1987.0,30.09507435048289
15921,汚水,250.0,1987.0,9.753941042378294
15922,汚水,250.0,1987.0,6.8901994797675234
15923,汚水,250.0,1987.0,29.659309308636587
15924,汚水,250.0,1987.0,19.64144097742915
15925,汚水,250.0,1987.0,8.064969877752223
15926,汚水,250.0,1987.0,14.258232243658092
15927,汚水,250.0,1987.0,17.042701875447197
15928,汚水,250.0,1987.0,9.027588620679248
15929,汚水,250.0,1987.0,2.072020331737211
15930,汚水,250.0,1987.0,31.711308385026964
15931,汚水,250.0,1987.0,28.007394125369824
15933,汚水,250.0,1987.0,14.152321588542376
15935,汚水,250.0,1987.0,13.345885942195405
15936,汚水,250.0,1987.0,20.141453852725622
15937,汚水,250.0,1987.0,21.56887454385301
15938,汚水,250.0,1987.0,25.401336056493715
15939,汚水,250.0,1987.0,20.036267275935515
15940,汚水,250.0,1987.0,20.367065065284255
15941,汚水,250.0,1987.0,27.813098903850943
15942,汚水,250.0,1986.0,38.783846888647965
15943,汚水,250.0,1986.0,41.19124849522336
15944,汚水,250.0,1986.0,48.61578280982688
15945,汚水,250.0,1986.0,49.00896617798156
15946,汚水,250.0,1986.0,35.67792141631494
15947,汚水,250.0,1986.0,5.757629860323837
15948,汚水,250.0,1986.0,13.969954233765865
15949,汚水,350.0,1987.0,27.310049416301432
15950,汚水,250.0,1986.0,35.17498253699435
15951,汚水,250.0,1986.0,44.06975940616003
15952,汚水,250.0,1986.0,17.018472528068163
15953,汚水,250.0,1986.0,18.388972372732194
15954,汚水,250.0,1986.0,24.380485390346422
15955,汚水,250.0,1986.0,66.29662443360395
15956,汚水,250.0,1986.0,8.076788887544204
15957,汚水,250.0,1987.0,16.614710118658756
15958,汚水,250.0,1987.0,21.23406528274396
15959,汚水,250.0,1986.0,2.51238991839758
15960,汚水,900.0,1986.0,70.48223377442235
15961,汚水,150.0,2003.0,41.438383498161635
15962,汚水,250.0,1987.0,6.228855318517679
15963,汚水,900.0,1986.0,81.62291276564353
15964,汚水,250.0,1990.0,6.959766088018252
15966,汚水,150.0,2003.0,5.575833514050001
15968,汚水,200.0,1994.0,40.934994543662896
15969,汚水,200.0,1994.0,50.076404862005354
15970,汚水,200.0,1994.0,48.09275840983618
15974,汚水,200.0,1994.0,32.697371658367395
15975,汚水,200.0,1994.0,32.41585725211778
15976,汚水,200.0,1994.0,52.50024986348592
15977,汚水,200.0,1994.0,52.79657624094747
15978,汚水,200.0,1994.0,51.44194270482622
15979,汚水,200.0,1994.0,37.11693551194143
15980,汚水,200.0,1993.0,52.56911571467611
15981,汚水,200.0,1994.0,37.9554219326782
15982,汚水,200.0,1994.0,43.16235023197212
15983,汚水,200.0,1994.0,50.151651116105675
15984,汚水,200.0,1994.0,13.914498941336321
15985,汚水,200.0,1994.0,45.56191626391855
15986,汚水,200.0,1994.0,43.55356237947214
15987,汚水,200.0,1994.0,36.309720262685836
15988,汚水,200.0,1994.0,67.10619328862605
15989,汚水,200.0,1994.0,29.025554351315506
15990,汚水,200.0,1994.0,42.3005199581315
15992,汚水,200.0,1994.0,49.307297777491456
15993,汚水,200.0,1992.0,32.66816915084537
15994,汚水,500.0,1992.0,41.91535184567634
15997,汚水,250.0,1992.0,57.76057322070379
15998,汚水,200.0,1994.0,30.2161242985472
15999,汚水,200.0,1994.0,56.37799966944564
16000,汚水,200.0,1994.0,51.88230126663246
16001,汚水,200.0,1994.0,44.71184258943865
16002,汚水,200.0,1994.0,4.8484173315454715
16005,汚水,200.0,1994.0,10.732919073975413
16006,汚水,200.0,1994.0,20.87672141311335
16007,汚水,200.0,1994.0,11.528905066961068
16008,汚水,200.0,1995.0,36.227347679659914
16009,汚水,200.0,1995.0,47.953220494821124
16010,汚水,200.0,2006.0,10.434562160636068
16011,汚水,150.0,2008.0,49.20412808656457
16012,汚水,200.0,1993.0,40.75034816897233
16013,汚水,200.0,1993.0,32.813420133671436
16014,汚水,200.0,1993.0,45.265108867037114
16015,汚水,200.0,1993.0,48.44122815820712
16017,汚水,200.0,1993.0,52.78243090043565
16018,汚水,200.0,1993.0,37.970249300030986
16019,汚水,200.0,1993.0,18.243951658572495
16020,汚水,200.0,1993.0,37.65732259265306
16021,汚水,200.0,1993.0,39.92794654135029
16022,汚水,200.0,1993.0,19.337766462256223
16023,汚水,200.0,1993.0,5.801487122009659
16024,汚水,200.0,1993.0,20.476466535377718
16025,汚水,200.0,1993.0,35.97835298540034
16026,汚水,200.0,1993.0,4.884250370419091
16027,汚水,200.0,1993.0,23.63346059975907
16028,汚水,600.0,1993.0,81.38320313027644
16030,汚水,200.0,1993.0,58.649959013716014
16031,汚水,200.0,1993.0,46.194429048080146
16032,汚水,200.0,1993.0,24.569920825086594
16033,汚水,200.0,1993.0,12.930765908917712
16034,汚水,200.0,1993.0,3.5308025607840703
16035,汚水,200.0,1993.0,5.140722247935989
16037,汚水,200.0,1993.0,20.616204781276274
16038,汚水,200.0,1993.0,18.407016009087776
16039,汚水,200.0,1993.0,28.70120060367287
16040,汚水,200.0,1993.0,16.6506297886786
16041,汚水,200.0,1993.0,9.782173633562756
16042,汚水,200.0,1993.0,11.239237988704813
16043,汚水,200.0,1993.0,41.2389732079287
16045,汚水,250.0,1993.0,63.753746132560686
16046,汚水,200.0,1993.0,60.77512713996043
16047,汚水,200.0,1993.0,49.80908979856336
16048,汚水,250.0,1993.0,43.16657021966593
16049,汚水,200.0,1993.0,39.294710738577784
16050,汚水,200.0,1993.0,23.95789585799243
16051,汚水,200.0,1993.0,7.136062544016528
16052,汚水,200.0,1993.0,33.097512337679696
16053,汚水,200.0,1993.0,54.082632072877374
16054,汚水,200.0,1993.0,38.50060105402493
16055,汚水,200.0,1993.0,41.222472214729734
16056,汚水,200.0,1993.0,7.120720756840493
16057,汚水,250.0,1993.0,45.278580526092526
16058,汚水,200.0,1993.0,11.836641351189037
16059,汚水,200.0,1993.0,4.847858138503517
16060,汚水,200.0,1993.0,46.33538407256271
16061,汚水,200.0,1993.0,34.9795991043512
16062,汚水,200.0,1993.0,5.5751792202674615
16063,汚水,200.0,1993.0,22.047910448752166
16064,汚水,200.0,1993.0,23.188891636041987
16065,汚水,200.0,1993.0,9.495152373134085
16066,汚水,200.0,1993.0,6.983422312633256
16067,汚水,200.0,1993.0,9.1010995516833
16068,汚水,200.0,1993.0,43.19374547801149
16069,汚水,200.0,1993.0,4.821166285941347
16070,汚水,200.0,1993.0,51.094375598077164
16071,汚水,200.0,1993.0,5.037018631199516
16072,汚水,200.0,1993.0,31.932129859363343
16073,汚水,200.0,1993.0,12.231760426786739
16082,汚水,600.0,1996.0,104.83029575500129
16083,汚水,200.0,1997.0,5.260746957046335
16084,汚水,200.0,1997.0,43.742232233763964
16085,汚水,200.0,1997.0,19.067867019706284
16086,汚水,200.0,1997.0,7.030435111396067
16087,汚水,200.0,1997.0,5.105700782334965
16088,汚水,200.0,1997.0,10.116240671422728
16089,汚水,200.0,1997.0,51.39419510041096
16090,汚水,350.0,2003.0,98.1974976922516
246,汚水,200.0,1996.0,27.930888392055593
247,汚水,200.0,1996.0,18.86802043365419
248,汚水,200.0,1996.0,15.633100558897759
249,汚水,200.0,1996.0,8.29845027613615
250,汚水,200.0,1996.0,5.784849554865086
251,汚水,200.0,1996.0,17.05756994859294
252,汚水,200.0,1996.0,19.471423479416146
253,汚水,200.0,1996.0,17.505308293060647
254,汚水,200.0,1996.0,14.934901201887458
255,汚水,200.0,1996.0,30.222905965158006
256,汚水,200.0,1996.0,30.743629394599274
257,汚水,200.0,1996.0,18.806885891922278
258,汚水,200.0,1996.0,47.1964171071572
259,汚水,200.0,1996.0,8.523316636112236
260,汚水,200.0,1996.0,15.026899383856797
261,汚水,200.0,1996.0,11.171748867125972
262,汚水,200.0,1996.0,25.761963867842162
263,汚水,200.0,1996.0,18.93124449462955
528,汚水,250.0,,26.027201298369352
529,汚水,250.0,,25.535973115964833
530,汚水,250.0,,26.992017450872947
531,汚水,250.0,,36.68377463735977
532,汚水,250.0,,29.045598201311012
533,汚水,250.0,,36.92004766902247
534,汚水,250.0,,26.058704296194527
536,汚水,250.0,,28.00451861451191
540,汚水,250.0,,20.63418155997992
541,汚水,250.0,,41.174469716739075
543,汚水,250.0,,30.833255415954387
545,汚水,150.0,2008.0,25.779831470380266
546,汚水,150.0,2008.0,22.863605569067268
547,汚水,150.0,2008.0,35.311286471310744
548,汚水,150.0,2008.0,21.711877883234195
549,汚水,250.0,,34.43381868859258
550,汚水,250.0,,23.40602910505467
551,汚水,250.0,,36.677693138764
552,汚水,250.0,,33.70943795658675
553,汚水,250.0,,32.3275550172282
554,汚水,150.0,2008.0,37.4147953627758
555,汚水,150.0,2008.0,36.9908684837511
556,汚水,150.0,2008.0,37.65590560508646
557,汚水,250.0,,21.55816806501282
264,汚水,200.0,1996.0,10.418910939222577
265,汚水,200.0,1996.0,16.60048599888475
266,汚水,200.0,1996.0,15.290103666248138
267,汚水,200.0,1996.0,12.763911711293392
268,汚水,200.0,1996.0,10.811384830863515
269,汚水,200.0,1996.0,25.61441611929927
270,汚水,200.0,1996.0,26.689976365554045
271,汚水,200.0,1996.0,24.66916034166871
272,汚水,200.0,1996.0,6.477903046235577
273,汚水,200.0,1996.0,13.828182083509944
274,汚水,200.0,1996.0,4.091992935047926
275,汚水,200.0,1996.0,45.991671811305864
276,汚水,200.0,1996.0,9.415654173049655
277,汚水,200.0,1996.0,17.959271626862613
278,汚水,200.0,1996.0,19.88278693530564
279,汚水,200.0,1996.0,16.997506536693606
280,汚水,200.0,1996.0,8.918374583655977
281,汚水,200.0,1996.0,7.930336255354484
282,汚水,200.0,1996.0,17.741657513429814
283,汚水,200.0,1996.0,11.395059682974537
284,汚水,200.0,1996.0,8.81758214609445
285,汚水,200.0,1996.0,9.326396857380482
286,汚水,200.0,1996.0,6.37918970502457
287,汚水,200.0,1996.0,36.079394656434495
288,汚水,200.0,1996.0,35.0701482551801
289,汚水,200.0,1996.0,43.98482091860036
290,汚水,200.0,1996.0,4.083348896459117
291,汚水,200.0,1996.0,50.14668573989376
292,汚水,200.0,1996.0,43.39358665962029
293,汚水,200.0,1996.0,38.82707440808427
294,汚水,200.0,1996.0,5.902274262059407
295,汚水,350.0,1996.0,27.91267695984503
296,汚水,200.0,1996.0,27.004894623473266
297,汚水,200.0,1996.0,35.71892831394624
298,汚水,200.0,1996.0,3.1602491679248996
299,汚水,200.0,1996.0,7.800500441410699
300,汚水,200.0,1996.0,41.301271784713286
301,汚水,200.0,1996.0,51.39927164751442
302,汚水,200.0,1996.0,6.415137593853643
303,汚水,200.0,1996.0,14.980952372261488
304,汚水,200.0,1996.0,14.875348421219103
305,汚水,200.0,1996.0,18.261543852554432
306,汚水,200.0,1996.0,11.359841059118818
307,汚水,200.0,1996.0,7.014174652466287
308,汚水,200.0,1996.0,18.207323529045418
309,汚水,200.0,1996.0,34.99980407591107
310,汚水,200.0,1996.0,26.487806757980476
311,汚水,200.0,1996.0,24.691436341967584
312,汚水,200.0,1996.0,37.92938293505487
313,汚水,200.0,1996.0,54.06747184168835
314,汚水,200.0,1996.0,6.245999999999185
315,汚水,200.0,1996.0,12.213781906001907
316,汚水,200.0,1996.0,20.049148492130694
317,汚水,200.0,1996.0,20.24372811904605
318,汚水,200.0,1996.0,23.730702945699527
319,汚水,200.0,1996.0,43.12695975431939
320,汚水,200.0,1996.0,21.486481649994314
321,汚水,200.0,1996.0,45.48709652239983
322,汚水,200.0,1996.0,17.96031563690909
323,汚水,200.0,1996.0,8.28293265993753
324,汚水,200.0,1996.0,10.653468969467424
325,汚水,200.0,1996.0,10.558301340092648
326,汚水,200.0,1996.0,17.842658392368257
327,汚水,200.0,1996.0,21.212738096876876
708,汚水,150.0,2007.0,50.09287926742479
709,汚水,150.0,,41.599667210730466
710,汚水,250.0,,42.301071455478066
711,汚水,250.0,,41.72808475230814
712,汚水,250.0,,40.15757488130647
713,汚水,250.0,,39.81948155381649
714,汚水,150.0,2006.0,42.0396340375244
715,汚水,150.0,2006.0,41.007105609765105
716,汚水,150.0,2006.0,47.59681582961211
717,汚水,150.0,2006.0,41.399530832911175
718,汚水,150.0,2006.0,41.06043011828339
719,汚水,250.0,,28.038877586601902
720,汚水,250.0,,15.069140822148885
721,汚水,250.0,1997.0,11.36928490747845
722,汚水,250.0,,28.84899572973573
723,汚水,250.0,,28.921622442601695
724,汚水,250.0,,27.67770401607182
727,汚水,250.0,,36.012570236090816
728,汚水,250.0,,25.163803002774987
730,汚水,250.0,,39.76290318958241
731,汚水,250.0,,43.126130967419705
732,汚水,250.0,,43.161860587778904
733,汚水,250.0,,43.983033657519
734,汚水,250.0,,26.139298451907717
735,汚水,250.0,,26.08513891290392
736,汚水,250.0,,28.171549723428672
737,汚水,200.0,1997.0,24.50284866931036
738,汚水,200.0,1997.0,28.880186062022887
739,汚水,250.0,,5.999755666793805
740,汚水,250.0,1997.0,2.2003820122866085
741,汚水,250.0,,10.203609765511162
742,汚水,250.0,1997.0,5.079700611131884
743,汚水,250.0,,12.158758985441715
744,汚水,200.0,1997.0,35.6167180730356
745,汚水,250.0,,24.2708483361426
328,汚水,200.0,1996.0,18.15715383683191
329,汚水,200.0,1996.0,3.827230577774594
330,汚水,200.0,1996.0,47.061647984305694
331,汚水,200.0,1996.0,9.126025417771029
332,汚水,200.0,1996.0,4.011033092092529
333,汚水,200.0,1996.0,6.791775178254817
334,汚水,200.0,1996.0,14.884225786213815
335,汚水,200.0,1996.0,10.042531728408811
336,汚水,200.0,1996.0,30.886091038908447
337,汚水,200.0,1996.0,25.459140161866383
342,汚水,150.0,2002.0,33.36604947074974
343,汚水,200.0,1996.0,9.099476068114933
344,汚水,150.0,1999.0,37.11047760772946
345,汚水,200.0,1999.0,88.13895022183934
346,汚水,150.0,1999.0,29.72750357596745
347,汚水,150.0,1999.0,94.27722407475734
348,汚水,150.0,1999.0,16.32051321413097
349,汚水,150.0,1999.0,28.025579018564176
350,汚水,150.0,2008.0,65.34008093850196
351,汚水,150.0,2008.0,32.84612421279978
352,汚水,150.0,2008.0,4.691156253904976
353,汚水,150.0,2008.0,38.43222369872576
354,汚水,150.0,2008.0,54.72855207776804
355,汚水,150.0,2008.0,18.047942003785163
356,汚水,150.0,2008.0,90.55111603603979
357,汚水,150.0,2008.0,98.05686541494684
358,汚水,150.0,2008.0,42.441161282007265
359,汚水,150.0,2008.0,47.53891349782755
360,汚水,150.0,2008.0,94.77079248155403
361,汚水,150.0,2008.0,62.22398600908047
362,汚水,150.0,2008.0,47.17979687783604
363,汚水,150.0,2008.0,42.63798484377511
364,汚水,150.0,2008.0,6.124533223097793
365,汚水,150.0,2008.0,7.106689534583034
366,汚水,150.0,2008.0,48.29631683408173
367,汚水,150.0,2008.0,97.40601817905045
368,汚水,150.0,2008.0,50.25822272915073
369,汚水,150.0,2008.0,53.874113870715874
370,汚水,150.0,2008.0,6.16939346606744
371,汚水,150.0,2008.0,72.627565186681
373,汚水,150.0,2008.0,73.76534113301744
374,汚水,150.0,2008.0,40.405375120519224
375,汚水,150.0,2008.0,91.99192301560733
376,汚水,150.0,1999.0,27.110604665791072
377,汚水,150.0,1999.0,2.7148119143045366
378,汚水,150.0,2010.0,37.119556363767956
379,汚水,150.0,1999.0,27.09783753670329
380,汚水,150.0,1999.0,30.426009617729164
381,汚水,150.0,1999.0,67.03374899474923
382,汚水,150.0,1999.0,7.182918472704757
383,汚水,150.0,1999.0,25.96340263984763
384,汚水,150.0,1999.0,16.1086566756397
385,汚水,150.0,1999.0,90.98718800271722
386,汚水,300.0,1999.0,39.24936186048036
387,汚水,200.0,1996.0,63.175410792302195
388,汚水,200.0,1997.0,22.887928887424383
389,汚水,200.0,1997.0,14.390412532337235
390,汚水,250.0,1991.0,28.78406754881035
391,汚水,250.0,1991.0,12.887087258193846
392,汚水,250.0,1991.0,33.489381237746606
393,汚水,250.0,1991.0,12.418017815460997
394,汚水,250.0,1991.0,33.024621187041916
395,汚水,250.0,1991.0,33.61161818485265
396,汚水,250.0,1991.0,29.838184988769797
397,汚水,250.0,1991.0,29.665734189523743
398,汚水,250.0,1991.0,28.28238107000148
399,汚水,250.0,1991.0,9.77932391243688
400,汚水,250.0,1991.0,16.98239255839793
402,汚水,3000.0,2004.0,44.913416988660956
403,汚水,250.0,1991.0,41.11944677499381
406,汚水,250.0,1992.0,19.580973216088438
407,汚水,250.0,1992.0,24.69452230724162
408,汚水,250.0,1992.0,35.85661311388457
409,汚水,250.0,1992.0,34.78029867117895
410,汚水,250.0,1992.0,21.7519985267535
411,汚水,250.0,1992.0,37.77182585188715
412,汚水,250.0,1992.0,33.64620205429011
413,汚水,75.0,1992.0,49.22405244492488
414,汚水,250.0,1992.0,40.43628744222959
415,汚水,250.0,1992.0,4.791316406039721
416,汚水,250.0,1992.0,9.78170563607917
417,汚水,250.0,1992.0,49.64878902935821
418,汚水,250.0,1992.0,34.78277004599157
420,汚水,250.0,1992.0,13.194143484728363
421,汚水,250.0,1992.0,38.550448440834685
424,汚水,200.0,1991.0,14.031697998062334
426,雨水,,1996.0,28.19980696814493
429,汚水,200.0,1996.0,43.890004453787114
430,汚水,200.0,1996.0,7.630818132212675
431,汚水,200.0,1996.0,9.653640972680895
432,汚水,200.0,1996.0,44.14250654521691
434,汚水,250.0,1991.0,35.096583598016466
435,汚水,,,21.24677265177145
436,汚水,250.0,1991.0,30.225892058422165
437,汚水,250.0,1991.0,29.82585306747222
438,汚水,250.0,1991.0,17.64948373888296
439,汚水,250.0,1991.0,40.87564317856786
440,汚水,250.0,1991.0,39.275087108039735
441,汚水,250.0,1991.0,38.968163867149876
442,汚水,250.0,1991.0,34.80437339529065
443,汚水,250.0,1991.0,36.6518676886461
444,汚水,250.0,1991.0,40.203964565495205
445,汚水,250.0,1991.0,25.82505486603301
446,汚水,250.0,1991.0,42.183201992741104
447,汚水,250.0,1991.0,27.606628959535804
448,汚水,250.0,1991.0,43.501071096448555
449,汚水,250.0,1991.0,45.75016060356752
450,汚水,250.0,1991.0,41.20086101246212
451,汚水,250.0,1991.0,14.64834944782888
452,汚水,250.0,1991.0,7.596056306011132
453,汚水,250.0,1991.0,10.948207550527709
454,汚水,250.0,1991.0,9.63006313734837
455,汚水,250.0,1991.0,12.96683028664674
456,汚水,250.0,1991.0,26.00796302982837
457,汚水,250.0,1991.0,34.103086976321435
458,汚水,250.0,1991.0,21.53939774506991
459,汚水,250.0,1991.0,23.87077885501097
460,汚水,250.0,1991.0,32.83733805082855
461,汚水,250.0,1991.0,5.718607363113421
462,汚水,250.0,1991.0,40.07857492736012
463,汚水,250.0,1991.0,40.5902523640174
464,汚水,250.0,1991.0,28.326526216446155
465,汚水,250.0,1991.0,31.56459552185712
466,汚水,250.0,1991.0,25.123589212025852
467,雨水,900.0,2000.0,91.24111473194024
468,汚水,250.0,1991.0,39.42064440654769
469,汚水,250.0,1991.0,38.601300764804286
470,汚水,250.0,1991.0,38.830412119974085
471,汚水,250.0,1991.0,27.61591901171074
472,汚水,250.0,1991.0,26.87617874194472
473,汚水,250.0,1991.0,39.779273756113895
474,汚水,250.0,1991.0,36.80198256787206
475,汚水,250.0,1991.0,39.69924972826232
476,汚水,250.0,1991.0,18.318595201840584
477,汚水,250.0,1991.0,35.17874867465423
478,汚水,250.0,1991.0,50.0299129760535
479,汚水,250.0,1991.0,21.55809554907879
480,汚水,250.0,1991.0,34.15834760492725
481,汚水,250.0,1991.0,9.329438259414195
482,汚水,250.0,1991.0,10.028509525910389
483,汚水,250.0,1991.0,32.85936402553611
484,雨水,2700.0,,63.59557445648088
485,汚水,250.0,1991.0,42.5625050651144
486,汚水,250.0,1991.0,49.95930895069727
487,汚水,250.0,1991.0,15.941897630904759
488,汚水,250.0,1991.0,23.166032822612426
490,汚水,250.0,1993.0,53.10054824869958
491,汚水,250.0,1993.0,18.22571325554941
492,汚水,250.0,1991.0,17.3010777020695
493,汚水,200.0,2000.0,39.810338549102994
494,汚水,250.0,1991.0,4.257028632269271
495,汚水,250.0,,39.11332332358892
496,汚水,250.0,,15.069257291405071
497,汚水,250.0,,36.93055800934181
498,汚水,250.0,,14.855831761307773
499,汚水,250.0,,7.1772164520689525
500,汚水,250.0,,12.76720462367405
8280,汚水,150.0,2004.0,34.44480722162373
8281,汚水,150.0,2004.0,59.03298090961189
8282,汚水,150.0,2004.0,40.55280081244291
8283,汚水,150.0,2004.0,31.203385854732336
8284,汚水,150.0,2004.0,39.82204528247935
8285,汚水,150.0,2004.0,26.635614732867975
8286,汚水,150.0,2004.0,6.6338786850211475
8287,汚水,150.0,2004.0,8.651421165094943
8288,汚水,150.0,2004.0,42.490530217483744
8289,汚水,150.0,2004.0,58.047705182634544
8290,汚水,150.0,2004.0,24.37023174977848
8291,汚水,150.0,2004.0,76.98812784515789
8292,汚水,150.0,2004.0,39.06422636688336
8293,汚水,150.0,2004.0,81.41481930598695
8294,汚水,150.0,2004.0,6.006448240068191
8295,汚水,150.0,2004.0,78.97645696964332
8296,汚水,250.0,1989.0,31.71044445131566
8297,汚水,150.0,2004.0,93.07498303919654
8298,汚水,150.0,2004.0,59.91699306289123
8299,汚水,150.0,2004.0,31.56880912001392
8300,汚水,150.0,2004.0,71.20994169059213
8301,汚水,150.0,2004.0,41.98620642863892
8302,汚水,150.0,2004.0,28.864410986537006
8303,汚水,150.0,2004.0,59.3537331354533
8304,汚水,150.0,2004.0,61.11248041211776
8305,汚水,150.0,2004.0,6.871384169426511
8306,汚水,150.0,2004.0,11.757263602846638
8307,汚水,150.0,2004.0,3.6870266648131342
8308,汚水,150.0,2004.0,27.468650087716796
8309,汚水,150.0,2004.0,16.75722777682217
8310,汚水,150.0,2004.0,20.831173366463464
8311,汚水,150.0,2004.0,11.995697995120459
8312,汚水,150.0,2004.0,12.302373211847257
8313,汚水,250.0,1992.0,44.478762554743206
8314,汚水,150.0,2004.0,35.61483282538108
8315,汚水,150.0,2004.0,6.218845374762918
8316,汚水,150.0,2004.0,7.513350703136866
8317,汚水,150.0,2004.0,40.56565984388169
8318,汚水,150.0,2004.0,51.22870503171817
8319,汚水,150.0,2004.0,40.58881871728326
8320,汚水,150.0,2004.0,49.46373026321237
8321,汚水,150.0,2007.0,30.770459596601338
8322,汚水,150.0,2007.0,37.54421844647463
8323,汚水,150.0,2007.0,42.7514568311383
8324,汚水,150.0,2007.0,8.648107009390236
8325,汚水,150.0,2007.0,32.31626832389899
8326,汚水,150.0,2007.0,52.47694631069685
8327,汚水,150.0,2007.0,26.26422033484983
8328,汚水,150.0,2007.0,36.85939217935218
8329,汚水,150.0,2007.0,34.35875219180562
8330,汚水,250.0,1992.0,27.76696920263578
8331,汚水,150.0,2007.0,30.400607237364756
8332,汚水,250.0,2004.0,13.442755516869651
8333,汚水,250.0,2004.0,48.354096131709234
8334,汚水,250.0,2004.0,41.00054416850982
8335,汚水,250.0,2004.0,57.750865669041886
8336,汚水,250.0,2004.0,49.084163669119796
8337,汚水,250.0,2004.0,26.797470372488796
8338,汚水,250.0,2004.0,29.574100059680614
8339,汚水,250.0,2004.0,12.04486782363227
8340,汚水,150.0,2004.0,36.73035233687446
8341,汚水,150.0,2004.0,5.308985246011826
8342,汚水,150.0,2004.0,3.8974714932381778
8343,汚水,300.0,2004.0,35.48082331512091
8344,汚水,300.0,2004.0,43.53248737371336
8345,汚水,150.0,2004.0,43.70915186511293
8346,汚水,150.0,2004.0,32.055223423665524
8347,汚水,150.0,2004.0,72.99187892680072
8348,汚水,150.0,2004.0,34.63485547241593
8349,汚水,150.0,2004.0,42.83314473509918
8350,汚水,150.0,2004.0,27.139634959794996
8351,汚水,150.0,2004.0,6.444643841778386
8352,汚水,200.0,2004.0,2.726497750680244
8353,汚水,150.0,2004.0,7.822097177545804
8354,汚水,150.0,2004.0,4.001249596632113
8355,汚水,150.0,2004.0,12.116897927607877
8356,汚水,150.0,2004.0,6.183046780801142
8357,汚水,150.0,2004.0,17.124094663739857
8358,汚水,150.0,2004.0,27.709191866739165
8359,汚水,150.0,2004.0,23.84105557526054
8360,汚水,150.0,2004.0,28.01880327654519
8361,汚水,150.0,2004.0,20.902531049178194
8362,汚水,150.0,2004.0,10.800334590281611
8363,汚水,150.0,2004.0,2.5788014559103543
8364,汚水,150.0,2004.0,49.07733752643092
8365,汚水,150.0,2004.0,15.73367012559267
8366,汚水,150.0,2004.0,63.41558979036821
8367,汚水,150.0,2004.0,41.832278962357755
8368,汚水,150.0,2004.0,3.514157328320633
8369,汚水,600.0,1996.0,124.96166680288984
8370,汚水,200.0,1997.0,24.5799960788031
8372,汚水,200.0,1997.0,35.55119370814533
8373,汚水,200.0,1997.0,47.9733630290917
8374,汚水,200.0,1997.0,12.751746198267856
8375,汚水,200.0,1997.0,9.804388740330037
8376,汚水,200.0,1997.0,48.521629969853635
8377,汚水,200.0,1997.0,47.610460254142566
8378,汚水,200.0,1997.0,23.584180878942263
8379,汚水,200.0,1997.0,42.238901060983885
8380,汚水,200.0,1997.0,26.027710657810683
8381,汚水,200.0,1997.0,49.42944193623416
8382,汚水,200.0,1997.0,48.26519389263544
8383,汚水,200.0,1997.0,43.67841817206858
8384,汚水,200.0,1997.0,11.415725756328607
8385,汚水,200.0,1997.0,17.490198059506397
8386,汚水,200.0,1997.0,6.179298864895954
8387,汚水,200.0,1997.0,7.227837280991785
8388,汚水,200.0,1997.0,49.85720812910182
8389,汚水,200.0,1997.0,48.30472650651773
8390,汚水,200.0,1997.0,43.60294031047355
8391,汚水,200.0,1997.0,40.826902440238115
8392,汚水,200.0,1997.0,15.355475356464016
8392,汚水,200.0,1997.0,5.578990054342539
8393,汚水,200.0,1997.0,39.75724414890603
8394,汚水,200.0,1997.0,37.39472340283468
8395,汚水,200.0,1997.0,3.4830406263576044
8397,汚水,200.0,1997.0,3.0158625147188443
8398,汚水,200.0,1997.0,12.570288682559845
8399,汚水,200.0,1997.0,4.058585564343198
8400,汚水,200.0,1997.0,3.5303180184538467
8401,汚水,200.0,1997.0,7.524831155688796
8402,汚水,200.0,1997.0,22.56761969694291
8403,汚水,200.0,1997.0,37.78682705574831
8404,汚水,200.0,1997.0,37.85027658390273
8405,汚水,200.0,1997.0,5.350062827552872
8406,汚水,200.0,1997.0,39.90814851051297
8407,汚水,200.0,1997.0,42.02816463307467
8408,汚水,200.0,1997.0,4.94753514819342
8409,汚水,200.0,1997.0,45.72706146307091
8410,汚水,200.0,1997.0,19.182946455951793
8411,汚水,200.0,1997.0,8.148270931811998
8412,汚水,200.0,1997.0,34.55360274993248
8413,汚水,200.0,1997.0,3.0802998456962545
8414,汚水,200.0,1997.0,13.607111394513552
8415,汚水,200.0,1997.0,15.932635784642548
8416,汚水,200.0,1997.0,4.11270806512097
8417,汚水,200.0,1997.0,22.805680987151458
8418,汚水,200.0,1997.0,7.866106865118068
8419,汚水,200.0,1997.0,3.3826251184383476
8420,汚水,200.0,1997.0,43.98363085142474
8421,汚水,200.0,1997.0,44.29816758828393
8422,汚水,200.0,1997.0,6.289541880125738
8423,汚水,200.0,1997.0,5.168682276708848
8424,汚水,200.0,1997.0,28.170054149641086
8425,汚水,200.0,1997.0,10.345522581221298
8426,汚水,200.0,1997.0,8.116938591189019
8427,汚水,200.0,1997.0,5.210143479782075
8428,汚水,200.0,1997.0,7.111570067488879
8429,汚水,200.0,1997.0,13.162356220644055
8430,汚水,200.0,1997.0,9.22010149141573
8431,汚水,200.0,1997.0,9.686168737749975
8432,汚水,200.0,1997.0,22.613601723784512
8433,汚水,200.0,1997.0,25.8358240735039
8434,汚水,200.0,1997.0,30.949682213952332
8435,汚水,200.0,1997.0,25.445789869520045
8436,汚水,200.0,1997.0,48.793856965238476
8437,汚水,200.0,1997.0,10.020062770928694
8438,汚水,200.0,1997.0,50.1772321395228
8439,汚水,200.0,1997.0,3.5568457952218964
8440,汚水,200.0,1997.0,25.050266995159724
8441,汚水,200.0,1997.0,22.774789877615753
8442,汚水,200.0,1997.0,9.725567150819437
8443,汚水,200.0,1997.0,20.269178820656997
8444,汚水,200.0,1997.0,4.773931515487897
8447,汚水,200.0,1997.0,3.0839872243998427
8448,汚水,150.0,1999.0,6.836628218425358
8449,汚水,150.0,1999.0,51.70936278408451
8450,汚水,150.0,1999.0,57.909983803134324
8451,汚水,150.0,1999.0,31.367933783615324
8452,汚水,150.0,1999.0,13.981937281875808
8453,汚水,150.0,1999.0,27.968676253609225
8454,汚水,150.0,1999.0,54.77878634358579
8455,汚水,150.0,1999.0,4.408851717061944
8456,汚水,200.0,1997.0,66.81693851287385
8457,汚水,150.0,1999.0,25.984544851270098
8458,汚水,150.0,1999.0,52.02216401275337
8459,汚水,150.0,1999.0,35.61617067637844
8460,汚水,150.0,1999.0,39.03098091271541
8462,汚水,150.0,2005.0,2.8551165171250332
8463,汚水,150.0,2006.0,59.61372024497007
8464,汚水,150.0,2006.0,21.91382732013706
8465,汚水,150.0,2006.0,4.364060413584579
8466,汚水,150.0,2006.0,4.6766509780321135
8467,汚水,150.0,2006.0,37.32284609710681
8468,汚水,150.0,2006.0,89.83680971968508
8469,汚水,150.0,2006.0,23.55531190581526
8470,汚水,150.0,2006.0,8.374589774199825
8471,汚水,150.0,2006.0,43.45398893897476
8472,汚水,150.0,2006.0,78.87531348771026
8473,汚水,150.0,2006.0,25.577479401593983
8474,汚水,150.0,2001.0,32.566172348289065
8475,汚水,150.0,2001.0,3.2117659534039973
8476,汚水,150.0,2001.0,31.329171250597504
8477,汚水,150.0,2001.0,41.171660308451706
8478,汚水,150.0,2001.0,53.15153341112355
8479,汚水,150.0,2001.0,56.51217792795954
8480,汚水,150.0,2001.0,57.54194127066403
8481,汚水,150.0,2001.0,53.63710114608829
8482,汚水,150.0,2001.0,27.654234985923665
8483,汚水,150.0,2001.0,49.62320017514559
8484,汚水,150.0,2001.0,4.598637552220591
8485,汚水,150.0,2001.0,24.6236322380282
8486,汚水,150.0,2001.0,5.566505709624658
8487,汚水,150.0,2001.0,55.39308617583203
8488,汚水,150.0,2001.0,17.849032431659353
8489,汚水,150.0,2001.0,6.846439884719573
8490,汚水,600.0,2001.0,75.55573616334308
8491,汚水,150.0,2001.0,17.324283922585252
8492,汚水,450.0,2000.0,18.521129642198247
8493,汚水,150.0,2001.0,20.683730688733156
8494,汚水,150.0,2001.0,17.522608344214706
8495,汚水,150.0,2001.0,32.88845139877299
8496,汚水,150.0,2001.0,24.041277814403845
8497,汚水,150.0,2001.0,24.395452697210157
8498,汚水,150.0,2001.0,62.17174312393196
8499,汚水,150.0,2001.0,13.077530106635448
8500,汚水,150.0,2001.0,7.170136305742102
8501,汚水,150.0,2001.0,17.057536561413954
8502,汚水,150.0,2001.0,10.557901814561134
8503,汚水,150.0,2001.0,17.271858191268038
8504,汚水,150.0,2001.0,16.884369162528067
8505,汚水,150.0,2001.0,19.023213719175573
8506,汚水,150.0,2001.0,53.2130002261323
8507,汚水,150.0,2001.0,27.442326103667483
8508,汚水,150.0,2001.0,16.137770183326282
8509,汚水,150.0,2001.0,21.828434252389187
8510,汚水,150.0,2001.0,5.174772462431301
8511,汚水,150.0,2001.0,15.320443670196667
8512,汚水,150.0,2001.0,8.347372977185746
8513,汚水,150.0,2001.0,8.78099173425081
8514,汚水,150.0,2001.0,7.633107612312948
8515,汚水,250.0,1989.0,28.866132145120492
8516,汚水,150.0,2001.0,3.119741492101548
8518,汚水,200.0,2001.0,69.9774709528469
8519,汚水,150.0,2001.0,6.717960435233234
8520,汚水,150.0,2001.0,13.111742634865735
8521,汚水,150.0,2001.0,9.781789789944431
8522,汚水,150.0,2001.0,17.63712134425047
8523,汚水,150.0,2001.0,7.923022276138686
8524,汚水,150.0,2001.0,7.676683231553388
8525,汚水,150.0,2001.0,10.848730969516744
8526,汚水,150.0,2001.0,19.66910574470478
8527,汚水,150.0,2001.0,4.670058900484102
8528,汚水,200.0,2001.0,26.777949279977808
8529,汚水,150.0,2001.0,26.61081912311399
8530,汚水,150.0,2001.0,38.80968325401719
8531,汚水,150.0,2001.0,9.690013234157115
8532,汚水,200.0,1994.0,70.09609822571296
8533,汚水,150.0,2001.0,18.975845753769626
8534,汚水,150.0,2001.0,9.721737972177637
8535,汚水,150.0,2001.0,32.09625680471489
8536,汚水,150.0,2001.0,6.423698827082152
8537,汚水,150.0,2001.0,25.85580496556631
8538,汚水,150.0,2001.0,15.401841637578386
8539,汚水,150.0,2001.0,5.929111157592409
8540,汚水,150.0,2001.0,29.17747778223568
8541,汚水,150.0,2001.0,5.764870999999249
8542,汚水,150.0,2001.0,27.216678170887853
8543,汚水,150.0,2001.0,24.671771045822965
8544,汚水,150.0,2001.0,15.635494425913274
8545,汚水,150.0,2001.0,11.458781499898969
8546,汚水,150.0,2001.0,31.84868175664935
8547,汚水,150.0,2001.0,27.553203164541674
8548,汚水,150.0,2001.0,25.394478277017352
8549,汚水,200.0,1994.0,48.61814338346774
8550,汚水,150.0,2001.0,8.36094408203878
8551,汚水,150.0,2001.0,17.694298091605475
8552,汚水,150.0,2001.0,22.64824701874677
8553,汚水,150.0,2001.0,19.62769576696412
8554,汚水,150.0,2001.0,25.026340882975575
8555,汚水,150.0,2001.0,47.90986396081962
8556,汚水,150.0,2001.0,45.04854749606713
8557,汚水,150.0,2001.0,48.54043606856911
8558,汚水,150.0,2001.0,5.654646771360518
8559,汚水,150.0,2001.0,8.554755947998713
8560,汚水,500.0,2007.0,99.78124377135909
8561,汚水,500.0,2007.0,9.313563582449758
8562,汚水,500.0,2008.0,89.34726952198747
8563,汚水,150.0,2008.0,9.573458074269867
8564,汚水,150.0,2008.0,73.02011985560569
8565,汚水,150.0,2008.0,5.936401638590026
8566,汚水,150.0,2008.0,30.301572342469413
8567,汚水,150.0,2008.0,4.458895479247609
8568,汚水,150.0,2008.0,58.31458194524003
8569,汚水,200.0,2008.0,15.674605281808413
8570,汚水,150.0,2008.0,4.954774418288397
8571,汚水,250.0,1988.0,14.741643612065834
8573,汚水,250.0,1988.0,39.47327218151738
8574,汚水,250.0,1988.0,12.787106347427208
8575,汚水,250.0,1988.0,43.92663577099619
8576,汚水,250.0,1988.0,10.526032998009352
8578,汚水,250.0,1988.0,19.311064962280998
8579,汚水,250.0,1988.0,27.134254044814426
8581,汚水,250.0,1988.0,7.233325590656343
8582,汚水,250.0,1988.0,41.403428220689776
8585,汚水,250.0,1988.0,21.92249639766898
8587,汚水,250.0,1988.0,39.138232621295906
8588,汚水,250.0,1988.0,19.13832880140543
8589,汚水,250.0,1988.0,22.619794974541623
8590,汚水,250.0,1988.0,23.990224980054656
8591,汚水,250.0,1988.0,38.79738478433729
8592,汚水,250.0,1988.0,12.967354290213834
8593,汚水,250.0,1988.0,49.660881276291406
8594,汚水,250.0,1988.0,21.25780565946384
8595,汚水,250.0,1988.0,45.502800060134504
8596,汚水,800.0,1988.0,88.88482603173502
8597,汚水,250.0,1988.0,18.687872924496265
8598,汚水,250.0,1988.0,41.87194956572314
8600,汚水,800.0,1988.0,88.71750246417407
8601,汚水,250.0,1991.0,45.90567822097023
16091,汚水,350.0,2003.0,102.00354806342415
16092,汚水,150.0,2004.0,62.27474621789109
16093,汚水,150.0,2004.0,39.557805001576085
16094,汚水,150.0,2004.0,74.64727473791166
16095,汚水,150.0,2004.0,9.368839188240498
16096,汚水,150.0,2004.0,30.600678852871106
16097,汚水,150.0,2004.0,44.98468546997355
16098,汚水,150.0,2004.0,44.6922748020598
16099,汚水,150.0,2004.0,8.621156392166862
16100,汚水,150.0,2004.0,4.125587186492044
16101,汚水,150.0,2004.0,3.1247988323960607
16102,汚水,150.0,2004.0,98.4666472327652
16103,汚水,150.0,2004.0,14.559304611716474
16104,汚水,150.0,2004.0,11.64876012186198
16105,汚水,150.0,2004.0,12.681328804114827
16106,汚水,200.0,1993.0,48.28497825628814
16107,汚水,150.0,2004.0,6.245784669321278
16108,汚水,200.0,2004.0,36.93275038191614
16109,汚水,250.0,2004.0,5.562214071147968
16110,汚水,150.0,2004.0,39.526889763990255
16111,汚水,150.0,2004.0,5.69195661880734
16112,汚水,250.0,2004.0,6.670545214081474
16113,汚水,250.0,2004.0,18.31601567188568
16114,汚水,250.0,2004.0,2.621870937724804
16115,汚水,200.0,2004.0,65.63235922832918
20502,汚水,150.0,2005.0,75.53597714517277
16117,汚水,150.0,2005.0,41.38405829773178
16118,汚水,150.0,2005.0,4.8553104860383005
20493,汚水,150.0,2005.0,45.87377080181271
16120,汚水,150.0,2005.0,68.75052074126576
16121,汚水,150.0,2005.0,5.883484882169184
16122,汚水,150.0,2005.0,5.870595277297131
16123,汚水,150.0,2005.0,29.117831319715776
16124,汚水,150.0,2005.0,84.66219982905437
16126,汚水,150.0,2005.0,30.506712210877602
16127,汚水,150.0,2005.0,65.381245855852
16128,汚水,150.0,2005.0,21.025745183467183
16129,汚水,150.0,2005.0,4.675600925033958
16130,汚水,150.0,2005.0,61.06645597080703
16132,汚水,150.0,2005.0,35.85261235612185
16133,汚水,150.0,2005.0,45.5235686756752
16134,汚水,150.0,2005.0,16.833348948490627
16135,汚水,150.0,2005.0,45.743549256892095
16136,汚水,150.0,2005.0,4.656255525103212
16138,汚水,200.0,1993.0,30.65787560426281
16139,汚水,200.0,1993.0,38.14550844804662
16141,汚水,200.0,1993.0,35.626662133748276
16142,汚水,200.0,1993.0,4.383397908701777
16143,汚水,200.0,1993.0,67.66401585571073
16144,汚水,250.0,1992.0,22.38087318861099
16145,汚水,250.0,1992.0,17.634718620385268
16146,汚水,250.0,1992.0,9.501631827905262
16147,汚水,250.0,1992.0,42.32301261897567
16148,汚水,250.0,1992.0,12.825098278946317
16149,汚水,250.0,1992.0,26.281860510626753
16150,汚水,250.0,1992.0,81.7875142277787
16151,汚水,250.0,1992.0,87.07247025206087
16153,汚水,250.0,1992.0,26.36334331314308
16154,汚水,250.0,1992.0,48.899764599008535
16155,汚水,250.0,1992.0,41.32765733301774
16156,汚水,250.0,1992.0,40.190062170728076
16157,汚水,250.0,1992.0,41.52447062093231
16158,汚水,250.0,1992.0,40.39445139014348
16159,汚水,250.0,1992.0,28.903553999729155
16160,汚水,250.0,1992.0,24.415179134496242
16161,汚水,250.0,1992.0,32.56821598688626
16162,汚水,250.0,1992.0,16.99977942458011
16163,汚水,250.0,1992.0,24.60720864727783
16165,汚水,250.0,1992.0,40.26133709842644
16166,汚水,250.0,1992.0,14.201051559216985
16167,汚水,250.0,1992.0,21.524249902806005
16168,汚水,250.0,1992.0,39.42809407150871
16169,汚水,250.0,1992.0,65.60290924874373
16171,汚水,200.0,1993.0,35.60935032217933
16172,汚水,200.0,1993.0,28.901845602439685
16173,汚水,200.0,1993.0,49.89401726676402
16174,汚水,200.0,1993.0,16.205122525550312
16175,汚水,200.0,1993.0,22.94267192238682
16176,汚水,200.0,1993.0,45.700053673080845
16177,汚水,200.0,1993.0,9.282708008629818
16178,汚水,200.0,1993.0,36.2854676551831
16179,汚水,200.0,1993.0,39.81135446632453
16180,汚水,200.0,1993.0,43.14623488085803
16181,汚水,200.0,1993.0,44.91710815761696
16182,汚水,200.0,1993.0,44.964596662773694
16183,汚水,200.0,1993.0,56.776234533793996
16184,汚水,200.0,1993.0,24.136757401348913
16185,汚水,200.0,1993.0,36.676080127413435
16186,汚水,200.0,1993.0,6.467504352457457
16187,汚水,200.0,1993.0,2.715822977255817
16188,汚水,200.0,1993.0,27.00023574616035
16189,汚水,200.0,1993.0,37.10664505407535
16190,汚水,200.0,1993.0,39.447124122592115
16191,汚水,200.0,1993.0,48.17075209587189
16192,汚水,200.0,1993.0,43.11935280577574
16193,汚水,200.0,1993.0,47.11036926822314
16194,汚水,200.0,1993.0,43.50078724072962
16195,汚水,200.0,1993.0,37.09275380065471
16196,汚水,200.0,1993.0,48.30384101166265
16197,汚水,200.0,1993.0,58.67112420464383
16198,汚水,200.0,1993.0,47.07844428074133
16199,汚水,200.0,1993.0,39.3364941975747
16200,汚水,200.0,1993.0,33.07275162778279
16201,汚水,200.0,1993.0,31.042926817671137
16202,汚水,200.0,1993.0,38.17763322578595
16203,汚水,200.0,1993.0,8.496227820995854
16204,汚水,200.0,1993.0,32.955058726019914
16205,汚水,200.0,1993.0,46.655535496198965
16206,汚水,200.0,1993.0,14.243152184636397
16207,汚水,200.0,1993.0,24.889057700050206
16208,汚水,200.0,1993.0,8.509484237569549
16209,汚水,200.0,1993.0,23.843796567043327
16210,汚水,200.0,1993.0,51.9079122605212
16211,汚水,200.0,1993.0,38.198513007794304
16212,汚水,200.0,1993.0,30.943351227456514
16213,汚水,200.0,1993.0,9.029326249582862
16214,汚水,200.0,1993.0,4.5084294697897365
16215,汚水,200.0,1994.0,56.925460569709756
16216,汚水,200.0,1994.0,33.34572878915663
16217,汚水,200.0,1993.0,35.00327089986174
16218,汚水,200.0,1993.0,55.12492878125695
16219,汚水,200.0,1993.0,68.23100210244274
16220,汚水,200.0,2010.0,16.003773442056538
16221,汚水,200.0,1993.0,43.99745347290674
16222,汚水,200.0,1993.0,42.733239325703984
16223,汚水,200.0,1993.0,2.839180243551022
16224,汚水,200.0,1993.0,11.516590308080412
16225,汚水,200.0,1993.0,33.0873757335061
16226,汚水,200.0,1993.0,46.53555075110274
16227,汚水,200.0,1993.0,36.765600087289634
16228,汚水,200.0,1993.0,21.27269397531363
16229,汚水,200.0,1993.0,35.28629016706185
16230,汚水,200.0,1993.0,34.92692630441484
16231,汚水,200.0,1993.0,44.56645276381316
16233,汚水,,1993.0,20.64173970583811
16234,汚水,200.0,1993.0,41.536334056602826
16236,汚水,200.0,1993.0,47.49643785723839
16238,汚水,200.0,1993.0,43.138540796020905
16240,汚水,200.0,1993.0,46.715742187365436
16242,汚水,200.0,1993.0,34.31572442235685
16244,汚水,200.0,1993.0,39.54693825892981
16245,汚水,250.0,1993.0,64.07985114841537
16246,汚水,200.0,1993.0,65.48073501379486
16247,汚水,200.0,1993.0,28.960223038774256
16250,汚水,250.0,1992.0,38.90965207703693
16251,汚水,250.0,1992.0,11.627715229067363
16252,汚水,250.0,1992.0,56.361833176220564
16253,汚水,200.0,1994.0,56.92378012442217
16254,汚水,250.0,1992.0,58.674189648198436
16255,汚水,250.0,1992.0,37.57609987692965
16256,汚水,250.0,1992.0,40.94962183929908
16257,汚水,250.0,1992.0,53.320876958592045
16258,汚水,250.0,1992.0,24.64003630430798
16259,汚水,250.0,1992.0,2.3765787134916225
16260,汚水,250.0,1992.0,9.207284091553905
16261,汚水,250.0,1992.0,93.98747529513265
16262,汚水,250.0,1993.0,51.820847351264774
16263,汚水,200.0,1993.0,28.300139168078545
16264,汚水,200.0,1993.0,44.429675244049776
16265,汚水,200.0,1993.0,19.20768415825723
16266,汚水,200.0,1993.0,42.82615439944434
16267,汚水,200.0,1993.0,47.97843189396693
16268,汚水,200.0,1993.0,66.42078739067112
16269,汚水,200.0,1993.0,54.240380581290694
16270,汚水,200.0,1993.0,34.423503046373355
16271,汚水,200.0,1993.0,34.962750347109676
16272,汚水,200.0,1993.0,15.7307712369023
16273,汚水,200.0,1993.0,26.178226592430327
16275,汚水,200.0,1993.0,44.41978683152809
16276,汚水,200.0,1993.0,43.13888754391497
16277,汚水,200.0,1993.0,69.0541835442682
16278,汚水,200.0,1993.0,49.89787856288338
16279,汚水,200.0,1993.0,6.538400111587361
16280,汚水,200.0,1993.0,34.028180394394916
16281,汚水,250.0,1992.0,96.01269182947904
16282,汚水,200.0,1993.0,39.95363698583129
16283,汚水,200.0,1993.0,51.19085830355697
16284,汚水,200.0,1993.0,54.828334093318325
16285,汚水,200.0,1993.0,37.89925505215531
16286,汚水,200.0,1993.0,4.228780366692545
16287,汚水,200.0,1993.0,62.88846367194774
16288,汚水,200.0,1993.0,55.4674762326034
16289,汚水,200.0,1993.0,25.38703491114358
16291,汚水,200.0,1993.0,25.094848016580794
16292,汚水,200.0,1993.0,54.436914407160515
16293,汚水,200.0,1993.0,42.819592922558485
16294,汚水,200.0,1993.0,46.418562514611054
16296,汚水,200.0,1993.0,21.8709378169396
16298,汚水,200.0,1993.0,50.755822628376755
16299,汚水,200.0,1993.0,47.91200427023077
16300,汚水,200.0,1993.0,54.45748946438365
16301,汚水,200.0,1993.0,61.76260249691026
16302,汚水,200.0,1993.0,65.1380849324284
16303,汚水,200.0,1993.0,48.14904078398605
16304,汚水,200.0,1993.0,45.054370638160115
16305,汚水,250.0,1993.0,62.01502985550157
16306,汚水,250.0,1993.0,4.161733445148113
16307,汚水,250.0,1993.0,44.204909650958356
16308,汚水,200.0,1993.0,51.42210613510279
16309,汚水,200.0,1993.0,49.445844222511624
16311,汚水,250.0,1993.0,67.78774110786995
16312,汚水,250.0,1993.0,70.3239066628242
16314,汚水,200.0,1993.0,28.923206630748904
16315,汚水,200.0,1993.0,48.78679951458518
16316,汚水,200.0,1993.0,49.37271666688891
16317,汚水,200.0,1993.0,43.072933211496014
16318,汚水,200.0,1993.0,37.61798422574972
16319,汚水,200.0,1993.0,64.73648925851556
16320,汚水,200.0,1993.0,63.02571960137459
16321,汚水,200.0,1993.0,50.62066405766907
16322,汚水,200.0,1993.0,51.410093571989776
16323,汚水,200.0,1993.0,53.04984088925638
16324,汚水,200.0,1993.0,52.76740748212577
16325,汚水,200.0,1993.0,5.014043255909589
16326,汚水,250.0,1993.0,57.496846386756935
16327,汚水,250.0,1993.0,57.4331198276329
16328,汚水,200.0,1993.0,58.96586966740427
16329,汚水,200.0,1993.0,59.03593315710142
16330,汚水,200.0,1993.0,59.78075418164189
16331,汚水,200.0,1993.0,53.12999309254543
16332,汚水,200.0,1993.0,52.96718610436577
16333,汚水,200.0,1993.0,50.23791315239504
16334,汚水,200.0,1993.0,4.57749821386007
16336,汚水,250.0,1993.0,62.679454559246246
16337,汚水,300.0,1992.0,86.60609978385975
16338,汚水,200.0,1993.0,43.22558944089588
16339,汚水,200.0,1993.0,42.70791541620344
16342,汚水,200.0,1996.0,28.169551709058762
16343,汚水,200.0,1996.0,29.06929544404222
16344,汚水,200.0,1996.0,5.068719201103498
16345,汚水,200.0,1996.0,43.071724396263185
16346,汚水,200.0,1996.0,8.202536096868375
16347,汚水,200.0,1996.0,23.850793952391857
16349,汚水,250.0,1986.0,6.862320262191516
16350,汚水,200.0,1996.0,50.76992764977015
16351,汚水,250.0,1986.0,21.49522976212654
16354,汚水,250.0,1986.0,53.4724535423269
16355,汚水,250.0,1986.0,48.267421636339044
16356,汚水,250.0,1986.0,21.453919918820652
16357,汚水,250.0,1986.0,40.540530753039995
16359,汚水,250.0,1989.0,33.0774999068005
16360,汚水,250.0,1989.0,37.68692080509397
16362,汚水,250.0,1986.0,53.147603051011636
16363,汚水,250.0,1986.0,39.65962817361088
16364,汚水,250.0,1986.0,48.57845685113819
16365,汚水,250.0,1986.0,47.71718007274091
16366,汚水,250.0,1986.0,50.65035860829329
16367,汚水,250.0,1986.0,49.79007768870459
16368,汚水,250.0,1986.0,32.85295214983564
16369,汚水,250.0,1986.0,35.39661927932628
16372,汚水,250.0,1986.0,45.4952044091797
16373,汚水,250.0,1986.0,33.87094366491843
16374,汚水,250.0,1986.0,27.198615540732906
16375,汚水,250.0,1986.0,35.06795079880305
16376,汚水,250.0,1986.0,27.717514847105367
16377,汚水,250.0,1986.0,41.523307923424994
16378,汚水,250.0,1986.0,34.49695285785288
16379,汚水,250.0,1986.0,4.776013611780375
16380,汚水,250.0,1986.0,2.797466787385709
16381,汚水,250.0,1986.0,34.37043439216627
16382,汚水,250.0,1986.0,37.54507526030081
16383,汚水,250.0,1986.0,3.3587572859005075
16384,汚水,250.0,1986.0,36.2408588218448
16388,汚水,250.0,1986.0,38.879460164695615
16389,汚水,250.0,1986.0,3.0678074014818804
16390,汚水,250.0,1986.0,36.40690697091515
16391,汚水,250.0,1986.0,37.66611005738804
16392,汚水,250.0,1986.0,40.57960430517394
16393,汚水,250.0,1986.0,3.8209213482352107
16394,汚水,250.0,1986.0,35.42626713425558
16395,汚水,250.0,1986.0,37.60823668444948
16396,汚水,250.0,1986.0,51.232262681036744
16397,汚水,250.0,1986.0,21.132113923537943
16398,汚水,250.0,1986.0,49.26328269309794
16399,汚水,250.0,1987.0,25.17362037898722
16402,汚水,250.0,1987.0,47.04713065221787
16404,汚水,250.0,1989.0,44.67532169479756
16405,汚水,250.0,1989.0,29.181869380308264
16406,汚水,250.0,1989.0,34.16303108748942
16407,汚水,250.0,1989.0,29.125780739412356
16408,汚水,250.0,1989.0,38.42933263342536
16409,汚水,250.0,1989.0,34.898693947667134
16410,汚水,250.0,1989.0,44.61066627752705
16411,汚水,250.0,1989.0,40.84990436395737
16412,汚水,250.0,1989.0,7.110195248712101
501,雨水,700.0,1995.0,158.7217665615975
502,汚水,250.0,1997.0,1.9000000000029105
503,汚水,250.0,,31.9824950470463
504,汚水,250.0,,38.39965064558243
505,汚水,250.0,,32.401253419910056
506,汚水,250.0,,20.23984178144819
507,汚水,250.0,,38.4054534797169
508,汚水,250.0,1997.0,12.492609166876402
509,汚水,250.0,1997.0,15.300566754618467
510,汚水,250.0,,18.14650504991758
511,汚水,250.0,,32.55000684198781
512,汚水,250.0,,34.31081270425576
513,汚水,250.0,,32.45663740457336
514,汚水,250.0,,32.09965363107318
515,汚水,250.0,,51.66976318077856
516,汚水,250.0,1997.0,26.105957090173145
517,汚水,250.0,,31.998112995848423
518,汚水,250.0,1997.0,2.000006249990246
519,汚水,250.0,,5.200011236976552
520,汚水,250.0,,38.822446290406134
521,汚水,250.0,,39.35375562368241
522,汚水,250.0,,28.174629307887784
523,汚水,250.0,,29.441003569770547
524,汚水,250.0,,35.654276486786635
525,汚水,250.0,,34.457268013504695
526,汚水,250.0,,46.55525662054179
527,汚水,250.0,,27.148575745569023
562,汚水,250.0,,21.206829456926833
563,汚水,250.0,,21.091412919507718
564,汚水,250.0,,34.27868740219792
565,汚水,250.0,,34.40632211530056
566,汚水,250.0,,25.64595792262946
567,汚水,200.0,1997.0,38.43341499511386
568,汚水,250.0,,40.82661096040536
569,汚水,250.0,,44.90111076809525
570,汚水,250.0,,38.059165185921266
572,汚水,250.0,,38.12696894601109
576,汚水,250.0,,24.372603632292403
577,汚水,250.0,,37.562794402018326
578,汚水,250.0,,39.95693395905891
579,汚水,250.0,,28.876362900769248
580,汚水,250.0,,30.249103367047642
581,汚水,250.0,,47.30925607250287
583,汚水,250.0,,39.476241957522085
584,雨水,,,42.31506023564517
585,汚水,150.0,2008.0,23.289697940855508
586,汚水,250.0,,39.27320534174328
587,汚水,250.0,,40.857058461903975
588,汚水,250.0,,28.307641620346907
589,汚水,250.0,,30.453138998090203
590,汚水,250.0,,24.934129906385554
591,汚水,250.0,,34.764897874908016
592,汚水,250.0,,25.851209456995925
593,汚水,250.0,,30.88189838792556
594,汚水,250.0,,28.10004517611906
595,汚水,250.0,,29.849396979490958
596,汚水,250.0,,29.750180758830908
597,汚水,250.0,,27.735614835952077
598,汚水,250.0,,25.981510999250187
599,汚水,250.0,,47.023814167306945
600,汚水,250.0,,41.650160417017005
601,汚水,250.0,,25.853151380258353
602,汚水,250.0,,24.097638564708205
603,汚水,150.0,2006.0,19.22224981603543
604,汚水,350.0,1992.0,54.63423497853564
606,汚水,350.0,1992.0,12.105820286019668
608,汚水,350.0,1992.0,11.653870889186072
610,汚水,250.0,1992.0,29.425168787132506
611,汚水,250.0,1992.0,18.35557902560206
612,汚水,250.0,1992.0,47.1607388407868
614,汚水,250.0,1992.0,31.891419560300836
615,汚水,250.0,1992.0,37.864157914958675
747,汚水,200.0,1996.0,34.67312724360502
748,汚水,200.0,1996.0,4.149663353947887
749,汚水,200.0,1996.0,44.75701952803894
750,汚水,200.0,1996.0,38.88426118223399
751,汚水,200.0,1996.0,46.8291022279759
752,汚水,200.0,1996.0,3.9440375294398797
753,汚水,150.0,2008.0,22.021406616349008
616,汚水,250.0,1992.0,26.354685251020413
617,汚水,250.0,1992.0,25.904761131783097
618,汚水,250.0,1992.0,42.881918109313155
619,汚水,250.0,1992.0,11.572215719187922
620,汚水,250.0,1992.0,10.267169273369436
621,汚水,250.0,1992.0,12.556502462948101
622,汚水,250.0,1992.0,12.018865379061369
623,汚水,250.0,1992.0,12.23310822649096
624,汚水,250.0,1992.0,50.64203903414743
625,汚水,250.0,1992.0,36.120233771278784
626,汚水,250.0,1991.0,27.44095529234997
627,汚水,250.0,1991.0,46.16896631967046
628,汚水,300.0,1994.0,38.14467281395692
629,汚水,300.0,1994.0,8.012707143970223
630,汚水,350.0,1992.0,16.129020772920306
631,汚水,150.0,2006.0,34.90989232347095
632,汚水,250.0,2007.0,41.839562655255136
633,汚水,250.0,2007.0,29.479213480326536
634,汚水,250.0,2007.0,28.41800526743017
635,汚水,150.0,2011.0,24.846793790317797
636,汚水,250.0,2007.0,27.01717482775982
637,汚水,150.0,2007.0,29.530200309115244
638,汚水,150.0,2007.0,49.79623514839097
639,汚水,150.0,2008.0,40.35432961582928
640,汚水,150.0,2007.0,47.30330266059109
641,汚水,250.0,2007.0,28.490293175523355
642,汚水,150.0,2008.0,38.496871025429726
643,汚水,250.0,2007.0,25.264828090828814
644,汚水,150.0,,39.5938519030996
645,汚水,200.0,1994.0,29.224823004472906
646,汚水,250.0,,37.24030268664346
647,汚水,250.0,,41.04880769937846
648,汚水,250.0,,30.237489153091136
649,汚水,150.0,2004.0,95.6539845173379
650,汚水,150.0,2004.0,6.280398311218246
651,汚水,150.0,2004.0,31.73457567796574
652,汚水,150.0,2004.0,79.07405404008045
653,汚水,150.0,2004.0,53.20285751798855
654,汚水,150.0,2004.0,4.262903117356912
655,汚水,150.0,2004.0,77.87289049657905
656,汚水,150.0,2004.0,70.35596723530783
657,汚水,150.0,2004.0,78.60750192788602
1126,汚水,150.0,2006.0,62.399927168199916
1127,汚水,150.0,2006.0,51.659470108448126
1128,汚水,150.0,1993.0,44.49016097464516
1130,汚水,200.0,1993.0,49.450136170001784
1131,汚水,200.0,1993.0,38.65510967086189
1132,汚水,200.0,1993.0,42.74685557072864
1133,汚水,200.0,1993.0,44.18105631694502
658,汚水,150.0,2004.0,44.30766579536149
659,汚水,150.0,2004.0,45.9562650607506
660,汚水,150.0,2006.0,86.38331476584996
661,汚水,150.0,2006.0,48.12715906355134
662,汚水,200.0,1994.0,49.69260674667471
663,汚水,150.0,2006.0,70.11076934608485
664,汚水,150.0,2006.0,25.39275401827378
665,汚水,150.0,2006.0,4.107339831201628
666,汚水,300.0,,3.242780692158159
667,汚水,300.0,1994.0,6.683653958475678
668,汚水,350.0,1992.0,29.56852660424237
669,汚水,350.0,1992.0,31.833780288266837
670,汚水,350.0,1992.0,39.751930830042326
671,汚水,350.0,1992.0,42.454923981887916
672,汚水,350.0,1992.0,13.106582488969789
673,汚水,350.0,1992.0,23.94700579416501
674,汚水,350.0,1992.0,21.78435011015102
675,汚水,350.0,1992.0,27.67612697791917
676,汚水,150.0,2004.0,30.87466123731661
677,汚水,150.0,2004.0,4.723477934030506
678,汚水,150.0,2006.0,29.43889550246185
679,汚水,150.0,2006.0,4.743643949435076
680,汚水,250.0,,42.72146018325905
681,汚水,250.0,,12.068316618073244
682,汚水,250.0,,48.44293546269085
683,汚水,250.0,,42.44950076042668
684,汚水,150.0,2006.0,25.002897077046423
685,汚水,150.0,2006.0,31.267252291512392
686,汚水,250.0,,18.951790744652158
687,汚水,250.0,,19.753223122041874
688,汚水,250.0,,30.04204392357299
689,汚水,250.0,,23.179898506541885
691,汚水,150.0,2006.0,27.306875740838535
692,汚水,150.0,2006.0,47.71521589279301
693,汚水,250.0,2001.0,27.02389428934061
694,汚水,200.0,,19.835841971065125
695,汚水,200.0,,17.26427092669206
696,汚水,200.0,,15.16392715843253
697,汚水,200.0,,32.39644649427017
698,汚水,200.0,,29.016317023597612
699,汚水,250.0,,34.504599710089146
700,汚水,250.0,,36.33537919062103
701,汚水,250.0,,29.963521156524067
702,汚水,250.0,,29.869503190152088
703,汚水,200.0,1994.0,60.18185097460811
704,汚水,250.0,,29.71744493932529
706,汚水,150.0,2006.0,47.097502840182074
707,汚水,150.0,2006.0,49.61552052864911
1212,汚水,150.0,2002.0,18.524029866042273
1213,汚水,150.0,2002.0,84.47726065410555
1214,汚水,150.0,2002.0,6.157901247796547
1215,汚水,150.0,2002.0,6.700905515488127
1216,汚水,200.0,1995.0,25.314071396359783
1217,汚水,200.0,1995.0,20.59495681698941
1218,汚水,200.0,1995.0,33.17335739148707
1219,汚水,200.0,1995.0,15.013848344782373
1220,汚水,200.0,1995.0,14.773815550806306
1221,汚水,200.0,1995.0,31.92309404608657
1222,汚水,200.0,1995.0,13.600757381023657
1223,汚水,200.0,1995.0,30.24551620678276
1224,汚水,200.0,1995.0,32.410998725090685
1225,汚水,200.0,1995.0,30.21353556222099
1226,汚水,200.0,1995.0,23.029331949920316
754,汚水,250.0,1992.0,19.724336008546754
755,汚水,250.0,1992.0,19.61225360174837
756,汚水,250.0,1992.0,38.24665287394661
757,汚水,250.0,1992.0,22.36457291061994
758,汚水,250.0,1992.0,47.7460389319981
759,汚水,250.0,1992.0,4.484052353229725
760,汚水,250.0,1992.0,50.08564220700816
761,汚水,250.0,1992.0,49.74059407238875
762,汚水,250.0,1992.0,14.448695208652262
763,汚水,250.0,1992.0,34.69853015462882
764,汚水,250.0,1992.0,26.28950003166193
765,汚水,250.0,1992.0,36.89610458686029
766,汚水,250.0,1992.0,9.176478703213517
767,汚水,250.0,1992.0,4.884837789688642
768,汚水,250.0,1992.0,17.320978165650864
769,汚水,250.0,1992.0,18.169433960084945
770,汚水,250.0,1992.0,45.787588191480495
771,汚水,75.0,,61.59089943341071
772,汚水,250.0,1992.0,37.99626507734989
773,汚水,250.0,1992.0,32.50399903338679
774,汚水,250.0,1992.0,38.34454723246728
775,汚水,250.0,1992.0,6.520052918762243
776,汚水,250.0,1992.0,17.557858592777613
777,汚水,250.0,1992.0,20.303834149141036
778,汚水,250.0,1992.0,14.482329270568117
779,汚水,250.0,1992.0,10.595058423386373
780,汚水,250.0,1992.0,15.394089756013688
781,汚水,250.0,1992.0,31.610703088759244
782,汚水,250.0,1992.0,16.3907571876577
783,雨水,,,35.455667549567224
784,汚水,250.0,1992.0,24.520617055331314
785,汚水,250.0,1992.0,20.970903986970495
786,汚水,250.0,1992.0,10.912419703125924
787,汚水,250.0,1992.0,22.740536847317387
788,汚水,250.0,1992.0,23.034825888463942
789,汚水,250.0,1992.0,29.841868239831683
790,汚水,250.0,2011.0,7.15073469284348
792,汚水,250.0,1992.0,31.59532950350255
794,汚水,250.0,1992.0,39.25341195577399
795,汚水,250.0,1992.0,24.489017195610206
796,汚水,250.0,1992.0,19.472019947673523
797,汚水,250.0,,29.819034457719386
798,汚水,250.0,,39.83950447813669
799,汚水,250.0,2000.0,20.51019783811794
800,汚水,200.0,1998.0,9.3945691226317
801,汚水,250.0,,20.255209371760014
802,汚水,250.0,,19.71579957605716
803,汚水,250.0,,20.771106018410517
804,汚水,250.0,,19.854107507539762
805,汚水,250.0,,21.216352731207753
806,汚水,250.0,,24.168724383741385
807,汚水,250.0,,45.28594352675608
808,汚水,250.0,,33.70166319150779
809,汚水,150.0,,3.8463535492182372
810,汚水,250.0,,9.51534418369834
811,汚水,250.0,,34.151887604850124
812,汚水,250.0,,19.744319039577483
813,汚水,250.0,,20.647641018211925
814,汚水,250.0,,20.035944159270006
816,汚水,250.0,,36.17550756800107
817,汚水,200.0,1995.0,21.910138534362222
818,汚水,250.0,,31.93475242881883
819,汚水,250.0,,28.867929777790195
820,汚水,250.0,,21.163194308807117
821,汚水,250.0,,20.36637198459034
822,汚水,250.0,,19.82472415434819
823,汚水,250.0,2000.0,18.94287475669818
824,汚水,250.0,,39.55902878729785
825,汚水,250.0,2000.0,36.47817440332656
826,汚水,250.0,,38.32290389901409
827,汚水,250.0,,33.31315571876761
828,汚水,250.0,,17.642385289897476
829,汚水,250.0,,30.040108533528773
830,汚水,250.0,1997.0,1.999751984625383
831,汚水,250.0,,22.065760789627625
832,汚水,250.0,,17.01392256639524
833,汚水,250.0,,17.170992907072794
834,汚水,400.0,1996.0,117.04606721086158
835,汚水,250.0,,17.202531937853806
836,汚水,250.0,,29.179828960872666
837,汚水,250.0,,29.61525943174603
838,汚水,250.0,2000.0,29.034462570482216
839,汚水,250.0,,25.652597968245175
840,汚水,250.0,,20.54227357423017
841,汚水,250.0,,19.193444923253697
842,汚水,250.0,,16.548184300159424
843,汚水,250.0,,18.957512278652068
844,汚水,250.0,,16.420120642939217
845,汚水,250.0,,31.71579105132308
846,汚水,200.0,,18.292287736334373
847,汚水,200.0,,19.713025772053534
848,汚水,200.0,,18.81214443219407
849,汚水,200.0,,5.549703201198432
850,汚水,200.0,,31.07231387934056
851,汚水,250.0,,30.2430808529374
852,汚水,250.0,,28.18201851134801
853,汚水,250.0,,5.765872317534358
854,汚水,250.0,,30.343593398152517
855,汚水,250.0,,23.886778475685517
856,汚水,300.0,1994.0,3.9812059567924485
857,汚水,300.0,1994.0,36.82621393953803
859,汚水,250.0,1991.0,21.704301750024847
860,汚水,250.0,1991.0,5.770609017139175
861,汚水,250.0,1991.0,50.018865021914614
862,汚水,250.0,1991.0,15.66179261164886
863,汚水,250.0,1992.0,12.09839392625916
864,汚水,250.0,1992.0,14.124779295807922
865,汚水,250.0,1992.0,9.37192782485734
866,汚水,250.0,1992.0,12.104763215844756
868,汚水,250.0,1992.0,24.30526691225321
869,汚水,250.0,1992.0,28.108085100910404
870,汚水,250.0,1992.0,25.76565154365359
871,汚水,250.0,1992.0,14.400361585217183
872,汚水,250.0,1992.0,23.01616487809202
8602,汚水,200.0,1991.0,47.40785310586719
8603,汚水,250.0,1992.0,44.596256570127196
8604,汚水,250.0,1991.0,48.657285638044556
8605,汚水,250.0,2015.0,59.0725366852803
8606,汚水,250.0,1991.0,39.23095135629522
8607,汚水,250.0,,25.892509287168615
8608,汚水,250.0,,30.824066150212296
8609,汚水,250.0,,45.90225462127677
8610,雨水,,1996.0,21.256603018150244
8611,汚水,200.0,1996.0,33.95507183113649
8612,汚水,250.0,1997.0,4.852652446184416
8613,汚水,200.0,1996.0,28.672605344709844
8614,汚水,250.0,1992.0,45.28457177094743
8615,汚水,250.0,,36.42480216972399
8616,汚水,250.0,,39.70258583091727
8617,汚水,250.0,,26.80759824802988
8618,汚水,250.0,,40.77285234687764
8619,汚水,250.0,1995.0,58.90664272680701
8620,汚水,200.0,1994.0,38.18431268639482
8621,汚水,200.0,1994.0,54.11082842419977
8622,汚水,200.0,1994.0,59.88048902916024
8623,汚水,200.0,1994.0,42.7079804534425
8624,汚水,200.0,1994.0,17.313305803281445
8625,汚水,200.0,1996.0,36.51902601524153
8626,汚水,200.0,1996.0,43.77150195215094
8627,汚水,200.0,1994.0,23.990386636793335
8628,汚水,250.0,1990.0,40.002318497910636
8629,汚水,250.0,1990.0,34.17962896928452
8630,汚水,250.0,1990.0,12.177096082406091
8631,汚水,250.0,1990.0,40.639630356047924
8632,汚水,200.0,1994.0,36.71881736013278
8633,汚水,200.0,1994.0,46.882453099296725
8634,汚水,200.0,1993.0,35.255862391884406
8635,汚水,250.0,1986.0,38.1035132706603
8636,汚水,250.0,1986.0,22.89363445343534
8637,汚水,250.0,1986.0,29.48878012167072
8638,汚水,250.0,1986.0,31.25020941850628
8639,汚水,250.0,1986.0,43.81591233978631
8640,汚水,250.0,1986.0,32.14050869567201
8641,汚水,250.0,1987.0,27.31712239144044
8642,汚水,250.0,1986.0,32.89711963895976
8643,汚水,250.0,1992.0,62.3491117504312
8644,汚水,250.0,1991.0,45.266220337855465
8645,汚水,250.0,1992.0,44.58069133693337
8646,汚水,250.0,1992.0,33.6361506494043
8647,汚水,250.0,1991.0,50.636135542211505
8648,汚水,250.0,1989.0,38.4206085380018
8649,汚水,200.0,1996.0,10.482974901412682
8650,汚水,250.0,1987.0,43.97407447290973
8651,汚水,250.0,1989.0,39.413265717729985
8652,汚水,250.0,1989.0,35.24930253579851
8653,汚水,250.0,1989.0,42.39369928683152
8654,汚水,250.0,1989.0,43.95456883472588
8655,汚水,250.0,1987.0,25.23868581645742
8656,汚水,250.0,1992.0,35.34056983945857
8657,汚水,250.0,1992.0,43.65333810316785
8658,汚水,250.0,1992.0,6.973621420957876
8659,汚水,250.0,1991.0,39.05754444193457
8660,汚水,250.0,1990.0,57.85929652201369
8661,汚水,250.0,1992.0,41.462813589488285
8662,汚水,250.0,1992.0,47.95155305072302
8663,汚水,250.0,1992.0,30.41326070066459
8664,汚水,250.0,1992.0,8.024395796567742
8665,汚水,250.0,1992.0,12.43776385337427
8666,汚水,250.0,1992.0,16.26565688547088
8667,汚水,250.0,1986.0,36.28529084258269
8668,汚水,250.0,1987.0,36.65143593247326
8669,汚水,250.0,1987.0,18.51254009753229
8670,汚水,250.0,1987.0,28.65213929706413
8671,汚水,250.0,1986.0,44.292599460635486
8672,汚水,250.0,1986.0,39.18018949772623
8673,汚水,250.0,1989.0,40.05493918577819
8674,汚水,250.0,1987.0,51.92995282610043
8675,汚水,250.0,1987.0,43.357267351118765
8676,汚水,250.0,1989.0,49.06204320615601
8677,汚水,250.0,1989.0,30.556222433016437
8678,汚水,250.0,1989.0,35.33480819560067
8679,汚水,250.0,1989.0,27.986664923996646
8680,汚水,250.0,1992.0,42.08437788294762
8681,汚水,250.0,1992.0,40.605835544375935
8682,汚水,250.0,1992.0,17.025876650812293
8683,汚水,250.0,1992.0,36.56447874992208
8684,汚水,250.0,1992.0,41.47714433912599
8685,汚水,250.0,1992.0,6.310794410108154
8686,汚水,250.0,1992.0,26.688230679792767
8687,汚水,250.0,1992.0,31.715457873334742
8688,汚水,250.0,1992.0,35.423226341937884
8689,汚水,150.0,2000.0,28.745822685241688
8690,汚水,150.0,2000.0,16.185610630436152
8691,汚水,250.0,1992.0,43.4036019489364
8692,汚水,250.0,1987.0,27.928434794052745
8693,汚水,250.0,1987.0,12.520942248349382
8694,汚水,250.0,1987.0,3.915640864441656
8695,汚水,250.0,1987.0,7.502592594781688
8696,汚水,250.0,1987.0,27.333970889945167
8697,汚水,250.0,1987.0,10.253312872444022
8698,汚水,250.0,1987.0,45.11820613663417
8699,汚水,250.0,1987.0,30.98705278396811
8700,汚水,250.0,1987.0,50.21811248470069
8701,汚水,250.0,1987.0,43.40255928772067
8702,汚水,250.0,1987.0,27.328551960429195
8703,汚水,250.0,1987.0,29.831796319306093
8704,汚水,250.0,1987.0,24.84990435573004
8705,汚水,250.0,1987.0,19.196470872631867
8706,汚水,250.0,1988.0,35.44460070913298
8707,汚水,250.0,1988.0,17.44018348829874
8708,汚水,250.0,1987.0,80.69619225747631
8709,汚水,250.0,1988.0,11.182430321218568
8710,汚水,250.0,1989.0,101.26331156159847
8711,汚水,250.0,1988.0,20.18965730049445
8712,汚水,250.0,1988.0,14.000567580255787
8713,汚水,250.0,1988.0,25.266292848061696
8714,汚水,250.0,1988.0,35.82497803896845
8715,汚水,250.0,1988.0,23.176400443605267
8716,汚水,250.0,1988.0,45.01903094284337
8717,汚水,300.0,1991.0,72.08053819398454
8718,汚水,300.0,1991.0,5.500015041514914
8719,汚水,300.0,1992.0,24.643733004868874
8720,汚水,300.0,1992.0,76.0597540456369
8721,汚水,250.0,1992.0,13.189470377048389
8722,汚水,250.0,1992.0,31.22325165590291
8723,汚水,250.0,1992.0,41.63845353768292
8724,汚水,250.0,1992.0,55.89443485154323
8725,汚水,250.0,1992.0,23.321140524405312
8726,汚水,250.0,1992.0,9.801921008891739
8729,汚水,250.0,1992.0,5.777912166169056
8730,汚水,250.0,1992.0,18.628235799458224
8731,汚水,250.0,1992.0,9.901438469197616
8732,汚水,250.0,1992.0,16.604310704873527
8733,汚水,250.0,1992.0,14.713069996835209
8734,汚水,250.0,1988.0,52.10266363964235
8735,汚水,250.0,1996.0,50.31047341847284
8736,汚水,150.0,2000.0,18.634956633568695
8737,汚水,200.0,2000.0,9.566385534335732
8738,汚水,150.0,2000.0,16.866202147654032
8739,汚水,200.0,2000.0,18.263222675919682
8740,汚水,500.0,1992.0,87.68367361228213
8741,汚水,800.0,1988.0,72.49643110172755
8742,汚水,200.0,1993.0,47.64588229735416
8743,汚水,200.0,1994.0,27.68210856698826
8744,汚水,200.0,1994.0,41.84227328892919
8745,汚水,250.0,1992.0,39.758467069606084
8746,汚水,250.0,1992.0,25.147027094638403
8747,汚水,250.0,1989.0,31.093374550837513
8748,汚水,250.0,,29.994643313302422
8749,汚水,250.0,,30.892262864354688
8750,汚水,250.0,,37.87007029407866
8751,汚水,250.0,1990.0,28.195190362957504
8752,汚水,200.0,1994.0,37.50574872647145
8753,汚水,200.0,1995.0,51.844124036160245
8754,汚水,250.0,1994.0,17.76517745168524
8755,汚水,200.0,1994.0,15.754618292418781
8756,汚水,250.0,1990.0,28.84718322783796
8757,汚水,500.0,1989.0,70.41346084575027
8758,汚水,250.0,1989.0,26.945029570874162
8759,汚水,250.0,1989.0,28.54009214993595
8760,汚水,250.0,,24.151874750858063
8761,汚水,200.0,1993.0,53.15341686910647
8762,汚水,200.0,1993.0,64.44890431708563
8763,汚水,200.0,1993.0,36.00648905564208
8764,汚水,200.0,1996.0,28.70111835575158
8765,汚水,200.0,1996.0,44.05656993898366
8766,汚水,200.0,1996.0,28.751905527396158
8767,汚水,200.0,1996.0,48.39848568209315
8768,汚水,200.0,1996.0,58.613258461970986
8769,汚水,350.0,1992.0,118.30764590363574
8770,汚水,600.0,1994.0,8.645507735237638
8771,汚水,600.0,1994.0,8.057926346152621
8772,汚水,500.0,1991.0,19.500240870315604
8773,汚水,500.0,1991.0,107.79407984810312
8774,汚水,200.0,1994.0,69.00718421770378
8775,汚水,200.0,1994.0,50.888976023874335
8776,汚水,200.0,1994.0,56.17231249124141
8777,汚水,200.0,1994.0,62.775878996073324
8778,汚水,200.0,1994.0,9.788303611247432
8779,汚水,200.0,1994.0,34.725781406096694
8780,汚水,200.0,1994.0,60.95268379011236
8781,汚水,200.0,1993.0,38.411859809998404
8782,汚水,200.0,1993.0,52.02805505405092
8783,汚水,250.0,1996.0,39.09434093416499
8784,汚水,200.0,1993.0,41.606412978184025
8785,汚水,200.0,1993.0,22.093763880298546
8786,汚水,200.0,1993.0,68.38800076807541
8787,汚水,200.0,1994.0,49.91010017333536
8788,汚水,300.0,1988.0,63.27590127264443
8789,汚水,,,29.45531108713839
8790,汚水,150.0,2006.0,35.583903336845296
8791,汚水,150.0,2002.0,73.34144223374184
8793,汚水,,,1.4704792538299372
8794,汚水,,,17.852633303609274
8795,汚水,150.0,2008.0,23.219426650692363
8797,汚水,,,17.725926181302842
8799,汚水,150.0,2009.0,5.32248918280271
8800,汚水,,,23.23770157422159
8801,汚水,150.0,,44.32864731354662
8803,汚水,100.0,2001.0,62.18619104807056
8804,汚水,150.0,2006.0,41.88173108269732
8805,汚水,150.0,2006.0,38.65187306068934
8806,汚水,,,66.68036896008921
8808,汚水,150.0,2009.0,33.39255244079975
8809,汚水,250.0,,19.719256518441924
8812,汚水,,,18.12995576974086
8813,汚水,,,22.89522696414965
8814,汚水,150.0,2007.0,16.460534014995307
8815,汚水,,,16.614759562146677
8816,汚水,,,28.649479942994027
8817,汚水,,,24.796384567667218
8819,汚水,,,23.30236463985295
8820,汚水,150.0,2011.0,14.789428765240972
8822,汚水,,,14.352200470509072
8824,汚水,150.0,2010.0,67.59043166445592
8825,汚水,,,69.29883231317267
8826,汚水,250.0,1988.0,21.023753765667667
8828,汚水,,,7.904281503536457
8829,汚水,,,14.994784612563505
8833,汚水,,,59.444604146123794
8834,汚水,150.0,2005.0,51.229579051925796
8835,汚水,150.0,2005.0,44.90789262662702
8836,汚水,800.0,1993.0,94.92047923434696
8837,雨水,500.0,,33.626544360019246
8838,雨水,600.0,,60.048241017746754
8839,雨水,750.0,,58.15286571145783
8840,雨水,600.0,,20.812439290338933
8841,雨水,1000.0,,59.13747987662293
8842,雨水,1200.0,2001.0,54.196511509662855
8843,雨水,1000.0,2001.0,50.7406559885474
8845,雨水,600.0,1997.0,29.338874108030858
8846,雨水,3000.0,1997.0,110.30902224439134
8847,雨水,3000.0,1997.0,50.02439108034014
8848,雨水,600.0,1997.0,49.12663238716024
8849,雨水,1500.0,1997.0,108.59373794711956
8850,雨水,600.0,1997.0,57.132663874704754
8851,雨水,700.0,1997.0,65.9353777511052
8852,雨水,700.0,1997.0,76.68999067184212
8853,雨水,600.0,1997.0,57.58148827336948
8854,雨水,700.0,,80.5296671143668
8855,雨水,700.0,,67.55152661453464
8856,雨水,1500.0,1997.0,49.34612557688475
8857,雨水,1100.0,1994.0,48.16064834666193
8858,雨水,1200.0,1994.0,36.910752963458265
8859,雨水,700.0,1997.0,68.69834323757054
8860,雨水,2000.0,1997.0,142.17173238175872
8861,雨水,1800.0,1994.0,172.34045134111142
8862,雨水,1600.0,1997.0,40.128318568416326
8863,雨水,600.0,,6.502140239664553
8864,雨水,800.0,,25.791773669357774
8865,雨水,600.0,,27.191758543438564
8866,雨水,450.0,,43.595949162865736
8867,雨水,900.0,,69.75062984214603
8868,雨水,700.0,,58.802568662630335
8869,雨水,600.0,,49.64042214000728
8870,雨水,300.0,,36.41962565833085
8871,雨水,300.0,,24.158206927609577
8872,雨水,450.0,,33.07590942248771
8873,雨水,600.0,,127.68748136239093
8876,雨水,1200.0,1995.0,31.153379064906222
8877,雨水,,,106.38422454858299
8878,雨水,1350.0,1997.0,58.43483261845892
8879,雨水,2000.0,1995.0,96.06743350262612
8880,雨水,1350.0,1989.0,146.86893783257747
8881,雨水,2500.0,1997.0,101.7166461437577
8882,雨水,5000.0,1997.0,30.934018010289265
8883,雨水,500.0,1997.0,45.04020755398966
8884,雨水,1200.0,1997.0,74.34949913120604
8885,雨水,1200.0,1997.0,96.50538925447242
8886,雨水,1650.0,1993.0,106.28874018025058
8887,雨水,1350.0,1993.0,107.78891533585974
8888,雨水,1000.0,1995.0,71.66002794455824
8889,雨水,900.0,,145.59730767302983
8893,雨水,1200.0,,125.42385522169842
8894,雨水,800.0,1993.0,76.10517376348717
8895,雨水,2000.0,1989.0,64.00395414804504
8896,雨水,1800.0,1995.0,21.72928150980492
8897,雨水,1350.0,,107.22684646075795
8898,雨水,1200.0,1990.0,43.76506878042172
8899,雨水,1650.0,,46.06080995550353
8900,雨水,900.0,,54.34561361347211
8901,雨水,1000.0,2007.0,12.41130468224721
8902,雨水,,,44.531053417614736
8903,雨水,,,23.82419112321648
8904,雨水,2000.0,,51.0609951216114
8905,雨水,,,21.961375890729144
8906,雨水,1200.0,,43.05318317828432
8907,雨水,,,25.523846462858707
8908,雨水,2400.0,,141.75332572558145
8909,雨水,2400.0,,45.08639117708339
8910,雨水,,,19.452632589598405
8911,雨水,,,45.29715978953299
8913,雨水,300.0,,39.067320862549586
8914,雨水,250.0,2006.0,7.588586566931224
8915,雨水,,,75.62010413984325
8917,雨水,,,69.26238742047886
8918,雨水,250.0,2005.0,52.261492101175286
8919,雨水,250.0,2005.0,55.413896040725476
8922,雨水,,,4.419350118912672
8923,雨水,,,69.80577359896128
8924,雨水,,,3.6886935091971527
8925,雨水,3000.0,,50.366509240579944
8926,雨水,1500.0,,7.726586019112853
8927,雨水,1000.0,2007.0,33.52463637658748
8928,雨水,,,28.427381842443463
8930,雨水,,,24.555804737033483
16413,汚水,250.0,1989.0,47.04198888377754
16414,汚水,250.0,1989.0,44.81608034301808
16415,汚水,250.0,1989.0,44.96531961649985
16416,汚水,250.0,1989.0,7.474908528264853
16418,汚水,250.0,1989.0,35.10157138324339
16419,汚水,250.0,1989.0,28.54236204545953
16420,汚水,250.0,1989.0,44.71927956912239
16421,汚水,250.0,1989.0,41.12810524453995
16422,汚水,250.0,1989.0,46.50248328989158
16423,汚水,250.0,1989.0,16.753189101024603
16424,汚水,250.0,1989.0,47.277961216925526
16425,汚水,250.0,1989.0,53.63005908950998
16426,汚水,250.0,1989.0,36.83260164902235
16427,汚水,250.0,1989.0,32.896917517802414
16429,汚水,250.0,1989.0,49.99501998326606
16430,汚水,250.0,1989.0,41.1851416075749
16431,汚水,250.0,1989.0,48.40525850171667
16433,汚水,250.0,1989.0,30.921940366623446
16434,汚水,250.0,1989.0,29.694644699795077
16435,汚水,250.0,1989.0,27.005791320390596
16436,汚水,250.0,1989.0,26.209906375016946
16437,汚水,250.0,1988.0,39.37062281898784
16438,汚水,,1988.0,36.00029190156608
16440,汚水,250.0,1989.0,47.607849216292564
16443,汚水,250.0,1988.0,39.28068214120771
16444,汚水,250.0,1989.0,26.373214601601713
16446,汚水,250.0,1989.0,50.59144011795709
16447,汚水,250.0,1989.0,50.277386544919274
16448,汚水,250.0,1989.0,45.002534066589206
16450,汚水,150.0,2008.0,56.12829192823839
16451,汚水,250.0,1989.0,3.426464616394907
16452,汚水,250.0,1990.0,34.05426633990612
16455,汚水,250.0,1990.0,25.164029983723527
16457,汚水,250.0,1990.0,24.49083281760934
16458,汚水,250.0,1990.0,3.3435199160911413
16459,汚水,250.0,1990.0,32.86491451153688
16460,汚水,250.0,1990.0,20.02761957630719
16461,汚水,250.0,1990.0,34.48553091918549
16462,汚水,250.0,1990.0,15.033992816100351
16463,汚水,250.0,1990.0,4.57948946475805
16464,汚水,250.0,1990.0,8.691531620755768
16465,汚水,250.0,1990.0,5.42727340641723
16466,汚水,250.0,1990.0,22.975024669295802
16467,汚水,250.0,1986.0,29.410588052308142
16468,汚水,250.0,1986.0,35.97759713283101
16469,汚水,250.0,1986.0,33.9276305507413
16470,汚水,250.0,1986.0,10.180529081846027
16471,汚水,250.0,1986.0,19.521201446756837
16472,汚水,250.0,1986.0,13.656143061487494
16473,汚水,250.0,1986.0,17.749608587030743
16474,汚水,250.0,1986.0,5.789631500307398
16475,汚水,250.0,1986.0,9.110781395782483
16476,汚水,250.0,1986.0,4.737316549216902
16477,汚水,250.0,1986.0,16.895429276387667
16478,汚水,250.0,1986.0,3.1760196587583662
16479,汚水,250.0,1986.0,18.346599870506896
16480,汚水,250.0,1986.0,7.6527545770009695
16481,汚水,250.0,1986.0,20.65006509030646
16482,汚水,250.0,1986.0,5.520704933782669
16483,汚水,250.0,1986.0,11.461824724305494
16484,汚水,250.0,1986.0,6.341030268022891
16485,汚水,250.0,1986.0,8.230890718877717
16486,汚水,250.0,1986.0,9.70182158440684
16487,汚水,250.0,1986.0,15.79600669248162
16488,汚水,250.0,1986.0,16.00472665544068
16489,汚水,250.0,1986.0,16.398567924078044
16490,汚水,250.0,1986.0,12.139837937779696
16491,汚水,250.0,1986.0,17.90688572338231
16492,汚水,250.0,1986.0,12.502030007438336
16493,汚水,250.0,1986.0,21.07650807679934
16494,汚水,250.0,1986.0,11.42985832489296
16495,汚水,250.0,1986.0,18.117393904044814
16496,汚水,250.0,1986.0,12.87869744175715
16497,汚水,250.0,1986.0,27.142256721970266
16498,汚水,250.0,1986.0,12.572456201340337
16499,汚水,250.0,1986.0,24.119076610855508
16500,汚水,250.0,1986.0,38.751871540500495
16501,汚水,250.0,1986.0,2.4392503059136432
16502,汚水,250.0,1986.0,25.147222522602416
16503,汚水,250.0,1990.0,23.244855911096113
16504,汚水,250.0,1990.0,20.472005555036663
16505,汚水,250.0,1990.0,5.203296621556109
16506,汚水,250.0,1990.0,30.23366868713858
16507,汚水,250.0,1990.0,11.583748263791943
16508,汚水,250.0,1986.0,29.974859807858312
16509,汚水,600.0,1986.0,31.197596443929886
16510,汚水,250.0,1986.0,26.425885096343197
16511,汚水,250.0,1986.0,28.801680079560228
16512,汚水,250.0,1990.0,19.38617606366226
16513,汚水,250.0,1990.0,41.09880572942456
16514,汚水,250.0,1990.0,39.797149623994905
16515,汚水,250.0,1990.0,10.627252531950042
16516,汚水,600.0,1986.0,23.61038378310586
16517,汚水,200.0,1996.0,19.647013571531716
16518,汚水,200.0,1990.0,13.935879229370522
16519,汚水,200.0,1990.0,8.590918803278562
16520,汚水,200.0,1990.0,11.693327669215034
16521,汚水,250.0,1990.0,28.114663952190543
16522,汚水,250.0,1990.0,9.049956196932921
16523,汚水,600.0,1986.0,49.93856541398721
16525,汚水,250.0,1987.0,17.077970799784733
16526,汚水,250.0,1987.0,31.94395001942853
16527,汚水,250.0,1987.0,13.471410440787
16528,汚水,250.0,1987.0,6.05903699162393
16529,汚水,250.0,1987.0,10.839893245442529
16530,汚水,250.0,1987.0,19.702532207167813
16531,汚水,250.0,1987.0,65.78332088292726
16532,汚水,250.0,1987.0,11.040007123189543
16533,汚水,250.0,1987.0,14.811590148246257
16534,汚水,250.0,1987.0,10.510531828527652
16535,汚水,250.0,1987.0,6.963885111422219
16536,汚水,250.0,1987.0,5.166176630989883
16537,汚水,250.0,1987.0,20.329642960707016
16538,汚水,250.0,1987.0,21.21414497218546
16539,汚水,200.0,1995.0,25.098431054183543
16541,汚水,200.0,1997.0,28.61288083751706
16542,汚水,200.0,1997.0,50.901177936982
16543,汚水,200.0,1997.0,10.078483384702961
16545,汚水,200.0,1997.0,74.93104518915607
16547,汚水,200.0,1997.0,16.707793316739373
16548,汚水,200.0,1997.0,51.671278177432704
16549,汚水,200.0,1997.0,51.16822744921042
16550,汚水,200.0,1997.0,52.70956509970206
16551,汚水,200.0,1997.0,20.348532100312045
16552,汚水,200.0,1997.0,32.9256385602256
16555,汚水,200.0,1994.0,49.901352960562
16557,汚水,200.0,1994.0,50.11223647692759
16558,汚水,200.0,1994.0,37.790860125552435
16559,汚水,200.0,1994.0,29.905130826493767
16561,汚水,200.0,1994.0,39.93845147358208
16562,汚水,200.0,1994.0,39.82538285395643
16563,汚水,250.0,1988.0,22.235382669646608
16564,汚水,250.0,1988.0,10.261155162510992
16565,汚水,250.0,1988.0,10.563333020161316
16566,汚水,250.0,1988.0,30.37478321455011
16567,汚水,250.0,1988.0,9.433371079112234
16568,汚水,250.0,1988.0,17.415738884980282
16569,汚水,250.0,1988.0,18.672530672681308
16570,汚水,250.0,1988.0,21.67895372253619
16571,汚水,250.0,1988.0,19.996276611482596
16572,汚水,250.0,1988.0,6.691924859600937
16573,汚水,250.0,1988.0,14.326925185837519
16574,汚水,250.0,1988.0,22.76850536350415
16575,汚水,250.0,1988.0,23.507672927006833
16576,汚水,250.0,1988.0,28.88720481724185
16577,汚水,250.0,1988.0,13.657041307166637
16578,汚水,250.0,1988.0,32.007268339224254
16579,汚水,250.0,1988.0,23.641083169420522
16580,汚水,350.0,1988.0,63.113973833486604
16581,汚水,250.0,1988.0,36.73266961184784
16582,汚水,250.0,1988.0,26.217342695918834
16583,汚水,350.0,1988.0,61.13186286768278
16584,汚水,250.0,1988.0,32.269607106823265
16585,汚水,200.0,1993.0,56.40607175796794
16586,汚水,250.0,1988.0,36.63362593381627
16587,汚水,250.0,1988.0,17.49123364339372
16588,汚水,250.0,1988.0,14.797650037038874
16589,汚水,250.0,1988.0,16.02727313392967
16590,汚水,250.0,1988.0,24.182413949609586
16591,汚水,250.0,1988.0,11.484039359403809
16592,汚水,250.0,1988.0,13.745512550169622
16593,汚水,250.0,1988.0,24.381723251593222
16594,汚水,350.0,1988.0,54.19894872167115
16595,汚水,250.0,1988.0,27.29255055309951
16596,汚水,250.0,1988.0,45.236242875032204
16597,汚水,350.0,1988.0,40.241647964172266
16598,汚水,250.0,1988.0,11.794114638147501
16599,汚水,250.0,1988.0,6.3996409225748
16600,汚水,250.0,1988.0,19.288294314444748
16601,汚水,250.0,1988.0,14.811826265794927
16602,汚水,250.0,,23.519542443287335
16603,汚水,250.0,1988.0,7.145093494498122
16604,汚水,250.0,1988.0,8.881984071895166
16605,汚水,250.0,1988.0,16.964744162547703
16606,汚水,250.0,1988.0,23.901411858174193
16607,汚水,250.0,1988.0,16.341661726564972
16608,汚水,250.0,1988.0,25.30601147506903
16609,汚水,250.0,1988.0,15.259263186361734
16610,汚水,250.0,1988.0,27.81914497946332
16611,汚水,250.0,1988.0,43.85219561178336
16612,汚水,250.0,1988.0,7.005413355972319
16613,汚水,250.0,1988.0,16.871284826038757
16614,汚水,250.0,1988.0,31.984995211466522
16615,汚水,350.0,1988.0,51.137260552833375
16616,汚水,250.0,1988.0,7.413930481043592
16617,汚水,250.0,1988.0,46.34260168729732
16618,汚水,250.0,1988.0,44.183986115465835
16619,汚水,250.0,1988.0,42.046886085093334
16620,汚水,250.0,1988.0,29.355450473635454
16621,汚水,250.0,1988.0,30.393072359206336
16622,汚水,250.0,1988.0,38.764074649512715
16623,汚水,250.0,1988.0,11.352979894302699
16624,汚水,250.0,1988.0,11.739950819204838
16625,汚水,250.0,1988.0,7.498525148783726
16626,汚水,250.0,1988.0,29.7710309636083
16627,汚水,250.0,1988.0,21.570627919939867
16628,汚水,250.0,1988.0,43.06552407676015
16629,汚水,1100.0,1988.0,42.88912326106618
16632,汚水,200.0,1993.0,2.6746308867201893
16633,汚水,200.0,1993.0,34.6153227084372
16634,汚水,200.0,1993.0,37.95648068331707
16635,汚水,250.0,1991.0,39.73313849611799
16636,汚水,200.0,1993.0,39.79560451808525
16638,汚水,200.0,1991.0,6.31352201285169
16639,汚水,200.0,1991.0,14.637764872284468
16640,汚水,200.0,1991.0,11.908354467470721
16641,汚水,200.0,1991.0,6.292001444662189
16642,汚水,200.0,1991.0,4.745038399071338
16643,汚水,200.0,1991.0,36.617975141087186
16644,汚水,250.0,1991.0,6.663189074990585
16645,汚水,150.0,2008.0,2.287327372640778
16646,汚水,150.0,2008.0,13.192519874653605
16647,汚水,150.0,2008.0,4.809857621008481
16648,汚水,150.0,2008.0,4.152406686832407
16649,汚水,150.0,2008.0,9.366678489439645
16650,汚水,200.0,1993.0,33.68662557027377
16651,汚水,150.0,2010.0,36.96125870521309
16652,汚水,200.0,1993.0,45.76947596392913
16654,汚水,200.0,1993.0,35.23334610347174
16655,汚水,200.0,1993.0,12.897320134599568
16656,汚水,200.0,1993.0,6.627636819954899
16657,汚水,200.0,1993.0,73.23426014684566
16658,汚水,200.0,1993.0,9.209405843900527
16659,汚水,200.0,1993.0,26.111224812692797
16660,汚水,200.0,1993.0,20.619474047451835
16661,汚水,200.0,1993.0,41.025020749525545
16662,汚水,200.0,1993.0,51.22865957426906
16663,汚水,200.0,1993.0,8.458155089452278
16664,汚水,200.0,1993.0,8.50002017053566
16665,汚水,200.0,1993.0,23.295039120119622
16666,汚水,200.0,1993.0,21.490746247624003
16667,汚水,200.0,1993.0,15.001618419023648
16668,汚水,200.0,1993.0,33.694700292955346
16669,汚水,200.0,1993.0,11.123984992402768
16670,汚水,200.0,1993.0,18.591672867959453
16671,汚水,200.0,1993.0,16.485962732230426
16672,汚水,200.0,1993.0,25.71033280278462
16673,汚水,200.0,1993.0,39.89809212742836
16674,汚水,200.0,1993.0,20.495075708976078
16675,汚水,200.0,1993.0,4.391322002099535
16676,汚水,200.0,1993.0,47.868859399766926
16678,汚水,200.0,1993.0,15.54649632136278
16679,汚水,200.0,1993.0,22.82418926004274
16680,汚水,200.0,1993.0,12.57144614653913
16681,汚水,200.0,1993.0,24.80196285003357
16682,汚水,200.0,1993.0,23.28074379329029
16684,汚水,200.0,1993.0,15.543226474848973
16686,汚水,150.0,2004.0,36.833442613098974
16687,汚水,150.0,2004.0,46.96784112170538
16688,汚水,200.0,1993.0,14.136547825153517
16689,汚水,250.0,2009.0,23.050384676267218
16690,汚水,250.0,2009.0,31.37209700831607
16691,汚水,150.0,2009.0,8.807926241585607
16692,汚水,150.0,2009.0,38.97350458690491
16693,汚水,150.0,2009.0,19.579080000672874
16694,汚水,150.0,2009.0,40.151051217887215
16695,汚水,150.0,2009.0,54.965426850687734
16696,汚水,200.0,2009.0,38.55709569249031
16697,汚水,150.0,2009.0,6.643871391001259
16698,汚水,150.0,2010.0,5.345996015440858
16699,汚水,350.0,2009.0,24.222042188635765
16700,汚水,150.0,2009.0,37.88019712331061
16701,汚水,150.0,2009.0,5.207978076650758
16702,汚水,150.0,2009.0,19.118208509392403
16703,汚水,150.0,2009.0,3.8375066156528264
16704,汚水,150.0,2009.0,17.747711787560778
16705,汚水,150.0,2009.0,3.633518056844538
16706,汚水,150.0,2009.0,21.50641068501891
16707,汚水,150.0,2009.0,2.7810224809936535
16708,汚水,150.0,2009.0,6.921058126247541
16709,汚水,150.0,2009.0,70.41671426470013
16710,汚水,150.0,2009.0,33.16778549867859
16711,汚水,150.0,2009.0,14.258408303396141
16713,汚水,150.0,2009.0,19.25070529120269
16714,汚水,150.0,2009.0,3.7852982388945584
16715,汚水,150.0,2009.0,72.46865630636842
16716,汚水,150.0,2009.0,19.930272756751855
16717,汚水,150.0,2009.0,20.07996220088332
16718,汚水,250.0,,16.028570366907264
16719,汚水,350.0,2009.0,48.895818011186996
16720,汚水,350.0,2009.0,16.049390419005807
16721,汚水,350.0,2009.0,46.88287812619186
16722,汚水,350.0,2009.0,46.039550917114134
16723,汚水,350.0,2009.0,79.13656435256769
16724,汚水,350.0,2009.0,10.044099437431893
16725,汚水,350.0,2009.0,9.82405230517237
16727,汚水,350.0,2009.0,15.965852177043253
16728,汚水,300.0,2009.0,4.103475183959101
16729,汚水,350.0,2009.0,52.79498772713044
16730,汚水,350.0,2009.0,14.087010362148474
16731,汚水,150.0,2011.0,53.169836663222995
16732,汚水,150.0,2011.0,7.503725423119692
16733,汚水,150.0,2011.0,5.130569459612805
16734,汚水,150.0,2011.0,20.16804008330163
873,汚水,250.0,1992.0,15.755904838443223
874,汚水,250.0,1992.0,16.855971534259485
875,汚水,250.0,1992.0,42.748299909818556
876,汚水,250.0,1992.0,24.36855875207664
877,汚水,250.0,1992.0,5.291338135542562
878,汚水,250.0,1992.0,20.66586537430929
879,汚水,250.0,1992.0,12.481273724610805
880,汚水,250.0,1992.0,22.297792290987285
881,汚水,250.0,1992.0,19.67051383246821
882,汚水,250.0,1992.0,34.863830263968
883,汚水,250.0,1992.0,35.23726178950823
884,汚水,700.0,1996.0,154.7437089512651
885,汚水,250.0,1992.0,34.563607094064956
886,汚水,250.0,1992.0,39.266381501472004
887,汚水,250.0,1992.0,19.166657121530957
888,汚水,250.0,1992.0,19.781465252858297
889,汚水,250.0,1992.0,41.86542111358042
890,汚水,250.0,1992.0,29.260107508234388
891,汚水,250.0,1992.0,28.27443740083684
892,汚水,250.0,1992.0,37.35955682456432
893,汚水,250.0,1992.0,37.79075874249812
895,汚水,250.0,1992.0,34.39994758566674
896,汚水,250.0,1992.0,34.46565245845533
897,汚水,250.0,1992.0,35.62545236004778
898,汚水,250.0,1992.0,44.53046370532659
899,汚水,250.0,1992.0,31.40988815584926
900,汚水,250.0,1992.0,39.72520492982884
901,汚水,200.0,1995.0,47.52910976168925
902,汚水,250.0,1992.0,24.151904616395285
903,汚水,250.0,1992.0,26.01017819586724
904,汚水,250.0,1992.0,39.20268820196581
905,汚水,250.0,1992.0,38.01684810064703
906,汚水,250.0,1992.0,42.90292798900313
907,汚水,250.0,1992.0,8.114501480292187
908,汚水,250.0,1992.0,41.974046977753105
909,汚水,250.0,1992.0,43.377715342275756
910,汚水,250.0,1992.0,42.77973346782824
912,汚水,250.0,1992.0,32.385832529303514
913,汚水,250.0,1992.0,42.1363175421439
915,汚水,350.0,1992.0,54.85648233435944
916,汚水,350.0,1992.0,42.62543328890748
917,汚水,350.0,1992.0,43.42346083074209
918,汚水,200.0,1994.0,19.965798040857845
919,汚水,250.0,1992.0,19.961176971898947
920,汚水,250.0,1992.0,14.445514506230655
921,汚水,250.0,1992.0,9.348467912651543
922,汚水,250.0,,46.52520094170783
923,汚水,250.0,,7.457588562304814
924,汚水,350.0,1992.0,43.73084091239945
925,汚水,350.0,1992.0,32.275101031574586
926,汚水,350.0,1992.0,31.87924134536381
927,汚水,350.0,1992.0,31.188040018165406
928,汚水,250.0,1992.0,32.95409246767227
929,汚水,350.0,1992.0,44.803170528317175
930,汚水,350.0,1992.0,16.14690496131047
931,汚水,350.0,1992.0,11.625493818032272
932,汚水,350.0,1992.0,21.100405035521632
934,汚水,350.0,1992.0,20.674016297257833
935,汚水,250.0,1992.0,32.99346323085809
936,汚水,150.0,2006.0,36.38092551691863
937,汚水,150.0,2006.0,46.081256488046684
938,汚水,150.0,2006.0,32.01184485421533
939,汚水,150.0,2006.0,28.82083312308976
940,汚水,150.0,2006.0,45.03799864478771
941,汚水,150.0,2006.0,40.27080670586953
943,汚水,200.0,1995.0,14.510530236979262
944,汚水,200.0,1995.0,15.010517175570644
945,汚水,200.0,1995.0,9.812333156569439
946,汚水,200.0,1995.0,32.692204493989664
947,汚水,200.0,1995.0,35.40864459071466
948,汚水,200.0,1995.0,38.26698880825007
949,汚水,200.0,1995.0,14.593101159537461
950,汚水,300.0,,36.87903803840754
951,汚水,200.0,1995.0,4.019406228809345
952,汚水,200.0,1995.0,9.10869975130269
953,汚水,200.0,1995.0,15.904500299670019
954,汚水,200.0,1995.0,10.366669301698806
955,汚水,200.0,1995.0,21.98603108712234
956,汚水,200.0,1995.0,23.254829465130076
957,汚水,200.0,1995.0,16.112163181626563
958,汚水,200.0,1995.0,27.2190800053164
959,汚水,200.0,1995.0,6.0490186562746775
960,汚水,200.0,1995.0,19.494390650550926
961,汚水,200.0,1995.0,27.47851395317331
962,汚水,200.0,1995.0,9.535198463132824
963,汚水,200.0,1995.0,28.322310219254888
964,汚水,200.0,1995.0,15.214574357140773
965,汚水,200.0,1995.0,18.850216061283845
966,汚水,200.0,1995.0,9.745065006943388
967,汚水,250.0,,39.13888838522662
968,汚水,200.0,1995.0,14.160685929712612
969,汚水,200.0,1995.0,18.215652704997193
970,汚水,200.0,1995.0,15.318229425386711
971,汚水,200.0,1995.0,18.19082895876518
972,汚水,150.0,2002.0,6.666545019378888
973,汚水,250.0,,40.24451688787624
974,汚水,150.0,2002.0,34.948425338841716
975,汚水,150.0,2003.0,30.584985526974947
976,汚水,150.0,2003.0,2.3541344675373836
977,汚水,150.0,2003.0,18.697788257896498
978,汚水,150.0,2003.0,18.518100748189227
979,汚水,150.0,2003.0,6.914225128551903
980,汚水,150.0,2003.0,20.938563821123523
981,汚水,150.0,2003.0,10.413084383532427
982,汚水,150.0,2003.0,13.13126056450314
983,汚水,150.0,2003.0,12.075420687445982
984,汚水,200.0,2003.0,58.11116792642566
985,汚水,150.0,2003.0,15.445695570793713
986,汚水,150.0,2003.0,36.3750805607292
987,汚水,150.0,2003.0,10.122834892447166
988,汚水,150.0,2003.0,2.93011184329658
989,汚水,150.0,2003.0,9.069244173963808
990,汚水,150.0,2003.0,16.181061930329655
991,汚水,150.0,2003.0,5.6492040020951935
992,汚水,150.0,2003.0,5.684572319146971
993,汚水,150.0,2003.0,3.0517290624655837
994,汚水,150.0,2003.0,14.22128323087939
995,汚水,150.0,2003.0,30.40442827627006
996,汚水,150.0,2003.0,30.836435073091586
997,汚水,150.0,2003.0,28.026041402687603
998,汚水,150.0,2003.0,18.13429803919079
999,汚水,150.0,2003.0,66.65494755566016
1000,汚水,150.0,2003.0,4.887063374728048
1001,汚水,150.0,2003.0,24.0747614917187
1002,汚水,250.0,2003.0,112.66125704199887
1003,汚水,150.0,2003.0,5.1448636143120945
1004,汚水,150.0,2003.0,12.399861639349332
1005,汚水,150.0,2003.0,10.250115505011427
1006,汚水,150.0,2003.0,4.509466122675352
1007,汚水,150.0,2003.0,23.826868432767082
1008,汚水,150.0,2003.0,10.249137419938815
1009,汚水,150.0,2003.0,21.64933533783264
1010,汚水,150.0,2003.0,36.14514689707592
1011,汚水,150.0,2003.0,87.05027840562586
1012,汚水,150.0,2003.0,15.824831692604151
1013,汚水,150.0,2003.0,64.2391941702549
1014,汚水,150.0,2003.0,10.612838026060341
1015,汚水,150.0,2003.0,12.12133714023103
1016,汚水,150.0,2003.0,53.45821615449708
1017,汚水,150.0,2003.0,25.155203463519488
1018,汚水,150.0,2003.0,27.247299161048243
1019,汚水,150.0,2003.0,16.15868932263249
1020,汚水,150.0,2003.0,31.00981650619456
1021,汚水,200.0,1995.0,26.332681858236548
1022,汚水,200.0,1995.0,5.565968020617964
1023,汚水,200.0,1995.0,39.70905126611256
1024,汚水,200.0,1995.0,44.04226299172009
1025,汚水,200.0,1995.0,22.400560228954685
1026,汚水,200.0,1995.0,13.929708630323036
1027,汚水,200.0,1995.0,33.13515448408539
1028,汚水,200.0,1995.0,32.97112452842587
1029,汚水,200.0,1995.0,5.389341590116261
1030,汚水,200.0,1995.0,9.528263696309413
1031,汚水,200.0,1995.0,7.3206901826465165
1032,汚水,200.0,1995.0,5.299528286847482
1033,汚水,150.0,2004.0,64.08666107919016
1034,汚水,150.0,2004.0,53.44389877134297
1035,汚水,150.0,2004.0,54.255175575042486
1036,汚水,150.0,2004.0,69.4287708804871
1037,汚水,150.0,2004.0,87.02562649001193
1038,汚水,150.0,2004.0,90.29904808943037
1039,汚水,150.0,2004.0,47.230690882465254
1040,汚水,200.0,2004.0,93.41495202175261
1041,汚水,200.0,2004.0,5.970083974491974
1042,汚水,200.0,2004.0,63.09854662555106
1043,汚水,200.0,2004.0,26.623564648866296
1044,汚水,150.0,2004.0,77.16402162422958
1045,汚水,150.0,2004.0,7.654713065266616
1046,汚水,150.0,2004.0,23.64139423347639
1047,汚水,150.0,2004.0,23.867360892124818
1048,汚水,150.0,2004.0,12.264685080577408
1049,汚水,150.0,2004.0,6.62519139918324
1050,汚水,150.0,2004.0,86.23032596262773
1051,汚水,150.0,2004.0,73.6973421076553
1052,汚水,200.0,2004.0,92.22213251297117
1053,汚水,150.0,2004.0,99.59727502479382
1054,汚水,150.0,2004.0,46.45143172375256
1055,汚水,500.0,1991.0,17.563031803215992
1056,汚水,150.0,2004.0,10.550282432406714
1057,汚水,150.0,2004.0,12.317994611217257
1058,汚水,150.0,2004.0,24.381741008796066
1059,汚水,150.0,2004.0,46.39807576697053
1060,汚水,150.0,2005.0,34.34667159111153
1061,汚水,150.0,2005.0,6.9731499616230215
1062,汚水,150.0,2005.0,5.332742928454886
1063,汚水,150.0,2005.0,9.791744147081559
1064,汚水,250.0,2005.0,64.93085849424573
1065,汚水,250.0,2005.0,67.04314283533905
1066,汚水,250.0,2005.0,111.90709742313942
1067,汚水,150.0,2005.0,59.99375265194907
1068,汚水,150.0,2005.0,72.11279569054483
1069,汚水,150.0,2005.0,8.135790497275336
1070,汚水,150.0,2005.0,6.48401128263045
1071,汚水,150.0,2005.0,36.78608324881786
1072,汚水,150.0,2005.0,44.57085013175915
1073,汚水,150.0,2005.0,51.45545475291008
1074,汚水,150.0,2005.0,99.050228896901
1075,汚水,150.0,2005.0,46.4436050409492
1076,汚水,150.0,2005.0,54.600823187025746
1077,汚水,150.0,2005.0,67.52287329341586
1078,汚水,150.0,2005.0,7.2853838317144595
1079,汚水,150.0,2005.0,20.153903739426994
1080,汚水,150.0,2005.0,47.47309934381784
1081,汚水,150.0,2005.0,16.468329965799057
1082,汚水,150.0,2005.0,6.610348595864542
1083,汚水,150.0,2005.0,25.335842419336437
1084,汚水,150.0,2005.0,6.943254334960638
1085,汚水,150.0,2005.0,76.40880594201339
1086,汚水,150.0,2005.0,78.284278097672
1087,汚水,150.0,2005.0,31.145825870133518
1088,汚水,150.0,2005.0,5.8972512167987965
1089,汚水,150.0,2005.0,41.11655455120844
1090,汚水,150.0,2005.0,56.78699103013977
1091,汚水,150.0,2005.0,7.6101701766433925
1092,汚水,150.0,2005.0,60.63818654547807
1093,汚水,150.0,2005.0,12.236794830160617
1094,汚水,150.0,2005.0,63.884944932255536
1095,汚水,150.0,2005.0,65.7664418814289
1096,汚水,150.0,2005.0,43.197809182106425
1097,汚水,150.0,2005.0,4.093527058030305
1098,汚水,250.0,2005.0,79.44101762034087
1099,汚水,150.0,2005.0,38.07640258270485
1100,汚水,150.0,2005.0,27.886305360587254
1101,汚水,150.0,2005.0,5.4840498535852875
1102,汚水,150.0,2005.0,27.84206328696478
1104,汚水,150.0,2005.0,45.1608890522739
1105,汚水,150.0,2005.0,5.943552829357929
1106,汚水,150.0,2005.0,42.746857274485286
1107,汚水,150.0,2005.0,3.17019332142323
1108,汚水,150.0,2005.0,43.107267518710714
1109,汚水,150.0,2005.0,47.585661276798255
1110,汚水,150.0,2005.0,66.74623538315252
1111,汚水,150.0,2005.0,47.416118244534
1112,汚水,150.0,2005.0,75.8677372955731
1113,汚水,150.0,2005.0,51.39368958633593
1114,汚水,150.0,2005.0,6.791756096603498
1115,汚水,150.0,2005.0,46.59254683875313
1116,汚水,150.0,2005.0,29.900311616998337
1117,汚水,150.0,2005.0,1.9765484188856561
1118,汚水,250.0,2005.0,80.16699792826564
1119,汚水,150.0,2005.0,75.5847071850127
1120,汚水,150.0,2005.0,36.19963279560898
1121,汚水,150.0,2005.0,40.32465133922306
1122,汚水,150.0,2006.0,21.264765242344467
1123,汚水,150.0,2006.0,53.69700350390109
1124,汚水,150.0,2006.0,7.327468622994941
1125,汚水,150.0,2006.0,60.14448518888698
1135,汚水,200.0,1993.0,25.96360123514016
1136,汚水,200.0,1993.0,41.69904907131537
1138,汚水,200.0,1995.0,34.928589196068906
1140,汚水,200.0,1995.0,8.017832284556563
1141,汚水,200.0,1995.0,14.15968564039432
1142,汚水,200.0,1995.0,54.88858591597689
1143,汚水,200.0,1995.0,14.736295902031141
1144,汚水,200.0,1995.0,7.719496440289052
1145,汚水,200.0,1995.0,17.070222648258145
1146,汚水,200.0,1995.0,4.807226476624486
1147,汚水,200.0,1996.0,22.52763765577765
1148,汚水,200.0,1995.0,40.70165855284889
1149,汚水,200.0,1995.0,45.935266495831264
1150,汚水,200.0,1995.0,47.649808388138624
1151,汚水,200.0,1995.0,45.95481870239091
1154,汚水,200.0,1996.0,62.019231513299275
1155,汚水,200.0,1996.0,2.090753837629725
1156,汚水,200.0,1996.0,5.9868913718377685
1157,汚水,200.0,1996.0,3.758304284938726
1158,汚水,200.0,1996.0,3.5098121987992954
1159,汚水,200.0,1996.0,3.737980658693955
1160,汚水,200.0,1996.0,33.12506683398784
1161,汚水,200.0,1996.0,23.753356817407866
1163,汚水,200.0,1995.0,55.65053894376781
1164,汚水,200.0,1995.0,65.62669949046087
1165,汚水,200.0,1995.0,4.257713753498759
1166,汚水,200.0,1995.0,30.227559599411677
1167,汚水,200.0,1995.0,34.149741233731135
1169,汚水,200.0,1996.0,23.187327835084123
1171,汚水,200.0,1996.0,45.65666838816103
1172,汚水,200.0,1996.0,5.540603341028456
1173,汚水,200.0,1995.0,15.675519564055284
1174,汚水,200.0,1995.0,17.020906485745826
1175,汚水,200.0,1995.0,29.23990120522333
1176,汚水,200.0,1995.0,15.895931152499088
1177,汚水,200.0,1995.0,14.204791591038367
1178,汚水,200.0,1995.0,23.0779009477325
1179,汚水,200.0,1995.0,9.29092306424165
1180,汚水,200.0,1995.0,4.0762271659145215
1181,汚水,200.0,1995.0,15.968445451156304
1183,汚水,200.0,1995.0,9.108611726370151
1184,汚水,200.0,1995.0,7.047162824280805
1185,汚水,200.0,1995.0,25.734459411929983
1186,汚水,200.0,1995.0,10.477576287507688
1187,汚水,200.0,1995.0,38.05824468563702
1188,汚水,200.0,1995.0,26.89194491282322
1189,汚水,200.0,1995.0,3.461574887386767
1190,汚水,200.0,1995.0,49.81976130735033
1191,汚水,200.0,1995.0,3.8484576828031285
1192,汚水,200.0,1995.0,2.2720077300001216
1193,汚水,200.0,1995.0,11.798358409835215
1194,汚水,200.0,1995.0,23.140118354044773
1195,汚水,250.0,,36.35553272212456
1196,汚水,200.0,1995.0,28.79488907308256
1197,汚水,200.0,1995.0,22.455094120071
1198,汚水,200.0,1995.0,42.054050085489685
1199,汚水,150.0,2002.0,16.487955972660785
1200,汚水,150.0,2002.0,21.19889861605352
1201,汚水,150.0,2002.0,22.197593908215357
1202,汚水,150.0,2002.0,15.039065181239021
16735,汚水,250.0,1990.0,34.40444167617039
16736,汚水,150.0,2011.0,19.31119226715167
16737,汚水,150.0,2011.0,9.19160699242492
16738,汚水,150.0,2011.0,8.638018547405824
16739,汚水,150.0,2011.0,11.208624712689598
16740,汚水,150.0,2009.0,15.275049837735041
16741,汚水,150.0,2009.0,10.084160529280766
16742,汚水,150.0,2009.0,15.633257771241432
16743,汚水,150.0,2009.0,4.166847122810405
16744,汚水,150.0,2009.0,5.500677260809863
16745,汚水,150.0,2009.0,13.937905026596313
16746,汚水,150.0,2009.0,8.245121729978843
16747,汚水,150.0,2009.0,5.711719198765697
16748,汚水,150.0,2009.0,3.3022790425633164
16749,汚水,150.0,2009.0,47.35443694399118
16750,汚水,150.0,2009.0,30.943501068153697
16751,汚水,150.0,2009.0,26.166569473129854
16752,汚水,150.0,2009.0,2.570312760478136
16753,汚水,150.0,2009.0,6.126651784135295
16754,汚水,150.0,2009.0,37.77269610449417
16755,汚水,150.0,2009.0,39.336656829715224
16756,汚水,150.0,2009.0,8.3381093359326
16757,汚水,150.0,2009.0,46.322327090933875
16758,汚水,150.0,2009.0,6.1344825834876975
16759,汚水,150.0,2009.0,48.32517120394966
16760,汚水,150.0,2009.0,20.374767274216612
16761,汚水,150.0,2009.0,20.4913970677074
16762,汚水,150.0,2009.0,15.305177496472083
16763,汚水,150.0,2009.0,13.117053460036091
16764,汚水,150.0,2009.0,5.051172757907081
16765,汚水,150.0,2009.0,40.79370426103213
16766,汚水,300.0,2009.0,25.432526248085573
16767,汚水,300.0,2009.0,99.06826444590173
16768,汚水,150.0,2009.0,4.873146580363088
16769,汚水,150.0,2009.0,39.00601993857421
16770,汚水,150.0,2009.0,12.207345750642354
16771,汚水,150.0,2009.0,17.145871016642243
16772,汚水,150.0,2009.0,36.59364081258281
16773,汚水,150.0,2009.0,6.975193563453245
16774,汚水,150.0,2009.0,6.009326644298432
16775,汚水,150.0,2009.0,37.40203766489896
16776,汚水,150.0,2009.0,11.696757812248897
16777,汚水,150.0,2009.0,34.24259560532253
16778,汚水,150.0,2009.0,29.990803098393602
16779,汚水,150.0,2009.0,19.29915981825202
16780,汚水,150.0,2009.0,40.935886827164936
16781,汚水,150.0,2009.0,24.784787607119323
16782,汚水,150.0,2009.0,31.48081423316194
16783,汚水,150.0,2009.0,24.448104983138872
16784,汚水,150.0,2009.0,43.28847680137876
16785,汚水,150.0,2009.0,11.843271702068058
16786,汚水,150.0,2009.0,6.652609207600671
16787,汚水,150.0,2009.0,21.43921842893336
16788,汚水,150.0,2009.0,2.9316067935198626
16789,汚水,150.0,2009.0,16.945762911396347
16790,汚水,150.0,2009.0,10.724278226730627
16791,汚水,150.0,2009.0,11.21316892927816
16792,汚水,150.0,2009.0,7.9965244437977905
16793,汚水,150.0,2009.0,23.179816283481426
16794,汚水,150.0,2009.0,28.71798932107501
16795,汚水,150.0,2009.0,36.71919158625344
16796,汚水,150.0,2009.0,2.7530017469119503
16797,汚水,150.0,2009.0,4.056841119273623
16798,汚水,150.0,2009.0,9.865375089957942
16799,汚水,150.0,2009.0,13.652110793332758
16800,汚水,150.0,2009.0,9.446780921884985
16801,汚水,150.0,2009.0,15.506917579630747
16802,汚水,150.0,2009.0,7.741909969762276
16803,汚水,150.0,2009.0,32.863297495452144
16804,汚水,150.0,2009.0,16.490375088950813
16805,汚水,150.0,2009.0,31.52302358293749
16806,汚水,150.0,2009.0,30.46852454476688
16807,汚水,150.0,2009.0,31.899939694360956
16808,汚水,150.0,2009.0,61.318234927951416
16809,汚水,150.0,2009.0,2.6632171854250153
16810,汚水,150.0,2009.0,10.826779354254029
16811,汚水,150.0,2009.0,7.26327271987765
16812,汚水,150.0,2009.0,19.723215431519318
16813,汚水,150.0,2009.0,4.748276773483649
16815,汚水,150.0,2009.0,12.850909674571366
16816,汚水,150.0,2009.0,4.690429971673979
16817,汚水,150.0,2009.0,10.830009999483085
16818,汚水,150.0,2009.0,8.47830558664081
16819,汚水,150.0,2009.0,2.297617349325363
16820,汚水,150.0,2009.0,5.2886092047449855
16822,汚水,150.0,2009.0,42.76219934579158
16823,汚水,150.0,2009.0,49.34119726281019
16824,汚水,150.0,2009.0,58.89758091754648
16825,汚水,250.0,2009.0,33.76468460349052
16826,汚水,250.0,2009.0,3.4690666508340677
16827,汚水,250.0,2009.0,10.813240030951565
16829,汚水,150.0,2009.0,4.324429207473225
16830,汚水,150.0,2009.0,5.876443061456305
16831,汚水,150.0,2009.0,2.7428187639700528
16832,汚水,150.0,2009.0,6.936099135857298
16833,汚水,150.0,2009.0,5.499016831981183
16834,汚水,150.0,2009.0,9.320375390163573
16835,汚水,150.0,2009.0,4.706096852352345
16836,汚水,150.0,2009.0,10.854134882506244
16837,汚水,150.0,2009.0,11.85217239737389
16838,汚水,250.0,1990.0,62.417526280906024
16839,汚水,150.0,2009.0,16.925206793800587
16840,汚水,150.0,2009.0,4.212732975086826
16841,汚水,150.0,2009.0,15.391857731733863
16842,汚水,150.0,2009.0,7.675434793519338
16843,汚水,150.0,2009.0,15.16623007372478
16844,汚水,150.0,2009.0,21.23823608966025
16845,汚水,150.0,2009.0,12.565587959162485
16846,汚水,150.0,2009.0,15.496649017958905
16847,汚水,150.0,2009.0,12.802379170237069
16848,汚水,150.0,2009.0,10.447097006397774
16849,汚水,150.0,2009.0,5.755422116725424
16850,汚水,150.0,2009.0,8.290674133135312
16851,汚水,150.0,2009.0,7.881463726486525
16852,汚水,150.0,2009.0,12.901885604487832
16853,汚水,150.0,2009.0,10.50755273277002
16854,汚水,150.0,2009.0,4.530012269482496
16855,汚水,150.0,2009.0,19.296226475880925
16856,汚水,150.0,2009.0,11.070305269131714
16857,汚水,150.0,2009.0,7.038196582361248
16858,汚水,150.0,2009.0,6.725363396194557
16859,汚水,150.0,2009.0,8.411051134821177
16860,汚水,150.0,2009.0,6.927220204855967
16861,汚水,150.0,2009.0,2.6246165302805946
16862,汚水,150.0,2009.0,7.397089552378684
16863,汚水,150.0,2009.0,5.330554452143533
16865,汚水,150.0,2009.0,4.473197002922092
16866,汚水,150.0,2009.0,6.821853304692768
16867,汚水,150.0,2009.0,15.12173231933283
16868,汚水,150.0,2009.0,7.678515566593603
16869,汚水,150.0,2009.0,22.398904003092074
16870,汚水,150.0,2009.0,14.151883385957255
16871,汚水,150.0,2009.0,9.003826097193317
16872,汚水,150.0,2009.0,4.415266475679961
16873,汚水,150.0,2009.0,10.870815700766792
16874,汚水,150.0,2009.0,24.112466818140806
16875,汚水,150.0,2009.0,37.78948184433856
16876,汚水,150.0,2009.0,4.035166476656118
16877,汚水,150.0,2009.0,14.416931305355627
16878,汚水,150.0,2009.0,14.894020256134146
16879,汚水,200.0,2009.0,32.021789467968816
16880,汚水,150.0,2009.0,5.125993120896221
16881,汚水,150.0,2009.0,19.28226738039653
16882,汚水,250.0,2009.0,85.93527949875858
16883,汚水,150.0,2009.0,10.871094266533248
16884,汚水,150.0,2009.0,27.818389901802632
16885,汚水,150.0,2009.0,7.841654054025421
16886,汚水,150.0,2009.0,2.6362524976224955
16887,汚水,150.0,2009.0,11.819897277045285
16889,汚水,150.0,2009.0,18.728620607563105
16890,汚水,150.0,2009.0,2.5566051087487507
16891,汚水,150.0,2009.0,32.3376914184395
16892,汚水,150.0,2009.0,2.6737394431215913
16893,汚水,150.0,2009.0,17.32387975236981
16894,汚水,150.0,2009.0,2.4853571160347543
16895,汚水,150.0,2009.0,12.720489226501416
16896,汚水,150.0,2009.0,14.819453044131192
16897,汚水,150.0,2009.0,2.3282274192629577
16898,汚水,150.0,2009.0,5.67264161352654
16899,汚水,150.0,2009.0,63.51333133001963
16900,汚水,150.0,2009.0,43.60859472143622
16901,汚水,150.0,2009.0,3.6076773054238123
16902,汚水,150.0,2009.0,86.49773990814725
16903,汚水,150.0,2009.0,41.63883156538087
16904,汚水,150.0,2009.0,6.466946676132054
16905,汚水,250.0,1989.0,22.97326678316112
16906,汚水,150.0,2009.0,8.165964177157027
16907,汚水,150.0,2009.0,45.01422676329298
16908,汚水,150.0,2009.0,6.964111573285161
16909,汚水,150.0,2009.0,40.405561988333965
16910,汚水,150.0,2009.0,3.591782243832643
16911,汚水,150.0,2009.0,4.875361243476369
16912,汚水,150.0,2009.0,48.126680111854334
16913,汚水,150.0,2009.0,49.94279758139867
16914,汚水,150.0,2009.0,23.217640871399883
16915,汚水,150.0,2009.0,2.4835147736780407
16916,汚水,150.0,2009.0,13.475691034174709
16917,汚水,150.0,2009.0,62.86699922595547
16918,汚水,150.0,2009.0,70.74940604567959
16919,汚水,150.0,2009.0,14.808637857260067
16920,汚水,150.0,2009.0,15.946122168408069
16921,汚水,150.0,2009.0,49.870093669700296
16922,汚水,150.0,2009.0,57.30613112012882
16923,汚水,150.0,2009.0,8.199850596667858
16924,汚水,150.0,2009.0,5.274279565062382
16925,汚水,150.0,2009.0,28.521932428116497
16926,汚水,150.0,2009.0,26.267998034779787
16927,汚水,150.0,2009.0,24.510195174579344
16928,汚水,150.0,2009.0,52.07129556035083
16929,汚水,150.0,2009.0,51.93249639162241
16930,汚水,150.0,2009.0,33.05625294680695
16932,汚水,150.0,2009.0,34.98994081858639
16933,汚水,150.0,2009.0,6.12820759228816
16934,汚水,150.0,2009.0,4.799650276505372
16935,汚水,150.0,2009.0,6.600730611214474
16936,汚水,150.0,2009.0,15.427082300467406
16937,汚水,150.0,2009.0,28.74326195287359
16938,汚水,150.0,2009.0,11.444416107744884
16939,汚水,150.0,2009.0,16.799660189558235
16940,汚水,200.0,1994.0,54.54322314096322
16941,汚水,150.0,2009.0,18.89771800128697
16942,汚水,150.0,2009.0,4.166741993224521
16943,汚水,150.0,2009.0,7.648236036712464
16944,汚水,150.0,2009.0,4.440444747512558
16945,汚水,150.0,2009.0,7.832777670769812
16946,汚水,150.0,2009.0,8.519367805225427
16947,汚水,150.0,2009.0,14.366141100564217
16948,汚水,150.0,2009.0,6.033041291175321
16949,汚水,150.0,2009.0,5.038841458680906
16950,汚水,150.0,2009.0,14.059191127511987
16951,汚水,150.0,2009.0,8.601404725302416
16952,汚水,150.0,2009.0,11.197494210673154
16953,汚水,150.0,2009.0,4.544185845811228
16954,汚水,150.0,2009.0,10.496233547371721
16955,汚水,150.0,2009.0,6.317757963445329
16956,汚水,150.0,2009.0,6.076440524538996
16957,汚水,150.0,2009.0,6.2789254928301395
16958,汚水,150.0,2009.0,10.024899298060785
16959,汚水,150.0,2009.0,11.397781126074431
16960,汚水,150.0,2009.0,12.247105989068594
16961,汚水,150.0,2009.0,6.850746418651166
16962,汚水,150.0,2009.0,1.9735388831413174
16963,汚水,150.0,2009.0,14.810214906178423
16964,汚水,150.0,2009.0,20.185562432820895
16965,汚水,150.0,2009.0,24.183836122724138
16966,汚水,150.0,2009.0,21.766744291860245
16967,汚水,150.0,2009.0,62.809017203015486
16968,汚水,150.0,2009.0,10.23586336432256
16969,汚水,150.0,2009.0,3.924086073222803
16970,汚水,150.0,2009.0,4.954703932797713
16971,汚水,150.0,2009.0,11.311076179087635
16972,汚水,150.0,2009.0,17.42467641562375
16973,汚水,150.0,2009.0,10.755041127459908
16974,汚水,150.0,2009.0,12.869949989503999
16975,汚水,150.0,2009.0,10.638387210449643
16976,汚水,150.0,2009.0,3.6080668423625095
16977,汚水,150.0,2009.0,25.666491305771164
8832,汚水,150.0,2009.0,54.50820508059796
8831,汚水,150.0,2009.0,57.050442866261726
16980,汚水,150.0,2009.0,6.071256399919317
16981,汚水,150.0,2009.0,12.07754171590294
16982,汚水,150.0,2009.0,13.501713187140185
16983,汚水,150.0,2009.0,4.032973277923068
16984,汚水,150.0,2009.0,5.588808685254997
16985,汚水,150.0,2009.0,15.42415122666592
16986,汚水,150.0,2009.0,10.264030220716524
16987,汚水,150.0,2009.0,3.2353116026138022
16988,汚水,150.0,2009.0,4.702592414172307
16989,汚水,150.0,2009.0,3.9453835017879335
16990,汚水,150.0,2009.0,1.9989416627977625
16991,汚水,150.0,2009.0,33.94376010673932
16992,汚水,200.0,1994.0,43.20629246306458
16993,汚水,150.0,2009.0,5.497869772705309
16994,汚水,150.0,2009.0,12.06647324252085
16995,汚水,150.0,2009.0,3.988344976598176
16996,汚水,150.0,2009.0,19.399342962116286
16997,汚水,150.0,2009.0,15.909013868994707
16998,汚水,150.0,2009.0,36.35097153011529
16999,汚水,150.0,2009.0,5.308969840986542
17000,汚水,150.0,2009.0,53.417166380817434
17001,汚水,150.0,2009.0,57.751149913507696
17002,汚水,150.0,2009.0,40.952753548999574
17003,汚水,150.0,2009.0,11.66391174547543
17004,汚水,150.0,2009.0,30.74866540300195
17005,汚水,150.0,2009.0,11.325877528223838
17006,汚水,150.0,2009.0,16.591611437326478
17007,汚水,150.0,2009.0,17.220216920437505
17008,汚水,150.0,2009.0,3.698846805966803
17009,汚水,150.0,2009.0,11.95180196149885
17010,汚水,150.0,2009.0,2.3282119208701832
17012,汚水,150.0,2009.0,4.9743169038957245
17013,汚水,150.0,2009.0,5.320925971641906
17014,汚水,150.0,2009.0,7.645271873247594
17015,汚水,150.0,2009.0,6.583773700928328
17016,汚水,150.0,2009.0,4.909825488535277
17017,汚水,150.0,2009.0,3.7906993136962885
17018,汚水,150.0,2009.0,12.59226926265823
17019,汚水,150.0,2009.0,2.0160247602228156
17020,汚水,150.0,2009.0,5.373555001641952
17021,汚水,150.0,2009.0,10.436900218772848
17022,汚水,150.0,2009.0,57.3658901795859
17023,汚水,150.0,2009.0,3.980875197628185
17024,汚水,150.0,2009.0,14.00707127145365
17025,汚水,150.0,2009.0,6.408417189683783
17026,汚水,150.0,2009.0,2.1843985253041645
17027,汚水,150.0,2009.0,12.205206199453027
17028,汚水,150.0,2009.0,2.435418887818048
17029,汚水,150.0,2009.0,12.872629572823222
17030,汚水,150.0,2009.0,32.05248541336942
17031,汚水,150.0,2009.0,21.400705054599136
17032,汚水,150.0,2009.0,7.171209969534338
17033,汚水,150.0,2009.0,7.383691028061557
17034,汚水,150.0,2009.0,11.16966572835871
17035,汚水,150.0,2009.0,61.70147478556087
17036,汚水,150.0,2009.0,27.53144821243469
17037,汚水,150.0,2009.0,5.46798065090468
17038,汚水,150.0,2009.0,28.900267437956288
17039,汚水,150.0,2009.0,1.9446920551885
17040,汚水,150.0,2009.0,4.459760485159942
17041,汚水,150.0,2009.0,18.19945864600364
17042,汚水,150.0,2009.0,4.172908067259879
17043,汚水,150.0,2009.0,7.719125473529024
17044,汚水,150.0,2009.0,16.928993775965605
17045,汚水,150.0,2009.0,6.24851468804351
17046,汚水,150.0,2009.0,4.958238674689537
17047,汚水,150.0,2009.0,2.6237374741107784
17048,汚水,150.0,2009.0,4.06646207949166
17049,汚水,150.0,2009.0,3.1572715495959587
17050,汚水,150.0,2009.0,6.8382115163776485
17051,汚水,150.0,2009.0,24.133895212837114
17052,汚水,150.0,2009.0,3.03597715529959
17053,汚水,150.0,2009.0,17.124061653631696
17054,汚水,150.0,2009.0,15.525846297599406
17055,汚水,150.0,2009.0,19.857054088862004
17056,汚水,150.0,2009.0,1.930116223291249
8931,雨水,,,39.573299323121404
8932,雨水,,,17.35518843368493
8933,雨水,1350.0,2009.0,67.54326138995852
8935,雨水,,,28.446540205673564
8936,雨水,,,25.05211613259843
8937,雨水,,,69.23214851671068
8939,雨水,1000.0,2009.0,69.546972102348
8940,雨水,,,19.268688224738636
8941,雨水,300.0,2009.0,68.99097761511419
8942,雨水,300.0,2009.0,57.554256955322714
8944,雨水,,,40.006987083119775
8945,雨水,,,2.8724360860576033
8947,雨水,,,67.44535523029538
8948,雨水,450.0,2009.0,35.95712959820996
8949,雨水,1500.0,2009.0,50.270576288555375
8950,雨水,1650.0,,1214.2861061817646
8951,雨水,,,7.264659937013381
8955,雨水,,,37.14209750555032
8956,雨水,1800.0,2009.0,34.857354223676275
8957,雨水,,,30.809165985480558
8958,汚水,150.0,2000.0,50.51581012722161
8959,汚水,150.0,2000.0,64.06624582664298
8960,汚水,500.0,1997.0,46.26604499835345
8961,汚水,500.0,1997.0,80.96017585902489
8962,汚水,200.0,1998.0,10.210618531481684
8963,汚水,250.0,1998.0,36.878123695462
8964,汚水,150.0,2001.0,29.160897560577684
8965,汚水,150.0,2001.0,16.38378849083283
8966,汚水,200.0,1998.0,8.924775852961965
8967,汚水,200.0,1998.0,11.550887755241424
8968,汚水,200.0,1995.0,61.800934742435174
8969,汚水,200.0,1995.0,63.00490032301478
8970,汚水,200.0,1998.0,52.10412268051544
8971,汚水,200.0,1998.0,12.53870362607817
8972,汚水,200.0,1998.0,6.980577244066239
8974,汚水,200.0,1996.0,17.11287490972317
8975,汚水,200.0,1996.0,15.585426285915243
8976,汚水,200.0,1996.0,21.29847840016073
8977,汚水,200.0,1996.0,38.800670849370476
8978,汚水,200.0,1996.0,25.652877258213802
8979,汚水,200.0,1996.0,25.0250306994759
8980,汚水,200.0,1996.0,31.89219381690259
8981,汚水,200.0,1996.0,43.39666033863381
8982,汚水,200.0,1996.0,20.537309306657946
8983,汚水,200.0,1996.0,36.42908931867449
8984,汚水,200.0,1995.0,38.979387860570604
8985,汚水,250.0,1995.0,53.768049919199754
8986,汚水,200.0,1995.0,42.529392770528254
8987,汚水,250.0,1995.0,93.2996933193137
8988,汚水,200.0,1995.0,46.106214486230556
8989,汚水,200.0,1995.0,11.084423589523167
8990,汚水,200.0,1995.0,34.32282614521945
8991,汚水,200.0,1995.0,34.59550881988723
8992,汚水,150.0,2001.0,9.089318522896702
8993,汚水,,,9.622578662136823
8994,汚水,150.0,2001.0,41.44476931435803
8995,汚水,350.0,2000.0,82.20488319720887
8996,汚水,150.0,2001.0,14.336766404933956
8997,汚水,150.0,2001.0,19.023466084482546
8998,汚水,150.0,2001.0,5.312517696166556
8999,汚水,150.0,2001.0,9.144868922866577
9000,汚水,150.0,2001.0,8.376405959059788
9001,汚水,150.0,2001.0,13.568001743427638
9002,汚水,600.0,1996.0,128.58167421643194
9003,汚水,600.0,1996.0,131.48022275136378
9004,汚水,200.0,1997.0,37.627003131100906
9005,汚水,200.0,1997.0,14.034279348983656
9006,汚水,200.0,1997.0,19.148421594361142
9007,汚水,200.0,1997.0,33.8094072342979
9008,汚水,200.0,1997.0,43.27312705010936
9009,汚水,200.0,1997.0,36.708227686434284
9010,汚水,200.0,1997.0,12.769627337712384
9011,汚水,200.0,1997.0,31.698396710800644
9013,汚水,200.0,1997.0,25.888650279244555
9014,汚水,800.0,1993.0,13.741685490684356
9015,汚水,200.0,1995.0,12.916145462504568
9016,汚水,200.0,1995.0,38.29690532734561
9017,汚水,200.0,1995.0,21.295942911713357
9018,汚水,200.0,1995.0,24.4524802941562
9019,汚水,200.0,1995.0,19.041192914468926
9020,汚水,200.0,1995.0,22.011964888393866
9021,汚水,200.0,1995.0,5.637982076533793
9022,汚水,700.0,1993.0,116.5799879984601
9023,汚水,400.0,1995.0,99.74640521109166
9024,汚水,300.0,1995.0,13.929783863533533
9025,汚水,200.0,1994.0,56.30214952987208
9026,汚水,200.0,1994.0,39.10687906717878
9027,汚水,200.0,1994.0,9.968431691335592
9028,汚水,200.0,1995.0,11.852722429892392
9029,汚水,200.0,1995.0,28.228356522324553
9030,汚水,250.0,1995.0,56.177199459831144
9031,汚水,200.0,1995.0,48.60701440821471
9032,汚水,200.0,1996.0,62.17242579738988
9033,汚水,400.0,1995.0,101.98532405568311
9034,汚水,250.0,1991.0,42.766131068559055
9035,汚水,250.0,1991.0,42.818378739319485
9036,汚水,200.0,1994.0,9.152767733010633
9037,汚水,200.0,1994.0,47.36348151135995
9038,汚水,200.0,1995.0,49.99005314428984
9039,汚水,200.0,1995.0,26.817912228210442
9040,汚水,200.0,1995.0,11.055598457740944
9041,汚水,200.0,1995.0,41.81788633188307
9042,汚水,250.0,1995.0,90.69616613732401
9043,汚水,500.0,1996.0,68.0829330919242
9044,汚水,250.0,,50.303373096626416
9045,汚水,250.0,,25.573457809322584
9046,汚水,200.0,1996.0,31.715081080354466
9047,汚水,250.0,1991.0,43.02238146479823
9048,汚水,250.0,1991.0,42.25338459656849
9049,汚水,200.0,1996.0,25.93715376792666
9050,汚水,200.0,1996.0,38.69492551648104
9051,汚水,300.0,1994.0,42.81670392193072
9052,汚水,250.0,1996.0,33.8122076910755
9053,汚水,200.0,1996.0,33.21681188660509
9054,汚水,200.0,1996.0,39.43424011651968
9055,汚水,200.0,1996.0,72.80363610669959
9080,汚水,200.0,1995.0,9.259712946929662
9081,汚水,200.0,1994.0,33.53366661879374
9082,汚水,200.0,1994.0,34.85566645282607
9083,汚水,200.0,1994.0,47.93215271780774
9084,汚水,200.0,1994.0,35.751768233722366
9085,汚水,200.0,1995.0,15.523008822648531
9086,汚水,200.0,1995.0,22.53670920018071
9087,汚水,200.0,1995.0,25.384510949031878
9088,汚水,200.0,1995.0,1.7090906970086035
9089,汚水,200.0,1995.0,43.78714382628273
9090,汚水,200.0,1995.0,33.81511271547466
9091,汚水,200.0,1995.0,15.919672662345162
9092,汚水,600.0,1996.0,39.37092214673504
9093,汚水,200.0,1995.0,38.69973431373727
9094,汚水,200.0,1997.0,9.68972931016974
9095,汚水,200.0,1997.0,47.02627884704957
9096,汚水,200.0,1997.0,50.193344317863286
9097,汚水,200.0,1997.0,41.30198340192544
9098,汚水,200.0,1997.0,34.9096074724013
9099,汚水,200.0,1997.0,17.115679121909636
9100,汚水,350.0,1996.0,118.10436570194382
9101,汚水,200.0,1995.0,34.78956774955653
9102,汚水,200.0,1995.0,25.704093813685503
9103,汚水,200.0,1997.0,49.558244874358664
9104,汚水,200.0,1995.0,28.685005269408837
9105,汚水,200.0,1995.0,23.97520192124451
9106,汚水,250.0,1995.0,28.550626604257744
9107,汚水,200.0,1995.0,51.01512039982326
9108,汚水,250.0,1992.0,20.030538966934362
9109,汚水,200.0,1994.0,43.77735826174457
9110,汚水,200.0,1994.0,44.64846012537815
9111,汚水,200.0,1994.0,10.697396654185798
9112,汚水,200.0,1994.0,44.3603331685809
9113,汚水,200.0,1994.0,31.464497403774732
9114,汚水,200.0,1994.0,21.21434557133506
9115,汚水,200.0,1995.0,41.66968555051378
9116,汚水,250.0,1991.0,77.07499988908161
9117,汚水,250.0,1991.0,32.526129368656775
9118,汚水,200.0,1994.0,42.309624102009415
9119,汚水,200.0,1994.0,23.764002210499868
9120,汚水,200.0,1994.0,26.578648737534177
9121,汚水,200.0,1994.0,55.95023252193515
9122,汚水,200.0,1994.0,37.299671082927055
9123,汚水,250.0,1994.0,71.27088937552202
9124,汚水,200.0,1994.0,28.756383408467947
9125,汚水,200.0,1994.0,47.05529353663626
9126,汚水,300.0,1991.0,13.553628610536911
9127,汚水,250.0,1991.0,35.1808045288731
9128,汚水,250.0,1991.0,48.77105506224454
9129,汚水,250.0,1991.0,17.72586829524206
9130,汚水,150.0,2005.0,75.82090576761233
9133,汚水,,,15.92940166708119
9134,汚水,250.0,2007.0,24.702988442849392
9136,汚水,,,58.054979753522915
9138,汚水,,,4.1146311991851
9139,汚水,150.0,2005.0,74.27227625230573
9140,汚水,150.0,2005.0,27.391320062195906
9141,汚水,150.0,2005.0,34.04954423382137
9142,汚水,,,41.085459701862
9143,汚水,,,31.171061654650412
9144,汚水,,,32.95571883622473
9146,汚水,150.0,2002.0,55.33885388120864
9147,汚水,200.0,1993.0,48.99705364746134
9148,汚水,200.0,1993.0,18.609289480603266
9149,汚水,200.0,1993.0,52.90982232656847
9150,汚水,200.0,1993.0,46.35347953403012
9151,汚水,250.0,1988.0,20.66822779354383
9152,汚水,250.0,1988.0,22.209562454077464
9153,汚水,250.0,1988.0,26.825553336471792
9154,汚水,250.0,1988.0,44.378549666838595
9155,汚水,250.0,1988.0,5.528873831324826
9156,汚水,250.0,1988.0,26.1888957416236
9157,汚水,250.0,1988.0,29.62927807770314
9158,汚水,250.0,1988.0,44.65647203392763
9159,汚水,250.0,1988.0,16.670803730743447
9160,汚水,250.0,1988.0,48.9497318192352
9161,汚水,250.0,1988.0,47.11901473685803
9162,汚水,250.0,1988.0,27.873826066683705
9163,汚水,250.0,1988.0,24.12258913659026
9164,汚水,250.0,1988.0,48.22121849593992
9165,汚水,200.0,1993.0,59.59949708489894
9166,汚水,200.0,1993.0,38.50438029506826
9167,汚水,200.0,1993.0,43.070089547950715
9168,汚水,200.0,1993.0,42.214730157123945
9169,汚水,200.0,1993.0,56.80842313253578
9170,汚水,200.0,1993.0,48.39973724557282
9171,汚水,200.0,1993.0,28.393318803067093
9172,汚水,200.0,1993.0,27.029748524569108
9173,汚水,200.0,1993.0,21.353429825895862
9174,汚水,600.0,1996.0,127.45572172165642
9175,汚水,200.0,1996.0,60.65476986049599
9176,汚水,200.0,1997.0,52.71791585580523
9177,汚水,200.0,1994.0,28.490893824909392
9178,汚水,200.0,1994.0,24.084115383412236
9179,汚水,200.0,1993.0,30.3285198744124
9180,汚水,200.0,1993.0,30.39001826355814
9181,汚水,200.0,1993.0,31.64829332648945
9182,汚水,200.0,1993.0,14.04586686469659
9183,汚水,200.0,1993.0,42.70584474837677
9184,汚水,200.0,1993.0,36.14761076297637
9185,汚水,200.0,1993.0,46.356075408198606
9186,汚水,200.0,1993.0,44.047759015185335
9187,汚水,250.0,1993.0,98.45067868247716
9188,汚水,200.0,1993.0,49.91427623161526
9189,汚水,200.0,1993.0,45.121268347714945
9190,汚水,250.0,1993.0,89.06308532816351
9191,汚水,200.0,1993.0,20.308257792229107
9192,汚水,200.0,1993.0,36.283749343009944
9193,汚水,200.0,1995.0,45.38694970311606
9194,汚水,600.0,1993.0,86.1729799047032
9195,汚水,200.0,1993.0,22.242478851248624
9196,汚水,200.0,1993.0,29.245821971243927
9197,汚水,200.0,1993.0,32.00234340025987
9198,汚水,200.0,1993.0,61.25458289648011
9199,汚水,200.0,1993.0,50.8891105045107
9200,汚水,200.0,1994.0,51.91018882603599
9201,汚水,200.0,1994.0,64.85043711044702
9202,汚水,250.0,1996.0,54.2001499825165
9203,汚水,350.0,1996.0,53.95617093532388
9204,汚水,350.0,1996.0,75.79214635473959
9205,汚水,200.0,1997.0,64.90285800871617
9206,汚水,200.0,1997.0,52.81691173102309
9207,汚水,200.0,1997.0,74.2714885872741
9208,汚水,200.0,1997.0,51.73405170241731
9209,汚水,200.0,1997.0,61.38497346472458
9210,汚水,200.0,1997.0,17.27612312550877
9211,汚水,200.0,1997.0,44.97665570642669
9212,汚水,200.0,1997.0,65.79202067748425
9213,汚水,200.0,1997.0,70.77445388745569
9214,汚水,200.0,1997.0,44.837405813223235
9215,汚水,200.0,1997.0,72.75215593415285
9216,汚水,200.0,1997.0,39.9582823864404
9217,汚水,200.0,1997.0,46.69963602406939
9218,汚水,200.0,1997.0,52.44030251138088
9219,汚水,200.0,1997.0,59.75226962009859
9220,汚水,200.0,1999.0,30.33000064756799
9221,汚水,200.0,1995.0,42.19295804291879
9222,汚水,200.0,1995.0,36.97214916285362
9223,汚水,200.0,1995.0,28.18341883760302
9224,汚水,200.0,1994.0,48.65060751667438
9225,汚水,200.0,1994.0,2.7821978721836564
9226,汚水,200.0,1995.0,22.413304953065296
9227,汚水,200.0,1994.0,45.37272028900391
9228,汚水,200.0,1994.0,17.769617580978014
9229,汚水,200.0,1994.0,49.95531161641971
9230,汚水,200.0,1994.0,16.1369758738073
9231,汚水,200.0,1995.0,26.43412398683418
9232,汚水,250.0,1995.0,50.19457947735175
9233,汚水,200.0,1997.0,52.376244201757935
9234,汚水,200.0,1997.0,38.712868482033585
9235,汚水,200.0,1997.0,32.83166498310585
9236,汚水,200.0,1997.0,49.612821004831986
9237,汚水,200.0,1997.0,61.87148397811162
9238,汚水,200.0,1997.0,43.591717713147
9239,汚水,200.0,1997.0,60.03684000762744
9240,汚水,200.0,1997.0,40.49637266539605
9241,汚水,200.0,1997.0,44.77796777288597
9242,汚水,200.0,1997.0,46.322180218458485
9243,汚水,200.0,1997.0,41.77289131902447
9244,汚水,200.0,1997.0,44.85713691927828
9245,汚水,200.0,1997.0,45.90440662482236
9246,汚水,200.0,1997.0,43.122690473640176
9247,汚水,200.0,1997.0,42.00435090603589
9248,汚水,200.0,1997.0,60.19972556940239
9249,汚水,200.0,1997.0,16.650701044363082
9250,汚水,200.0,1997.0,38.59425287948301
9251,汚水,200.0,1997.0,46.85322783852451
9252,汚水,350.0,1996.0,95.83287239560444
9253,汚水,200.0,1997.0,68.92062934481156
9254,汚水,200.0,1997.0,59.4861573618587
9255,汚水,200.0,1997.0,47.1355067179602
9256,汚水,200.0,1999.0,15.843063926499191
9257,汚水,200.0,1999.0,53.17880437130476
9258,汚水,200.0,1999.0,53.03443866545077
9259,汚水,200.0,1997.0,72.40710547707927
9260,汚水,300.0,1996.0,120.93145735100678
9261,汚水,150.0,2005.0,5.034130557251376
9262,汚水,150.0,2009.0,4.220815954055298
9263,汚水,150.0,2009.0,54.12269548959605
9264,雨水,3000.0,2004.0,41.280078236257616
9265,雨水,300.0,,26.359687725110216
9266,雨水,350.0,2006.0,10.1170752308692
9267,汚水,600.0,2001.0,132.46088467661374
9268,汚水,200.0,,29.65470801082541
9269,汚水,150.0,2005.0,26.409390227498065
9270,汚水,250.0,1990.0,6.896906494240506
9271,汚水,150.0,2006.0,43.965048664665844
9272,汚水,250.0,1996.0,7.558221992224112
9273,汚水,250.0,1996.0,10.871212376230432
9274,汚水,600.0,1987.0,60.660165070572276
9276,汚水,900.0,1988.0,10.343810663620033
9277,汚水,150.0,2007.0,32.69703910941571
9279,汚水,150.0,2007.0,63.515569464425525
1203,汚水,150.0,2002.0,41.41021285448177
1204,汚水,200.0,2002.0,41.12078478394177
1205,汚水,150.0,2002.0,82.94954595931962
1206,汚水,150.0,2002.0,33.57245621685569
1207,汚水,150.0,2002.0,67.30538040956907
1208,汚水,150.0,2002.0,4.223366709269622
1209,汚水,150.0,2002.0,5.307951998496316
1210,汚水,150.0,2002.0,7.748420278188718
1211,汚水,150.0,2002.0,10.694568269269993
1227,汚水,200.0,1995.0,33.040098937434124
1228,汚水,200.0,1995.0,3.9300145073887043
1229,汚水,200.0,,9.97647744300956
1230,汚水,200.0,1995.0,19.374638322170433
1231,汚水,200.0,1995.0,12.287814478496315
1232,汚水,200.0,1995.0,14.867961104949313
1233,汚水,200.0,1995.0,45.04171481628146
1234,汚水,200.0,1995.0,12.372343609320971
1235,汚水,200.0,1995.0,13.996897640970783
1236,汚水,200.0,1995.0,5.671254274705525
1237,汚水,200.0,1995.0,23.84472860495084
1238,汚水,200.0,1995.0,12.9254026605759
1240,汚水,200.0,1995.0,23.1122584374597
1241,汚水,200.0,1995.0,26.277367093600827
1242,汚水,200.0,1995.0,11.873499235520645
1243,汚水,200.0,1995.0,7.849920810641827
1244,汚水,200.0,1995.0,22.246012471172538
1245,汚水,200.0,1995.0,24.32343933931324
1246,汚水,250.0,1990.0,48.090013519091094
1247,汚水,200.0,1995.0,9.692527019612179
1248,汚水,200.0,1995.0,38.372884112295175
1249,汚水,200.0,1995.0,4.079689727324094
1250,汚水,200.0,1995.0,10.446488503561767
1251,汚水,200.0,1995.0,10.872908852923066
1252,汚水,200.0,1995.0,8.652716243405337
1253,汚水,200.0,1995.0,34.75492408974057
1254,汚水,200.0,1995.0,18.126199440909765
1255,汚水,200.0,1995.0,8.985405008395118
1256,汚水,200.0,1995.0,29.424480220191743
1257,汚水,200.0,1995.0,37.458147517799496
1258,汚水,200.0,1995.0,41.04392643122214
1259,汚水,200.0,1995.0,25.119928894547556
1260,汚水,200.0,1995.0,28.419180238475565
1261,汚水,200.0,1995.0,3.30340733793355
1262,汚水,200.0,1995.0,15.547335236297965
1263,汚水,200.0,1994.0,27.65883736000353
1265,汚水,200.0,1995.0,22.095050421773156
1266,汚水,200.0,1995.0,29.93017929269015
1267,汚水,150.0,2002.0,31.360008437780426
1268,汚水,150.0,2002.0,8.396429401234322
1269,汚水,150.0,2002.0,52.43281075191856
1270,汚水,200.0,1995.0,14.693850322849702
1271,汚水,200.0,1995.0,14.356755824612122
1272,汚水,200.0,1995.0,36.909078032000835
1273,汚水,200.0,1995.0,40.097737596974035
1274,汚水,200.0,1995.0,5.786622524889327
1275,汚水,200.0,1995.0,35.4738286488246
1276,汚水,200.0,1995.0,37.407929009000284
1277,汚水,200.0,1995.0,15.674004013692594
1278,汚水,200.0,1995.0,12.264507316497687
1279,汚水,200.0,1995.0,14.752294432763204
1280,汚水,200.0,1995.0,26.87374705441748
1281,汚水,200.0,1995.0,13.76329075172353
1282,汚水,200.0,1995.0,31.806108223357977
1283,汚水,200.0,1995.0,48.157346628268336
1284,汚水,200.0,1995.0,7.796473656257264
1285,汚水,200.0,1995.0,14.105672888103443
1286,汚水,200.0,1995.0,48.53601919791841
1287,汚水,200.0,1995.0,18.255153634335205
1288,汚水,200.0,1995.0,33.108853606853515
1289,汚水,200.0,1995.0,11.760633699853011
1290,汚水,200.0,1995.0,29.082716547848012
1292,汚水,200.0,1997.0,48.68575746332156
1293,汚水,200.0,1997.0,9.032488182130503
1294,汚水,200.0,1997.0,29.644356304417986
1295,汚水,200.0,1997.0,18.19526908007529
1296,汚水,200.0,1997.0,25.180134979583247
1299,汚水,200.0,1997.0,8.916034626278023
1300,汚水,200.0,1997.0,46.10996612817802
1301,汚水,200.0,1997.0,30.39879047038745
1302,汚水,200.0,1997.0,34.52863144977141
1303,汚水,200.0,1997.0,35.62737679877041
1304,汚水,200.0,1997.0,45.18504620095205
1305,汚水,200.0,1997.0,4.593165612549636
1306,汚水,200.0,1997.0,26.5933071039968
1307,汚水,200.0,1997.0,26.93163808361734
1308,汚水,200.0,1997.0,27.010985684140827
1309,汚水,200.0,1997.0,30.521097172462497
1310,汚水,200.0,1997.0,13.674185948151399
1311,汚水,200.0,1997.0,48.85410009511172
1312,汚水,200.0,1997.0,28.160283994263896
1313,汚水,200.0,1997.0,7.234341228549886
1314,汚水,200.0,1997.0,20.094995848673214
1315,汚水,200.0,1997.0,30.727883386594172
1316,汚水,200.0,1997.0,37.506174151231534
1317,汚水,200.0,1999.0,14.554810097316262
1318,汚水,200.0,1997.0,9.33967720942694
1319,汚水,200.0,1997.0,6.252903171454452
1320,汚水,200.0,1997.0,23.21623126999667
1321,汚水,200.0,1997.0,5.812109618066023
1322,汚水,200.0,1997.0,19.275249064118558
1323,汚水,200.0,1997.0,19.218262162507827
1324,汚水,200.0,1997.0,11.366992355090526
1325,汚水,200.0,1997.0,3.077329203414944
1326,汚水,200.0,1997.0,5.524091490851078
1327,汚水,200.0,1997.0,7.461807246829982
1328,汚水,200.0,1997.0,27.46600121816961
1329,汚水,200.0,1997.0,17.372305504502986
1330,汚水,200.0,1997.0,9.254643418517983
1333,汚水,150.0,2002.0,4.360998341776256
1334,汚水,150.0,2002.0,10.426523203461988
1335,汚水,200.0,2002.0,55.60561930419602
1336,汚水,150.0,2002.0,67.14282109317884
1337,汚水,250.0,1990.0,62.985823948566654
1338,汚水,200.0,2002.0,56.77480536484131
1339,汚水,200.0,1999.0,27.820141727802717
1340,汚水,,2002.0,11.787480331191562
1341,汚水,150.0,2007.0,43.38305484794071
1342,汚水,200.0,2007.0,13.504390893687086
1343,汚水,250.0,1998.0,18.76773693460861
1344,汚水,250.0,1998.0,62.92697770518316
1345,汚水,250.0,1998.0,33.560497576946545
1346,汚水,250.0,1998.0,5.237484797747765
1347,汚水,250.0,1998.0,28.083884735951674
1348,汚水,250.0,1998.0,42.089106038442296
1349,汚水,250.0,1998.0,13.534854537553437
1350,汚水,300.0,1998.0,15.215458645638455
1351,汚水,200.0,1999.0,20.06042807185824
1352,汚水,200.0,1994.0,11.8703403718953
1353,汚水,400.0,1998.0,82.36859953473152
1354,汚水,400.0,1998.0,72.79398082014802
1355,汚水,200.0,1999.0,23.965062926497204
1356,汚水,300.0,1998.0,102.43564938201759
1357,汚水,300.0,1998.0,94.35159372087725
1358,汚水,200.0,1999.0,50.65425947415385
1359,汚水,200.0,1999.0,64.17170866676013
1360,汚水,200.0,1999.0,40.09385901735151
1361,汚水,200.0,1999.0,40.195086183653174
1362,汚水,200.0,1999.0,37.86610938709677
1363,汚水,200.0,1999.0,44.59425514903107
1364,汚水,200.0,1999.0,42.97140686030142
1365,汚水,200.0,1999.0,15.122385371838163
1366,汚水,200.0,1999.0,22.904864501970053
1367,汚水,200.0,1999.0,21.174859532885748
1368,汚水,200.0,1999.0,60.33087341859925
1369,汚水,200.0,1994.0,56.4658018082941
1370,汚水,200.0,1999.0,61.46514190344296
1371,汚水,200.0,1999.0,57.99106570542246
1372,汚水,200.0,1999.0,14.162766828793952
1373,汚水,200.0,1999.0,21.04205447382211
1374,汚水,200.0,1999.0,19.836507438821613
1375,汚水,200.0,1999.0,36.899904703251096
1376,汚水,200.0,1999.0,3.9110679169032085
1377,汚水,200.0,1999.0,9.134573279464798
1378,汚水,200.0,1999.0,40.97317011660461
1379,汚水,200.0,1999.0,54.45405171439332
1380,汚水,200.0,1999.0,59.722259252504436
1381,汚水,200.0,1999.0,4.018537696579175
1382,汚水,200.0,1999.0,42.05447557506498
1383,汚水,200.0,1999.0,28.763751397852946
1384,汚水,200.0,1999.0,51.030353231776154
1385,汚水,200.0,1999.0,41.4546110578957
1386,汚水,250.0,1991.0,22.168363251415325
1387,汚水,200.0,1999.0,51.221164381646794
1388,汚水,200.0,1999.0,5.075392728116685
1389,汚水,200.0,1999.0,39.64987276141091
1390,汚水,200.0,1999.0,4.020467813272107
1391,汚水,200.0,1999.0,27.70607336754697
1392,汚水,200.0,1999.0,31.22220777675518
1393,汚水,200.0,1999.0,5.035438976150228
1394,汚水,200.0,1999.0,56.57693852343428
1395,汚水,200.0,1999.0,54.53520949145764
1396,汚水,200.0,1999.0,6.29938904831299
1397,汚水,200.0,1999.0,23.98858529699816
1398,汚水,200.0,1999.0,23.73067157484119
1399,汚水,200.0,1999.0,31.800991271116217
1400,汚水,200.0,1999.0,51.85638106750225
1401,汚水,200.0,1999.0,5.779632499916817
1402,汚水,200.0,1999.0,25.4925014576024
1403,汚水,250.0,1989.0,28.321467234426173
1404,汚水,200.0,1999.0,21.812117075547267
1405,汚水,200.0,1999.0,5.1901680166064095
1406,汚水,200.0,1999.0,62.94198055438348
1407,汚水,200.0,1999.0,46.00447567889084
1408,汚水,200.0,1999.0,3.798314567972281
1409,汚水,200.0,1999.0,7.2455572563752995
1410,汚水,200.0,1999.0,27.963463228157757
1411,汚水,200.0,1999.0,38.37886231400792
1412,汚水,200.0,1999.0,50.79086623081628
1413,汚水,200.0,1999.0,22.289526836494424
1414,汚水,200.0,1999.0,20.345760754441937
1415,汚水,200.0,1999.0,6.723278462650719
1416,汚水,200.0,1999.0,72.38578635150373
1417,汚水,200.0,1999.0,29.61815505206722
1418,汚水,200.0,1999.0,58.216718574740305
1419,汚水,200.0,1999.0,44.61360665677233
1420,汚水,200.0,1999.0,41.998156185368536
1421,汚水,200.0,1999.0,21.04752521033985
1422,汚水,200.0,1999.0,49.888056720093324
1423,汚水,200.0,1999.0,10.668257784567684
1424,汚水,200.0,1999.0,48.9077863980282
1425,汚水,200.0,1999.0,29.666692796679108
1426,汚水,200.0,1999.0,24.04631604817017
1427,汚水,200.0,1999.0,53.899897457129185
1428,汚水,200.0,1999.0,59.90782267499804
1429,汚水,200.0,1999.0,48.040924636494886
1430,汚水,200.0,1999.0,17.926027231495237
1431,汚水,200.0,1999.0,5.9530558457065625
1432,汚水,200.0,1999.0,66.33710388279698
1433,汚水,200.0,1999.0,18.890551219984545
1434,汚水,200.0,1999.0,7.868037038392748
1435,汚水,200.0,1999.0,60.94806213342465
1436,汚水,200.0,1999.0,6.069631666366615
1437,汚水,200.0,1999.0,54.33808136165199
1438,汚水,200.0,1999.0,43.100348207232486
1439,汚水,150.0,1999.0,35.48908060610533
1440,汚水,150.0,2002.0,20.087538772797238
1441,汚水,150.0,2002.0,12.303116036705344
1442,汚水,150.0,2002.0,56.325526493427
1443,汚水,150.0,2002.0,15.64099637327121
1444,汚水,150.0,2002.0,5.731954776328158
1445,汚水,150.0,2002.0,49.55315378118319
1446,汚水,150.0,2007.0,5.79009232812958
1447,汚水,150.0,2007.0,45.040586768283006
1448,汚水,150.0,2007.0,36.704962521954116
1449,汚水,150.0,2007.0,25.7726858107188
1450,汚水,150.0,2007.0,49.424709187612244
1451,汚水,150.0,2007.0,43.71191179746162
1452,汚水,150.0,2007.0,6.275272625914008
1453,汚水,200.0,2007.0,15.484211908757896
1454,汚水,250.0,2007.0,29.1635146259874
1455,汚水,150.0,2007.0,5.385961442903663
1456,汚水,150.0,2007.0,56.2492530455762
1457,汚水,150.0,2007.0,5.593360972618054
1458,汚水,150.0,2007.0,20.845182632993414
1459,汚水,150.0,2007.0,12.40650327715942
1460,汚水,300.0,1998.0,103.41528537573933
1461,汚水,200.0,1999.0,36.81989949535273
1462,汚水,200.0,1999.0,31.155203341704215
1463,汚水,200.0,1999.0,36.300799541596874
1464,汚水,200.0,1999.0,14.064102691064553
1465,汚水,200.0,1999.0,30.100799453377146
1466,汚水,200.0,1999.0,30.111722953640715
1467,汚水,200.0,1999.0,37.629307078281485
1468,汚水,150.0,2002.0,9.522588887479747
1469,汚水,150.0,2002.0,28.62412610954984
1470,汚水,150.0,2002.0,3.724249713500311
1471,汚水,150.0,2002.0,23.64953434069068
1472,汚水,150.0,2002.0,16.57757248447355
1473,汚水,150.0,2002.0,4.233802700145804
1474,汚水,150.0,2002.0,14.189596550811695
1475,汚水,150.0,2002.0,2.1958372169749056
1476,汚水,150.0,2002.0,23.9324055036733
1477,汚水,150.0,2002.0,32.81476156205356
1478,汚水,150.0,2002.0,12.156476011458599
1479,汚水,150.0,2002.0,50.74071860103567
1480,汚水,150.0,2002.0,23.230196580867105
1481,汚水,150.0,2002.0,78.62097596557774
1482,汚水,150.0,2002.0,6.622903232392603
1483,汚水,150.0,2002.0,21.642845247431243
1484,汚水,150.0,2002.0,57.43989845300323
1485,汚水,150.0,2002.0,24.652092616701218
1486,汚水,150.0,2002.0,8.655850331067265
1487,汚水,200.0,2002.0,21.03505090070639
1488,汚水,200.0,2002.0,5.788747803724682
1489,汚水,150.0,2002.0,37.971667444151706
1490,汚水,150.0,2002.0,42.02859830690325
1491,汚水,150.0,2002.0,6.729506985443494
1492,汚水,150.0,2002.0,24.845133249500343
1493,汚水,150.0,2002.0,7.038102796584308
1494,汚水,150.0,2002.0,74.65088277885616
1495,汚水,150.0,2002.0,19.09934446812728
1496,汚水,150.0,2002.0,31.30452109439446
1497,汚水,200.0,2003.0,52.549553692130736
1498,汚水,150.0,2003.0,31.27640700296267
1499,汚水,150.0,2003.0,17.22693238405586
1500,汚水,150.0,2003.0,3.6314766902922875
1501,汚水,150.0,2003.0,11.03452933612629
1502,汚水,75.0,2003.0,96.7669881570216
1503,汚水,150.0,2003.0,18.50997859492635
1504,汚水,150.0,2002.0,53.383847863637605
1505,汚水,150.0,2002.0,37.455549924610494
1506,汚水,150.0,2002.0,43.5551112141459
1507,汚水,150.0,2002.0,40.72826231192222
1508,汚水,150.0,2002.0,39.347493308914565
1509,汚水,150.0,2002.0,40.00276234556328
1510,汚水,150.0,2002.0,10.434859774736681
1511,汚水,250.0,1989.0,19.355581785922496
1512,汚水,150.0,2002.0,24.23626349459373
1513,汚水,150.0,2002.0,49.69451505356972
1514,汚水,150.0,2002.0,54.65655961335255
1515,汚水,150.0,2002.0,16.69753275928037
1516,汚水,150.0,2002.0,54.10286382326824
1517,汚水,150.0,2002.0,31.755975996363343
1518,汚水,150.0,2002.0,27.362498720773004
1519,汚水,150.0,2002.0,27.087533068757214
1520,汚水,150.0,2002.0,59.98304163272321
1521,汚水,150.0,2002.0,100.32289325896777
1522,汚水,150.0,2002.0,25.601983299420386
1523,汚水,150.0,2002.0,38.119467783170464
1524,汚水,150.0,2003.0,33.00916764732091
1525,汚水,250.0,1993.0,46.432312435913495
1526,汚水,150.0,2003.0,86.62888158705701
1527,汚水,150.0,2003.0,33.311382866901404
1528,汚水,150.0,2003.0,38.40197069347277
1529,汚水,150.0,2003.0,3.872749479556297
1530,汚水,150.0,2003.0,21.970451485337982
1531,汚水,150.0,2003.0,17.659816496195614
1532,汚水,150.0,2003.0,5.413023817748685
1533,汚水,150.0,2003.0,51.04500514523136
1534,汚水,150.0,2003.0,30.860130505210137
1535,汚水,150.0,2003.0,50.778328097409705
1536,汚水,150.0,2012.0,33.87015912301213
1537,汚水,150.0,2012.0,40.10167158210688
1538,汚水,150.0,2003.0,11.489768753109171
1539,汚水,150.0,2003.0,31.27703396844533
17057,汚水,150.0,2009.0,5.219229129598212
17058,汚水,150.0,2009.0,5.016214614769296
17059,汚水,150.0,2009.0,10.457780410239025
17060,汚水,150.0,2009.0,5.131096903496039
17061,汚水,150.0,2009.0,10.36358300765201
17062,汚水,150.0,2009.0,23.831303877663327
17063,汚水,150.0,2009.0,3.887131883591733
17064,汚水,150.0,2009.0,25.737312079305408
17065,汚水,150.0,2009.0,10.20104741957343
17066,汚水,200.0,1993.0,16.840801056553637
17067,汚水,200.0,1993.0,3.820998433319188
17068,汚水,200.0,1993.0,31.4969286178839
17069,汚水,200.0,1993.0,10.175191928014831
17070,汚水,200.0,1993.0,38.65226524048766
17071,汚水,200.0,1993.0,39.328192915139546
17072,汚水,200.0,1993.0,7.980463664040484
17073,汚水,200.0,1994.0,61.71473434092571
17074,汚水,200.0,1993.0,33.04048659997039
17076,汚水,200.0,1993.0,49.10356167134744
17077,汚水,200.0,1993.0,5.665140808947078
17078,汚水,200.0,1993.0,22.884923602745157
17079,汚水,200.0,1993.0,16.380982356220215
17080,汚水,200.0,1993.0,27.473137509043383
17081,汚水,200.0,1993.0,8.520862022279262
17082,汚水,200.0,1993.0,6.9883918058894245
17083,汚水,200.0,1993.0,26.50690882617072
17084,汚水,200.0,1993.0,7.5996872561783935
17085,汚水,200.0,1993.0,16.91533532141997
17086,汚水,200.0,1993.0,22.29499735346053
17087,汚水,200.0,1993.0,20.019952616661953
17088,汚水,200.0,1993.0,23.070823494300928
17090,汚水,200.0,1993.0,26.03680031787736
17091,汚水,200.0,1993.0,18.39099095106244
17092,汚水,200.0,1993.0,25.436477322987734
17093,汚水,200.0,1993.0,13.988253272709724
17094,汚水,200.0,1993.0,27.35045668146134
17095,汚水,200.0,1993.0,4.845768511763118
17096,汚水,200.0,1993.0,12.950065357120275
17097,汚水,200.0,1993.0,6.952385652491451
17098,汚水,200.0,1993.0,29.698823679390973
17099,汚水,200.0,1994.0,5.27008972243887
17100,汚水,200.0,1993.0,16.44068864373729
17101,汚水,200.0,1993.0,33.5043488698473
17102,汚水,200.0,1993.0,20.15971570509709
17103,汚水,200.0,1993.0,10.903640442801093
17104,汚水,200.0,1993.0,27.404967848076637
17105,汚水,200.0,1993.0,36.83556624044024
17106,汚水,200.0,1993.0,15.925775041852793
17107,汚水,200.0,1993.0,37.09355057906025
17108,汚水,200.0,1993.0,10.101038249699508
17109,汚水,200.0,1993.0,11.391974250355764
17110,汚水,200.0,1993.0,11.615299336437305
17111,汚水,200.0,1993.0,37.53901835874264
17112,汚水,200.0,1993.0,70.49362372387726
17113,汚水,200.0,1993.0,40.33908194193153
17114,汚水,200.0,1993.0,41.17839419195144
17115,汚水,200.0,1993.0,8.44631197111205
17116,汚水,200.0,1993.0,5.539181052752333
17117,汚水,200.0,1993.0,35.53609647201458
17118,汚水,200.0,1993.0,34.664039806317504
17119,汚水,200.0,1993.0,15.143499706118854
17120,汚水,200.0,1993.0,23.582998225697928
17121,汚水,200.0,1993.0,15.4510261271409
17122,汚水,200.0,1993.0,8.603663850756208
17123,汚水,200.0,1993.0,20.1642110406383
17124,汚水,200.0,1993.0,31.79565026781468
17125,汚水,200.0,1993.0,26.015248944208825
17126,汚水,200.0,1993.0,20.717463667127866
17127,汚水,200.0,1993.0,42.844580866727306
17128,汚水,200.0,1993.0,10.241322545295718
17129,汚水,200.0,1993.0,32.59007787518425
17130,汚水,200.0,1993.0,13.96559527067474
17131,汚水,200.0,1993.0,13.36744756381886
17132,汚水,200.0,1993.0,6.465079759560464
17133,汚水,200.0,1993.0,15.486167966137868
17134,汚水,200.0,1993.0,4.081286221533383
17135,汚水,200.0,1993.0,4.40094085859333
17136,汚水,200.0,1993.0,26.295100438102406
17137,汚水,200.0,1993.0,20.870036960937473
17138,汚水,200.0,1993.0,18.946465529836452
17139,汚水,200.0,1993.0,21.135892751313605
17142,汚水,200.0,1993.0,10.865261608740637
17143,汚水,200.0,1993.0,47.60319256476758
17144,汚水,200.0,1994.0,33.29841206272281
17145,汚水,200.0,1993.0,19.800104826304192
17146,汚水,200.0,1993.0,14.592861609686475
17147,汚水,200.0,1993.0,18.649213052600402
17148,汚水,200.0,1993.0,26.030128830110414
17149,汚水,200.0,1993.0,11.359150398936663
17150,汚水,200.0,1993.0,25.582840207545136
17151,汚水,200.0,1993.0,31.057966540188723
17152,汚水,200.0,1993.0,23.394719560113092
17153,汚水,200.0,1993.0,4.662558241227309
17154,汚水,200.0,1994.0,57.12719907452288
17155,汚水,200.0,1993.0,25.001515166413284
17157,汚水,200.0,1994.0,44.68898738623688
17158,汚水,200.0,1994.0,45.49726863910385
17159,汚水,200.0,1994.0,2.851758710593325
17160,汚水,200.0,1994.0,34.69284286754252
17161,汚水,200.0,1994.0,28.27061916254893
17162,汚水,200.0,1994.0,26.191596350516303
17163,汚水,200.0,1994.0,37.85130717193361
17164,汚水,200.0,1994.0,38.12968743561333
17165,汚水,200.0,1994.0,4.964687129749411
17166,汚水,200.0,1994.0,3.7584249304570108
17167,汚水,200.0,1994.0,39.68406744606685
17168,汚水,200.0,1994.0,63.97932866542211
17169,汚水,200.0,1994.0,5.5770807010536565
17170,汚水,200.0,1994.0,21.854672265925686
17171,汚水,200.0,1994.0,16.83875109777868
17172,汚水,200.0,1994.0,5.428035360371421
17173,汚水,200.0,1994.0,60.163948120253245
17174,汚水,200.0,1994.0,8.285963526090242
17175,汚水,200.0,1994.0,14.895932145147277
17176,汚水,200.0,1994.0,55.87676950566638
17177,汚水,200.0,1994.0,34.58248166121739
17178,汚水,200.0,1994.0,63.977116127281164
17180,汚水,200.0,1994.0,16.945238254183476
17181,汚水,200.0,1994.0,32.919785079222926
17182,汚水,200.0,1994.0,31.910133508444552
17184,汚水,200.0,1994.0,7.102839770227332
17185,汚水,200.0,1994.0,28.727748057610835
17186,汚水,200.0,1994.0,41.643355120968934
17187,汚水,200.0,1994.0,28.75018671413081
17188,汚水,200.0,1994.0,41.70789661328102
17189,汚水,200.0,1994.0,17.11643583979999
17190,汚水,200.0,1994.0,11.96425612036375
17191,汚水,200.0,1994.0,17.49362492769366
17192,汚水,200.0,1994.0,4.692788548236464
17193,汚水,200.0,1994.0,15.925210518229932
17194,汚水,200.0,1994.0,3.0817903473292407
17195,汚水,200.0,1994.0,15.688811996105771
17196,汚水,200.0,1994.0,4.981021967140249
17197,汚水,200.0,1999.0,57.62374661056362
17198,汚水,200.0,1999.0,62.17374005463751
17199,汚水,200.0,1999.0,51.3846905265191
17200,汚水,200.0,1999.0,21.6346108591069
17201,汚水,200.0,1999.0,24.824030850642327
17202,汚水,200.0,1999.0,50.52512421701205
17203,汚水,200.0,1999.0,76.70944814968172
17204,汚水,200.0,1999.0,60.05394910741928
17205,汚水,200.0,1999.0,61.01727618367611
17206,汚水,200.0,1999.0,57.846256252477716
17207,汚水,200.0,1999.0,60.585152673862275
17208,汚水,200.0,1999.0,68.9507583561614
17209,汚水,200.0,1999.0,74.84911369886147
17210,汚水,200.0,1999.0,63.84139960630733
17211,汚水,200.0,1999.0,61.049082602575986
17212,汚水,200.0,1999.0,51.42422598392652
17213,汚水,200.0,1999.0,58.2621298875872
17214,汚水,200.0,1999.0,57.86548668208203
17215,汚水,200.0,1999.0,21.396754102770792
17216,汚水,200.0,1999.0,25.415339675861745
17217,汚水,200.0,1999.0,46.26122781171996
17218,汚水,200.0,1999.0,48.431936611467556
17219,汚水,200.0,1999.0,52.03685892329567
17220,汚水,200.0,1999.0,52.17750262735116
17221,汚水,200.0,1999.0,40.88610412682872
17222,汚水,200.0,1999.0,44.30570748987172
17223,汚水,200.0,1999.0,50.397110876804035
17224,汚水,250.0,1990.0,29.603008779903902
17225,汚水,200.0,1999.0,29.134574459865416
17226,汚水,200.0,1999.0,30.945528371080805
17227,汚水,200.0,1999.0,59.941758290273945
17228,汚水,200.0,1999.0,27.444793108940747
17229,汚水,200.0,1999.0,24.896631562709185
17230,汚水,200.0,1999.0,23.909551347896926
17231,汚水,200.0,1999.0,46.448540571713096
17232,汚水,200.0,1999.0,38.79062406903732
17233,汚水,200.0,1999.0,69.98844771661307
17234,汚水,200.0,1999.0,46.13532380765466
17235,汚水,200.0,1999.0,41.57803382385698
17236,汚水,200.0,1999.0,41.41124012624333
17237,汚水,200.0,1999.0,51.50968590835455
17238,汚水,200.0,1999.0,43.74099443809505
17239,汚水,200.0,1999.0,44.43052453183773
17240,汚水,200.0,1999.0,46.42344619673728
17241,汚水,200.0,1994.0,18.948911661580787
17242,汚水,200.0,1999.0,41.848922668525816
17243,汚水,200.0,1999.0,49.959719571741566
17244,汚水,200.0,1999.0,48.03513125103322
17245,汚水,200.0,1999.0,47.66651133677263
17246,汚水,200.0,1999.0,66.69949151796555
17247,汚水,200.0,1999.0,44.33225858828479
17248,汚水,200.0,1999.0,41.28882943977793
17249,汚水,200.0,1999.0,46.60659408925423
17250,汚水,200.0,1999.0,11.03867200264575
17251,汚水,200.0,1999.0,33.27495865609849
17252,汚水,200.0,1999.0,6.885561517305961
17253,汚水,200.0,1999.0,10.070918358482709
17254,汚水,200.0,1999.0,65.61377885489772
17255,汚水,200.0,1999.0,35.5956352386685
17256,汚水,200.0,1999.0,39.763165829069436
17257,汚水,200.0,1999.0,68.04870716312541
17258,汚水,250.0,1990.0,29.759024469741778
17259,汚水,200.0,1999.0,23.734480866592516
17260,汚水,200.0,1999.0,46.03094882032776
17261,汚水,200.0,1999.0,6.676168347381961
17262,汚水,200.0,1999.0,52.80637137100555
17263,汚水,200.0,1999.0,48.79627164743636
17264,汚水,200.0,1999.0,53.971682801755094
17266,汚水,200.0,1999.0,52.57679390913457
17267,汚水,200.0,1999.0,52.77629265563054
17268,汚水,200.0,1999.0,53.16106539630064
17270,汚水,200.0,1999.0,52.67481041966235
17271,汚水,200.0,1999.0,53.338674299728126
17273,汚水,200.0,1999.0,46.70549179086705
17274,汚水,200.0,1999.0,25.524521475955073
17275,汚水,200.0,1999.0,21.854715220701358
17276,汚水,200.0,1999.0,27.39754026639148
17277,汚水,200.0,1999.0,74.09463488262035
17278,汚水,200.0,1999.0,58.64079377951957
17279,汚水,200.0,1997.0,53.58862494335932
17280,汚水,200.0,1997.0,54.19088980172654
17281,汚水,200.0,1997.0,68.79264274208727
17282,汚水,200.0,1997.0,64.65202987771649
17283,汚水,200.0,1997.0,51.87881866013165
17284,汚水,200.0,1997.0,58.10321151284462
17285,汚水,200.0,1997.0,48.93227433360402
17286,汚水,200.0,1997.0,52.009833386470476
17287,汚水,200.0,1997.0,42.96801383610004
17288,汚水,200.0,1997.0,53.81704111770374
17291,汚水,200.0,1999.0,33.29088907960668
17292,汚水,200.0,1999.0,53.72517161619428
17293,汚水,200.0,1999.0,54.53939941413864
17294,汚水,200.0,1999.0,51.269168309489714
17295,汚水,200.0,1999.0,49.116354503159194
17327,汚水,200.0,1999.0,8.02149837995504
17328,汚水,200.0,1999.0,54.089966149771115
17329,汚水,200.0,1999.0,5.539072679626319
17330,汚水,200.0,1999.0,68.2319234096994
17331,汚水,200.0,1999.0,7.7624162978804
17332,汚水,200.0,1999.0,45.06590921945348
17333,汚水,200.0,1999.0,9.595637901390987
17334,汚水,200.0,1999.0,29.574259751686046
17335,汚水,200.0,1999.0,36.014868719506914
17336,汚水,200.0,1999.0,61.418091381299334
17337,汚水,200.0,1999.0,45.063076973521326
17338,汚水,200.0,1999.0,52.07245129024183
17339,汚水,200.0,1999.0,56.010848325119284
17340,汚水,200.0,1999.0,64.68595178475083
17341,汚水,200.0,1999.0,7.911244817427551
17342,汚水,200.0,1999.0,44.707534808489
17343,汚水,250.0,1992.0,43.56799542359155
17344,汚水,200.0,1999.0,49.32948717825383
17345,汚水,200.0,1999.0,46.53704991200375
17346,汚水,200.0,1999.0,42.01877307799848
17347,汚水,200.0,1999.0,64.64831240344529
17348,汚水,200.0,1999.0,54.63024973667669
17349,汚水,200.0,1999.0,53.501521938408686
17350,汚水,200.0,1999.0,43.05584795100142
17351,汚水,200.0,1999.0,47.712640760500406
17353,汚水,350.0,1996.0,133.6624466024119
17354,汚水,350.0,1996.0,118.21963590916455
17355,汚水,200.0,1997.0,40.14031628346982
17357,汚水,200.0,1997.0,57.78899249995341
17358,汚水,200.0,1997.0,57.869399152111626
17359,汚水,200.0,1997.0,69.5366344347114
17361,汚水,200.0,1997.0,50.03039650543085
17362,汚水,200.0,1997.0,68.78071047006166
17363,汚水,200.0,1997.0,51.782355558412725
17364,汚水,200.0,1997.0,52.056930472906565
17365,汚水,200.0,1997.0,63.87393559561185
17366,汚水,200.0,1997.0,12.210586276847147
17367,汚水,200.0,1997.0,55.61823043314551
17368,汚水,200.0,1997.0,55.609576001662525
17369,汚水,200.0,1997.0,55.91904150383267
17372,汚水,200.0,1997.0,48.79810955867604
17373,汚水,200.0,1997.0,42.147713656015426
17374,汚水,200.0,1997.0,42.6638824097871
17375,汚水,200.0,1997.0,6.208243675182855
17376,汚水,200.0,1997.0,65.16264219191572
17378,汚水,200.0,1997.0,58.816771374711756
17379,汚水,200.0,1997.0,53.47159512381791
17380,汚水,200.0,1997.0,7.217990213110731
17381,汚水,200.0,1997.0,36.77452018375517
17382,汚水,200.0,1997.0,39.693710459972614
17383,汚水,200.0,1997.0,41.23171723653034
17384,汚水,200.0,1997.0,41.092397707391385
17385,汚水,200.0,1997.0,36.387970772847524
17387,汚水,200.0,1997.0,49.708816012139465
17388,汚水,200.0,1997.0,58.7456471987363
17389,汚水,200.0,1997.0,58.80746070059996
17390,汚水,200.0,1997.0,49.35425312104228
17392,汚水,200.0,1997.0,44.789951140105394
17393,汚水,200.0,1997.0,41.543421393338505
17395,汚水,200.0,1997.0,38.73394726849737
17397,汚水,200.0,1997.0,43.044934183219766
17399,汚水,200.0,1997.0,72.4114267500996
17400,汚水,200.0,1997.0,8.663105908566235
17401,汚水,200.0,1997.0,31.63422478343442
17402,汚水,200.0,1997.0,74.59600062233007
17404,汚水,200.0,1997.0,72.0636457575741
17406,汚水,200.0,1997.0,43.71231020523887
17407,汚水,200.0,1997.0,51.18146007226524
17408,汚水,200.0,1997.0,42.91653488428899
17409,汚水,200.0,1997.0,43.88583070852265
9280,汚水,150.0,2007.0,43.46408887424089
9281,汚水,150.0,2007.0,49.52836343715716
9282,汚水,150.0,2007.0,18.448807273830727
9283,汚水,150.0,2007.0,44.35092354497637
9284,汚水,150.0,2007.0,65.42201011409128
9285,汚水,150.0,2007.0,20.274406883968542
9286,汚水,150.0,2007.0,9.606227044549797
9287,汚水,150.0,2007.0,55.039771223081594
9288,汚水,150.0,2007.0,55.890733199418136
9289,汚水,150.0,2007.0,47.64560313555769
9290,汚水,250.0,1998.0,45.96318064439793
9291,汚水,250.0,1998.0,46.86167378317515
9292,汚水,250.0,1998.0,71.57287652871781
9293,汚水,250.0,1998.0,28.35019782007768
9294,汚水,250.0,1998.0,44.262609361719555
9295,汚水,250.0,1998.0,5.221651914949874
9296,汚水,300.0,1998.0,106.00025503224104
9297,汚水,200.0,1999.0,25.351632766089296
9298,汚水,200.0,1999.0,15.666374788631591
9299,汚水,200.0,1999.0,7.8403736450797235
9300,汚水,150.0,2003.0,20.59299836067593
9301,汚水,150.0,2003.0,49.124060894960486
9302,汚水,150.0,2003.0,5.973501962264471
9303,汚水,200.0,2003.0,34.29076634953623
9304,汚水,200.0,2003.0,12.879774829355824
9305,汚水,200.0,2003.0,12.713040396980812
9306,汚水,200.0,2003.0,12.858632522637794
9307,汚水,200.0,2003.0,39.58870050422845
9308,汚水,200.0,2003.0,13.044061700975266
9309,汚水,200.0,2003.0,30.45567303480813
9310,汚水,200.0,2003.0,34.31147780335193
9311,汚水,200.0,2003.0,20.354610788154176
9312,汚水,200.0,2003.0,19.91808608276631
9313,汚水,200.0,2003.0,78.76134146516193
9314,汚水,150.0,2003.0,7.546745943440691
9315,汚水,150.0,2003.0,68.11256378403675
9316,汚水,150.0,2003.0,41.02023571724918
9317,汚水,150.0,2003.0,17.269363766960225
9318,汚水,150.0,2003.0,29.94335270705005
9319,汚水,150.0,2003.0,5.324361906592861
9320,汚水,150.0,2003.0,56.423581249489835
9321,汚水,150.0,2003.0,39.75262476625752
9322,汚水,150.0,2003.0,73.28892240103161
9323,汚水,150.0,2003.0,36.24278437250866
9324,汚水,150.0,2003.0,71.16304030741018
9325,汚水,150.0,2003.0,63.5815304864754
9326,汚水,150.0,2003.0,11.842597314123882
9327,汚水,150.0,2003.0,60.01186377838531
9328,汚水,150.0,2003.0,4.959408373840683
9329,汚水,250.0,2003.0,28.37989433248081
9330,汚水,250.0,2003.0,18.755969558328577
9331,汚水,250.0,2003.0,58.37884818059128
9332,汚水,150.0,2003.0,17.494584977250263
9333,汚水,150.0,2003.0,11.036400037742098
9334,汚水,150.0,2003.0,25.15818526413101
9335,汚水,150.0,2003.0,20.370963237799998
9336,汚水,150.0,2003.0,26.990797192829323
9337,汚水,150.0,2003.0,3.6827758172117533
9338,汚水,150.0,2003.0,36.7039669266847
9339,汚水,150.0,2003.0,99.78734638986843
9340,汚水,150.0,2003.0,75.91288010838007
9341,汚水,150.0,2003.0,49.50806272011334
9342,汚水,150.0,2003.0,36.044200152284425
9343,汚水,150.0,2003.0,28.279134152984252
9344,汚水,150.0,2003.0,28.702492725771595
9345,汚水,150.0,2003.0,80.67849949293776
9346,汚水,150.0,2003.0,31.99387521685052
9347,汚水,150.0,2003.0,42.515418835436115
9348,汚水,150.0,2003.0,44.60618097435179
9349,汚水,150.0,2003.0,37.85205687600307
9350,汚水,150.0,2003.0,30.77034590485945
9351,汚水,150.0,2003.0,84.49425499374736
9352,汚水,150.0,2003.0,67.19822705494948
9353,汚水,150.0,2003.0,57.75306025058451
9354,汚水,150.0,2003.0,27.38221960476721
9355,汚水,150.0,2003.0,40.950095973089574
9356,汚水,150.0,2003.0,1.8305177969916757
9357,汚水,250.0,2003.0,83.58305663211033
9358,汚水,150.0,2003.0,17.03792114598704
9359,汚水,150.0,2003.0,24.509184014621113
9360,汚水,150.0,2003.0,47.279848212729235
9361,汚水,250.0,2003.0,56.87387549252302
9362,汚水,150.0,2003.0,26.198785478655353
9363,汚水,150.0,2003.0,16.91299385147639
9364,汚水,150.0,2003.0,9.539102851923307
9365,汚水,150.0,2003.0,20.670301672657548
9366,汚水,150.0,2003.0,22.078833460437945
9367,汚水,150.0,2003.0,14.643732409737055
9368,汚水,150.0,2003.0,25.173531334795545
9369,汚水,150.0,2003.0,14.067073063856498
9370,汚水,150.0,2003.0,24.91928046342301
9371,汚水,150.0,2003.0,13.46432890104778
9372,汚水,150.0,2003.0,11.737278748426908
9373,汚水,150.0,2003.0,4.834025017106719
9374,汚水,150.0,2003.0,33.92655106037231
9375,汚水,150.0,2003.0,13.691942607206169
9376,汚水,150.0,2003.0,12.770835963313699
9377,汚水,150.0,2003.0,10.84705221981185
9378,汚水,150.0,2003.0,31.268922918377758
9379,汚水,150.0,2003.0,10.935901736418778
9380,汚水,150.0,2003.0,5.686847730836145
9381,汚水,150.0,2003.0,11.189627286540887
9382,汚水,150.0,2003.0,8.120288263943042
9383,汚水,150.0,2003.0,10.38477437126308
9384,汚水,150.0,2003.0,6.117011921580143
9385,汚水,150.0,2003.0,11.428819140274783
9386,汚水,150.0,2003.0,10.423022720604077
9387,汚水,150.0,2003.0,14.572287692014346
9388,汚水,150.0,2003.0,16.853413121163623
9389,汚水,150.0,2003.0,19.844869395490164
9390,汚水,150.0,2003.0,38.32688972862599
9391,汚水,150.0,2003.0,13.124606615536823
9392,汚水,150.0,2003.0,38.645824941161955
9393,汚水,150.0,2003.0,38.62829335042719
9394,汚水,150.0,2003.0,29.89175579161492
9395,汚水,150.0,2003.0,68.5575272309599
9396,汚水,150.0,2003.0,4.862713408612928
9397,汚水,150.0,2003.0,64.56788275737746
9398,汚水,150.0,2003.0,8.702276433687592
9399,汚水,150.0,2003.0,20.63058165448666
9400,汚水,150.0,2003.0,28.207555909019508
9401,汚水,200.0,2003.0,51.50739502992509
9402,汚水,200.0,2003.0,56.978141491647456
9403,汚水,150.0,2003.0,17.21465255637615
9404,汚水,200.0,2003.0,57.939804478136125
9405,汚水,150.0,2003.0,36.08219916739015
9406,汚水,150.0,2003.0,88.59719255894444
9407,汚水,150.0,2003.0,16.553317846034034
9408,汚水,150.0,2003.0,26.705478349663327
9409,汚水,150.0,2003.0,37.44914758335908
9410,汚水,150.0,2003.0,28.55819390354933
9411,汚水,150.0,2003.0,79.8384231766934
9412,汚水,150.0,2001.0,6.848618302605754
9413,汚水,150.0,2000.0,34.68000890599498
9414,汚水,150.0,2000.0,5.0784571509309595
9415,汚水,150.0,2000.0,25.30621784859585
9416,汚水,150.0,2000.0,41.55742265134355
9417,汚水,150.0,2000.0,3.8148265935518335
9418,汚水,150.0,2000.0,12.005905976733969
9419,汚水,150.0,2000.0,7.567436189007678
9420,汚水,150.0,2000.0,2.9774369383754236
9421,汚水,150.0,2000.0,3.1871937423499856
9422,汚水,150.0,2000.0,29.04995060727093
9423,汚水,300.0,2002.0,3.1782543086501818
9424,汚水,150.0,2000.0,4.589850176717582
9425,汚水,150.0,2000.0,12.270966930504333
9426,汚水,150.0,2000.0,3.1106835226141807
9427,汚水,150.0,2000.0,13.844498346616009
9428,汚水,150.0,2000.0,8.407925099334847
9429,汚水,150.0,2000.0,13.75850422865726
9430,汚水,150.0,2000.0,10.383010930590736
9431,汚水,150.0,2000.0,9.930040933251822
9432,汚水,150.0,2000.0,36.34932311881597
9433,汚水,150.0,2000.0,21.8059093199737
9434,汚水,150.0,2000.0,16.119795320814085
9435,汚水,150.0,2000.0,14.889162108493743
9436,汚水,150.0,2000.0,7.765501795581711
9437,汚水,150.0,2000.0,54.81469384326635
9439,汚水,150.0,2000.0,13.363501412417179
9440,汚水,150.0,2000.0,4.544980463649349
9441,汚水,150.0,2000.0,42.93189874767678
9442,汚水,150.0,2000.0,44.370668183185295
9443,汚水,150.0,2000.0,9.466943871859721
9444,汚水,150.0,2000.0,28.375814091423226
9445,汚水,150.0,2000.0,57.86846279741785
9446,汚水,150.0,2000.0,29.45045792774468
9447,汚水,150.0,2000.0,9.971783812464587
9448,汚水,150.0,2000.0,19.05956150302137
9449,汚水,150.0,2000.0,31.65950802869553
9450,汚水,150.0,2000.0,55.0429568139946
9451,汚水,150.0,2000.0,6.695283946972591
9452,汚水,150.0,2000.0,59.9704364958834
9453,汚水,150.0,2000.0,73.02287379723462
9454,汚水,150.0,2000.0,27.81001054303672
9455,汚水,150.0,2000.0,33.117531330552545
9456,汚水,150.0,2000.0,49.150261707344676
9458,汚水,150.0,2000.0,72.88429157821088
9459,汚水,150.0,2000.0,46.22546069938383
9460,汚水,150.0,2000.0,53.285282006391
9461,汚水,150.0,2000.0,39.491352476311626
9462,汚水,150.0,2000.0,26.087681491713152
9463,汚水,150.0,2000.0,8.732364182030974
9464,汚水,150.0,2000.0,7.716946151482563
9465,汚水,150.0,2000.0,26.743676292696392
9466,汚水,150.0,2000.0,5.1723187185945045
9467,汚水,150.0,2000.0,7.539556397273516
9468,汚水,150.0,2000.0,54.272576201479374
9469,汚水,150.0,2000.0,58.5713557753422
9470,汚水,150.0,2000.0,23.521088675357127
9471,汚水,150.0,2000.0,15.986006879795504
9472,汚水,150.0,2000.0,25.31523905064979
9473,汚水,150.0,2000.0,15.893583877338646
9474,汚水,,,42.38740051547073
9475,汚水,150.0,2000.0,25.93344295854118
9476,汚水,150.0,2000.0,34.766366862171516
9477,汚水,150.0,2000.0,59.40218361647848
9478,汚水,150.0,2000.0,31.616900632314312
9481,汚水,150.0,2000.0,3.9938661080852853
9482,汚水,150.0,2000.0,49.655695749119296
9483,汚水,150.0,2000.0,5.502612931906301
9484,汚水,150.0,2000.0,5.394938466146887
9485,汚水,150.0,2000.0,27.731519438995694
9486,汚水,150.0,2000.0,38.4418803227737
9487,汚水,150.0,2000.0,53.828970785145
9488,汚水,150.0,2000.0,7.304208756076089
9489,汚水,150.0,2000.0,83.85119268833886
9490,汚水,150.0,2000.0,91.03748213140938
9491,汚水,150.0,2000.0,7.8040636789770454
9492,汚水,150.0,2000.0,40.87529217850349
9493,汚水,150.0,2000.0,82.05848671303215
9494,汚水,150.0,2000.0,5.681893789149632
9495,汚水,150.0,2000.0,42.6237560863585
9496,汚水,150.0,2000.0,46.28389466253224
9497,汚水,150.0,2000.0,43.770627645998445
9498,汚水,150.0,2000.0,6.977860305545784
9499,汚水,150.0,2000.0,17.575231234751357
9500,汚水,150.0,2000.0,54.804738730258656
9501,汚水,150.0,2000.0,80.87239808018562
9502,汚水,150.0,2000.0,6.406775682311193
9503,汚水,150.0,2000.0,43.23023917765892
9504,汚水,150.0,2000.0,47.908672004414115
9505,汚水,150.0,2000.0,20.91653625090255
9506,雨水,,,19.70940510598823
9507,汚水,150.0,2000.0,6.532134131759449
9508,汚水,150.0,2000.0,69.11828895184927
9509,汚水,150.0,2000.0,7.427514349820038
9510,汚水,150.0,2000.0,41.12136649349901
9511,汚水,150.0,2000.0,7.429077008891033
9512,汚水,150.0,2000.0,24.228531668904882
9513,汚水,150.0,2000.0,41.70600023578022
9514,汚水,150.0,2000.0,31.67944908638881
9515,汚水,150.0,2000.0,29.915288814291014
9517,汚水,150.0,2000.0,16.957162127546223
9518,汚水,150.0,2000.0,2.5585600091118144
9518,汚水,150.0,2000.0,65.17159322772237
9519,汚水,150.0,2000.0,73.85516211311074
9520,汚水,250.0,2008.0,96.31854884614945
9521,汚水,250.0,2008.0,11.27133756098346
9522,汚水,250.0,2008.0,12.735721843746623
9523,汚水,250.0,2008.0,58.55988178291655
9524,汚水,250.0,2008.0,2.920279891205695
9525,汚水,250.0,2008.0,99.74337034806662
9526,汚水,150.0,2000.0,24.298027442603125
9527,汚水,150.0,2000.0,24.279599441476087
9528,汚水,150.0,2000.0,13.70219105215094
9529,汚水,150.0,2000.0,5.811598541934748
9530,汚水,150.0,2000.0,18.447122395487213
9531,汚水,150.0,2000.0,50.937141310051814
9532,汚水,150.0,2000.0,67.41884512607992
9533,汚水,150.0,2000.0,34.53287117602262
9534,汚水,150.0,2000.0,3.776971489538594
9535,汚水,150.0,2000.0,44.344779329505236
9536,汚水,150.0,2000.0,46.01397352704507
9537,汚水,150.0,2007.0,83.26975427631764
9538,汚水,150.0,2000.0,26.096967593349238
9539,汚水,150.0,2000.0,33.50354303858505
9540,汚水,150.0,2000.0,86.65405445250721
9541,汚水,150.0,2000.0,16.832574252359752
9542,汚水,150.0,2000.0,24.65273733727811
9543,汚水,150.0,2000.0,46.56235365597985
9544,汚水,150.0,2000.0,22.117091165243334
9545,汚水,150.0,2000.0,51.22207914259548
9546,汚水,250.0,1987.0,23.071027467424013
9547,汚水,250.0,1987.0,37.061271438150634
9548,汚水,250.0,1987.0,14.748482652195372
9549,汚水,250.0,1987.0,22.714562627423895
9550,汚水,250.0,1987.0,19.171249607969486
9551,汚水,250.0,1987.0,18.15256392984049
9552,汚水,250.0,1987.0,2.952277299574073
9553,汚水,250.0,1986.0,20.08142828312455
9554,汚水,250.0,1987.0,27.1906114705803
9555,汚水,250.0,1987.0,24.8532639266486
9556,汚水,250.0,1987.0,10.255114543077072
9557,汚水,250.0,1987.0,10.940169099209424
9558,汚水,250.0,1987.0,7.280875768406202
9559,汚水,250.0,1987.0,13.124251223019986
9560,汚水,250.0,1987.0,6.088177409337785
9561,汚水,250.0,1987.0,10.207109467690007
9562,汚水,250.0,1987.0,19.603125505293647
9563,汚水,250.0,1987.0,4.723980270096066
9564,汚水,250.0,1987.0,15.497708625951471
9565,汚水,250.0,1987.0,3.6941271702221714
9566,汚水,250.0,1987.0,6.53824286015204
9567,汚水,250.0,1987.0,14.121603189978284
9568,汚水,250.0,1987.0,9.827953063717194
9569,汚水,250.0,1987.0,7.420304046253293
9570,汚水,250.0,1986.0,46.9871161285148
9571,汚水,250.0,1986.0,29.16811897750729
9572,汚水,250.0,1987.0,12.50940951723816
9573,汚水,250.0,1987.0,19.086873060179776
9574,汚水,250.0,1987.0,16.14803634512131
9575,汚水,250.0,1987.0,9.183745565749728
9576,汚水,250.0,1987.0,8.0422082782719
9579,汚水,250.0,1986.0,25.835298129568532
9580,汚水,250.0,1986.0,23.896423502821133
9581,汚水,250.0,1986.0,9.798780098165352
9582,汚水,250.0,1986.0,16.796590399420438
9583,汚水,250.0,1986.0,27.63677231419941
9584,汚水,250.0,1986.0,37.92423315652316
9585,汚水,250.0,1986.0,15.910503171741997
9586,汚水,250.0,1986.0,20.860424346005097
9587,汚水,250.0,1986.0,20.784814064125143
9588,汚水,250.0,1986.0,11.356758363850448
9589,汚水,250.0,1986.0,22.571454900232958
9590,汚水,250.0,1986.0,14.657456100501278
9591,汚水,250.0,1986.0,13.215029309183507
9592,汚水,250.0,1986.0,40.5580383360228
9593,汚水,250.0,1986.0,18.84601981330252
9594,汚水,250.0,1986.0,23.54332417326614
9595,汚水,250.0,1986.0,43.032857058636246
9596,汚水,900.0,1986.0,48.32326963511495
9597,汚水,250.0,1986.0,31.91392151317191
9598,汚水,250.0,1986.0,15.070141389976657
9599,汚水,250.0,1986.0,17.018612182237586
9600,汚水,250.0,1986.0,27.099424642958656
9601,汚水,250.0,1986.0,23.964443800815218
1540,汚水,150.0,2003.0,10.500421049227077
1541,汚水,150.0,2003.0,18.073020464697336
1542,汚水,200.0,1996.0,37.92729929685784
1545,汚水,150.0,2003.0,23.650861303431096
1546,汚水,150.0,2003.0,9.688761839462952
1547,汚水,150.0,2003.0,27.24890494074248
1548,汚水,150.0,2003.0,56.17432877718333
1549,汚水,150.0,2003.0,8.740950035969696
1550,汚水,150.0,2003.0,40.16036289323827
1551,汚水,150.0,2003.0,33.02462219063196
1552,汚水,150.0,2003.0,21.165050439254177
1553,汚水,150.0,2003.0,6.311854146959115
1554,汚水,150.0,2003.0,48.284925553917
1555,汚水,150.0,2003.0,37.31847442662986
1556,汚水,150.0,2003.0,46.203563415968155
1557,汚水,150.0,2003.0,28.47438503799534
1558,汚水,150.0,2003.0,35.55306223986409
1559,汚水,200.0,1996.0,34.00680759466759
1560,汚水,150.0,2003.0,11.211027023428729
1561,汚水,150.0,2003.0,3.95412045619575
1562,汚水,150.0,2003.0,99.24636274329534
1563,汚水,150.0,2003.0,31.12281877374813
1564,汚水,150.0,2003.0,21.688465462101203
1565,汚水,150.0,2003.0,70.19274639544547
1566,汚水,150.0,2003.0,47.87307355233615
1567,汚水,150.0,2003.0,5.275055449944723
1569,汚水,150.0,2003.0,11.073548251295737
1570,汚水,150.0,2003.0,41.7708698719983
1571,汚水,150.0,2003.0,20.7797584722275
1572,汚水,150.0,2003.0,29.76782226025648
1573,汚水,150.0,2003.0,19.04208975101401
1574,汚水,150.0,2003.0,52.66952889942178
1575,汚水,150.0,2003.0,38.22165132905319
1576,汚水,200.0,1993.0,42.53200228063522
1577,汚水,150.0,2003.0,56.07938686949951
1578,汚水,150.0,2003.0,4.276336977750147
1579,汚水,150.0,2003.0,70.88962392514982
1581,汚水,150.0,2003.0,27.82245722825864
1582,汚水,150.0,2003.0,29.306399154451512
1583,汚水,150.0,,7.9953197700168435
1584,汚水,150.0,2008.0,41.25199068312982
1585,汚水,150.0,2008.0,38.699677287845994
1586,汚水,150.0,2008.0,39.243994002725756
1587,汚水,200.0,1999.0,70.14063238133498
1588,汚水,150.0,1999.0,9.197622530038313
1589,汚水,300.0,1999.0,26.943029849099027
1590,汚水,300.0,2008.0,34.29921017327097
1591,汚水,150.0,1999.0,31.196111007433434
1592,汚水,150.0,1999.0,36.38151668120536
1593,汚水,150.0,2007.0,5.337061946605488
1594,汚水,150.0,2007.0,24.799603260294592
1595,汚水,150.0,2007.0,8.456835972889877
1596,汚水,150.0,2007.0,36.110227417855675
1597,汚水,200.0,2007.0,93.13194965352596
1598,汚水,200.0,2007.0,30.919751532288412
1599,汚水,150.0,2007.0,9.11057135676448
1600,汚水,200.0,2007.0,50.420613139438416
1601,汚水,150.0,2007.0,8.267812152945917
1602,汚水,200.0,2007.0,59.892875766821454
1603,汚水,150.0,2007.0,91.45034545735591
1604,汚水,150.0,2007.0,41.324649427513904
1605,汚水,150.0,2007.0,52.366586385549155
1606,汚水,150.0,2007.0,77.60028445342633
1607,汚水,150.0,2007.0,81.48105282868589
1608,汚水,150.0,2007.0,41.85654744210169
1609,汚水,150.0,2007.0,81.59820400677212
1610,汚水,150.0,2007.0,40.39409466631283
1611,汚水,200.0,2007.0,52.12409299076071
1612,汚水,150.0,2008.0,5.916963745938569
1613,汚水,150.0,2008.0,33.760950493877445
1614,汚水,150.0,2008.0,70.74485282963137
1615,汚水,150.0,2008.0,52.30596304193882
1616,汚水,150.0,2008.0,10.28880013217641
1617,汚水,150.0,2008.0,43.792575436189296
1618,汚水,150.0,2008.0,48.21209797243527
1619,汚水,150.0,2008.0,6.706960418966178
1620,汚水,150.0,2008.0,40.685268091993294
1621,汚水,150.0,2008.0,5.106265587907781
1622,汚水,150.0,2008.0,52.09002809710612
1623,汚水,150.0,2008.0,61.59018045291212
1624,汚水,150.0,2008.0,8.522394693761639
1625,汚水,150.0,2008.0,91.01381765185964
1626,汚水,150.0,2008.0,89.65640364211009
1627,汚水,150.0,2008.0,31.18563989326328
1628,汚水,150.0,2008.0,12.980510034431235
1629,汚水,150.0,2008.0,95.18421065558928
1630,汚水,150.0,2008.0,5.251879485517495
1631,汚水,150.0,2008.0,43.891413634862495
1632,汚水,150.0,2008.0,5.578335297199031
1633,汚水,150.0,2008.0,41.61581377917372
1634,汚水,150.0,2008.0,36.81223942402288
1635,汚水,150.0,2008.0,86.97710429879727
1636,汚水,150.0,2008.0,7.022755857610162
1637,汚水,150.0,2008.0,90.03725444662957
1638,汚水,150.0,2008.0,8.718639588440114
1639,汚水,150.0,2008.0,6.074707231114308
1640,汚水,150.0,2008.0,3.523069988548982
1641,汚水,150.0,2008.0,44.593317330929224
1642,汚水,150.0,2008.0,3.0142747795359544
1643,汚水,150.0,2008.0,49.663293570617384
1644,汚水,150.0,2008.0,42.18253526039455
1645,汚水,150.0,2008.0,39.53908013530471
1646,汚水,150.0,2008.0,91.14366483941454
1647,汚水,150.0,2008.0,89.73406354146206
1648,汚水,150.0,2008.0,6.073920377335494
1649,汚水,150.0,2008.0,44.64464079530988
1650,汚水,200.0,1998.0,41.77290656124398
1651,汚水,150.0,1999.0,4.368259152118649
1652,汚水,150.0,1999.0,5.398052383022751
1653,汚水,150.0,1999.0,35.4731007608052
1654,汚水,200.0,1995.0,46.643037761051374
1655,汚水,200.0,1995.0,47.05374260499799
1656,汚水,200.0,1995.0,30.263290015938765
1657,汚水,200.0,1995.0,57.54216932609302
1658,汚水,200.0,1995.0,62.18007412915986
1659,汚水,,1995.0,4.373448971551596
1660,汚水,200.0,1995.0,16.971494300173706
1661,汚水,200.0,1995.0,6.271911551790081
1662,汚水,200.0,1998.0,28.31254762946925
1663,汚水,200.0,1998.0,55.18434968826633
1664,汚水,200.0,1998.0,5.3886912640212445
1665,汚水,200.0,1998.0,60.73293637671706
1666,汚水,200.0,1998.0,4.402386166471135
1667,汚水,200.0,1998.0,53.278422252503546
1668,汚水,200.0,1998.0,25.91162726510153
1669,汚水,200.0,1998.0,42.11067035916841
1670,汚水,200.0,1998.0,15.439764423757353
1671,汚水,200.0,1998.0,27.445052833089193
1672,汚水,200.0,1998.0,52.66560394745305
1673,汚水,200.0,1998.0,53.54489976487206
1674,汚水,200.0,1993.0,45.56128237794491
1675,汚水,200.0,1998.0,11.369197780310913
1676,汚水,150.0,1999.0,49.17062495520232
1677,汚水,150.0,1999.0,19.76167971317446
1678,汚水,150.0,1999.0,28.42948991861413
1679,汚水,150.0,1999.0,21.671328004423817
1680,汚水,150.0,1999.0,93.53791641391004
1681,汚水,150.0,1999.0,51.46138678849613
1682,汚水,150.0,1999.0,51.0507575174325
1683,汚水,150.0,1999.0,69.04486606736901
1684,汚水,150.0,1999.0,71.2582662874179
1685,汚水,150.0,1999.0,16.845438641496425
1686,汚水,150.0,1999.0,26.462014013809558
1687,汚水,150.0,1999.0,35.970293164172745
1688,汚水,150.0,1999.0,6.866590055454075
1689,汚水,150.0,1999.0,25.875534588154927
1690,汚水,150.0,1999.0,41.887274445317324
1691,汚水,200.0,1993.0,41.10570852169386
1692,汚水,150.0,1999.0,6.986165007240978
1693,汚水,150.0,1999.0,17.897448563100024
1694,汚水,150.0,1999.0,46.4497859256597
1695,汚水,150.0,1999.0,23.533571576494417
1696,汚水,150.0,1999.0,2.0799220229584114
1697,汚水,150.0,1999.0,26.668589430782735
1698,汚水,150.0,1999.0,15.918180775119202
1699,汚水,150.0,1999.0,8.954953068140712
1700,汚水,150.0,1999.0,24.884628336081946
1701,汚水,150.0,1999.0,27.013625419213287
1702,汚水,150.0,1999.0,69.81415233119033
1703,汚水,150.0,1999.0,18.0655676569829
1704,汚水,150.0,1999.0,24.843871736463687
1705,汚水,150.0,1999.0,42.339830945810625
1706,汚水,150.0,1999.0,52.30832466397443
1707,汚水,150.0,1999.0,54.10710824065892
1708,汚水,200.0,1993.0,46.40262727813013
1709,汚水,200.0,1999.0,67.70496952019468
1710,汚水,200.0,1999.0,32.980528652574286
1711,汚水,200.0,1999.0,11.916459621522979
1712,汚水,200.0,1999.0,53.682217893792135
1713,汚水,200.0,1999.0,25.84815276996753
1714,汚水,150.0,1999.0,68.41937978889018
1715,汚水,150.0,1999.0,29.720711712988745
1716,汚水,150.0,1999.0,29.422189822537305
1717,汚水,150.0,1999.0,15.234295851333014
1718,汚水,150.0,1999.0,63.892749692496736
1719,汚水,150.0,1999.0,60.248953729390685
1720,汚水,150.0,1999.0,59.831816110081434
1721,汚水,150.0,2007.0,34.728142931652286
1722,汚水,150.0,2007.0,26.08161799028154
1723,汚水,150.0,2007.0,44.61144892912295
1724,汚水,150.0,2008.0,17.771119314278263
1725,汚水,200.0,1993.0,38.868389717375585
1726,汚水,150.0,2008.0,25.59293888782287
1728,汚水,150.0,2002.0,51.99423265568281
1729,汚水,150.0,2002.0,2.4810736157649287
1730,汚水,150.0,2002.0,19.07046460966587
1731,汚水,150.0,2002.0,28.632628691079738
1732,汚水,150.0,2002.0,43.68235092778356
1733,汚水,150.0,2002.0,3.0892292954750267
1734,汚水,150.0,2002.0,39.84644563918727
1735,汚水,150.0,2002.0,2.9950493426291565
1736,汚水,150.0,2002.0,20.044299862251712
1737,汚水,150.0,2002.0,2.4628970566445005
1738,汚水,150.0,2002.0,20.66233175881495
1739,汚水,150.0,2002.0,19.02361456031377
1740,汚水,150.0,2002.0,2.6416301128909403
1741,汚水,200.0,1993.0,39.724214407845714
1742,汚水,150.0,2002.0,17.545383376582212
1743,汚水,150.0,2002.0,20.158684003431315
1744,汚水,150.0,2002.0,2.968250665864689
1745,汚水,150.0,2002.0,2.709999999999127
1746,汚水,150.0,2002.0,25.054667305906907
1747,汚水,350.0,2002.0,4.785327335554264
1748,汚水,350.0,2002.0,29.72703719243554
1749,汚水,350.0,2002.0,21.70150078764962
1750,汚水,150.0,2002.0,36.01936109475688
1751,汚水,350.0,2002.0,51.025776329538004
1752,汚水,350.0,2002.0,38.46793988734861
1753,汚水,150.0,2002.0,24.503642165139475
1754,汚水,150.0,2002.0,53.97128528574053
1755,汚水,150.0,2002.0,42.583927217546574
1756,汚水,150.0,2002.0,24.965964853771098
1757,汚水,150.0,2002.0,2.700247531371707
1758,汚水,200.0,1993.0,49.81382286881538
1759,汚水,150.0,2002.0,67.6774413479544
1760,汚水,150.0,2002.0,20.2189914121845
1761,汚水,150.0,2002.0,1.4704792538299372
1762,汚水,150.0,2002.0,26.06762352940944
1763,汚水,150.0,2002.0,3.8493910167359626
1764,汚水,150.0,2002.0,44.783868060969084
1765,汚水,150.0,2002.0,52.237017766490844
1766,汚水,150.0,2002.0,15.39799999999741
1767,汚水,150.0,2002.0,76.24840953950796
1768,汚水,150.0,2002.0,39.24950567468982
1769,汚水,150.0,2002.0,48.6852210094622
1770,汚水,150.0,2002.0,56.90880507317436
1771,汚水,150.0,2002.0,23.919682237183967
1772,汚水,150.0,2002.0,39.19218547452584
1773,汚水,150.0,2002.0,5.40764411442918
1774,汚水,150.0,2002.0,84.79200007304244
1775,汚水,150.0,2002.0,24.843010726585753
1776,汚水,150.0,2002.0,57.66719836384688
1777,汚水,150.0,2002.0,60.00572621643047
1778,汚水,150.0,2002.0,7.550332902378202
1779,汚水,150.0,2002.0,52.14530846974011
1780,汚水,150.0,2002.0,42.3620390316445
1781,汚水,150.0,2002.0,14.595854362600418
1782,汚水,150.0,2002.0,2.952730103696112
1783,汚水,150.0,2002.0,20.882393441784938
1784,汚水,150.0,2002.0,34.547888440239035
1785,汚水,150.0,2002.0,55.20788462441132
1786,汚水,150.0,2002.0,5.714821839217104
1787,汚水,150.0,2002.0,42.382608761303885
1788,汚水,150.0,2002.0,52.794413594284556
1789,汚水,150.0,2002.0,29.577637587326752
1790,汚水,150.0,2002.0,67.62044713992836
1791,汚水,150.0,2007.0,2.6486307922032615
1792,汚水,150.0,2007.0,74.04720563932717
1793,汚水,150.0,2007.0,9.031990768096144
1794,汚水,150.0,2007.0,28.60598217560036
1795,汚水,150.0,2007.0,17.183490308212278
1796,汚水,250.0,1992.0,38.91555003800028
1797,汚水,250.0,2007.0,27.13999248317713
1798,汚水,250.0,2007.0,10.624091237988827
1799,汚水,250.0,2007.0,24.765999024006955
1800,汚水,150.0,2006.0,10.809148480247881
1801,汚水,150.0,2006.0,4.018855904072236
1802,汚水,150.0,2006.0,22.48226299924426
1803,汚水,150.0,2006.0,1.7709902318165018
1804,汚水,150.0,2006.0,13.607379638600124
1805,汚水,150.0,2006.0,24.9079234037455
1806,汚水,150.0,2007.0,3.3954150998696386
1807,汚水,150.0,2007.0,17.979245632614195
1808,汚水,150.0,2007.0,29.983325898543534
1809,汚水,150.0,2007.0,15.922447412783695
1810,汚水,150.0,2007.0,18.46688316863906
1811,汚水,200.0,1993.0,38.31730405449099
1812,汚水,150.0,2007.0,2.1320191689943404
1813,汚水,150.0,2007.0,13.166890354945131
1814,汚水,150.0,2007.0,5.163864824006218
1815,汚水,150.0,2007.0,41.579519255172706
1816,汚水,150.0,2007.0,34.92719670258446
1817,汚水,150.0,2007.0,52.421996925466686
1818,汚水,150.0,2007.0,10.585352479439258
1819,汚水,150.0,2007.0,5.3694535745881415
1820,汚水,150.0,2007.0,24.204402471109063
1821,汚水,150.0,2007.0,26.088883367321497
2060,汚水,200.0,1993.0,4.2260564952324975
2061,汚水,200.0,1993.0,47.35277409327727
2062,汚水,200.0,1993.0,48.836324213547144
2063,汚水,200.0,1993.0,6.176742032281828
2064,汚水,200.0,1993.0,4.875348602854301
2066,汚水,150.0,2003.0,39.200980186800926
2067,汚水,150.0,2003.0,35.853652710147685
2068,汚水,150.0,2003.0,66.59934272706933
2069,汚水,150.0,2003.0,11.577601263224246
2070,汚水,150.0,2003.0,27.51743133290482
2071,汚水,250.0,1992.0,60.48060175652069
2072,汚水,150.0,2003.0,66.78465986055237
2073,汚水,150.0,2003.0,58.36853204004893
2074,汚水,150.0,2003.0,74.72957100203705
2075,汚水,150.0,2003.0,28.99523045148721
2076,汚水,150.0,2003.0,19.081897679129163
2077,汚水,150.0,2003.0,36.795334320468214
2078,汚水,150.0,2003.0,13.266184853880604
2079,汚水,150.0,2003.0,32.32694574770886
2080,汚水,150.0,2003.0,47.478545677067316
2081,汚水,150.0,2003.0,17.310139482060393
2082,汚水,150.0,2003.0,58.16487733422934
2083,汚水,150.0,2003.0,57.38380068985903
2084,汚水,150.0,2003.0,24.43540882182687
2085,汚水,150.0,2003.0,22.86993343217123
2086,汚水,150.0,2003.0,18.6201475402345
2087,汚水,150.0,2003.0,53.742592392271895
2088,汚水,250.0,1991.0,38.01071480845333
2089,汚水,150.0,2003.0,61.045764877422904
2090,汚水,150.0,2005.0,36.5613786906902
2091,汚水,150.0,2005.0,11.14770978532643
2092,汚水,150.0,2006.0,19.090751862563398
2093,汚水,150.0,2006.0,3.0235298867612874
2094,汚水,150.0,2006.0,34.69803176437471
2095,汚水,150.0,2007.0,8.410985489266565
2096,汚水,150.0,2006.0,21.089421116839844
2097,汚水,150.0,2006.0,18.48990740359274
2098,汚水,150.0,2006.0,6.276117482710312
2099,汚水,150.0,2006.0,33.54710196755928
2100,汚水,150.0,2006.0,13.355543102039015
2101,汚水,150.0,2006.0,8.498415286298322
17410,汚水,200.0,1997.0,62.7692032982461
17411,汚水,200.0,1997.0,38.11229926515472
17412,汚水,200.0,1997.0,45.70360116181886
17414,汚水,200.0,1997.0,27.70214385929408
17415,汚水,200.0,1997.0,24.087887792046978
17416,汚水,200.0,1997.0,53.24213630821854
17418,汚水,200.0,1997.0,63.146169243978385
17420,汚水,200.0,1993.0,20.990605852243263
17422,汚水,200.0,1993.0,32.40707601707421
17423,汚水,200.0,1993.0,16.756684154059734
17424,汚水,200.0,1993.0,64.01266455151624
17425,汚水,200.0,1993.0,13.438511690182112
17426,汚水,200.0,1993.0,18.096096017601745
17427,汚水,200.0,1993.0,32.1419843864133
17428,汚水,200.0,1993.0,35.29768743262728
17429,汚水,200.0,1993.0,32.851970977805394
17430,汚水,200.0,1993.0,23.782033617692434
17431,汚水,200.0,1993.0,17.197500385461602
17432,汚水,200.0,1993.0,21.756131581275564
17433,汚水,200.0,1995.0,36.21586403851528
17434,汚水,200.0,1993.0,10.936024179260242
17435,汚水,200.0,1993.0,6.268353942593083
17437,汚水,200.0,1994.0,13.140022688487335
17438,汚水,200.0,1994.0,19.993393440012266
17439,汚水,200.0,1994.0,15.544781085013213
17440,汚水,200.0,1994.0,15.874637763759111
17441,汚水,200.0,1994.0,32.362031458849856
17442,汚水,200.0,1995.0,47.616611019610154
17443,汚水,200.0,1995.0,44.93395943194894
17444,汚水,200.0,1995.0,50.344206775386205
17445,汚水,200.0,1995.0,47.08180406056844
17446,汚水,200.0,1995.0,35.65516822286538
17447,汚水,200.0,1995.0,8.663371438813716
17448,汚水,200.0,1995.0,35.83934898240372
17449,汚水,200.0,1995.0,44.23120622058101
17450,汚水,200.0,1995.0,44.11307544726944
17451,汚水,200.0,1995.0,45.32401875425654
17452,汚水,200.0,1995.0,40.4936719823726
17453,汚水,200.0,1995.0,17.204029717538546
17454,汚水,200.0,1995.0,24.377418840333583
17455,汚水,200.0,1995.0,41.45173819787083
17457,汚水,200.0,1995.0,37.46669800963919
17458,汚水,200.0,1995.0,9.403915969208727
17459,汚水,200.0,1995.0,9.481462848599229
17460,汚水,250.0,,21.602950582987546
17461,汚水,200.0,1995.0,29.760300806725933
17462,汚水,200.0,1995.0,14.644507966810258
17463,汚水,200.0,1995.0,36.22961912151171
17464,汚水,200.0,1995.0,24.597683678502055
17466,汚水,200.0,1995.0,14.695219875580495
17467,汚水,200.0,1995.0,17.264472477944697
17468,汚水,200.0,1995.0,13.021519814092896
17469,汚水,200.0,1995.0,35.1363869218196
17470,汚水,200.0,1995.0,7.245763124913906
17471,汚水,200.0,1997.0,4.56494852026116
17472,汚水,200.0,1997.0,12.74569536937497
17474,汚水,200.0,1997.0,45.9708654966424
17476,汚水,200.0,1997.0,44.52131674733863
17478,汚水,200.0,1997.0,27.267368510740646
17479,汚水,200.0,1997.0,7.17896997561526
17481,汚水,200.0,1997.0,39.629733229535844
17482,汚水,200.0,1997.0,27.28000836676518
17483,汚水,200.0,1997.0,46.95600274156609
17484,汚水,200.0,1997.0,6.026699031087304
17485,汚水,200.0,1997.0,23.12610250852591
17486,汚水,200.0,1997.0,55.47633869929183
17487,汚水,200.0,1997.0,5.273508389193947
17488,汚水,200.0,1997.0,40.84504782769666
17489,汚水,200.0,1997.0,39.18430739860585
17490,汚水,200.0,1997.0,50.89320378111474
17491,汚水,200.0,1997.0,8.332968560790578
17492,汚水,200.0,1997.0,39.18830692820039
17493,汚水,200.0,1997.0,16.98300705571819
17494,汚水,200.0,1997.0,7.949837051730225
17495,汚水,200.0,1997.0,57.31700793357514
17496,汚水,200.0,1997.0,18.018004006713547
17497,汚水,200.0,1997.0,26.10401449211273
17498,汚水,200.0,1997.0,18.856033019266963
17499,汚水,200.0,1997.0,6.917719434072323
17500,汚水,200.0,1997.0,47.379316490692645
17501,汚水,200.0,1997.0,7.415473202323075
17502,汚水,200.0,1997.0,69.39502662828869
17503,汚水,200.0,1997.0,44.9308393992726
17504,汚水,200.0,1997.0,69.37802669111551
17505,汚水,200.0,1997.0,50.1753303130309
17506,汚水,200.0,1997.0,25.833019018621854
17507,汚水,200.0,1997.0,44.608978489822064
17508,汚水,200.0,1997.0,10.617934670178341
17516,汚水,600.0,1993.0,74.26539555804597
17517,汚水,600.0,1993.0,8.545974724984712
17518,汚水,200.0,1993.0,21.721167702286134
17520,汚水,200.0,1993.0,2.5220311592346887
17521,汚水,200.0,1993.0,4.217589901121891
17522,汚水,200.0,1993.0,2.030410891329603
17523,汚水,200.0,1993.0,14.226218410575353
17524,汚水,200.0,1993.0,22.20266616726502
17525,汚水,200.0,1993.0,25.751782408812115
17526,汚水,200.0,1993.0,21.939584936484227
17527,汚水,200.0,1993.0,3.8303702585404618
17528,汚水,200.0,1993.0,38.22169464801624
17529,汚水,200.0,1993.0,50.554021900355764
17530,汚水,200.0,1993.0,11.48511130561001
17531,汚水,200.0,1993.0,26.112780966115224
17532,汚水,200.0,1993.0,11.226032133632671
17533,汚水,200.0,1993.0,4.217022702219839
17534,汚水,200.0,1993.0,11.624867771543107
17535,汚水,200.0,1993.0,31.683650730814374
17536,汚水,200.0,1993.0,11.762074244941841
17537,汚水,200.0,1993.0,4.170213536186646
17538,汚水,200.0,1993.0,9.641297222717554
17539,汚水,200.0,1993.0,11.555226065979584
17540,汚水,200.0,1993.0,3.9373233936943026
17541,汚水,200.0,1993.0,9.536678830177884
17542,汚水,250.0,1993.0,65.20242274083199
17543,汚水,200.0,1993.0,50.37200250085967
17544,汚水,200.0,1993.0,50.21696773343115
17545,汚水,200.0,1993.0,4.643085769300005
17546,汚水,250.0,1993.0,62.47620297607476
17547,汚水,200.0,1993.0,28.509657972509363
17548,汚水,200.0,1993.0,33.17755590579819
17549,汚水,200.0,1993.0,4.560855552252189
17550,汚水,200.0,1993.0,30.371480279784073
17551,汚水,200.0,1993.0,13.958308839198954
17552,汚水,200.0,1993.0,30.31641856985467
17553,汚水,200.0,1993.0,22.801589831179133
17554,汚水,200.0,1993.0,24.227761912520215
17555,汚水,300.0,1993.0,47.75368312164388
17556,汚水,200.0,1993.0,45.919136309506456
17557,汚水,300.0,1993.0,46.463427078778146
17509,汚水,200.0,1997.0,71.83507533859105
17510,汚水,200.0,1997.0,46.3257530482023
17511,汚水,200.0,1997.0,44.89300960979627
17513,汚水,300.0,1994.0,46.38251470554977
17514,汚水,600.0,1993.0,101.3227328515495
17515,汚水,200.0,1993.0,32.54692795960572
17678,汚水,200.0,1999.0,62.789855511893606
17679,汚水,200.0,1999.0,63.8575993128891
17680,汚水,200.0,1999.0,61.44962145585248
17681,汚水,200.0,1999.0,62.3825331311848
17682,汚水,200.0,1999.0,52.82042108215894
17683,汚水,200.0,1999.0,44.172027656400644
17684,汚水,200.0,1999.0,42.95649526529377
17685,汚水,200.0,1999.0,49.794522690485174
17686,汚水,200.0,1999.0,46.88614387304724
17687,汚水,200.0,1999.0,64.61263294738248
17688,汚水,200.0,1999.0,65.21802930014277
17689,汚水,200.0,1999.0,62.801855303137344
17690,汚水,200.0,1999.0,62.55148126154371
17691,汚水,200.0,1999.0,54.52542201079074
17692,汚水,250.0,1992.0,39.98199986583108
17693,汚水,200.0,1999.0,46.76840221722901
17694,汚水,200.0,1999.0,46.8305657902827
17695,汚水,200.0,1999.0,17.935195102434868
17696,汚水,200.0,1999.0,25.43025173918933
17697,汚水,300.0,1996.0,123.13568551115829
17699,汚水,200.0,1997.0,46.070379567080494
17700,汚水,200.0,1997.0,6.443848392755062
17701,汚水,200.0,1997.0,43.82193195038545
17702,汚水,200.0,1997.0,39.83708610496724
17703,汚水,200.0,1997.0,39.804879392438046
17704,汚水,200.0,1997.0,64.05726208635632
17705,汚水,200.0,1997.0,47.3169480971
17706,汚水,200.0,1997.0,70.17692689713267
17707,汚水,200.0,1997.0,70.36514367580902
17708,汚水,200.0,1997.0,49.92735713234932
17709,汚水,200.0,1997.0,71.45704059418537
17710,汚水,200.0,1997.0,69.47808361827512
17711,汚水,200.0,1997.0,49.72687943935164
17712,汚水,200.0,1997.0,59.52619312504507
17713,汚水,200.0,1997.0,42.79616775282539
17714,汚水,200.0,1997.0,37.0796171038719
17715,汚水,200.0,1997.0,70.5569211267041
17716,汚水,200.0,1997.0,11.505279230354772
17717,汚水,200.0,1997.0,47.631608913074466
17718,汚水,200.0,1997.0,54.310803015784984
17719,汚水,200.0,1997.0,45.52694875319721
17720,汚水,200.0,1997.0,42.81806738918289
17721,汚水,200.0,1997.0,46.263845911563905
17722,汚水,200.0,1997.0,65.70831297559498
17723,汚水,200.0,1997.0,5.938806880028071
17724,汚水,200.0,1997.0,48.25295122367526
17725,汚水,200.0,1997.0,71.38787269998662
17726,汚水,200.0,1997.0,39.84322577264321
17727,汚水,200.0,1997.0,38.863672752163524
17728,汚水,200.0,1997.0,3.3562208253720556
17729,汚水,250.0,1997.0,89.09459835464354
17730,汚水,200.0,1997.0,45.93412086952412
17731,汚水,200.0,1997.0,43.63343797668526
17732,汚水,200.0,1997.0,57.22065669048685
17733,汚水,200.0,1997.0,40.521112817980644
17558,汚水,400.0,1993.0,28.532771052437436
17559,汚水,200.0,1993.0,25.740222859690533
17560,汚水,200.0,1993.0,21.127880928145444
17561,汚水,200.0,1993.0,22.795367174590556
17562,汚水,200.0,1993.0,39.83511424742385
17563,汚水,200.0,1993.0,11.096026298428729
17564,汚水,200.0,1993.0,31.26734836553997
17565,汚水,200.0,1993.0,13.950005569967637
17566,汚水,200.0,1993.0,14.866710518058923
17567,汚水,200.0,1993.0,23.062638478508013
17568,汚水,200.0,1993.0,7.996726360657639
17570,汚水,200.0,1993.0,46.167348545733056
17571,汚水,200.0,1993.0,45.86047415078252
17572,汚水,200.0,1993.0,39.30683962460452
17573,汚水,200.0,1993.0,5.909153591246281
17574,汚水,200.0,1993.0,27.074389614829574
17575,汚水,200.0,1993.0,7.409467355412278
17576,汚水,350.0,1992.0,13.126900990306783
17577,汚水,200.0,1993.0,50.26219668204419
17578,汚水,200.0,1993.0,62.43489540245157
17579,汚水,200.0,1993.0,49.579083609052354
17580,汚水,200.0,1993.0,33.87701254360671
17581,汚水,200.0,1993.0,25.881906432645813
17582,汚水,200.0,1993.0,4.991460802013997
17583,汚水,400.0,1993.0,4.125048638900867
17584,汚水,200.0,1994.0,8.030111035487447
17585,汚水,200.0,1994.0,21.163310616567845
17586,汚水,200.0,1994.0,29.55288917446489
17587,汚水,200.0,1994.0,25.051317046903577
17588,汚水,200.0,1994.0,12.046132238768191
17589,汚水,200.0,1994.0,5.732519733000257
17590,汚水,200.0,1994.0,69.13373831263473
17591,汚水,200.0,1994.0,22.349951039462304
17592,汚水,200.0,1994.0,25.499268515089405
17593,汚水,200.0,1994.0,62.983071504334916
17594,汚水,200.0,1994.0,20.97311066427821
17595,汚水,200.0,1994.0,41.7433945508479
17596,汚水,200.0,1994.0,36.159320772285774
17597,汚水,200.0,1994.0,22.683277949030696
17598,汚水,200.0,1994.0,31.087374756095834
17600,汚水,200.0,1995.0,47.928168747683316
17601,汚水,200.0,1993.0,17.053340806711
17602,汚水,200.0,1995.0,27.582071743763482
17603,汚水,200.0,1995.0,25.93892603106782
17604,汚水,200.0,1995.0,18.567100734911616
17605,汚水,200.0,1995.0,20.297349249788997
17606,汚水,200.0,1995.0,33.5763456100127
17608,汚水,200.0,1995.0,5.587631713097791
17609,汚水,200.0,1995.0,19.76534389906464
17610,汚水,200.0,1995.0,20.096678394567157
17611,汚水,200.0,1995.0,11.73416108685251
17612,汚水,200.0,1995.0,35.669108924419774
17613,汚水,200.0,1995.0,8.782932521110684
17614,汚水,250.0,1995.0,49.76062155208752
17615,汚水,250.0,1995.0,32.09940825007185
17616,汚水,250.0,1995.0,29.148600554702053
17617,汚水,250.0,1995.0,5.735688841350727
17618,汚水,200.0,1995.0,24.82066967166268
17619,汚水,200.0,1995.0,50.22329768205254
17620,汚水,200.0,1995.0,47.61356183137686
17621,汚水,200.0,1995.0,17.377158152411283
17622,汚水,200.0,1995.0,3.469766160282278
17623,汚水,200.0,1994.0,18.896984671415673
17624,汚水,200.0,1999.0,66.3646590943723
17625,汚水,200.0,1999.0,50.136297551924685
17626,汚水,200.0,1999.0,5.172355089602244
17627,汚水,200.0,1999.0,45.10777319543272
17628,汚水,200.0,1999.0,25.563920911941164
17629,汚水,200.0,1999.0,27.085178581527373
17630,汚水,200.0,1999.0,61.94484480959234
17631,汚水,200.0,1999.0,8.31521531634598
17632,汚水,200.0,1999.0,44.45968014547687
17633,汚水,200.0,1999.0,53.46862842753632
17634,汚水,200.0,1999.0,7.497264419068984
17635,汚水,200.0,1999.0,52.99846607982697
17636,汚水,200.0,1999.0,44.02716231017871
17637,汚水,200.0,1999.0,41.89663779431441
17638,汚水,200.0,1999.0,65.85110602987812
17639,汚水,200.0,1999.0,34.53439369417608
17640,汚水,200.0,1999.0,7.476162154269445
17641,汚水,200.0,1999.0,51.47295655792605
17642,汚水,200.0,1999.0,31.153812230257774
17643,汚水,200.0,1999.0,27.038173433132076
17644,汚水,200.0,1999.0,26.857947465098608
17645,汚水,200.0,1999.0,59.950560404959774
17646,汚水,200.0,1999.0,29.544823607113383
17647,汚水,200.0,1999.0,27.59306801444067
17648,汚水,200.0,1999.0,46.81160023795018
17649,汚水,200.0,1999.0,49.917739054828694
17650,汚水,200.0,1999.0,7.093519043999837
17651,汚水,200.0,1999.0,54.14562832699549
17652,汚水,200.0,1999.0,32.948913476884314
17653,汚水,200.0,1999.0,47.80195452377875
17654,汚水,200.0,1999.0,47.10897215112234
17655,汚水,200.0,1999.0,43.01682549346909
17656,汚水,250.0,1996.0,52.944983584828655
17657,汚水,250.0,1996.0,3.6765763878710063
17660,汚水,200.0,1997.0,6.651647615077063
17661,汚水,200.0,1999.0,70.68307332707207
17662,汚水,200.0,1999.0,71.37608171643166
17663,汚水,200.0,1999.0,70.93822713867726
17664,汚水,250.0,1999.0,51.78843081916219
17665,汚水,200.0,1999.0,28.14371858721527
17666,汚水,200.0,1999.0,57.64255353285665
17667,汚水,200.0,1999.0,64.61107037616486
17668,汚水,200.0,1999.0,59.49186953540438
17669,汚水,200.0,1999.0,21.62821444901577
17670,汚水,200.0,1999.0,43.32293662069686
17671,汚水,200.0,1999.0,52.50384036318837
17672,汚水,200.0,1999.0,51.79673303144182
17673,汚水,200.0,1999.0,51.85657019848619
17674,汚水,200.0,1999.0,53.444759306388136
17675,汚水,150.0,2009.0,14.469192299605307
17676,汚水,200.0,1999.0,8.736503431908442
17677,汚水,200.0,1999.0,11.847392033738348
17734,汚水,200.0,1997.0,17.842174448275678
17735,汚水,200.0,1997.0,53.214259575066684
17737,汚水,200.0,1997.0,59.37667293177009
17738,汚水,200.0,1997.0,11.681668591826277
17739,汚水,200.0,1997.0,52.606243005706496
17741,汚水,200.0,1997.0,46.38014783620297
17742,汚水,200.0,1997.0,23.499522942902924
17743,汚水,200.0,1997.0,75.26359722286652
17744,汚水,200.0,1997.0,66.78007661912896
17745,汚水,200.0,1997.0,65.62023324846855
17746,汚水,200.0,1997.0,51.70318248152773
17747,汚水,200.0,1997.0,60.84971558937498
17748,汚水,200.0,1997.0,59.908257224679424
17753,汚水,200.0,1997.0,46.3627106972723
17754,汚水,200.0,1997.0,69.74210991782462
17755,汚水,200.0,1997.0,15.01702491845048
17756,汚水,200.0,1997.0,54.3926599387918
17757,汚水,200.0,1997.0,3.591700583965886
17759,汚水,200.0,1997.0,47.26122640552228
17760,汚水,200.0,1997.0,47.891325596213655
17761,汚水,200.0,1997.0,51.669778240765744
17762,汚水,200.0,1994.0,42.04243274120115
17763,汚水,200.0,1994.0,34.13855954358336
17764,汚水,200.0,1994.0,39.80375574763849
17765,汚水,200.0,1994.0,39.999042425356606
17766,汚水,200.0,1994.0,4.57897855231105
17767,汚水,200.0,1994.0,7.934811051206094
17768,汚水,200.0,1994.0,8.191752134157396
17769,汚水,200.0,1994.0,5.909558377969306
17771,汚水,200.0,1994.0,41.16303119436692
17772,汚水,200.0,1994.0,52.2024177455651
17773,汚水,200.0,1994.0,2.7527603838849313
17774,汚水,200.0,1994.0,19.03770485460183
17775,汚水,200.0,1994.0,7.783412589179306
17776,汚水,200.0,1994.0,22.0656098098417
17777,汚水,250.0,1989.0,43.99719458557936
17778,汚水,200.0,1994.0,19.908061269632128
17779,汚水,200.0,1994.0,36.0897467853903
17780,汚水,200.0,1994.0,12.817611268446441
17781,汚水,200.0,1994.0,12.051107316207826
17782,汚水,200.0,1994.0,36.97908521823168
17783,汚水,200.0,1994.0,17.99401829407312
17784,汚水,200.0,1994.0,9.721257752212
17785,汚水,200.0,1994.0,28.00448421525241
17786,汚水,200.0,1994.0,15.986384075582201
17787,汚水,200.0,1994.0,48.25509632756216
17788,汚水,200.0,1994.0,38.6732940496009
17789,汚水,200.0,1994.0,12.121714660272577
17790,汚水,200.0,1995.0,37.27477309515593
17791,汚水,200.0,1995.0,42.64919945796076
17792,汚水,200.0,1995.0,25.694254779147986
17793,汚水,200.0,1995.0,49.901047668874696
17794,汚水,200.0,1994.0,18.82295051377548
17795,汚水,200.0,1995.0,50.24998173851265
17796,汚水,200.0,1995.0,13.79635697096257
17797,汚水,200.0,1995.0,20.129623814894735
17798,汚水,200.0,1995.0,30.8920427020201
17799,汚水,200.0,1995.0,20.887425507751022
17801,汚水,200.0,1997.0,45.2335471060847
17802,汚水,200.0,1997.0,39.36501776956241
17803,汚水,200.0,1997.0,39.72988091050579
17804,汚水,200.0,1997.0,4.713399650927044
17805,汚水,200.0,1997.0,55.173633316237584
17806,汚水,200.0,1997.0,45.09516322725003
17807,汚水,200.0,1997.0,39.46211787520786
17808,汚水,200.0,1997.0,39.71670747247491
17809,汚水,200.0,1997.0,40.871878008567954
17810,汚水,200.0,1997.0,42.20727125127322
17811,汚水,200.0,1997.0,38.51852530343554
17812,汚水,200.0,1997.0,39.96591316985337
17813,汚水,200.0,1997.0,50.42433108003075
17814,汚水,200.0,1997.0,41.93633675211681
17815,汚水,200.0,1997.0,38.518117754224406
17816,汚水,200.0,1997.0,39.89009091715368
17817,汚水,200.0,1997.0,53.08478150837443
17818,汚水,200.0,1997.0,72.8620357588805
17819,汚水,200.0,1997.0,49.971823891279
17820,汚水,200.0,1997.0,72.22493693386588
17822,汚水,200.0,1997.0,46.98620352834492
17824,汚水,200.0,1997.0,47.556040599957925
17826,汚水,250.0,1995.0,17.86072195179216
17827,汚水,200.0,1994.0,26.970774029801127
17828,汚水,200.0,1994.0,27.891455321761455
17829,汚水,200.0,1994.0,17.502515901151508
17830,汚水,200.0,1994.0,43.435851778131436
17831,汚水,200.0,1994.0,7.435358965589739
17832,汚水,200.0,1994.0,31.119642186472817
17833,汚水,200.0,1994.0,43.81415621611918
17834,汚水,200.0,1994.0,16.372712955225385
17835,汚水,200.0,1994.0,36.10241098943341
17836,汚水,200.0,1994.0,34.757575772237864
17838,汚水,200.0,1994.0,6.802122341662843
17839,汚水,200.0,1994.0,22.648971395058492
17840,汚水,200.0,1994.0,26.99736247081176
17841,汚水,200.0,1994.0,27.037623496343915
17842,汚水,200.0,1994.0,26.180044057073463
17843,汚水,200.0,1994.0,35.61471329215808
17844,汚水,200.0,1994.0,17.520397084548257
17846,汚水,200.0,1994.0,47.73491510243309
17847,汚水,200.0,1995.0,42.653164548234166
17848,汚水,200.0,1995.0,14.813781604283013
17849,汚水,200.0,1995.0,21.544521600761843
17850,汚水,250.0,1995.0,29.2328394498817
17851,汚水,250.0,1995.0,50.19871197623859
17863,汚水,150.0,2010.0,37.58747874750426
17864,汚水,150.0,2010.0,6.154112954183147
17865,汚水,150.0,2010.0,64.85246576926359
17866,汚水,200.0,2010.0,45.66061350018677
17867,汚水,150.0,2010.0,38.14484031582959
17868,汚水,200.0,2010.0,18.71939926892288
17869,汚水,150.0,2010.0,20.76829882903051
17870,汚水,150.0,2010.0,18.366357525122478
17871,汚水,150.0,2011.0,19.000564473773707
17872,汚水,150.0,2011.0,6.323810050497122
17873,汚水,200.0,2011.0,61.740486040442555
17874,汚水,200.0,2011.0,50.44178381923665
17875,汚水,200.0,2011.0,29.947538478233916
17876,汚水,200.0,2011.0,50.800335803167364
17877,汚水,200.0,2011.0,22.520090728748816
17878,汚水,200.0,2011.0,4.2254929129637215
17879,汚水,150.0,2011.0,11.631519437330423
17880,汚水,150.0,2011.0,26.101898330771043
17881,汚水,150.0,2011.0,5.7059996331669804
17882,汚水,200.0,2011.0,37.55185859342026
17883,汚水,150.0,2011.0,26.29366644742733
17884,汚水,150.0,2011.0,5.855925023434585
17885,汚水,150.0,2011.0,18.946705709834454
17886,汚水,200.0,2011.0,4.810010502148819
17887,汚水,150.0,2010.0,89.97628156077114
17888,汚水,150.0,2010.0,97.84403876334277
17889,汚水,150.0,2010.0,57.13530020542874
17890,汚水,150.0,2010.0,98.31075788321581
17891,汚水,150.0,2010.0,23.741854629325342
17892,汚水,150.0,,16.576817642603206
17893,汚水,150.0,2010.0,20.62884712445377
17894,汚水,150.0,2010.0,8.093974407903273
17895,汚水,350.0,2010.0,14.778994938867132
17896,汚水,150.0,2010.0,19.253783478854032
17897,汚水,150.0,2010.0,18.996767062341974
17898,汚水,150.0,2010.0,48.25603859538857
17899,汚水,150.0,2010.0,21.208933513413786
17900,汚水,150.0,2010.0,11.476060439210276
17901,汚水,150.0,2010.0,26.266634660381982
17902,汚水,150.0,2010.0,12.90068952509757
17903,汚水,150.0,2010.0,14.635200395951438
17904,汚水,150.0,2010.0,17.99104325642941
17905,汚水,150.0,2010.0,13.820198495890294
17906,汚水,150.0,2010.0,4.6010722245174405
17907,汚水,150.0,2010.0,29.666840539701063
17908,汚水,150.0,2010.0,25.742710698973994
17909,汚水,150.0,2010.0,1.3661039491949487
17910,汚水,150.0,2010.0,4.5395296315639655
17911,汚水,150.0,2011.0,4.969051624704715
17912,汚水,200.0,2011.0,28.444690038714977
17913,汚水,200.0,2011.0,7.711436377141896
17915,汚水,150.0,2011.0,95.20169954226326
17917,汚水,200.0,2011.0,50.54055650963017
17918,汚水,200.0,2011.0,53.527091103501746
17919,汚水,200.0,2011.0,79.67683020405053
17920,汚水,200.0,2011.0,33.254409207367
17921,汚水,200.0,2011.0,28.48452685387832
17922,汚水,150.0,2011.0,35.2681030601225
17923,汚水,150.0,2011.0,5.328744050150519
17924,汚水,150.0,2011.0,34.79509567148108
17925,汚水,150.0,2011.0,28.120155797847804
17926,汚水,150.0,2011.0,11.286921919043504
17927,汚水,150.0,2011.0,20.454419035994178
17928,汚水,250.0,2011.0,6.479185291411356
17929,汚水,250.0,2011.0,36.639247162601144
17930,汚水,150.0,2011.0,56.62290958845023
17931,汚水,150.0,2011.0,6.120197533267793
17932,汚水,150.0,2011.0,35.23158464913167
17933,汚水,150.0,2011.0,23.451821920277943
17934,汚水,150.0,2011.0,42.68494445134378
17935,汚水,150.0,2011.0,11.98810767229274
17936,汚水,150.0,2011.0,15.323026962632314
17937,汚水,150.0,2011.0,2.6823382065571275
17938,汚水,150.0,2011.0,16.388278390935486
17939,汚水,150.0,2011.0,26.135617308965458
17940,汚水,150.0,2011.0,8.012990726202226
17941,汚水,150.0,2011.0,36.99684150859776
17942,汚水,150.0,2011.0,20.264397601453716
17943,汚水,150.0,2011.0,5.990115556467694
17944,汚水,150.0,2011.0,7.5047747105307305
17945,汚水,150.0,2011.0,18.252499616826995
17946,汚水,150.0,2011.0,20.27221059488774
17947,汚水,150.0,2011.0,24.208175771063857
17948,汚水,150.0,2011.0,18.09667318695513
17949,汚水,150.0,2011.0,41.165302473238114
17950,汚水,150.0,2011.0,12.180577106100225
17951,汚水,150.0,2011.0,17.407425208954628
17952,汚水,150.0,2011.0,23.155525299783964
17953,汚水,150.0,2011.0,27.20168770971786
17954,汚水,150.0,2011.0,16.748292751354217
17955,汚水,150.0,2011.0,21.452752950200235
17956,汚水,150.0,2011.0,5.496252281601144
17957,汚水,150.0,2011.0,9.313294558381903
17958,汚水,150.0,2011.0,28.22876429221878
17959,汚水,150.0,2011.0,9.922735217581586
17960,汚水,150.0,2011.0,53.566413454824506
17961,汚水,150.0,2011.0,23.140992090101292
17962,汚水,150.0,2011.0,40.10731148916322
17963,汚水,150.0,2011.0,10.357045523067637
17964,汚水,150.0,2011.0,21.848735188197743
17965,汚水,150.0,2011.0,34.46911015966266
17966,汚水,150.0,2011.0,28.234329407020653
17967,汚水,150.0,2011.0,33.72213075723156
17968,汚水,150.0,2011.0,3.8597528358772197
17969,汚水,150.0,2011.0,5.557606084741007
17970,汚水,150.0,2011.0,12.626361091750567
17971,汚水,150.0,2011.0,28.82574782265926
17972,汚水,150.0,2011.0,9.448591138552665
17973,汚水,150.0,2011.0,24.963184862627845
17974,汚水,150.0,,52.662354293967034
17975,汚水,150.0,,9.063870847402027
17976,汚水,150.0,,26.827222950763804
17977,汚水,150.0,,54.97498307282225
17978,汚水,150.0,2010.0,24.120348642233548
17979,汚水,150.0,2010.0,5.936916555934865
17980,汚水,150.0,2010.0,17.033006753633682
17981,汚水,150.0,2010.0,54.88768983532124
17982,汚水,150.0,2010.0,12.855933625683587
17983,汚水,150.0,,7.878150286337618
17984,汚水,150.0,,60.352862538128285
17985,汚水,150.0,,59.165911988327764
17986,汚水,150.0,2010.0,15.583850048925965
17988,汚水,150.0,,17.662539276112188
17990,汚水,150.0,2011.0,17.535344298490536
17991,汚水,150.0,2011.0,17.877057056149734
17992,汚水,150.0,2011.0,6.155686498753381
17993,汚水,150.0,2011.0,4.607415489131199
17994,汚水,150.0,2011.0,6.220592121540594
17995,汚水,150.0,2011.0,60.86047498131384
17996,汚水,150.0,2011.0,39.30368657496853
17997,汚水,150.0,2011.0,17.565239650830257
17998,汚水,150.0,2011.0,2.1577093395857423
17999,汚水,150.0,2011.0,13.185434318329639
18001,汚水,150.0,2011.0,9.236691397185428
18002,汚水,150.0,2011.0,36.669601852534555
18003,汚水,150.0,2011.0,17.682518288671957
18004,汚水,150.0,2011.0,4.892043870720575
18005,汚水,150.0,2011.0,2.0945668375594444
18006,汚水,150.0,2011.0,30.75034301164679
18007,汚水,150.0,2011.0,16.770736692468844
18008,汚水,150.0,2011.0,3.849575852666298
18009,汚水,150.0,2011.0,27.942207880234967
18010,汚水,150.0,2011.0,31.974310734488633
18011,汚水,150.0,2011.0,2.7555953519353507
18012,汚水,150.0,2011.0,9.245771241121643
18013,汚水,150.0,2011.0,15.162455363429931
18014,汚水,150.0,2011.0,57.057357018346956
18015,汚水,150.0,2011.0,30.054204011926323
18016,汚水,150.0,2011.0,22.50441185203199
18017,汚水,150.0,2011.0,44.27001376195035
18018,汚水,150.0,2011.0,23.122008514698045
18019,汚水,150.0,2011.0,20.429686883486742
18020,汚水,150.0,2011.0,14.458423627403747
18021,汚水,150.0,2011.0,7.843716074686064
18022,汚水,150.0,2011.0,14.455354906170987
18023,汚水,150.0,2011.0,18.907096807547283
18024,汚水,150.0,2011.0,12.95286603551614
18025,汚水,150.0,2011.0,20.14241293494938
18026,汚水,150.0,2011.0,26.47370220044629
18027,汚水,150.0,2011.0,4.764515835832675
18028,汚水,250.0,2011.0,28.265751035230917
18029,汚水,150.0,2011.0,17.507840243163336
18030,汚水,150.0,2011.0,6.142224800902725
18031,汚水,150.0,2011.0,47.304038269366615
18032,汚水,150.0,2011.0,25.66516487252955
18033,汚水,250.0,1987.0,9.496394738782088
18034,汚水,150.0,2011.0,10.051148305346667
18035,汚水,150.0,2011.0,15.954659584642798
18036,汚水,150.0,2011.0,45.8573533349151
18037,汚水,200.0,1955.0,30.92535023436823
18038,汚水,150.0,2011.0,26.095882631086216
18039,汚水,150.0,2011.0,12.815627835522326
18040,汚水,150.0,2011.0,6.811800362571411
18041,汚水,150.0,2011.0,17.46656908497494
18042,汚水,150.0,2011.0,16.805743227190565
18043,汚水,150.0,2011.0,14.360808580977947
18044,汚水,150.0,2011.0,34.49311082131562
18045,汚水,150.0,2011.0,19.109685716754903
18046,汚水,150.0,2011.0,38.51056190030668
18047,汚水,150.0,2011.0,2.2296840375091374
18048,汚水,150.0,2011.0,50.95749044097674
18049,汚水,150.0,2011.0,21.473305822095686
18050,汚水,150.0,2011.0,20.869705067059172
18052,汚水,150.0,2011.0,30.326267785815315
18053,汚水,150.0,2011.0,17.664306726185885
9602,汚水,250.0,1986.0,15.094306043850294
9603,汚水,250.0,1986.0,4.908427197135162
9604,汚水,250.0,1986.0,23.72686494714353
9605,汚水,250.0,1986.0,14.990437895475603
9606,汚水,250.0,1986.0,31.07215593115104
9607,汚水,250.0,1988.0,31.172007030164544
9608,雨水,500.0,1997.0,30.98219577027124
9609,汚水,250.0,1986.0,2.2481535160108606
9610,汚水,900.0,1986.0,82.61707947722235
9611,汚水,250.0,1986.0,35.46929355004597
9612,汚水,250.0,1986.0,31.16246349526461
9613,汚水,250.0,1986.0,26.303077734544733
9614,汚水,250.0,1986.0,31.061845472681156
9615,汚水,250.0,1986.0,30.724168353185995
9616,汚水,250.0,1986.0,19.01909699152016
9617,汚水,250.0,1986.0,44.22995860569386
9618,汚水,250.0,1986.0,19.891392684587906
9619,汚水,250.0,1986.0,28.28455572700078
9620,汚水,250.0,1986.0,29.41257841228728
9621,汚水,250.0,1986.0,35.534135684287875
9622,汚水,250.0,1986.0,45.47017138740245
9623,汚水,250.0,1986.0,35.28933627493821
9624,汚水,250.0,1986.0,23.425937116599556
9625,汚水,250.0,1986.0,37.076518077810334
9626,汚水,250.0,1986.0,15.825224471440796
9627,汚水,250.0,1986.0,41.0062552001086
9628,汚水,250.0,1986.0,49.10059069766387
9629,汚水,250.0,1986.0,6.383580174486297
9630,汚水,250.0,1986.0,39.91815327649863
9631,汚水,250.0,1986.0,5.022709763347611
9632,汚水,250.0,1986.0,16.871148691926987
9633,汚水,250.0,1986.0,11.450070300621007
9634,汚水,250.0,1986.0,36.40130657703525
9635,汚水,250.0,1986.0,7.418405278575893
9636,汚水,250.0,1986.0,13.597105887232702
9637,汚水,250.0,1986.0,14.34482320692713
9638,汚水,250.0,1986.0,25.99064509440902
9639,汚水,250.0,1986.0,2.3416790099878977
9640,汚水,250.0,1986.0,46.63230928457999
9641,汚水,250.0,1986.0,3.2408690358562953
9642,汚水,250.0,1986.0,8.157873658068809
9643,汚水,250.0,1986.0,31.5848602721737
9644,汚水,250.0,1986.0,20.97528907521749
9645,汚水,250.0,1986.0,39.476627277665834
9646,汚水,250.0,1986.0,11.929273777748413
9647,汚水,900.0,1986.0,84.77896129781486
9649,汚水,250.0,1986.0,28.787266520174008
9650,汚水,250.0,1986.0,14.652081016334623
9651,汚水,250.0,1986.0,14.997622205618047
9652,汚水,250.0,1986.0,15.895893329178277
9653,汚水,250.0,1986.0,20.87120504153057
9654,汚水,250.0,1986.0,37.19425758038143
9655,汚水,250.0,1986.0,38.194302572623904
9656,汚水,250.0,1986.0,16.175429521286237
9658,汚水,250.0,1986.0,26.96224595336215
9659,雨水,,,6.68456184763096
9660,汚水,250.0,1990.0,17.164146354921623
9661,汚水,250.0,1990.0,12.25906690721558
9662,汚水,250.0,1990.0,13.900305935929735
9664,汚水,900.0,1986.0,78.16534717509118
9665,汚水,600.0,1988.0,76.81443141289168
9666,汚水,200.0,1990.0,7.08416084608853
9667,汚水,200.0,1994.0,15.93214997770072
9668,汚水,250.0,2008.0,22.922384087702245
9669,汚水,250.0,1990.0,15.430748613186191
9670,汚水,250.0,1990.0,8.992541125229048
9671,汚水,250.0,1992.0,26.279541236471037
9672,汚水,250.0,1992.0,48.5906567145418
9673,汚水,250.0,1992.0,49.9651539566235
9674,汚水,250.0,1992.0,39.39049977839392
9675,汚水,150.0,2000.0,72.27756396957119
9676,汚水,150.0,2000.0,93.34206281981288
9677,汚水,150.0,2000.0,44.04353372585199
9678,汚水,150.0,2000.0,29.75797624947052
9679,汚水,150.0,2000.0,57.110197742661924
9680,汚水,150.0,2000.0,68.31996770847871
9681,汚水,150.0,2000.0,25.89665837031477
9682,汚水,150.0,2000.0,25.36596047675243
9683,汚水,150.0,2000.0,33.34545722646691
9684,汚水,150.0,2000.0,51.25915154200347
9685,汚水,150.0,2000.0,41.2208272353002
9686,汚水,150.0,2000.0,38.87749427650717
9687,汚水,150.0,2000.0,63.572837875141424
9688,汚水,150.0,2000.0,28.573937308929338
9689,汚水,150.0,2000.0,66.34234324836468
9690,汚水,150.0,2000.0,19.94095882922226
9691,汚水,150.0,2000.0,26.324083574440643
9692,汚水,150.0,2000.0,9.657160711548787
9693,雨水,1500.0,,2.320477968008882
9694,汚水,150.0,2000.0,17.388981313186633
9695,汚水,150.0,2000.0,20.863853832750884
9696,汚水,150.0,2000.0,42.26940798824636
9697,汚水,150.0,2000.0,34.42892631963298
9698,汚水,150.0,2000.0,51.67724857049462
9699,汚水,150.0,2000.0,89.82961345084108
9700,汚水,150.0,2000.0,25.390763225031574
9701,汚水,150.0,2000.0,5.924850637437842
9702,汚水,150.0,2000.0,29.285172240839685
9703,汚水,150.0,2000.0,3.8210425916962256
9704,汚水,150.0,2000.0,29.209040750862332
9705,汚水,150.0,2000.0,31.93197619298124
9706,汚水,150.0,2000.0,10.334242601056241
9707,汚水,150.0,2000.0,22.876906342031887
9708,汚水,150.0,2000.0,5.459265067513247
9709,汚水,150.0,2000.0,85.2061086006958
9710,汚水,150.0,2000.0,51.93573256202788
9711,汚水,150.0,2005.0,21.247829754548892
9712,汚水,150.0,2005.0,3.278779338810863
9713,汚水,150.0,2008.0,30.20303855537807
9714,汚水,150.0,2008.0,20.050268616119638
9715,汚水,150.0,2008.0,39.84513260580974
9716,汚水,150.0,2008.0,46.77217449752741
9717,汚水,150.0,2008.0,58.87920631667412
9718,汚水,150.0,2008.0,24.053930462691472
9719,汚水,150.0,2008.0,24.61169811271111
9720,汚水,150.0,2008.0,89.53502211990015
9721,汚水,150.0,2008.0,39.42534865465739
9722,汚水,150.0,2008.0,11.220439766205105
9723,汚水,150.0,2008.0,64.42086503669495
9724,汚水,150.0,2008.0,25.83194723425812
9725,汚水,150.0,2008.0,40.139339650624265
9726,汚水,150.0,2008.0,10.842444839161931
9727,汚水,150.0,2008.0,80.04469369658614
9728,汚水,150.0,2008.0,73.4766032566728
9729,汚水,150.0,2008.0,71.8945927974083
9730,汚水,150.0,2008.0,42.67758866162354
9731,汚水,150.0,2008.0,2.4256372871508463
9732,汚水,150.0,2008.0,7.5436842157512345
9733,汚水,150.0,2008.0,58.18760061289196
9734,汚水,150.0,2008.0,55.91900788558459
9735,汚水,150.0,2000.0,49.44199670489541
9736,汚水,150.0,2000.0,53.410916204589974
9737,汚水,150.0,2000.0,79.02087588259471
9738,汚水,150.0,2000.0,80.60992047906235
9739,汚水,150.0,2000.0,3.7667102801118393
9740,汚水,150.0,2000.0,4.025575794856759
9741,汚水,200.0,2000.0,49.27753649129682
9742,汚水,200.0,2000.0,50.02171902028832
9743,汚水,150.0,2000.0,8.73307012156979
9744,汚水,150.0,2000.0,9.665010378263506
9745,汚水,150.0,2000.0,25.8374745021652
9746,汚水,150.0,2000.0,82.31500333761798
9747,汚水,150.0,2000.0,45.73665577820101
9748,汚水,150.0,2000.0,35.80174600454916
9749,汚水,150.0,2000.0,32.610044942009544
9750,汚水,150.0,2000.0,37.37421375552961
9751,汚水,200.0,2000.0,19.013466755511082
9752,汚水,200.0,2000.0,12.852354258712683
9753,汚水,150.0,2000.0,27.996049527885766
9754,汚水,150.0,2000.0,13.310590219897122
9755,汚水,150.0,2000.0,13.773497849835236
9756,汚水,150.0,2000.0,18.821362647407526
9757,汚水,150.0,2000.0,16.57939743374922
9758,汚水,150.0,2000.0,32.06817211387567
9759,汚水,150.0,2000.0,14.904047573263576
9760,汚水,150.0,2001.0,88.89181721621344
9761,汚水,150.0,2000.0,28.70945359760798
9762,汚水,150.0,2007.0,66.55892152156905
9763,汚水,150.0,2007.0,27.86391143847989
9764,汚水,150.0,2007.0,57.00206962263021
9765,汚水,150.0,2007.0,20.83011594415972
9766,汚水,150.0,2007.0,18.04620893457286
9767,汚水,150.0,2007.0,38.10017970476386
9768,汚水,150.0,2007.0,21.24798480653369
9769,汚水,150.0,2007.0,21.166098236832195
9770,汚水,150.0,2007.0,18.44610792056138
9771,汚水,150.0,2007.0,11.112254198761073
9772,汚水,150.0,2007.0,3.5708976289093646
9773,汚水,150.0,2007.0,8.708659187887337
9774,汚水,150.0,2007.0,20.66773899636857
9775,汚水,150.0,2007.0,5.730311410584098
9776,汚水,150.0,2007.0,22.553686090100264
9777,汚水,150.0,2007.0,8.562422246178828
9778,汚水,150.0,2007.0,4.433763784154969
9779,汚水,150.0,2007.0,9.633446278330686
9780,汚水,150.0,2007.0,35.90967389510232
9781,汚水,150.0,2007.0,43.2075304573874
9782,汚水,150.0,2007.0,72.4079073484924
9783,汚水,150.0,2007.0,18.426881334228884
9784,汚水,150.0,2007.0,4.951931673083433
9785,汚水,150.0,2007.0,2.610579164387528
9786,汚水,150.0,2007.0,14.032113983507609
9787,汚水,150.0,2007.0,14.874784596241518
9788,汚水,150.0,2007.0,77.11562990600513
9789,汚水,150.0,2007.0,35.33968889249042
9790,汚水,150.0,2007.0,39.70480204317008
9791,汚水,150.0,2007.0,36.97259107284545
9792,汚水,150.0,2007.0,36.23431145783108
9793,汚水,150.0,2007.0,20.768144587129658
9794,汚水,150.0,2007.0,79.97371230649794
9795,汚水,150.0,2007.0,5.652051558300207
9796,汚水,150.0,2007.0,12.916599665993179
9797,汚水,150.0,2008.0,93.14104570968114
9798,汚水,150.0,2008.0,10.043578123488373
9799,汚水,150.0,2008.0,46.794781269352335
9800,汚水,150.0,2008.0,44.29196278373196
9801,汚水,150.0,2008.0,6.811310890106772
9802,汚水,150.0,2008.0,98.21211908365272
9803,汚水,150.0,2008.0,97.55490143691098
9805,汚水,150.0,2008.0,5.432614714581321
9806,汚水,150.0,2008.0,29.286515330605855
9807,汚水,150.0,2008.0,5.4113257744676755
9808,汚水,150.0,2008.0,81.1189531658997
9809,汚水,150.0,2008.0,41.02546010751238
9810,汚水,150.0,2008.0,5.429730633156584
9811,汚水,150.0,2008.0,77.77565451915869
9812,汚水,150.0,2008.0,71.64163609133827
9813,汚水,150.0,2008.0,44.438363537696496
9814,汚水,150.0,2008.0,5.456487635951093
9815,汚水,150.0,2008.0,64.8340727143365
9816,汚水,150.0,2008.0,86.57001051807332
9817,汚水,150.0,2008.0,55.413944202417916
9818,汚水,150.0,2008.0,66.5477735273826
9819,汚水,150.0,2008.0,51.530151231438225
9820,汚水,150.0,2008.0,46.728547298980445
9821,汚水,150.0,2008.0,89.59788686497585
9822,汚水,150.0,2008.0,53.08800173899666
9823,汚水,150.0,2008.0,53.47749486786439
9824,汚水,150.0,2008.0,97.83828272938497
9825,汚水,150.0,2008.0,34.822408940309025
9826,汚水,150.0,2008.0,38.70961397356099
9827,汚水,150.0,2008.0,46.880631565370216
9828,汚水,150.0,2008.0,96.76162636006377
9829,汚水,150.0,2008.0,68.24111012015503
9830,汚水,150.0,2008.0,42.42485084216726
9831,汚水,150.0,2008.0,50.753992188269414
9832,汚水,150.0,2008.0,49.24090298171607
9833,汚水,150.0,2008.0,7.139839897492186
9834,汚水,150.0,2008.0,74.74521719656597
9835,汚水,150.0,2008.0,86.60484291527474
9836,汚水,150.0,2008.0,81.912255342664
9837,汚水,150.0,2008.0,69.04873199898913
9838,汚水,150.0,2008.0,22.984180256594918
9839,汚水,150.0,2008.0,16.133563326285174
9840,汚水,150.0,2008.0,72.25641095718869
9841,汚水,150.0,2008.0,26.559829423677588
9842,汚水,150.0,2008.0,45.478119184337906
9843,汚水,150.0,2008.0,26.501569242480638
9844,汚水,150.0,2008.0,26.797789122379672
9845,汚水,150.0,2008.0,34.59813712245879
9846,汚水,150.0,2008.0,51.85878274218767
9847,汚水,200.0,2000.0,4.8664008973248505
9848,汚水,200.0,2000.0,8.06257683315524
9849,汚水,250.0,2000.0,27.903719539138923
9850,汚水,150.0,2007.0,7.411744163030859
9851,汚水,150.0,2007.0,7.593580534001571
9852,汚水,150.0,2007.0,55.83069170760089
9853,汚水,150.0,2007.0,37.220920284922045
9854,汚水,150.0,2007.0,6.49774493717735
9855,汚水,150.0,2007.0,21.98153294574562
9856,汚水,150.0,2007.0,29.110356818404423
9857,汚水,150.0,2007.0,31.662000940686536
9858,汚水,150.0,2007.0,61.83700554928844
9859,汚水,150.0,2007.0,15.138597087085378
9860,汚水,150.0,2007.0,29.14362827383616
9861,汚水,150.0,2007.0,68.60919156506753
9862,汚水,150.0,2007.0,9.5385341625388
9863,汚水,150.0,2007.0,5.1679192767601405
9864,汚水,150.0,2007.0,60.643659083249275
9865,汚水,150.0,2007.0,3.571287081601969
9866,汚水,150.0,2007.0,4.066277463541416
9867,汚水,150.0,2007.0,41.25004330029308
9868,汚水,150.0,2007.0,33.29218889132138
9869,汚水,150.0,2007.0,15.679876335545334
9870,汚水,150.0,2007.0,22.45448480789149
9871,汚水,150.0,2007.0,21.95642119213009
9872,汚水,150.0,2007.0,53.708093700722415
9873,汚水,150.0,2007.0,58.64038640224721
9874,汚水,200.0,2007.0,90.02471898970958
9875,汚水,200.0,2007.0,3.805397680766691
9876,汚水,200.0,2007.0,67.98043831743837
9877,汚水,200.0,2007.0,47.47220798476165
9878,汚水,150.0,2007.0,7.801604366882338
9879,汚水,150.0,2007.0,56.94747561771608
9880,汚水,150.0,2007.0,51.28056173869333
9881,汚水,150.0,2007.0,2.9838956754159978
9882,汚水,150.0,2007.0,9.166700904423749
9883,汚水,150.0,2007.0,3.280090885612697
9884,汚水,150.0,2007.0,27.222674760467807
9885,汚水,150.0,2007.0,25.851461467532218
9887,汚水,150.0,2007.0,27.55781025891095
9888,汚水,150.0,2008.0,38.42924437028166
9889,汚水,150.0,2008.0,53.48518115696228
9890,汚水,150.0,2008.0,50.884391269547315
9891,汚水,150.0,2008.0,9.4684809256629
9892,汚水,150.0,2008.0,54.76343981063137
9893,汚水,150.0,2008.0,8.105246321655352
9894,汚水,150.0,2008.0,56.718870926142266
9895,汚水,150.0,2008.0,94.14196516437684
9896,汚水,150.0,2008.0,3.780155330066116
9897,汚水,150.0,2008.0,44.600095573602715
9898,汚水,150.0,2008.0,53.48055546971105
9899,汚水,150.0,2008.0,42.06141177019148
9900,汚水,150.0,2008.0,5.471620358754537
9901,汚水,150.0,2008.0,71.0142610591707
9902,汚水,150.0,2008.0,73.65025929525625
9903,汚水,150.0,2008.0,4.780739409750094
9904,汚水,150.0,2008.0,63.82346324009124
9905,汚水,150.0,2008.0,64.88236788703131
9906,汚水,150.0,2008.0,30.927791857697475
9907,汚水,150.0,2008.0,8.985390551791035
9908,汚水,150.0,2008.0,21.302651375009056
9909,汚水,150.0,2008.0,12.054937575923637
9910,汚水,150.0,2008.0,18.147186443925545
9911,汚水,150.0,2008.0,27.7334909633136
9912,汚水,150.0,2008.0,49.13985560047141
9913,汚水,150.0,2008.0,40.65871520892754
9914,汚水,150.0,2008.0,91.84794144481418
9915,汚水,150.0,2008.0,19.718769460675816
9916,汚水,150.0,2008.0,18.087600390393757
9917,汚水,150.0,2008.0,21.616956268743913
9918,汚水,150.0,2008.0,18.012487479644367
9919,汚水,150.0,2008.0,22.045174226942496
9920,汚水,150.0,2008.0,3.3011824280401987
9921,汚水,150.0,2008.0,5.379471105775681
9922,汚水,150.0,2008.0,73.32389078616013
9923,汚水,150.0,2008.0,46.93372993603862
2102,汚水,150.0,2007.0,15.193945360832977
2103,汚水,150.0,2007.0,6.119980817869405
2104,汚水,150.0,2007.0,16.008273553868655
2105,汚水,150.0,2007.0,13.821972323503251
2106,汚水,150.0,2007.0,13.098046866461484
2107,汚水,150.0,2007.0,20.167992499463015
2108,汚水,150.0,2007.0,63.614572563533805
2109,汚水,150.0,2007.0,16.914834135781675
2110,汚水,150.0,2007.0,5.380350474405321
1822,汚水,150.0,2007.0,38.33705617181851
1823,汚水,150.0,2007.0,9.197449706512803
1824,汚水,150.0,2007.0,66.03015376583092
1825,汚水,150.0,2007.0,7.7858998439973135
1826,汚水,150.0,2007.0,8.917173139343255
1827,汚水,150.0,2007.0,17.21769120088118
1828,汚水,150.0,2007.0,17.93318201035613
1829,汚水,150.0,2007.0,14.236484020734657
1830,汚水,150.0,2007.0,25.832308953339883
1831,汚水,150.0,2007.0,35.68943418376724
1832,汚水,150.0,2007.0,18.83327154077231
1833,汚水,150.0,2007.0,18.243167871699615
1834,汚水,150.0,2007.0,19.89198179252147
1835,汚水,150.0,2007.0,4.213717919486959
1836,汚水,150.0,2007.0,9.479572137669301
1837,汚水,150.0,2007.0,27.082801192681014
1838,汚水,150.0,2007.0,27.26013823133791
1839,汚水,150.0,2007.0,28.808033693613226
1840,汚水,150.0,2007.0,14.096590299631291
1841,汚水,150.0,2007.0,3.41574389191389
1842,汚水,150.0,2007.0,12.662627724633692
1843,汚水,150.0,2007.0,12.74087511497788
1844,汚水,150.0,2007.0,9.834335791107621
1845,汚水,200.0,1993.0,36.436604670395255
1846,汚水,150.0,2007.0,11.823161480253995
1847,汚水,150.0,2007.0,14.39485616089046
1848,汚水,150.0,2007.0,14.293587070492034
1849,汚水,150.0,2007.0,16.256055268239116
1850,汚水,150.0,2007.0,5.979839585265668
1851,汚水,150.0,2007.0,37.22670589643052
1852,汚水,150.0,2007.0,8.65456377539211
1853,汚水,150.0,2007.0,51.131245029071344
1854,汚水,150.0,2007.0,13.647429806151155
1855,汚水,150.0,2007.0,2.802355254217076
1856,汚水,150.0,2007.0,4.248811156764718
1857,汚水,150.0,2007.0,4.601602540772459
1858,汚水,150.0,2007.0,5.458490945089447
1859,汚水,150.0,2007.0,5.374713030630581
1860,汚水,150.0,2007.0,16.44598516194939
1861,汚水,150.0,2007.0,3.0629373485277096
1862,汚水,150.0,2007.0,20.795021655695688
1863,汚水,150.0,2007.0,6.086521168983179
1864,汚水,150.0,2007.0,7.457113467204502
1865,汚水,150.0,2007.0,31.879993797994754
1866,汚水,150.0,2007.0,23.14612562117418
1867,汚水,150.0,2007.0,35.85052450032725
1868,汚水,150.0,2007.0,6.00119146444437
1869,汚水,150.0,2007.0,44.371120618895475
1870,汚水,150.0,2007.0,26.476463164791575
1871,汚水,150.0,2007.0,11.187822942763372
1872,汚水,150.0,2002.0,39.28076411003349
1873,汚水,150.0,2002.0,32.80247315744856
1874,汚水,150.0,2002.0,54.87439588361412
1875,汚水,150.0,2002.0,41.70417421703425
1876,汚水,150.0,2002.0,64.04513489949429
1877,汚水,150.0,2002.0,35.13607668442634
1878,汚水,150.0,2002.0,53.74359385530009
1879,汚水,150.0,2002.0,63.66639512174324
1880,汚水,150.0,2002.0,43.371916215722614
1881,汚水,150.0,2002.0,59.93370862703633
1882,汚水,150.0,2002.0,33.72354655392115
1883,汚水,150.0,2002.0,37.10672375847188
1884,汚水,150.0,2002.0,5.229325370533839
1885,汚水,150.0,2002.0,30.96325061225228
1886,汚水,150.0,2002.0,34.610369876412655
1887,汚水,150.0,2002.0,3.0992493583414182
1888,汚水,150.0,2002.0,42.46317796721106
1889,汚水,150.0,2002.0,33.435251128705005
1890,汚水,250.0,1990.0,39.95722446337838
1891,汚水,150.0,2002.0,29.784583145334896
1892,汚水,150.0,2002.0,30.9500386005381
1893,汚水,150.0,2002.0,84.23937323116043
1894,汚水,150.0,2002.0,95.49878282116713
1895,汚水,150.0,2002.0,94.64096652738674
1896,汚水,150.0,2002.0,99.51871481726685
1897,汚水,150.0,2002.0,53.92026306016598
1898,汚水,150.0,2002.0,49.69445116040591
1899,汚水,150.0,2002.0,5.237559529695667
1900,汚水,150.0,2002.0,47.08975689388868
1901,汚水,150.0,2002.0,19.060425495221462
1902,汚水,150.0,2002.0,4.456404663874242
1903,汚水,150.0,2002.0,19.746558877663293
1904,汚水,150.0,2002.0,2.7912004884142574
1905,汚水,150.0,2002.0,20.418827522771405
1906,汚水,150.0,2002.0,23.251585182121676
1907,汚水,150.0,2002.0,44.18026973169201
1908,汚水,150.0,2002.0,22.60509781938264
1909,汚水,150.0,2002.0,39.43509349309186
1910,汚水,150.0,2002.0,16.534425550754722
1911,汚水,150.0,2002.0,47.27509012449535
1912,汚水,150.0,2002.0,22.35316595686165
1913,汚水,150.0,2002.0,6.028946892281162
1914,汚水,150.0,2002.0,7.343792097701755
1915,汚水,150.0,2002.0,14.082347459372897
1916,汚水,150.0,2002.0,19.36453162197125
1917,汚水,150.0,2002.0,14.15997560230665
1918,汚水,150.0,2002.0,22.894039345000206
1919,汚水,150.0,2002.0,34.62490698766996
1920,汚水,150.0,2002.0,2.564142178359787
1921,汚水,150.0,2002.0,17.432549725865396
1922,汚水,150.0,2002.0,32.7900672243528
1923,汚水,150.0,2002.0,31.67019618784832
1924,汚水,150.0,2002.0,3.180756230694799
1925,汚水,150.0,2002.0,22.47496630526835
1926,汚水,150.0,2002.0,24.139269636490383
1927,汚水,150.0,2002.0,8.020358739373506
1928,汚水,150.0,2002.0,28.239108656610185
1929,汚水,150.0,2002.0,24.700448797405368
1930,汚水,150.0,2002.0,31.468301476621637
1931,汚水,150.0,2002.0,32.36207467428487
1932,汚水,150.0,2002.0,3.018021304952841
1933,汚水,150.0,2002.0,57.26137471987932
1934,汚水,150.0,2002.0,32.12584551964331
1935,汚水,150.0,2002.0,15.223202883951334
1938,汚水,200.0,1993.0,70.51095981406726
1942,汚水,150.0,2005.0,53.86048716065421
1943,汚水,150.0,2005.0,85.37672762102518
1944,汚水,150.0,2005.0,38.887839778069996
1945,汚水,150.0,2005.0,5.328433540618251
1946,汚水,150.0,2005.0,6.657514945832845
1947,汚水,150.0,2005.0,54.15490679759902
1948,汚水,150.0,2005.0,4.9307599381929865
1949,汚水,150.0,2005.0,34.294591525939104
1950,汚水,150.0,2005.0,8.887037972469994
1951,汚水,150.0,2005.0,62.17051158282189
1952,汚水,150.0,2005.0,57.94439004857946
1953,汚水,150.0,2005.0,60.63895815709663
1954,汚水,150.0,2005.0,22.989102199527203
1955,汚水,150.0,2005.0,38.52792851574575
1956,汚水,150.0,2005.0,90.02667507563311
1957,汚水,150.0,2005.0,5.220300462646049
1958,汚水,150.0,2005.0,22.173666322838336
1959,汚水,150.0,2005.0,86.31145455932608
1960,汚水,300.0,2005.0,118.46812509621628
1961,汚水,300.0,2005.0,42.2610642148677
1962,汚水,300.0,2005.0,105.16659923208323
1963,汚水,150.0,2005.0,74.29883753953378
1964,汚水,150.0,2005.0,3.4752971211837207
1965,汚水,150.0,2005.0,36.831949414997794
1966,汚水,150.0,2005.0,88.18762389048871
1968,汚水,150.0,2005.0,67.95511051089268
1969,汚水,150.0,2005.0,38.27609179441771
1970,汚水,150.0,2005.0,61.55346410769486
1971,汚水,150.0,2005.0,59.24892350749213
1972,汚水,150.0,2005.0,55.94963464750552
1973,汚水,150.0,2005.0,70.50576865522329
1974,汚水,150.0,2005.0,63.188354990588934
1975,汚水,150.0,2005.0,69.09861886173583
1976,汚水,150.0,2005.0,33.53347496767391
1977,汚水,200.0,2005.0,57.596782275298956
1978,汚水,150.0,2005.0,70.16845232973579
1979,汚水,150.0,2005.0,6.253729499600027
1980,汚水,150.0,2005.0,55.254317976624854
1981,汚水,150.0,2005.0,50.248231025859496
1982,汚水,150.0,2005.0,43.52478418161574
1983,汚水,150.0,2005.0,7.6006475055506515
1984,汚水,150.0,2005.0,33.403938748834285
1985,汚水,150.0,2005.0,49.76545133404392
1986,汚水,150.0,2005.0,59.36312788061439
1987,汚水,150.0,2005.0,3.249802437977665
1988,汚水,150.0,2005.0,36.60358032365191
1989,汚水,650.0,2006.0,120.26430418832669
1990,汚水,150.0,2008.0,10.412749163697253
1991,汚水,250.0,1988.0,15.482948056746139
1992,汚水,250.0,1988.0,13.534756641724156
1994,汚水,250.0,1988.0,17.15202036581392
1995,汚水,250.0,1988.0,16.679004261912514
1996,汚水,250.0,1988.0,15.012599443957562
1997,汚水,250.0,1988.0,16.570703368428063
1998,汚水,250.0,1988.0,27.443522876790112
2000,汚水,250.0,1988.0,10.050706834840991
2001,汚水,250.0,1988.0,43.53686059996912
2002,汚水,250.0,1988.0,6.0454567059451625
2004,汚水,250.0,1988.0,39.42736295731504
2005,汚水,250.0,1988.0,25.10946194829238
2006,汚水,250.0,1988.0,22.320957622478623
2007,汚水,250.0,1988.0,39.57102939433116
2008,汚水,250.0,1988.0,39.58601107847966
2009,汚水,250.0,1988.0,11.16039978962078
2010,汚水,250.0,1988.0,42.91123030769008
2011,汚水,250.0,1988.0,32.72090343271777
2012,汚水,250.0,1988.0,26.572361315517238
2013,汚水,250.0,1988.0,27.232031208128518
2014,汚水,250.0,1988.0,29.514054570875174
2015,汚水,250.0,1988.0,48.799077001731646
2016,汚水,250.0,1988.0,23.246597470519212
2017,汚水,250.0,1988.0,24.532290779657277
2019,汚水,200.0,1993.0,23.064179639395096
2021,汚水,200.0,1993.0,16.6488252326519
2022,汚水,200.0,1993.0,25.019986448486076
2023,汚水,200.0,1993.0,18.468540411441868
2024,汚水,200.0,1993.0,25.69230677526867
2025,汚水,200.0,1993.0,25.10043088270331
2026,汚水,200.0,1993.0,4.5138768750525236
2027,汚水,200.0,1993.0,13.65143537814049
2028,汚水,200.0,1993.0,13.631604924091524
2029,汚水,200.0,1993.0,21.46350691773209
2030,汚水,200.0,1994.0,66.42416522494892
2031,汚水,200.0,1993.0,59.889290582767465
2032,汚水,200.0,1993.0,18.24102532620138
2033,汚水,200.0,1993.0,11.760156608555064
2034,汚水,200.0,1993.0,17.82361346304172
2035,汚水,200.0,1993.0,6.192727562241271
2036,汚水,200.0,1993.0,12.229751146949141
2037,汚水,200.0,1993.0,19.62680412821189
2038,汚水,200.0,1993.0,3.6781307389634508
2039,汚水,200.0,1993.0,7.359884181622048
2040,汚水,200.0,1993.0,29.401485239973955
2041,汚水,200.0,1993.0,21.63531735283718
2042,汚水,200.0,1993.0,18.970391945026925
2043,汚水,200.0,1993.0,24.453202854397325
2044,汚水,200.0,1993.0,3.827960532938581
2045,汚水,200.0,1993.0,10.985542063686344
2046,汚水,200.0,1993.0,4.136726859206442
2048,汚水,200.0,1993.0,4.598060266004025
2049,汚水,200.0,1993.0,30.888314718660226
2051,汚水,200.0,1993.0,47.75719947923857
2053,汚水,,1993.0,52.28100451174321
2054,汚水,200.0,1994.0,52.97718081460122
2056,汚水,200.0,1993.0,46.230430908437334
2057,汚水,200.0,1993.0,16.413013531867485
2058,汚水,200.0,1993.0,5.219725237407123
2059,汚水,250.0,1993.0,29.774294013459276
2111,汚水,150.0,2007.0,12.655684556672563
2112,汚水,150.0,2007.0,3.7906293564574707
2113,汚水,150.0,2007.0,35.761978622726474
2114,汚水,150.0,2007.0,31.598977455857955
2115,汚水,150.0,2007.0,3.115219579922735
2116,汚水,150.0,2007.0,21.909555074324075
2117,汚水,150.0,2007.0,8.394637724067715
2118,汚水,150.0,2007.0,14.488696725004457
2119,汚水,150.0,2007.0,13.973947457848107
2120,汚水,150.0,2007.0,14.714746095841944
2121,汚水,250.0,1989.0,6.259357334087075
2122,汚水,250.0,2007.0,23.927006357072518
2123,汚水,250.0,2007.0,14.053182540453568
2124,汚水,250.0,2007.0,20.83151951484065
2125,汚水,250.0,2007.0,14.814943685352993
2128,汚水,250.0,2007.0,25.16162786229281
2129,汚水,150.0,2007.0,15.553342329137509
2130,汚水,150.0,2007.0,23.86757732000583
2131,汚水,150.0,2007.0,60.736028791130835
2132,汚水,150.0,2007.0,4.360232175133569
2133,汚水,150.0,2007.0,13.788904765507452
2134,汚水,150.0,2007.0,15.152918244432689
2135,汚水,150.0,2007.0,6.31025712064589
2136,汚水,150.0,2007.0,15.279005766954574
2137,汚水,150.0,2007.0,19.26807883742474
2138,汚水,150.0,2007.0,23.694855841294135
2139,汚水,150.0,2007.0,15.967449402889901
2140,汚水,150.0,2007.0,27.416058354463626
2141,汚水,150.0,2007.0,12.263594331522919
2142,汚水,150.0,2007.0,11.909421382910462
2143,汚水,150.0,2007.0,12.426708186264362
2144,汚水,150.0,2007.0,22.727093268219168
2145,汚水,150.0,2007.0,22.555568054919185
2146,汚水,150.0,2007.0,7.036457461387263
2147,汚水,150.0,2007.0,15.078925504714901
2148,汚水,150.0,2007.0,20.344561999289667
2149,汚水,150.0,2007.0,41.22943049066592
2150,汚水,150.0,2007.0,3.3088380368004815
2151,汚水,150.0,2007.0,11.846680916103656
2152,汚水,150.0,2007.0,11.618800473330904
2153,汚水,150.0,2007.0,49.469980753733445
2154,汚水,150.0,2007.0,14.719455604207534
2155,汚水,150.0,2007.0,7.773657562676831
2156,汚水,150.0,2007.0,5.357322137556748
2157,汚水,350.0,1990.0,105.10917331805747
2158,汚水,150.0,2007.0,26.619514317991605
2159,汚水,150.0,2007.0,12.857342317703168
2160,汚水,150.0,2007.0,22.42418588619942
2161,汚水,150.0,2007.0,11.604783547304432
2162,汚水,150.0,2007.0,30.253425654597425
2163,汚水,150.0,2007.0,18.047090976877787
2164,汚水,150.0,2007.0,3.562973257116399
2165,汚水,150.0,2007.0,23.904343013254948
2166,汚水,150.0,2007.0,9.8968441324589
2167,汚水,150.0,2007.0,19.621733598846404
2168,汚水,150.0,2007.0,7.902704982660811
2169,汚水,150.0,2007.0,7.431970443164367
2170,汚水,150.0,2007.0,25.76397970422371
2171,汚水,150.0,2007.0,22.76607481015305
2172,汚水,150.0,2007.0,4.822269700059044
2173,汚水,150.0,2007.0,22.499109920560237
2174,汚水,250.0,1990.0,48.31222591866994
2175,汚水,150.0,2007.0,65.70194559428043
2176,汚水,150.0,2007.0,9.24866765482882
2177,汚水,150.0,2007.0,8.897215887920458
2178,汚水,150.0,2007.0,16.792876016571753
2179,汚水,150.0,2007.0,15.530333292382618
2180,汚水,150.0,2011.0,31.824685457803284
2181,汚水,150.0,2007.0,15.07824286302779
2182,汚水,150.0,2007.0,30.25839553922309
2183,汚水,150.0,2007.0,9.92117845970833
2184,汚水,150.0,2007.0,8.561865260289022
2185,汚水,150.0,2008.0,17.801153330833564
18054,汚水,150.0,2011.0,28.44622733269715
18055,汚水,150.0,2011.0,26.216080325966594
18056,汚水,150.0,2011.0,4.331279302701397
18057,汚水,150.0,2011.0,37.694322184518136
18058,汚水,150.0,2011.0,50.487090834407816
18059,汚水,150.0,,25.312838292551778
18060,汚水,150.0,2011.0,47.46235675452724
18061,汚水,150.0,2011.0,4.581156347591648
18062,汚水,150.0,2011.0,4.185995572578393
18063,汚水,150.0,2011.0,17.657964439716668
18064,汚水,150.0,2011.0,10.661449076786493
18065,汚水,150.0,2011.0,6.663307372804768
18066,汚水,150.0,2011.0,12.63199327789269
18067,汚水,150.0,2011.0,26.43493805545642
18068,汚水,150.0,2011.0,49.84280542652136
18069,汚水,150.0,2011.0,8.961675271583273
18070,汚水,150.0,2011.0,17.485483891280882
18071,汚水,150.0,2011.0,12.676231014599821
18072,汚水,150.0,2011.0,22.739287193758916
18073,汚水,150.0,2011.0,34.5999530580731
18074,汚水,150.0,2004.0,11.339221853331644
18075,汚水,150.0,2011.0,31.435075831625383
18076,汚水,150.0,2011.0,2.2875205009728026
18077,汚水,150.0,2011.0,21.984682221597424
18078,汚水,150.0,2011.0,28.260898965751196
18079,汚水,150.0,2011.0,14.744907025904936
18080,汚水,150.0,2011.0,28.292390937449014
18081,汚水,150.0,2011.0,15.207579725694806
18082,汚水,150.0,2011.0,15.964857427489507
18083,汚水,150.0,2011.0,10.62964172519208
18084,汚水,150.0,2011.0,8.868489976797306
18085,汚水,150.0,2011.0,4.076180951568069
18086,汚水,150.0,2010.0,59.81894897985612
18087,汚水,150.0,2011.0,26.851089504625964
18088,汚水,150.0,2011.0,92.70321809765717
18089,汚水,150.0,2011.0,20.352834873948478
18090,汚水,150.0,2011.0,8.274978367453008
18091,汚水,150.0,2011.0,12.483287793726157
18092,汚水,150.0,2011.0,20.18152817859196
18093,汚水,150.0,2011.0,29.99715956340282
18094,汚水,150.0,2011.0,41.993436031532276
18095,汚水,150.0,2011.0,10.93449173711047
18096,汚水,150.0,2011.0,25.117847384056752
18097,汚水,150.0,2011.0,23.30236463985295
18098,汚水,150.0,2011.0,30.780531029718322
18099,汚水,150.0,2011.0,84.7920554252777
18100,汚水,150.0,2011.0,44.844798112272464
18101,汚水,150.0,2011.0,28.219609534058037
18102,汚水,150.0,2011.0,6.081112896770584
18103,汚水,150.0,2011.0,20.49249149803887
18104,汚水,150.0,2011.0,3.994744933941405
18105,汚水,150.0,2011.0,6.0898721195297405
18106,汚水,150.0,2011.0,22.866747319868733
18107,汚水,150.0,2011.0,20.239875402700243
18108,汚水,150.0,2011.0,6.892462291915989
18109,汚水,150.0,2011.0,3.2127567149534197
18110,汚水,150.0,2011.0,21.27959133633949
18111,汚水,200.0,2011.0,55.745388923709285
18112,汚水,150.0,2011.0,1.890666167713505
18113,汚水,150.0,2011.0,15.149269451973808
18114,汚水,150.0,2011.0,22.10999256683599
18115,汚水,150.0,2011.0,12.243064830138264
18116,汚水,150.0,2011.0,28.562469144162723
18117,汚水,150.0,2011.0,25.549864296597185
18118,汚水,150.0,2011.0,2.2824045718645958
18119,汚水,150.0,2011.0,9.497898514406794
18120,汚水,150.0,2011.0,10.991684577696919
18121,汚水,150.0,2011.0,4.182038062419677
18122,汚水,150.0,2011.0,49.181750989935054
18123,汚水,150.0,2011.0,19.331963918031708
18124,汚水,150.0,2011.0,69.83636922002553
18125,汚水,150.0,2011.0,14.422999755677267
18126,汚水,150.0,2011.0,11.219760786181261
18127,汚水,150.0,2011.0,5.349338238612505
18128,汚水,150.0,2011.0,56.294257697450846
18129,汚水,150.0,2011.0,32.79901171201173
18130,汚水,150.0,2011.0,23.67774412122686
18131,汚水,150.0,2011.0,33.80671001468171
18132,汚水,150.0,2011.0,60.55321183031632
18134,汚水,150.0,2011.0,16.185628115931696
18135,汚水,150.0,2011.0,12.538249568469272
18136,汚水,150.0,2011.0,27.856924435231875
18137,汚水,150.0,2011.0,36.781610458489666
18138,汚水,150.0,2011.0,22.223247882436716
18139,汚水,150.0,2011.0,8.241224844762247
18140,汚水,150.0,2011.0,37.18970905536777
18141,汚水,150.0,2011.0,8.432603154242837
18142,汚水,150.0,2011.0,14.96955813099924
18143,汚水,150.0,2011.0,23.17762397411642
18144,汚水,150.0,2011.0,21.942231490220507
18145,汚水,150.0,2011.0,6.615068423316595
18146,汚水,150.0,2011.0,25.217101947645315
18147,汚水,150.0,2011.0,7.078195050449754
18148,汚水,150.0,2011.0,9.902608139812692
18149,汚水,150.0,2011.0,21.225398004296448
18150,汚水,250.0,2011.0,16.053349131210496
18151,汚水,250.0,2011.0,7.950463338538164
18152,汚水,250.0,2011.0,7.726613253034172
18153,汚水,250.0,2011.0,24.860713126615387
18154,汚水,250.0,2011.0,37.98927157714528
18155,汚水,250.0,2011.0,16.757215283362022
18156,汚水,250.0,2011.0,23.55303542887273
18157,汚水,250.0,2011.0,23.418132462861816
18182,汚水,150.0,2011.0,22.168965893634862
18183,汚水,200.0,2011.0,17.335263019968167
18184,汚水,150.0,2011.0,3.501509715800358
18185,汚水,150.0,2011.0,13.474344951390233
18186,汚水,150.0,2011.0,30.535248076492312
18187,汚水,150.0,2011.0,62.03038619979375
18188,汚水,150.0,2011.0,36.45361806591966
18189,汚水,150.0,2011.0,49.5271447825331
18190,汚水,250.0,2011.0,22.860523267897225
18191,汚水,250.0,2011.0,14.576821737921742
18192,汚水,250.0,2011.0,21.108136376954864
18193,汚水,250.0,2011.0,31.94013167634946
18194,汚水,250.0,2011.0,18.677241935311844
18195,汚水,250.0,1987.0,28.676679058758133
18196,汚水,150.0,2011.0,29.80160326072224
18197,汚水,150.0,2011.0,3.7447045993740464
18260,汚水,250.0,2009.0,8.400901309813921
18261,汚水,150.0,2009.0,87.61088796352064
18262,汚水,150.0,2009.0,12.161813417101266
18264,汚水,150.0,2009.0,11.434796521583484
18265,汚水,150.0,2009.0,32.55695175413918
18266,汚水,150.0,2009.0,25.607125509760035
18267,汚水,150.0,2009.0,40.94194559246329
18268,汚水,150.0,2009.0,39.44731463464281
18269,汚水,150.0,2009.0,8.410944751539574
18270,汚水,250.0,2009.0,6.773674018651838
18271,汚水,150.0,2009.0,83.56553455854358
18272,汚水,150.0,2009.0,2.4109036634368843
18273,汚水,150.0,2009.0,11.364611581151985
18274,汚水,150.0,2009.0,14.990256882763761
18275,汚水,150.0,2009.0,45.27768862262064
18276,汚水,150.0,2009.0,7.625299458995967
18277,汚水,150.0,2009.0,22.220916777063685
18278,汚水,150.0,2009.0,6.423045455880811
18279,汚水,150.0,2009.0,9.99138813429519
18280,汚水,150.0,2009.0,12.354495562949616
18281,汚水,150.0,2009.0,23.944781119271312
18282,汚水,150.0,2009.0,12.3470073551678
18283,汚水,150.0,2009.0,4.6419240527778225
18284,汚水,150.0,2009.0,5.991643586121406
18285,汚水,150.0,2009.0,2.8196875380669923
18286,汚水,150.0,2009.0,5.585192932555984
18287,汚水,150.0,2009.0,2.9979130545957826
18288,汚水,150.0,2009.0,10.429158252020803
18289,汚水,150.0,2009.0,4.6037812809275485
18290,汚水,150.0,2009.0,8.125556172919007
18291,汚水,150.0,2009.0,3.6977066949544715
18292,汚水,150.0,2009.0,1.9185311437309482
18293,汚水,150.0,2009.0,22.140757272881757
18294,汚水,150.0,2009.0,17.76741270049391
18295,汚水,150.0,2009.0,22.34850703333418
18296,汚水,250.0,2009.0,85.35260327528485
18297,汚水,200.0,2009.0,80.9032761670499
18298,汚水,250.0,2009.0,40.394599278925064
18299,汚水,200.0,2009.0,14.618709896290673
18300,汚水,300.0,2009.0,70.98292133184175
18301,汚水,300.0,2009.0,66.28242389029953
18302,汚水,250.0,2009.0,49.12780554918476
18303,汚水,300.0,2009.0,66.70477386681748
18304,汚水,150.0,2009.0,15.977978305349517
18305,汚水,150.0,2009.0,10.136661993147401
18306,汚水,150.0,2009.0,28.964632805104774
18307,汚水,150.0,2009.0,19.602486407014833
18308,汚水,150.0,2009.0,6.8304602013801485
18309,汚水,150.0,2009.0,10.130264763931212
18310,汚水,150.0,2009.0,3.713696065055372
18311,汚水,150.0,2009.0,31.76992928281696
18312,汚水,150.0,2009.0,14.6757712575745
18313,汚水,150.0,2009.0,5.194006013167991
18314,汚水,150.0,2009.0,3.8665128513806746
18315,汚水,150.0,2009.0,28.71614655894487
18316,汚水,150.0,2009.0,3.61646633173165
18317,汚水,150.0,2009.0,6.177786602696764
18318,汚水,150.0,2009.0,3.367083759884802
18319,汚水,150.0,2009.0,2.216773222224441
18320,汚水,150.0,2009.0,5.397006307429898
18321,汚水,150.0,2009.0,1.720002617784273
18322,汚水,150.0,2009.0,7.870306222511881
18323,汚水,150.0,2009.0,8.887878164320716
18324,汚水,150.0,2009.0,24.468458817738064
18325,汚水,150.0,2009.0,17.82802054762333
18326,汚水,150.0,2009.0,6.155136103516943
18327,汚水,150.0,2009.0,23.815632958188996
18328,汚水,300.0,2009.0,4.711927464382591
18329,汚水,250.0,2009.0,16.66795672036627
18330,汚水,150.0,2009.0,35.95490091721385
18331,汚水,150.0,2009.0,32.93323615098163
18332,汚水,250.0,2009.0,4.193522288666431
18333,汚水,150.0,2009.0,39.98350315625162
18334,汚水,300.0,2009.0,91.92504034224032
18335,汚水,150.0,2009.0,43.73484727607522
18336,汚水,150.0,2009.0,7.155433995718643
18337,汚水,150.0,2009.0,8.882055353969221
18338,汚水,150.0,2009.0,10.830858058162596
18339,汚水,150.0,2009.0,18.098205090780915
18340,汚水,150.0,2009.0,50.390768979893274
18341,汚水,150.0,2009.0,22.227353809905708
18342,汚水,150.0,2009.0,63.32384011285287
18343,汚水,150.0,2009.0,24.34355243528308
18345,汚水,150.0,2009.0,23.69067755760776
18346,汚水,150.0,2009.0,63.19351974897518
18347,汚水,150.0,2009.0,32.86580201747127
18348,汚水,150.0,2009.0,40.0784597608391
18349,汚水,150.0,2009.0,45.58292553426386
18350,汚水,150.0,2009.0,90.43454201256984
18351,汚水,150.0,2009.0,45.01260125337215
18352,汚水,150.0,2009.0,9.305624910779969
18353,汚水,150.0,2009.0,9.348773472291985
18354,汚水,150.0,2009.0,3.4717836469710095
18355,汚水,150.0,2009.0,4.962827021978341
18356,汚水,250.0,1991.0,33.66272876562442
18357,汚水,150.0,2009.0,47.70747938815784
18358,汚水,150.0,2009.0,11.10188932945034
18359,汚水,150.0,2009.0,6.537684660800762
18360,汚水,150.0,2009.0,13.365873177908442
18362,汚水,150.0,2009.0,6.89632429853398
18363,汚水,150.0,2009.0,11.631998861101543
18364,汚水,150.0,2009.0,18.204295535315932
18365,汚水,150.0,2009.0,5.513388415505681
18366,汚水,150.0,2009.0,12.351155282997485
18367,汚水,150.0,2009.0,3.704544205150488
18368,汚水,150.0,2009.0,10.340176033260922
18369,汚水,150.0,2009.0,46.36531443127634
18370,汚水,150.0,2009.0,69.63055531341068
18371,汚水,300.0,2009.0,41.494494207756446
18372,汚水,150.0,2009.0,40.88820045932791
18373,汚水,150.0,2009.0,4.797580504635513
18374,汚水,200.0,1994.0,42.774057616769284
18375,汚水,300.0,2009.0,61.81607469809976
2186,汚水,150.0,2008.0,5.551360554032078
2187,汚水,150.0,2008.0,48.643383834713575
2188,汚水,150.0,2008.0,27.741211438414627
2189,汚水,150.0,2008.0,28.896771488061404
2190,汚水,150.0,2008.0,27.538188245978606
2191,汚水,150.0,2008.0,54.303128732573654
2192,汚水,,1997.0,49.30381230238767
2193,汚水,400.0,1997.0,112.41209064314936
2194,汚水,500.0,1997.0,78.39290420287156
2196,汚水,400.0,1998.0,18.044167917387675
2197,汚水,400.0,1998.0,16.072304171443037
2198,汚水,400.0,1998.0,21.72888392074096
2199,汚水,200.0,1998.0,21.863907148720912
2200,汚水,200.0,1998.0,21.217172339466522
2201,汚水,200.0,1998.0,75.07404791114875
2202,汚水,200.0,1998.0,25.144690065496704
2203,汚水,200.0,1998.0,22.252269720566307
2204,汚水,200.0,1998.0,22.398927876580693
2205,汚水,200.0,1998.0,22.730794501149642
2206,汚水,200.0,1998.0,25.64760956431968
2207,汚水,200.0,1998.0,36.15445833046302
2208,汚水,200.0,1998.0,59.38431880361133
2209,汚水,300.0,1998.0,57.25174619771675
2210,汚水,200.0,1999.0,22.345648095471873
2211,汚水,300.0,1998.0,60.10172340731322
2212,汚水,300.0,1998.0,39.112628440052006
2213,汚水,300.0,1998.0,30.462464027254853
2214,汚水,200.0,1998.0,44.64651961380205
2215,汚水,200.0,1998.0,4.928535254303536
2216,汚水,200.0,1998.0,52.41264889164602
2217,汚水,200.0,1998.0,16.581074906456298
2218,汚水,200.0,1998.0,16.693943650680588
2219,汚水,200.0,1998.0,13.583160821336211
2221,汚水,200.0,1998.0,35.85173670504839
2222,汚水,200.0,1998.0,10.95860368314124
2223,汚水,200.0,1998.0,30.853266425376603
2224,汚水,200.0,1998.0,35.327470624104556
2225,汚水,200.0,1998.0,9.608124565120109
2226,汚水,200.0,1998.0,26.81480031348481
2227,汚水,200.0,1999.0,78.20195538678658
2228,汚水,200.0,1999.0,53.08277088441886
2229,汚水,200.0,1999.0,77.22635892051457
2230,汚水,200.0,1999.0,57.601064321187295
2231,汚水,200.0,1999.0,42.716127638915665
2232,汚水,200.0,1999.0,56.582155690045155
2233,汚水,200.0,1999.0,6.606747871819371
3026,汚水,150.0,2006.0,11.521446221282135
3027,汚水,150.0,2006.0,18.690187604145088
3028,汚水,150.0,2006.0,10.098974418918854
3029,汚水,150.0,2006.0,9.976365893663628
3030,汚水,150.0,2006.0,25.63223502619937
3031,汚水,150.0,2006.0,27.544058870669822
3032,汚水,150.0,2006.0,5.389961844604659
3033,汚水,150.0,2006.0,18.245126461066004
3034,汚水,150.0,2006.0,15.757415570309059
3035,汚水,150.0,2006.0,16.91772979990039
3036,汚水,150.0,2006.0,6.573013317213172
3037,汚水,150.0,2006.0,5.968758086500908
3038,汚水,150.0,2006.0,6.122616291835142
3039,汚水,150.0,2006.0,3.0618984454898808
3040,汚水,150.0,2006.0,7.754480053857771
3041,汚水,150.0,2006.0,3.732514192256943
3042,汚水,150.0,2006.0,6.856460113995126
3043,汚水,150.0,2006.0,2.9370906297699335
3044,汚水,150.0,2006.0,15.42571388005036
3045,汚水,150.0,2006.0,17.06548555814949
3046,汚水,150.0,2006.0,5.621343494796635
2234,汚水,200.0,1999.0,33.26886392912765
2235,汚水,200.0,1999.0,45.61612699662186
2236,汚水,200.0,1999.0,45.54265514321977
2237,汚水,200.0,1999.0,33.15327317041109
2238,汚水,200.0,1999.0,29.855532453824786
2239,汚水,200.0,1999.0,35.01272631800235
2240,汚水,250.0,1990.0,40.292893785770296
2241,汚水,200.0,1999.0,7.4615217417171165
2242,汚水,200.0,1999.0,5.94955783140055
2243,汚水,200.0,1999.0,23.345371112108882
2244,汚水,200.0,1999.0,33.36497693714188
2245,汚水,200.0,1999.0,10.824279736341174
2246,汚水,200.0,1999.0,6.551647359215316
2247,汚水,200.0,1999.0,49.62009401437592
2248,汚水,200.0,1999.0,53.75305210482892
2249,汚水,200.0,1999.0,6.407074616693509
2250,汚水,200.0,1999.0,10.159246413033951
2251,汚水,200.0,1999.0,44.40283045735799
2252,汚水,200.0,1999.0,42.35973430968641
2253,汚水,200.0,1999.0,27.871494960489827
2254,汚水,200.0,1999.0,12.949946767936439
2255,汚水,200.0,1999.0,7.146351182620763
2256,汚水,200.0,1999.0,7.932243798891285
2257,汚水,250.0,1990.0,33.51825741729927
2258,汚水,200.0,1999.0,32.44637374438417
2259,汚水,200.0,1999.0,11.802457400027258
2260,汚水,200.0,1999.0,35.38106187537888
2261,汚水,200.0,1999.0,40.421893629060904
2262,汚水,200.0,1999.0,37.487706860337305
2263,汚水,150.0,2002.0,35.92671011194277
2264,汚水,150.0,2002.0,17.03848749865888
2265,汚水,150.0,2002.0,39.32669564121889
2266,汚水,150.0,2002.0,37.69601295247109
2267,汚水,150.0,2002.0,43.99979882844892
2268,汚水,150.0,2002.0,42.48419519832392
2269,汚水,150.0,2002.0,60.59644522070813
2270,汚水,150.0,2002.0,54.9734828070299
2271,汚水,150.0,2002.0,45.51199999999881
2272,汚水,150.0,2002.0,33.076908802506196
2273,汚水,250.0,1990.0,25.144175932945302
2274,汚水,150.0,2002.0,38.76824272809692
2275,汚水,150.0,2002.0,37.601882872457246
2276,汚水,150.0,2002.0,39.65652048781242
2277,汚水,150.0,2002.0,54.05962801280646
2278,汚水,150.0,2002.0,37.42839091546095
2279,汚水,150.0,2002.0,56.075645132088866
2280,汚水,150.0,2002.0,94.7667200207996
2281,汚水,150.0,2002.0,19.64688098472678
2282,汚水,150.0,2002.0,43.212029199271264
2283,汚水,150.0,2002.0,18.122205959465422
2284,汚水,150.0,2002.0,8.097086844879504
2285,汚水,150.0,2002.0,43.97496937841043
2286,汚水,150.0,2002.0,20.6156583461666
2287,汚水,150.0,2002.0,42.937313251571425
2288,汚水,150.0,2002.0,71.69024174474416
2289,汚水,150.0,2002.0,13.67549735914254
2290,汚水,250.0,1990.0,8.695416661550215
2291,汚水,150.0,2002.0,68.21861708830444
2292,汚水,150.0,2002.0,72.47195137620339
2293,汚水,150.0,2002.0,65.82848250870093
2294,汚水,150.0,2002.0,65.96233098235513
2295,汚水,150.0,2002.0,40.60326912325802
2296,汚水,150.0,2007.0,26.24606481761571
2297,汚水,150.0,2007.0,7.070374370651045
2298,汚水,150.0,2002.0,71.85807133533073
2299,汚水,150.0,2002.0,36.76432857892725
2300,汚水,150.0,2002.0,42.189864224207646
2301,汚水,150.0,2002.0,8.94397430373578
2302,汚水,150.0,2002.0,65.93903234635975
2303,汚水,150.0,2002.0,41.3299795351474
2304,汚水,150.0,2002.0,34.900939531070634
2305,汚水,150.0,2002.0,72.45906744905118
2306,汚水,150.0,2002.0,42.168424133694465
2307,汚水,250.0,1990.0,27.913456277177364
2308,汚水,150.0,2002.0,57.33972069814229
2309,汚水,150.0,2002.0,52.11790871182513
2310,汚水,200.0,2002.0,41.840306181989156
2311,汚水,150.0,2002.0,81.99291269961145
2312,汚水,150.0,2002.0,52.22603176345488
2313,汚水,200.0,2002.0,42.08217680130596
2314,汚水,150.0,2002.0,45.69479171901826
2315,汚水,200.0,2002.0,42.900521837486515
2316,汚水,200.0,2002.0,39.07394447936507
2317,汚水,150.0,2002.0,41.401351492953346
2318,汚水,150.0,2002.0,36.362334218234416
2319,汚水,150.0,2002.0,35.80898545888615
2320,汚水,150.0,2002.0,85.35505550174942
2321,汚水,150.0,2002.0,5.000045736814605
2322,汚水,150.0,2002.0,25.842661567185434
2323,汚水,150.0,2002.0,10.70573983813557
2324,汚水,250.0,1986.0,42.939037026427094
2325,汚水,150.0,2002.0,22.608821466513586
2326,汚水,150.0,2002.0,10.591254584547624
2327,汚水,150.0,2002.0,55.7748260831536
2328,汚水,150.0,2002.0,70.23497634123052
2329,汚水,150.0,2002.0,7.461014789256012
2330,汚水,150.0,2002.0,7.869753686931092
2331,汚水,150.0,2002.0,17.70738712364274
2332,汚水,150.0,2002.0,24.966988053897683
2333,汚水,150.0,2002.0,7.14742714075166
2334,汚水,150.0,2002.0,20.7400200770051
2335,汚水,150.0,2002.0,26.08891339295417
2336,汚水,150.0,2002.0,35.03126818797137
2337,汚水,150.0,2002.0,14.775447629980036
2338,汚水,150.0,2002.0,31.437080131606706
2339,汚水,150.0,2002.0,7.079327401998206
2340,汚水,150.0,2002.0,20.097612567739215
2341,汚水,250.0,1989.0,36.703651798413674
2342,汚水,150.0,2002.0,26.676018551580118
2343,汚水,150.0,2002.0,13.66079914756079
2344,汚水,150.0,2002.0,10.537256010000489
2345,汚水,200.0,2002.0,5.8858194551458265
2346,汚水,250.0,2002.0,40.60456036346828
2347,汚水,150.0,2002.0,36.5428628721319
2348,汚水,150.0,2002.0,57.16124404109351
2349,汚水,150.0,2002.0,35.435740956463135
2350,汚水,150.0,2002.0,39.04897324400895
2351,汚水,150.0,2002.0,42.6792439460552
2352,汚水,300.0,2002.0,3.355538329014338
2353,汚水,300.0,2002.0,60.96245073984714
2354,汚水,300.0,2002.0,65.65010820680395
2355,汚水,300.0,2002.0,39.488348970284186
2356,汚水,150.0,2002.0,41.96087453781899
2357,汚水,150.0,2004.0,34.876964809354405
2358,汚水,250.0,1989.0,45.370123191518076
2359,汚水,150.0,2002.0,19.10889401324631
2360,汚水,150.0,2006.0,78.08379755262779
2361,汚水,150.0,2006.0,24.04747616311397
2362,汚水,150.0,2006.0,15.057667150939404
2363,汚水,150.0,2006.0,43.677733304670646
2364,汚水,150.0,2006.0,76.16929065872316
2365,汚水,150.0,2006.0,42.05335299302197
2366,汚水,150.0,2006.0,78.10579546964023
2367,汚水,150.0,2006.0,23.7044246734642
2368,汚水,150.0,2006.0,52.99864212285331
2369,汚水,150.0,2006.0,55.87165312200169
2370,汚水,150.0,2008.0,27.263874021046508
2371,汚水,150.0,2008.0,25.736663280370333
2372,汚水,150.0,2002.0,15.869993700275742
2373,汚水,150.0,2002.0,20.74898086502041
2374,汚水,250.0,1991.0,48.60058915548369
2375,汚水,150.0,2002.0,10.381560152702106
2376,汚水,300.0,2002.0,4.622903816407662
2377,汚水,300.0,2002.0,78.53601201901763
2378,汚水,150.0,2002.0,21.305936307580964
2379,汚水,150.0,2002.0,5.654495781014253
2380,汚水,300.0,2002.0,42.387877113043636
2381,汚水,300.0,2002.0,23.665978165306623
2382,汚水,300.0,2002.0,42.93811340640058
2383,汚水,300.0,2002.0,14.871042953842801
2384,汚水,150.0,2002.0,21.4021653836156
2385,汚水,150.0,2002.0,70.90754720486146
2386,汚水,150.0,2002.0,35.101622488592845
2387,汚水,150.0,2002.0,65.65176338127836
2388,汚水,150.0,2002.0,7.278049755973245
2389,汚水,200.0,1998.0,6.811391228852351
2390,汚水,200.0,1998.0,6.935312831776176
2391,汚水,200.0,1998.0,14.792903671930004
2392,汚水,200.0,1998.0,16.33562687504414
2393,汚水,200.0,1998.0,16.545620882261122
2394,汚水,200.0,1998.0,25.401129872801242
2395,汚水,200.0,1998.0,4.787430125340125
2396,汚水,200.0,1998.0,12.517101674228325
2397,汚水,200.0,1998.0,6.669375658594509
2398,汚水,200.0,1998.0,5.252999999996973
2399,汚水,200.0,1998.0,30.629849418818026
2400,汚水,200.0,1998.0,23.197215970706186
2401,汚水,200.0,1998.0,9.068407019243644
2402,汚水,200.0,1998.0,4.593969307475132
2403,汚水,200.0,1998.0,37.88345898011701
2405,汚水,150.0,1999.0,66.15165017019825
2406,汚水,150.0,2001.0,5.1211895839567365
2407,汚水,150.0,2001.0,45.181002101091465
2408,汚水,150.0,2004.0,12.797976478613585
2409,汚水,150.0,2004.0,5.974956814156642
2410,汚水,350.0,1997.0,5.749465806259943
2411,汚水,600.0,1997.0,50.53204004892851
2412,汚水,600.0,1997.0,97.55502828872561
2413,汚水,200.0,1998.0,28.917012952000235
2414,汚水,600.0,1997.0,97.45619915451884
2415,汚水,250.0,,30.16710244208135
2416,汚水,200.0,1998.0,42.961396031563915
2417,汚水,200.0,1998.0,24.325650827006584
2418,汚水,200.0,1998.0,26.065035486994038
2419,汚水,200.0,1998.0,36.27995136348564
2420,汚水,200.0,1998.0,4.337285700051369
2421,汚水,200.0,1998.0,14.27425621176888
2422,汚水,150.0,2019.0,51.41775440861884
2423,汚水,200.0,1998.0,45.65788071994879
2424,汚水,200.0,1998.0,3.8964888089309553
2425,汚水,200.0,1998.0,31.61531852195372
2426,汚水,200.0,1998.0,16.27306540001257
2427,汚水,200.0,1998.0,3.4646883080850754
2428,汚水,200.0,1998.0,6.296524987595189
2429,汚水,200.0,1998.0,27.88239984162383
2430,汚水,200.0,1998.0,28.84185420376377
2431,汚水,200.0,1998.0,7.099073502697244
2432,汚水,200.0,1998.0,30.994825545286066
2433,汚水,200.0,1998.0,22.096509540889823
2434,汚水,200.0,1998.0,21.877865626934177
2435,汚水,200.0,1998.0,26.600323365893363
2436,汚水,200.0,1998.0,41.21383428121728
2437,汚水,200.0,1998.0,46.52667581009936
2438,汚水,200.0,1998.0,11.365129024664137
2439,汚水,250.0,1993.0,37.72952837364682
2440,汚水,200.0,1998.0,14.66551511384311
2441,汚水,200.0,1998.0,7.232242575635319
2442,汚水,200.0,1998.0,13.2196861509924
2443,汚水,200.0,1998.0,14.60125645128633
2444,汚水,200.0,1998.0,20.944019645729014
2445,汚水,200.0,1998.0,10.46468933069668
2446,汚水,200.0,1998.0,4.353477394768555
2447,汚水,200.0,1998.0,35.75648489716207
2448,汚水,200.0,1998.0,11.166625388194989
2449,汚水,200.0,1998.0,36.224467051399124
2450,汚水,200.0,1998.0,22.6379351632023
2451,汚水,200.0,1998.0,11.053779471547973
2452,汚水,200.0,1998.0,8.04666645172296
2453,汚水,200.0,1998.0,7.122081286939471
2454,汚水,200.0,1998.0,16.6349098459685
2455,汚水,200.0,1998.0,19.735492511397748
2456,汚水,200.0,1998.0,1.880111752667887
2457,汚水,200.0,1998.0,7.240432979744437
2458,汚水,200.0,1998.0,3.298328252760849
2459,汚水,200.0,1998.0,13.0346154936977
2460,汚水,200.0,1998.0,12.339763662232087
2461,汚水,200.0,1998.0,14.265291398722425
2462,汚水,200.0,1998.0,14.713566957116509
2463,汚水,200.0,1998.0,21.600917294508342
2464,汚水,200.0,1995.0,40.840999110989095
2465,汚水,200.0,1998.0,4.6385941203553145
2466,汚水,200.0,1998.0,13.047308241433296
2467,汚水,200.0,1998.0,5.01638319311814
2468,汚水,200.0,1998.0,8.119204410478666
2469,汚水,200.0,1998.0,9.877294886716186
2470,汚水,200.0,1998.0,3.242441958571777
2471,汚水,200.0,1998.0,15.771818229444465
2472,汚水,200.0,1998.0,9.069251165258926
2473,汚水,200.0,1998.0,7.169883145642576
2474,汚水,200.0,1998.0,15.23398058315498
2475,汚水,200.0,1998.0,12.459792935945401
2476,汚水,200.0,1998.0,15.355659006071134
2477,汚水,200.0,1998.0,26.149706303324837
2478,汚水,200.0,1998.0,11.849638827016566
2479,汚水,200.0,1996.0,49.359438539098555
2480,汚水,200.0,1998.0,13.897905164284216
2481,汚水,200.0,1998.0,13.857256241834905
2482,汚水,200.0,1998.0,14.95368665957417
2483,汚水,200.0,1998.0,15.113823965855508
2484,汚水,200.0,1998.0,14.22497669486889
2485,汚水,200.0,1998.0,11.83413784590787
2486,汚水,200.0,1998.0,2.0110250866132784
9924,汚水,150.0,2008.0,23.76844238229075
9925,汚水,150.0,2008.0,24.607419536323636
9926,汚水,150.0,2008.0,13.628057803772027
9927,汚水,150.0,2008.0,21.944037843818148
9928,汚水,150.0,2008.0,6.4926894124167385
9929,汚水,150.0,2008.0,23.37563624334571
9930,汚水,150.0,2008.0,16.67969704623702
9931,汚水,250.0,2008.0,94.58055005367358
9932,汚水,250.0,2008.0,94.46919162786853
9933,汚水,250.0,2008.0,22.97323601617226
9934,汚水,250.0,2008.0,9.73099520184836
9935,汚水,250.0,2008.0,88.65328083076378
9936,汚水,250.0,2008.0,51.433422101688045
9937,汚水,250.0,2008.0,98.73043145623551
9938,汚水,150.0,2003.0,32.07821069514985
9939,汚水,150.0,2003.0,18.663756048703757
9940,汚水,150.0,2003.0,40.050336969835314
9941,汚水,150.0,2003.0,19.392028106381066
9942,汚水,150.0,2003.0,14.532353199716262
9943,汚水,150.0,2003.0,29.967167102296614
9944,汚水,150.0,2003.0,20.242746394513993
9945,汚水,150.0,2003.0,29.19536134058702
9946,汚水,150.0,2003.0,26.576834648092234
9947,汚水,150.0,2003.0,15.282028055143144
9948,汚水,150.0,2003.0,22.807022839758737
9949,汚水,150.0,2003.0,19.841562678771734
9950,汚水,150.0,2003.0,24.28092007656417
9951,汚水,150.0,2003.0,15.420415888678253
9952,汚水,150.0,2003.0,10.224859669376286
9953,汚水,150.0,2010.0,3.777099564706579
9954,汚水,150.0,2003.0,28.195783794750362
9955,汚水,150.0,2003.0,33.49818417026238
9956,汚水,200.0,1995.0,25.132945788123713
9957,汚水,150.0,2003.0,36.53120846615618
9958,汚水,150.0,2003.0,34.67926566148202
9959,汚水,150.0,2003.0,38.378255430104396
9960,汚水,150.0,2003.0,47.67061911895448
9961,汚水,150.0,2003.0,53.25162199679804
9962,汚水,150.0,2003.0,38.32861625212331
9963,汚水,150.0,2003.0,17.014236426841453
9964,汚水,150.0,2003.0,57.733704283386984
9965,汚水,150.0,2003.0,45.16863758697708
9966,汚水,150.0,2003.0,46.39821749975244
9967,汚水,150.0,2003.0,30.048118744214033
9968,汚水,150.0,2003.0,21.00169241766826
9969,汚水,150.0,2003.0,25.044409666578705
9970,汚水,150.0,2003.0,17.309677859670266
9971,汚水,150.0,2003.0,4.18211364635133
9972,汚水,150.0,2003.0,18.72907183096262
9973,汚水,250.0,2007.0,25.35356913388575
9974,汚水,250.0,2007.0,25.853670366511306
9975,汚水,250.0,2007.0,16.545293684755478
9976,汚水,250.0,2007.0,24.32365917947989
9977,汚水,250.0,2007.0,18.123236118177633
9978,汚水,250.0,2007.0,22.91351254137639
9979,汚水,250.0,2007.0,22.99538780565133
9980,汚水,250.0,2007.0,26.523509406795245
9981,汚水,150.0,2003.0,41.85081564608438
9982,汚水,150.0,2003.0,7.646815294092706
9983,汚水,150.0,2003.0,40.36736015197655
9984,汚水,250.0,2007.0,25.07669080383412
9985,汚水,250.0,2007.0,22.94340479460525
9986,汚水,250.0,2007.0,24.42383380301559
9987,汚水,250.0,2007.0,26.777219443266233
9988,汚水,250.0,2007.0,9.779922406576599
9989,汚水,250.0,2007.0,19.775045193425466
9990,汚水,250.0,2007.0,17.71542576187454
9991,汚水,250.0,2007.0,18.44604743255239
9992,汚水,250.0,2007.0,14.586653977704053
9993,汚水,250.0,2007.0,27.79895618989387
9994,汚水,250.0,2007.0,27.756536685151165
9995,汚水,250.0,2007.0,23.108124969630982
9996,汚水,250.0,2007.0,23.715968108252465
9997,汚水,250.0,2007.0,15.2750688441314
9998,汚水,250.0,2007.0,26.649424867073083
9999,汚水,250.0,2007.0,25.465453228985158
10000,汚水,250.0,2007.0,17.961793075242213
10001,汚水,250.0,2007.0,25.01489017719939
10002,汚水,250.0,2007.0,24.716476724621923
10003,汚水,250.0,2007.0,25.90465757594264
10004,汚水,250.0,2007.0,26.899267613308112
10005,汚水,250.0,2007.0,24.217569467718132
10006,汚水,250.0,2007.0,11.50394120692662
10007,汚水,250.0,2007.0,19.0603125355604
10008,汚水,250.0,2007.0,17.079632134307968
10009,汚水,250.0,2007.0,13.039848327888887
10010,汚水,250.0,2007.0,11.641962707858651
10011,汚水,250.0,2007.0,20.450064570554858
10012,汚水,250.0,2007.0,17.581454209546415
10013,汚水,250.0,2007.0,4.848365422641252
10014,汚水,250.0,2007.0,14.328224717599458
10015,汚水,250.0,2007.0,17.772267448792118
10016,汚水,250.0,2007.0,21.6827058393964
10017,汚水,250.0,2007.0,9.474384817894288
10018,汚水,250.0,2007.0,19.14337085728405
10019,汚水,250.0,2007.0,20.284726204196886
10020,汚水,250.0,2007.0,19.310441338790525
10021,汚水,250.0,2007.0,21.108110699810286
10022,汚水,250.0,2007.0,22.940847244425118
10023,汚水,250.0,2007.0,28.49691891945654
10024,汚水,250.0,2007.0,30.591850227783087
10025,汚水,250.0,2007.0,24.74015208073839
10026,汚水,250.0,2007.0,25.012024104356026
10027,汚水,250.0,2007.0,25.11886434700501
10028,汚水,250.0,2007.0,24.16503612057667
10029,汚水,250.0,2007.0,17.191007863903483
10030,汚水,250.0,2007.0,16.37373659962909
10031,汚水,250.0,2007.0,24.83249269777536
10032,汚水,250.0,2007.0,25.068868792275293
10033,汚水,250.0,2007.0,24.32976894637917
10034,汚水,250.0,2007.0,22.718423981432707
10035,汚水,250.0,2007.0,25.03116181795958
10036,汚水,250.0,2007.0,24.962043783221695
10037,汚水,250.0,2007.0,25.96761376580575
10038,汚水,250.0,2007.0,10.922077583215234
10039,汚水,250.0,2007.0,26.089466033954437
10040,汚水,250.0,2007.0,28.82158875907647
10041,汚水,250.0,2007.0,26.66119258561094
10042,汚水,250.0,2007.0,18.104888279934563
10043,汚水,250.0,2007.0,19.69119281841062
10044,汚水,250.0,2007.0,18.081481655961813
10045,汚水,250.0,2007.0,17.684029978520837
10046,汚水,250.0,2007.0,25.57579077802285
10047,汚水,250.0,2007.0,16.035306670467712
10048,汚水,250.0,2007.0,28.67017198260402
10049,汚水,250.0,2007.0,17.95698574456556
10050,汚水,250.0,2007.0,19.88888662030593
10051,汚水,250.0,2007.0,19.80234208761453
10052,汚水,250.0,2007.0,18.912316003690446
10053,汚水,250.0,2006.0,20.386867580247824
10054,汚水,250.0,2006.0,26.33753131154388
10055,汚水,300.0,2006.0,93.68809508445285
10056,汚水,300.0,2006.0,87.66955158297156
10057,汚水,300.0,2006.0,26.720672956507926
10058,汚水,300.0,2006.0,23.978567214802432
10059,汚水,300.0,2006.0,23.88523780705613
10060,汚水,300.0,2006.0,58.139969658962116
10061,汚水,300.0,2006.0,50.49402004870215
10062,汚水,300.0,2006.0,83.2087549076767
10063,汚水,150.0,2007.0,45.76505199006579
10064,汚水,150.0,2007.0,40.0361601482339
10065,汚水,150.0,2007.0,36.46673239779973
10066,汚水,150.0,2000.0,11.712163760654011
10067,汚水,150.0,2000.0,43.06575061766135
10068,汚水,200.0,1995.0,50.876086544816644
10069,汚水,150.0,2000.0,57.06752064816077
10070,汚水,150.0,2000.0,55.63085941611554
10071,汚水,150.0,2000.0,8.587444695155945
10072,汚水,150.0,2000.0,31.77069174922475
10073,汚水,150.0,2000.0,11.851542980356609
10074,汚水,150.0,2000.0,6.585995339178181
10075,汚水,150.0,2000.0,34.340451999927524
10076,汚水,150.0,2000.0,3.962041292017712
10077,汚水,150.0,2000.0,27.56112483499188
10078,汚水,150.0,2000.0,11.095680312491917
10079,汚水,150.0,2000.0,32.267762952183
10080,汚水,150.0,2000.0,86.01707988090914
10081,汚水,150.0,2000.0,23.05457942232853
10082,汚水,150.0,2000.0,6.379377004292393
10083,汚水,150.0,2000.0,41.37172669393993
10084,汚水,150.0,2000.0,53.0244983402949
10085,汚水,150.0,2000.0,17.499959656972344
10086,汚水,150.0,2000.0,8.808825509771168
10087,汚水,150.0,2000.0,45.06849750768709
10088,汚水,150.0,2000.0,46.73450535452304
10089,汚水,150.0,2000.0,46.335729278181766
10090,汚水,150.0,2000.0,80.16836951496204
10091,汚水,150.0,2000.0,38.28336561117443
10092,汚水,150.0,2000.0,72.70528095972759
10093,汚水,150.0,2000.0,58.256165284427574
10094,汚水,150.0,2000.0,16.328143109667057
10095,汚水,150.0,2000.0,13.99970632550941
10096,汚水,150.0,2000.0,8.292419969321463
10097,汚水,150.0,2000.0,9.000542896067097
10098,汚水,150.0,2000.0,13.066034641856337
10099,汚水,150.0,2000.0,5.164635051984982
10100,汚水,150.0,2000.0,21.782039844125258
10101,汚水,150.0,2000.0,86.18388716863707
10102,汚水,200.0,1994.0,4.722506991571637
10103,汚水,150.0,2000.0,20.65345270689269
10104,汚水,150.0,2000.0,74.13552849215864
10105,汚水,150.0,2000.0,7.6836778661329825
10107,汚水,150.0,2000.0,5.078107971806488
10108,汚水,150.0,2000.0,14.748459300391026
10109,汚水,150.0,2000.0,18.196305391965147
10110,汚水,150.0,2000.0,11.823865212076905
10111,汚水,150.0,2000.0,11.019613239792733
10112,汚水,150.0,2000.0,20.59211813571407
10113,汚水,150.0,2000.0,60.11558808497079
10114,汚水,150.0,2000.0,5.068492719254869
10115,汚水,150.0,2000.0,86.3155879237764
10116,汚水,150.0,2000.0,28.94223392389646
10117,汚水,150.0,2000.0,19.337896604467595
10118,汚水,150.0,2000.0,7.012704822606422
10119,汚水,200.0,1996.0,27.192105475332692
10120,汚水,150.0,2000.0,28.108519923354876
10121,汚水,150.0,2000.0,28.046636304882135
10122,汚水,150.0,2001.0,19.15649027071987
10123,汚水,150.0,2001.0,18.09190987783681
10124,汚水,150.0,2000.0,16.96123902073299
10125,汚水,150.0,2006.0,20.654101798826
10126,汚水,150.0,2000.0,9.841051876410566
10127,汚水,150.0,2000.0,21.53989285672151
10128,汚水,150.0,2000.0,10.532201521034269
10129,汚水,150.0,2000.0,6.5679236335681
10130,汚水,150.0,2000.0,24.21441079117426
10131,汚水,150.0,2000.0,8.076761739917481
10132,汚水,150.0,2000.0,22.013996210133598
10133,汚水,150.0,2000.0,24.05404597764625
10134,汚水,150.0,2000.0,14.758446730573443
10135,汚水,150.0,2000.0,8.300291483443969
10136,汚水,200.0,1994.0,42.27769743527732
10137,汚水,150.0,2000.0,14.999168975576243
10138,汚水,200.0,2000.0,4.852902721040848
10139,汚水,200.0,2000.0,45.804864016500986
10140,汚水,200.0,2000.0,81.88810550183629
10141,汚水,200.0,2000.0,41.29703609162768
10142,汚水,200.0,2000.0,47.55563617896363
10143,汚水,250.0,2000.0,49.60863173090504
10144,汚水,150.0,2000.0,25.85514784376928
10145,汚水,150.0,2000.0,39.39444462999027
10146,汚水,150.0,2000.0,4.84637548347393
10147,汚水,150.0,2000.0,16.2985056891363
10148,汚水,150.0,2000.0,31.50719984573565
10149,汚水,150.0,2000.0,31.206719278328404
10150,汚水,150.0,2000.0,30.753589122977434
10151,汚水,150.0,2000.0,21.218233765355368
10152,汚水,150.0,2000.0,4.499754064157835
10153,汚水,400.0,1994.0,133.36773083305312
10154,汚水,150.0,2000.0,5.961569393582359
10155,汚水,150.0,2000.0,28.427753836923404
10156,汚水,150.0,2000.0,4.1672454232568015
10157,汚水,150.0,2000.0,27.450548535101788
10158,汚水,150.0,2000.0,6.964086606486731
10159,汚水,150.0,2000.0,82.93772487991257
10160,汚水,150.0,2000.0,43.348014685131375
10161,汚水,150.0,2000.0,28.660149149604504
10162,汚水,150.0,2000.0,30.20404006436275
10163,汚水,250.0,2007.0,16.470310151154493
10164,汚水,250.0,2007.0,17.039603249184516
10165,汚水,250.0,2007.0,18.863134552920165
10166,汚水,250.0,2007.0,20.311255967360793
10167,汚水,250.0,2007.0,20.32853433671372
10168,汚水,250.0,2007.0,29.978035094309803
10169,汚水,250.0,2007.0,30.703178430353464
10170,汚水,250.0,2007.0,14.404569099531297
10171,汚水,250.0,2007.0,24.79219442400498
10172,汚水,250.0,2007.0,17.10402669178081
10173,汚水,250.0,2007.0,17.062251166311643
10174,汚水,250.0,2007.0,17.07003979323524
10175,汚水,250.0,2007.0,24.273514834358448
10176,汚水,250.0,2007.0,9.283849457231256
10177,汚水,250.0,2007.0,18.178341853929194
10178,汚水,250.0,2007.0,18.167820875190383
10179,汚水,250.0,2007.0,17.868789970077817
10180,汚水,250.0,2007.0,17.149691657123363
10181,汚水,250.0,2007.0,21.672939353549424
10182,汚水,250.0,2007.0,22.470960602246713
10183,汚水,200.0,2007.0,10.255777404588976
10184,汚水,250.0,2007.0,24.990437777507594
10185,汚水,250.0,2007.0,24.247219102510027
10186,汚水,250.0,2007.0,11.987119895166787
10187,汚水,250.0,2007.0,17.09726271582317
10188,汚水,250.0,2007.0,24.162543818925094
10189,汚水,250.0,2007.0,17.55575862893076
10190,汚水,250.0,2007.0,27.755761285391294
10191,汚水,250.0,2007.0,28.023793560732237
10192,汚水,250.0,2007.0,27.027503483562167
10193,汚水,250.0,2007.0,26.746267173629015
10194,汚水,250.0,2007.0,27.438553268129347
10195,汚水,250.0,2007.0,18.504270719226543
10196,汚水,250.0,2007.0,17.142373892001398
10197,汚水,250.0,2007.0,16.97522130915083
10198,汚水,150.0,2007.0,54.58143945882367
10199,汚水,150.0,2007.0,6.151971421022033
10200,汚水,150.0,2007.0,12.115776325118174
10201,汚水,150.0,2007.0,98.89312479936767
10202,汚水,250.0,1992.0,51.35854494799625
10203,汚水,150.0,2007.0,26.606608582521847
10204,汚水,150.0,2007.0,29.117479213889602
10205,汚水,150.0,2007.0,4.607284062343575
10206,汚水,150.0,2007.0,43.74062302024661
10207,汚水,150.0,2007.0,17.976378754991433
10208,汚水,150.0,2007.0,4.477607474510804
10209,汚水,150.0,2007.0,48.47472384545631
10210,汚水,150.0,2007.0,80.18126960558561
10211,汚水,150.0,2007.0,4.7388560139658935
10212,汚水,150.0,2007.0,28.119823134136848
10213,汚水,150.0,2007.0,44.61980291906222
10214,汚水,150.0,2007.0,16.349993755678742
10215,汚水,150.0,2007.0,58.80515174935848
10216,汚水,150.0,2007.0,59.45446986212266
10217,汚水,150.0,2007.0,64.5807704993828
10218,汚水,150.0,2007.0,5.919063288391889
10219,汚水,200.0,1994.0,19.910809584815787
10220,汚水,150.0,2007.0,27.064555661333625
10221,汚水,150.0,2008.0,58.56765106122965
10222,汚水,150.0,2008.0,27.01321999572101
10223,汚水,150.0,2008.0,33.367972435123406
10224,汚水,350.0,2006.0,5.262112776785417
10225,汚水,350.0,2006.0,48.392995733759705
10226,汚水,300.0,2006.0,54.14027143268346
10227,汚水,150.0,2007.0,65.34274602510725
10228,汚水,150.0,2007.0,58.72763648356627
10229,汚水,150.0,2007.0,90.8831964463517
10230,汚水,150.0,2007.0,97.83549324415789
10231,汚水,150.0,2007.0,75.19658395552365
10232,汚水,150.0,2007.0,75.09621212741745
10233,汚水,150.0,2007.0,85.29180116944362
10234,汚水,250.0,2007.0,78.75673967197088
10235,汚水,250.0,2007.0,95.76717555603553
10236,汚水,300.0,2007.0,29.931182496277593
10237,汚水,150.0,2007.0,31.733501246822094
10238,汚水,150.0,2007.0,40.85143841540497
10239,汚水,150.0,2007.0,6.597786324455753
10240,汚水,150.0,2007.0,39.676570548085714
10241,汚水,150.0,2007.0,13.877071352915245
10242,汚水,150.0,2007.0,43.76902206285051
10243,汚水,250.0,2007.0,81.34635893378649
10244,汚水,150.0,2007.0,77.89258027469306
10245,汚水,150.0,2007.0,47.151515545167875
18376,汚水,150.0,2009.0,10.218539023444952
18377,汚水,300.0,2009.0,11.189295970466029
18378,汚水,150.0,2009.0,31.180907141195792
18379,汚水,150.0,2009.0,43.40047798766665
18380,汚水,150.0,2009.0,1.7042822661403703
18381,汚水,150.0,2009.0,77.14515819986687
18382,汚水,150.0,2010.0,37.4003716003617
18383,汚水,150.0,2010.0,16.744821317214953
18384,汚水,150.0,2010.0,35.56055095037329
18385,汚水,150.0,2010.0,13.99751528937868
18386,汚水,150.0,2009.0,6.751260321857974
18387,汚水,150.0,2009.0,3.585602571172628
18388,汚水,150.0,2009.0,10.557763231031284
18389,汚水,150.0,2009.0,23.234536424695534
18390,汚水,150.0,2009.0,8.423507734229707
18391,汚水,150.0,2009.0,3.443970409597285
18392,汚水,150.0,2009.0,1.9982480664729623
18393,汚水,150.0,2009.0,10.867738514929941
18394,汚水,150.0,2009.0,4.6993837060400265
18395,汚水,150.0,2009.0,12.129991197388582
18396,汚水,150.0,2009.0,4.792796720512111
18397,汚水,150.0,2009.0,7.655175419193941
18398,汚水,150.0,2009.0,2.0564940861565866
18399,汚水,150.0,2009.0,8.402860958381948
18400,汚水,150.0,2009.0,4.268881713853092
18401,汚水,150.0,2009.0,4.822228058964052
18402,汚水,150.0,2009.0,9.519309882722377
18403,汚水,150.0,2009.0,5.165857674237489
18404,汚水,150.0,2009.0,2.4115327761650027
18405,汚水,150.0,2009.0,26.166712677800884
18406,汚水,150.0,2009.0,5.707351834346293
18407,汚水,150.0,2009.0,11.715148015404319
18408,汚水,150.0,2009.0,15.851592112246303
18409,汚水,150.0,2009.0,24.281269039563735
18410,汚水,150.0,2009.0,7.394101892449652
18411,汚水,150.0,2009.0,3.5671878928696072
18412,汚水,150.0,2009.0,2.840972625979451
18413,汚水,150.0,2009.0,16.79122370799427
18414,汚水,150.0,2009.0,14.858728521340028
18415,汚水,150.0,2009.0,5.757246580785968
18416,汚水,150.0,2009.0,27.593080382956078
18417,汚水,150.0,2009.0,4.292620519558823
18418,汚水,150.0,2009.0,6.646399362250432
18419,汚水,150.0,2009.0,11.879400341819093
18420,汚水,150.0,2009.0,14.92270273497484
18421,汚水,150.0,2009.0,3.2871460723656525
18422,汚水,150.0,2009.0,11.864341684751125
18423,汚水,150.0,2009.0,25.932883115551306
18424,汚水,150.0,2009.0,11.96804153637612
18425,汚水,150.0,2009.0,16.225781281390084
18426,汚水,150.0,2009.0,10.803456934241954
18427,汚水,150.0,2009.0,17.35062986746412
18428,汚水,150.0,2009.0,6.672735490152965
18429,汚水,150.0,2009.0,2.46422632098837
18430,汚水,150.0,2009.0,8.525778780561843
18431,汚水,150.0,2009.0,9.985968280425611
18432,汚水,150.0,2009.0,9.543833074285986
18433,汚水,150.0,2009.0,14.53703079633569
18434,汚水,150.0,2009.0,2.566355550110783
18435,汚水,150.0,2009.0,32.57696724549476
18436,汚水,150.0,2009.0,19.729449015621917
18437,汚水,150.0,2009.0,9.428564628455254
18438,汚水,150.0,2009.0,3.477610243916357
18439,汚水,150.0,2009.0,19.40878097594031
18440,汚水,150.0,2009.0,54.45313844172197
18441,汚水,150.0,2009.0,31.116050031890275
18442,汚水,150.0,2009.0,3.028470710160019
18443,汚水,150.0,2009.0,6.567816890104747
18444,汚水,150.0,2009.0,20.578132327392346
18445,汚水,150.0,2009.0,3.819205033976141
18446,汚水,150.0,2009.0,5.872588735132397
18447,汚水,150.0,2009.0,19.280986203293303
18448,汚水,150.0,2009.0,14.534196957905616
18449,汚水,150.0,2009.0,7.6027260330469515
18450,汚水,150.0,2009.0,24.506251252186466
18451,汚水,150.0,2009.0,11.881196786980093
18452,汚水,150.0,2009.0,63.827528778571335
18453,汚水,150.0,2009.0,5.165105493834921
18454,汚水,150.0,2009.0,16.904475599615775
18455,汚水,150.0,2009.0,15.555584902741913
18456,汚水,150.0,2009.0,23.844782111680214
18457,汚水,150.0,2009.0,33.22666961412855
18458,汚水,150.0,2009.0,4.004938266676711
18459,汚水,150.0,2009.0,5.271038380423958
18460,汚水,150.0,2009.0,3.4433577644214686
18461,汚水,150.0,2009.0,12.677527361440696
18462,汚水,150.0,2009.0,82.22897586477977
18463,汚水,150.0,2009.0,21.969990986156674
18464,汚水,150.0,2009.0,7.081510790349242
18465,汚水,150.0,2009.0,8.09584701874001
18466,汚水,150.0,2009.0,3.9535404464715027
18467,汚水,150.0,2009.0,10.183022011402263
18468,汚水,150.0,2009.0,25.40720825048517
18469,汚水,150.0,2009.0,14.124589255782686
18470,汚水,150.0,2009.0,3.3291473339159228
18471,汚水,150.0,2009.0,10.29985292323463
18472,汚水,150.0,2009.0,14.486782412012449
18473,汚水,150.0,2009.0,4.34748690419573
18474,汚水,150.0,2009.0,8.554796260820963
18475,汚水,150.0,2009.0,5.435641000351409
18476,汚水,150.0,2009.0,3.6845281222273725
18477,汚水,150.0,2009.0,32.38301357510153
18478,汚水,150.0,2009.0,9.444424810176711
18479,汚水,150.0,2009.0,35.97273899466296
18480,汚水,150.0,2009.0,10.069778689980263
18481,汚水,150.0,2009.0,5.027992523800302
18482,汚水,150.0,2009.0,7.223995741217844
18483,汚水,150.0,2009.0,8.167147672973533
18484,汚水,150.0,2009.0,23.587432475597616
18485,汚水,150.0,2009.0,8.061823177812974
18486,汚水,150.0,2009.0,2.879379365910607
18487,汚水,150.0,2009.0,14.309646801027707
18488,汚水,150.0,2009.0,3.647239039966445
18489,汚水,150.0,2009.0,6.190652006480619
18490,汚水,150.0,2009.0,19.68894437286489
18491,汚水,150.0,2009.0,43.00312375317684
18492,汚水,150.0,2009.0,31.755040689261225
18493,汚水,150.0,2009.0,13.367498984333839
18494,汚水,150.0,2009.0,34.17860746890437
18495,汚水,150.0,2009.0,12.279328821834449
18496,汚水,150.0,2009.0,25.151120306807783
18497,汚水,150.0,2009.0,18.398614283347815
18498,汚水,150.0,2009.0,9.58786024017666
18499,汚水,150.0,2009.0,11.302527987974397
18500,汚水,150.0,2009.0,8.404978900852173
18501,汚水,150.0,2009.0,3.9776510018646114
18502,汚水,150.0,2009.0,4.4619594891405825
18503,汚水,150.0,2009.0,44.25469195106142
18504,汚水,150.0,2009.0,11.111169345854886
18505,汚水,150.0,2009.0,17.64856086422923
18506,汚水,150.0,2009.0,6.284153538754546
18507,汚水,150.0,2009.0,4.54151527705006
18508,汚水,150.0,2009.0,13.146161508036016
18509,汚水,150.0,2009.0,15.935153822975694
18510,汚水,150.0,2009.0,24.528188229911667
18511,汚水,150.0,2009.0,63.604819184307466
18512,汚水,150.0,2009.0,19.674514192890083
18513,汚水,150.0,2009.0,36.34707950869619
18514,汚水,150.0,2009.0,8.67141891814796
18515,汚水,150.0,2009.0,42.36558922627668
18516,汚水,150.0,2009.0,53.51887002063405
18517,汚水,150.0,2009.0,8.36379985293934
18518,汚水,150.0,2009.0,20.07708815282444
18519,汚水,150.0,2009.0,6.910341616988242
18520,汚水,150.0,2009.0,6.244928365330331
18521,汚水,150.0,2009.0,25.956899620078193
18522,汚水,150.0,2009.0,26.296204859494182
18523,汚水,150.0,2009.0,1.5337700367814797
18524,汚水,150.0,2009.0,58.527625195248085
18525,汚水,150.0,2009.0,37.56085190071802
18526,汚水,150.0,2009.0,2.149161941158797
18527,汚水,150.0,2009.0,5.127678490207857
18528,汚水,150.0,2009.0,8.498625574520924
18529,汚水,150.0,2009.0,46.54036934598387
18530,汚水,150.0,2009.0,9.053438760588636
18531,汚水,150.0,2009.0,6.50004414068691
18532,汚水,150.0,2009.0,54.37468881412653
18533,汚水,150.0,2009.0,27.87046118789889
18534,汚水,150.0,2009.0,44.67282768272859
18535,汚水,150.0,2009.0,48.445016313450786
18536,汚水,150.0,2009.0,12.734458955152878
18537,汚水,150.0,2009.0,14.068027968094734
18538,汚水,150.0,2009.0,19.148657773785438
18539,汚水,150.0,2009.0,19.38649830526803
18540,汚水,150.0,2009.0,20.308341540686
18541,汚水,150.0,2009.0,7.80903827321141
18542,汚水,150.0,2009.0,10.509576674664155
18543,汚水,150.0,2009.0,25.42136899946794
18544,汚水,150.0,2009.0,14.394487894289453
18545,汚水,150.0,2009.0,6.604101498603496
18546,汚水,150.0,2009.0,39.75958144900242
18547,汚水,150.0,2009.0,47.99624825487613
18548,汚水,150.0,2009.0,41.181057400374435
18549,汚水,150.0,2009.0,4.4991502940956565
18550,汚水,150.0,2009.0,3.9190056955026784
18551,汚水,150.0,2009.0,90.13247266403268
18552,汚水,150.0,2009.0,7.392895122758354
18553,汚水,150.0,2009.0,9.03030401622573
18554,汚水,150.0,2009.0,11.075399847614367
18555,汚水,150.0,2009.0,4.047768223009536
18556,汚水,150.0,2009.0,20.8623238880784
18557,汚水,150.0,2009.0,18.201325733303516
18558,汚水,150.0,2009.0,10.98506602339641
18559,汚水,150.0,2009.0,4.212153923051932
18560,汚水,150.0,2009.0,37.504630585624675
18561,汚水,150.0,2009.0,21.00531461218615
18562,汚水,150.0,2009.0,21.608728647916884
18563,汚水,150.0,2009.0,54.05546564239746
18564,汚水,150.0,2009.0,87.46439740528636
18565,汚水,150.0,2009.0,47.36630221685801
18566,汚水,150.0,2009.0,47.70318115201238
18567,汚水,150.0,2009.0,50.850816446951605
18568,汚水,150.0,2009.0,47.495472896368625
18569,汚水,150.0,2009.0,33.15691600511454
18570,汚水,150.0,2009.0,21.048823407693114
18571,汚水,150.0,2009.0,22.736928938853993
18572,汚水,250.0,2009.0,30.06168264960566
18573,汚水,150.0,2009.0,24.016166953175784
18574,汚水,250.0,2009.0,9.941564606293756
18575,汚水,150.0,2009.0,12.919738426060979
18576,汚水,250.0,2009.0,18.15271585163091
18577,汚水,150.0,2009.0,14.76067232528334
18578,汚水,250.0,2009.0,28.255522378747347
18579,汚水,150.0,2009.0,4.800222467580206
18580,汚水,150.0,2009.0,2.3848626804367226
18581,汚水,150.0,2009.0,8.833232123334215
18582,汚水,150.0,2009.0,10.317452387679547
18583,汚水,150.0,2009.0,4.495404991398475
18584,汚水,150.0,2009.0,3.6939116462440853
18585,汚水,150.0,2009.0,2.734166711484809
18586,汚水,150.0,2009.0,28.603556892982215
18587,汚水,150.0,2009.0,19.069296349164258
18588,汚水,150.0,2009.0,48.49143011410555
18589,汚水,150.0,2009.0,2.6330976990989785
18590,汚水,150.0,2009.0,2.894426581364066
18591,汚水,150.0,2009.0,12.042043010770286
18592,汚水,150.0,2009.0,3.726398053513554
18593,汚水,150.0,2009.0,15.002672367494629
18594,汚水,150.0,2009.0,12.557887892119188
18595,汚水,150.0,2009.0,4.206211685906038
18596,汚水,150.0,2009.0,4.140683388580514
18597,汚水,150.0,2009.0,18.01330210564857
18598,汚水,150.0,2009.0,3.380049287343692
18599,汚水,150.0,2009.0,5.008426291766033
18600,汚水,150.0,2009.0,8.885560771703268
18601,汚水,150.0,2009.0,2.950463095314881
18602,汚水,150.0,2009.0,5.999470404872156
18603,汚水,150.0,2009.0,5.627443229127788
18604,汚水,150.0,2009.0,36.09238508311004
18605,汚水,150.0,2009.0,13.576672519476528
18606,汚水,150.0,2009.0,28.250213105480345
18607,汚水,150.0,2009.0,22.38428418515253
18608,汚水,150.0,2009.0,3.7944400648515257
18609,汚水,150.0,2009.0,16.18139455343378
18610,汚水,150.0,2009.0,2.9411053483892817
18611,汚水,150.0,2009.0,2.0535112200156442
18612,汚水,150.0,2009.0,20.029142807900556
18613,汚水,150.0,2009.0,15.050855210327033
18614,汚水,150.0,2009.0,31.742507209365357
18615,汚水,150.0,2009.0,3.4792914264194037
18616,汚水,150.0,2009.0,6.173038755459329
18617,汚水,150.0,2009.0,31.836870922152166
18618,汚水,150.0,2009.0,54.20982341183429
18619,汚水,150.0,2009.0,46.101316313960716
18620,汚水,150.0,2009.0,32.510207707541284
18621,汚水,150.0,2009.0,12.60310411675345
18622,汚水,150.0,2009.0,66.00999063091763
18623,汚水,150.0,2009.0,42.38695095259612
18624,汚水,150.0,2009.0,40.20103558062404
18625,汚水,150.0,2009.0,38.59571138527082
18626,汚水,150.0,2009.0,21.37435305552134
18627,汚水,150.0,2009.0,25.40397273730838
18628,汚水,150.0,2009.0,19.768288287883244
18629,汚水,150.0,2009.0,19.95904330753966
18630,汚水,150.0,2009.0,18.756614668846588
18631,汚水,150.0,2009.0,16.268584280001864
18632,汚水,150.0,2009.0,8.160664258696299
18633,汚水,200.0,1998.0,20.11266211978824
18634,汚水,150.0,2011.0,18.013983337697496
18635,汚水,200.0,2011.0,29.793864211017986
18636,汚水,250.0,1987.0,12.12625603869358
18637,汚水,300.0,2011.0,24.31120293759582
18638,汚水,300.0,2011.0,24.984840067754522
18639,汚水,250.0,2011.0,27.82533039609776
18640,汚水,250.0,2011.0,22.194409122756667
18641,汚水,150.0,2011.0,31.24726021192001
18642,汚水,150.0,2011.0,12.571306155041237
18643,汚水,150.0,2011.0,5.876573124116428
18644,汚水,150.0,2011.0,5.905149132956804
18645,汚水,150.0,2011.0,12.182438088452718
18646,汚水,150.0,2011.0,3.137662500686095
18647,汚水,150.0,2011.0,21.938744377469845
18648,汚水,150.0,2011.0,10.848369034188874
18650,汚水,150.0,2010.0,23.782935911115484
18651,汚水,150.0,2010.0,36.834879824417364
18652,汚水,150.0,2010.0,24.40206294205469
18653,汚水,150.0,,52.72368386873341
18654,汚水,150.0,2010.0,71.63957875724313
18655,汚水,150.0,2010.0,71.6503277286634
18656,汚水,150.0,2010.0,41.41224308252542
18657,汚水,150.0,2010.0,41.56780027591405
18658,汚水,150.0,2010.0,36.52108086878897
18659,汚水,150.0,2010.0,74.65110582381453
18660,汚水,150.0,2010.0,25.85450506336586
18661,汚水,250.0,2010.0,36.802206479722685
18662,汚水,200.0,2010.0,8.61187976294912
18663,汚水,250.0,2010.0,10.064918303703681
18664,汚水,200.0,2010.0,7.362264033705441
18665,汚水,300.0,2010.0,42.75622118807192
18666,汚水,300.0,2010.0,42.38890727640298
18667,汚水,300.0,2010.0,13.020719892418212
18668,汚水,300.0,2010.0,74.56240617272012
18669,汚水,200.0,2010.0,5.234551515406492
18670,汚水,350.0,2010.0,4.675126331625355
18671,汚水,350.0,2010.0,35.23816675316823
18672,汚水,150.0,2010.0,25.304821220529064
18673,汚水,150.0,2010.0,85.28645891203045
18674,汚水,150.0,2010.0,26.94680564038595
18675,汚水,150.0,2010.0,18.61995865963426
18677,汚水,150.0,2010.0,13.894890970107797
18678,汚水,150.0,2010.0,7.333132499060355
18679,汚水,150.0,2010.0,27.673927173089478
18680,汚水,250.0,2010.0,15.909216284742289
18681,汚水,150.0,2010.0,7.984836037888872
18682,汚水,150.0,2010.0,30.150936359355114
18683,汚水,250.0,2010.0,28.308911051635242
18684,汚水,250.0,2010.0,58.274507397842534
18685,汚水,250.0,2010.0,2.2692527642202207
18686,汚水,250.0,2010.0,7.12206187894495
18687,汚水,250.0,2010.0,28.123893655882743
18688,汚水,150.0,2010.0,38.581109063731674
18689,汚水,250.0,2010.0,76.79523953088808
18690,汚水,150.0,2010.0,37.27471287408062
18691,汚水,150.0,2010.0,4.509630428174921
18692,汚水,150.0,2010.0,45.14819611032512
18693,汚水,250.0,2010.0,90.04171968220464
18694,汚水,250.0,2010.0,87.18623336742627
18695,汚水,250.0,2010.0,63.59319515269092
18696,汚水,150.0,2010.0,28.91192051852059
18697,汚水,150.0,2010.0,23.018280153533496
2487,汚水,200.0,1998.0,24.514558270005185
2488,汚水,200.0,1998.0,48.142933856213375
2489,汚水,200.0,1998.0,7.34073806880084
2490,汚水,200.0,1998.0,11.35422128823983
2491,汚水,200.0,1998.0,16.478405933914228
2492,汚水,200.0,1998.0,17.887110934575468
2493,汚水,200.0,1998.0,8.056467886802107
2494,汚水,200.0,1998.0,7.414657589616082
2495,汚水,200.0,1998.0,18.482167701120563
2496,汚水,200.0,1996.0,5.729852537418889
2497,汚水,200.0,1998.0,7.664489929848427
2498,汚水,200.0,1998.0,8.13742158210491
2499,汚水,200.0,1998.0,36.03941580387022
2500,汚水,200.0,1998.0,46.757013090052084
2501,汚水,200.0,1998.0,46.254686572315116
2502,汚水,200.0,1998.0,52.99258579908064
2503,汚水,200.0,1998.0,24.26997781256006
2504,汚水,150.0,1999.0,27.850024937604342
2505,汚水,200.0,1998.0,32.88741459657568
2506,汚水,250.0,1991.0,55.65589026876758
2507,汚水,200.0,1998.0,19.994860858024303
2508,汚水,200.0,1998.0,4.873359821941753
2509,汚水,200.0,1998.0,14.35383105743911
2510,汚水,200.0,1998.0,12.574970312287139
2511,汚水,200.0,1998.0,35.222825051933015
2512,汚水,200.0,1998.0,17.28234887508934
2513,汚水,200.0,1998.0,16.209498844442642
2514,汚水,200.0,1998.0,39.928437551319796
2515,汚水,200.0,1998.0,11.75945445141361
2516,汚水,200.0,1998.0,5.055991653812696
2517,汚水,200.0,1998.0,47.50751133782773
2518,汚水,200.0,1998.0,67.96592180315922
2519,汚水,200.0,1998.0,37.05454604011967
2520,汚水,200.0,1998.0,30.0984373256997
2521,汚水,200.0,1998.0,23.134510270210495
2522,汚水,200.0,1998.0,25.940957180790477
2523,汚水,250.0,1991.0,63.67326938288444
2524,汚水,200.0,1998.0,26.985171627990535
2525,汚水,200.0,1998.0,12.179301738556282
2526,汚水,200.0,1998.0,6.052282256322775
2527,汚水,200.0,1998.0,20.77087048570755
2528,汚水,200.0,1998.0,7.4689923203730455
2529,汚水,200.0,1998.0,19.408303085816538
2530,汚水,200.0,1998.0,19.808847139784074
2531,汚水,200.0,1998.0,62.56237715200663
2532,汚水,200.0,1998.0,7.180428766531353
2533,汚水,200.0,1998.0,60.11888612157294
2534,汚水,200.0,1998.0,64.94333435503836
2535,汚水,200.0,1998.0,38.36391437307641
2536,汚水,200.0,1998.0,62.033762372125416
2537,汚水,200.0,1998.0,62.227068756244826
2538,汚水,200.0,1998.0,11.95370079033097
2539,汚水,250.0,1998.0,6.631437069589203
2540,汚水,250.0,1989.0,44.43162160241885
2541,汚水,250.0,1998.0,4.302293222632638
2542,汚水,200.0,1998.0,23.23817085598598
2543,汚水,250.0,1998.0,37.61209260541301
2544,汚水,250.0,1998.0,6.7695224924643735
2545,汚水,300.0,1998.0,30.787058911358237
2546,汚水,300.0,1998.0,30.91210408151494
2547,汚水,300.0,1998.0,44.1673432533925
2548,汚水,200.0,1998.0,8.814947901078574
2549,汚水,250.0,1998.0,6.521014170880193
2550,汚水,200.0,1998.0,25.949078592564675
2551,汚水,200.0,1998.0,26.262989477559206
2552,汚水,200.0,1998.0,25.81068730879768
2553,汚水,200.0,1998.0,26.533382929980682
2554,汚水,200.0,1998.0,6.120151246350334
2555,汚水,200.0,1998.0,27.147012023362528
2556,汚水,200.0,1995.0,23.572245190839276
2557,汚水,250.0,1989.0,33.04330211926832
2558,汚水,200.0,1995.0,26.475631214046565
2559,汚水,200.0,1995.0,6.507872166922281
2560,汚水,200.0,1998.0,23.049405568800612
2561,汚水,200.0,1998.0,19.51772239534608
2562,汚水,200.0,1998.0,34.336581713790984
2563,汚水,200.0,1998.0,53.03413954773056
2564,汚水,200.0,1998.0,57.79736788442968
2565,汚水,200.0,1998.0,9.467467801161991
2566,汚水,200.0,1995.0,5.016420766130139
2567,汚水,200.0,1998.0,30.544788880030897
2568,汚水,200.0,1998.0,41.75152553387036
2569,汚水,150.0,1999.0,24.474837844133965
2570,汚水,150.0,1999.0,55.6523166280637
2571,汚水,150.0,1999.0,28.15547175166474
2572,汚水,150.0,1999.0,63.70325465549399
2573,汚水,150.0,1999.0,30.695294258904994
2574,汚水,150.0,1999.0,25.891716811337737
2575,汚水,150.0,1999.0,22.239547532088906
2576,汚水,150.0,1999.0,29.22264718540963
2577,汚水,150.0,1999.0,17.906454708500355
2578,汚水,150.0,1999.0,37.00964616470985
2579,汚水,150.0,1999.0,29.1656591483218
2580,汚水,150.0,1999.0,22.054756844424006
2581,汚水,150.0,1999.0,12.641741479889726
2582,汚水,150.0,1999.0,15.179782639834396
2583,汚水,150.0,1999.0,14.588676851821162
2584,汚水,150.0,1999.0,18.141823183714372
2585,汚水,150.0,1999.0,24.147949486310885
2586,汚水,150.0,1999.0,34.664145938723614
2587,汚水,150.0,1999.0,39.20754851324488
2588,汚水,200.0,1999.0,28.99562255631483
2589,汚水,150.0,1999.0,18.204382030583314
2590,汚水,150.0,1999.0,32.009266092603085
2591,汚水,250.0,1991.0,69.10020543424527
2592,汚水,150.0,1999.0,31.916088889131213
2593,汚水,150.0,1999.0,42.70326816853311
2594,汚水,150.0,1999.0,80.30068537484372
2595,汚水,150.0,1999.0,50.85249877733053
2596,汚水,150.0,1999.0,78.30468934507654
2597,汚水,150.0,1999.0,90.92397371008629
2598,汚水,150.0,1999.0,25.695337157616947
2599,汚水,200.0,1999.0,30.304247177994057
2600,汚水,200.0,1998.0,20.165255720640236
2601,汚水,200.0,1998.0,19.576092127686767
2602,汚水,200.0,1998.0,14.8316833035293
2603,汚水,200.0,1998.0,23.44668770934394
2604,汚水,200.0,1998.0,42.9227784609479
2605,汚水,200.0,1998.0,11.11235310709175
2606,汚水,200.0,1998.0,6.810552254118759
2607,汚水,200.0,1998.0,37.69979620019511
2608,汚水,250.0,,23.722899150749477
2609,汚水,200.0,1998.0,53.27964713271095
2610,汚水,200.0,1998.0,10.485484819737744
2611,汚水,200.0,1998.0,14.576318500064597
2612,汚水,200.0,1998.0,61.9243297394555
2613,汚水,200.0,1998.0,46.86096710450236
2614,汚水,200.0,1998.0,49.26481712110039
2615,汚水,200.0,1998.0,6.643697419727975
2616,汚水,250.0,1998.0,44.713317426339465
2617,汚水,200.0,1998.0,20.659294386579163
2618,汚水,200.0,1998.0,5.696304307985713
2619,汚水,200.0,1998.0,20.008045071802297
2620,汚水,200.0,1998.0,24.606110367286597
2621,汚水,200.0,1998.0,26.26129575563456
2624,汚水,200.0,1998.0,6.880688724971891
2625,汚水,200.0,1998.0,30.951885447994826
2626,汚水,200.0,1998.0,38.518600449663694
2627,汚水,200.0,1998.0,3.029738403402819
2628,汚水,200.0,1998.0,7.601715010946757
2629,汚水,200.0,1998.0,44.57462645713967
2630,汚水,200.0,1998.0,17.198274298885064
2631,汚水,200.0,1998.0,8.642794744773832
2632,汚水,200.0,1998.0,10.512504718349875
2633,汚水,200.0,1998.0,34.335495625827
2634,汚水,200.0,1998.0,15.490795597586633
2635,汚水,200.0,1998.0,15.743130807621787
2636,汚水,200.0,1998.0,17.45110682131238
2637,汚水,200.0,1998.0,15.345851422791817
2638,汚水,200.0,1998.0,22.6474277879067
2639,汚水,200.0,1998.0,35.04580661410693
2640,汚水,200.0,1998.0,20.615372206476206
2641,汚水,200.0,1998.0,14.672237624019472
2642,汚水,250.0,1992.0,45.19218803028118
2643,汚水,200.0,1998.0,31.09359336676261
2644,汚水,200.0,1998.0,18.320287386598192
2645,汚水,200.0,1998.0,23.43146294283497
2646,汚水,200.0,1998.0,42.61771957045755
2647,汚水,200.0,1998.0,21.714453929631713
2648,汚水,200.0,1998.0,5.266363249442041
2649,汚水,200.0,1998.0,40.22866978488953
2650,汚水,200.0,1998.0,33.91029538747426
2651,汚水,200.0,1998.0,40.234348354735154
2652,汚水,200.0,1998.0,3.90787374201174
2653,汚水,200.0,1998.0,12.765561002987548
2654,汚水,200.0,1998.0,58.58444258842249
2655,汚水,200.0,1998.0,13.570866203774738
2656,汚水,200.0,1998.0,33.545237727885564
2657,汚水,200.0,1998.0,4.218889103950413
2658,汚水,250.0,1991.0,27.62294635424448
2659,汚水,200.0,1998.0,6.393534324263035
2660,汚水,200.0,1998.0,4.4529846141333325
2661,汚水,200.0,1998.0,26.313481401211796
2662,汚水,200.0,1998.0,27.710256309622665
2663,汚水,200.0,1998.0,5.332657864978484
2664,汚水,200.0,1998.0,17.362936149764867
2665,汚水,200.0,1998.0,21.149800579083106
2666,汚水,200.0,1998.0,5.108168314697886
2667,汚水,200.0,1998.0,8.752952130688987
2668,汚水,200.0,1998.0,14.185401391831663
2669,汚水,200.0,1998.0,12.04293427028376
2670,汚水,200.0,1998.0,6.5443132716925865
2671,汚水,200.0,1998.0,22.0803582684402
2672,汚水,200.0,1998.0,4.492915837800589
2673,汚水,200.0,1998.0,36.833625569611634
2674,汚水,200.0,1998.0,2.9617875043677553
2675,汚水,250.0,,11.510939125069928
2676,汚水,200.0,1998.0,60.309278659012065
2677,汚水,200.0,1998.0,32.11493826160311
2678,汚水,200.0,1998.0,5.735594085811642
2679,汚水,200.0,1998.0,21.555262481711413
2680,汚水,200.0,1998.0,20.889602290817283
2681,汚水,200.0,1998.0,42.50579054180406
2682,汚水,200.0,1998.0,19.055555143933102
2683,汚水,200.0,1998.0,7.078075759343963
2684,汚水,200.0,1998.0,11.975147991460725
2685,汚水,200.0,1998.0,4.564504733189542
2686,汚水,200.0,1998.0,6.4994317128264925
2687,汚水,200.0,1998.0,13.153426554399264
2688,汚水,200.0,1998.0,16.27876751125696
2689,汚水,200.0,1998.0,30.97003593810505
2690,汚水,200.0,1998.0,5.369033837852426
2691,汚水,250.0,1991.0,50.72137274740111
2692,汚水,200.0,1998.0,43.583484793482164
2693,汚水,200.0,1998.0,74.84794809487056
2694,汚水,200.0,1998.0,21.763107435027756
2695,汚水,200.0,1998.0,21.337815940937638
2696,汚水,200.0,1998.0,31.95898183897361
2697,汚水,200.0,1998.0,25.135398951621912
2698,汚水,200.0,1998.0,9.768480049430496
2699,汚水,200.0,1998.0,9.140405663770665
2700,汚水,200.0,1998.0,14.264540342280728
2701,汚水,200.0,1998.0,7.691733428556783
2702,汚水,200.0,1998.0,21.72213232258328
2703,汚水,200.0,1998.0,12.570529560342072
2704,汚水,200.0,1998.0,21.069538930495007
2705,汚水,200.0,1998.0,11.777350391360248
2706,汚水,200.0,1998.0,20.89110362556151
2707,汚水,250.0,1993.0,28.85180044190396
2708,汚水,350.0,1998.0,48.61481315546304
2709,汚水,200.0,1998.0,14.603867224958083
2710,汚水,300.0,1998.0,27.545720576267662
2711,汚水,200.0,1998.0,4.731600798682413
2712,汚水,200.0,1998.0,17.87334065374266
2713,汚水,200.0,1998.0,23.380703814712763
2714,汚水,200.0,1998.0,8.072983024820658
2715,汚水,200.0,1998.0,26.695607410554615
2716,汚水,200.0,1998.0,10.525529375360131
2717,汚水,200.0,1998.0,9.86912187647644
2718,汚水,200.0,1998.0,4.415725117740806
2719,汚水,200.0,1998.0,10.742769109962207
2720,汚水,200.0,1998.0,5.425794829068913
2721,汚水,200.0,1998.0,7.634264712740484
2722,汚水,200.0,1998.0,2.731558410439759
2723,汚水,200.0,1998.0,23.58995464638249
2724,汚水,200.0,1998.0,3.69136655972698
2725,汚水,200.0,1998.0,9.193924640675414
2726,汚水,200.0,1998.0,16.185760520099407
2727,汚水,200.0,1996.0,40.93133049775717
2728,汚水,200.0,1998.0,18.89354249386643
2729,汚水,200.0,1998.0,13.952617430862048
2730,汚水,200.0,1998.0,23.716951730793056
2731,汚水,200.0,1998.0,31.481302378066097
2732,汚水,200.0,1998.0,14.444616586220555
2733,汚水,200.0,1998.0,16.56172203811739
2734,汚水,200.0,1998.0,6.763527547121372
2735,汚水,200.0,1998.0,4.64041830015354
2736,汚水,200.0,1998.0,12.761518840317514
2737,汚水,200.0,1998.0,4.5887372299908495
2738,汚水,200.0,1998.0,16.798000909838624
2739,汚水,200.0,1998.0,4.487158278936534
2741,汚水,200.0,1998.0,7.967734895078216
2742,汚水,200.0,1998.0,8.596616408431077
2743,汚水,200.0,1998.0,14.957949385848991
2744,汚水,200.0,1996.0,33.83146080070304
2745,汚水,200.0,1998.0,9.217845184315154
2746,汚水,200.0,1998.0,15.184712906057998
2747,汚水,200.0,1998.0,24.77708943274691
2748,汚水,250.0,1998.0,45.97068267138837
2749,汚水,250.0,1998.0,5.336298537768968
2750,汚水,250.0,1998.0,54.9945366746436
2751,汚水,250.0,1998.0,70.99010963701441
2752,汚水,250.0,1998.0,11.344437154038632
2754,汚水,200.0,1998.0,12.809382802364196
2755,汚水,200.0,1998.0,43.334217631697356
2756,汚水,200.0,1998.0,7.262694256319683
2757,汚水,200.0,1998.0,70.03660259942262
2758,汚水,200.0,1998.0,52.95831429314148
2759,汚水,150.0,2000.0,19.87069966115328
2760,汚水,200.0,1998.0,6.940315324128375
2761,汚水,200.0,1996.0,29.149570609489448
2762,汚水,200.0,1998.0,40.10734602747668
2763,汚水,150.0,2007.0,37.36218372059304
2764,汚水,150.0,2007.0,39.73386903828464
2765,汚水,150.0,2007.0,21.226263701694037
2766,汚水,150.0,2007.0,22.842718302259524
2767,汚水,150.0,2007.0,32.61070342226389
2768,汚水,150.0,2007.0,14.690339813728013
2769,汚水,150.0,2007.0,45.33008534299026
2770,汚水,150.0,2007.0,29.78557579427443
2771,汚水,150.0,2007.0,18.01222612297326
2772,汚水,150.0,2007.0,14.355375220710865
2773,汚水,150.0,2007.0,37.83219342988335
2774,汚水,150.0,2007.0,17.453761325333787
2775,汚水,150.0,2007.0,17.06843312148194
2776,汚水,150.0,1998.0,7.827388387170189
2777,汚水,200.0,1995.0,44.62337269735093
2778,汚水,200.0,1995.0,6.891480367173246
2779,汚水,200.0,1995.0,17.980626151174327
2780,汚水,200.0,1995.0,20.713770877009384
2781,汚水,200.0,1995.0,29.795940441505454
2782,汚水,200.0,1995.0,37.001077685186395
2783,汚水,200.0,1995.0,39.880485524888286
2784,汚水,200.0,1995.0,50.524474454477996
2785,汚水,200.0,1995.0,11.727665037488107
2786,汚水,200.0,1995.0,34.901522551434226
2787,汚水,200.0,1995.0,34.929733490260055
2788,汚水,200.0,1995.0,39.80705471395661
2789,汚水,200.0,1995.0,60.67201020877465
2790,汚水,200.0,1995.0,69.7275906272771
2791,汚水,200.0,1995.0,40.02475684098736
2792,汚水,200.0,1995.0,6.838821681523724
2793,汚水,200.0,1995.0,35.778852008760175
2794,汚水,200.0,1996.0,31.819055355014324
2795,汚水,200.0,1995.0,53.90837148964983
2796,汚水,200.0,1995.0,58.63309113653304
2797,汚水,150.0,2002.0,17.636440313152896
2798,汚水,150.0,2002.0,13.129481535152292
2799,汚水,150.0,2002.0,11.805631097436597
2800,汚水,150.0,2002.0,12.160791345851415
2801,汚水,300.0,2002.0,48.28091531466978
2802,汚水,300.0,2002.0,59.233678531409474
2803,汚水,150.0,2002.0,66.75888094234709
2804,汚水,150.0,2002.0,31.288000000000466
2805,汚水,150.0,2002.0,20.906046995589364
2806,汚水,150.0,2002.0,30.143303935959874
2807,汚水,150.0,2002.0,3.8502116113945437
2808,汚水,150.0,2002.0,20.89013296258586
10246,汚水,150.0,2007.0,81.7830701312977
10247,汚水,200.0,1996.0,6.205042134327008
10248,汚水,200.0,1996.0,21.851054027139625
10249,汚水,200.0,1996.0,16.652075158930398
10250,汚水,200.0,1996.0,9.775099563734218
10251,汚水,200.0,1996.0,40.67423628446519
10252,汚水,200.0,1996.0,12.045390143020521
10253,汚水,200.0,1996.0,34.87709872858002
10254,汚水,200.0,1996.0,15.193799272136571
10255,汚水,200.0,1996.0,6.443538955218286
10256,汚水,200.0,1996.0,8.860054566377721
10258,汚水,200.0,1996.0,27.135302189880612
10259,汚水,200.0,1996.0,16.840464258684907
10260,汚水,200.0,1996.0,1.633004084313459
10261,汚水,200.0,1996.0,6.215201222925087
10262,汚水,200.0,1996.0,7.261315551913212
10263,汚水,200.0,1996.0,13.942569725514282
10264,汚水,200.0,1996.0,14.86238218030875
10265,汚水,200.0,1996.0,16.00951828545838
10266,汚水,200.0,1996.0,10.470578498207706
10267,汚水,200.0,1996.0,32.019168834002244
10268,汚水,200.0,1996.0,5.0579886860132435
10269,汚水,200.0,1996.0,4.40628487961005
10270,汚水,200.0,1996.0,17.079922725698644
10271,汚水,200.0,1996.0,7.697001016929324
10272,汚水,200.0,1996.0,9.472111637139024
10273,汚水,200.0,1996.0,35.30481588016979
10274,汚水,200.0,1996.0,10.273978712821794
10275,汚水,200.0,1996.0,17.216310936275868
10276,汚水,200.0,1996.0,11.449367400343856
10277,汚水,200.0,1996.0,2.6929407993339445
10278,汚水,200.0,1996.0,24.192172589024196
10279,汚水,200.0,1996.0,12.953713526573127
10280,汚水,200.0,1996.0,19.146984636501106
10281,汚水,200.0,1996.0,8.929026954987293
10282,汚水,200.0,1996.0,40.809878233820825
10283,汚水,200.0,1996.0,35.520999795631674
10284,汚水,200.0,1996.0,16.163825744767934
10285,汚水,200.0,1996.0,19.31787110981884
10286,汚水,200.0,1996.0,17.801147922546264
10287,汚水,200.0,1996.0,48.87807665575472
10288,汚水,200.0,1996.0,26.709523864324325
10289,汚水,200.0,1996.0,32.743302738875904
10290,汚水,200.0,1996.0,9.443239559663748
10291,汚水,200.0,1996.0,3.555429248736897
10292,汚水,200.0,1996.0,11.641918435342129
10293,汚水,200.0,1996.0,7.608411781282943
10294,汚水,200.0,1996.0,31.600933398690753
10295,汚水,200.0,1996.0,1.5842295754264435
10296,汚水,200.0,1996.0,20.744681204550723
10297,汚水,200.0,1996.0,56.53338703288354
10299,汚水,200.0,1996.0,24.088280364098523
10300,汚水,200.0,1996.0,7.6843803814516205
10301,汚水,200.0,1996.0,20.664166154765287
10303,汚水,150.0,2006.0,13.804823262581523
10304,汚水,150.0,2006.0,4.0076502940358445
10305,汚水,150.0,2006.0,3.9354000585961706
10306,汚水,150.0,2006.0,20.43036244771281
10307,汚水,150.0,2006.0,3.9180437448957317
10308,汚水,250.0,1996.0,48.349317091359296
10309,汚水,250.0,1996.0,43.05669711745988
10310,汚水,250.0,1996.0,21.498976366460894
10311,汚水,250.0,1996.0,44.56542231945088
10312,汚水,250.0,1996.0,49.72891213049998
10313,汚水,250.0,1996.0,31.900702449659615
10314,汚水,250.0,1996.0,26.95941093353617
10316,汚水,250.0,2004.0,21.453619926224633
10317,汚水,250.0,1996.0,33.77860818933698
10318,汚水,250.0,1996.0,39.09946009920108
10319,汚水,250.0,1996.0,49.738294568441205
10320,汚水,300.0,1996.0,42.7060876198131
10321,汚水,250.0,1991.0,46.29926502141801
10322,汚水,300.0,1996.0,43.20557087539974
10323,汚水,300.0,1996.0,13.771448818197085
10324,汚水,300.0,1996.0,10.11100528970442
10325,汚水,300.0,1996.0,48.96282022083938
10326,汚水,300.0,1996.0,53.67629427723052
10327,汚水,300.0,1996.0,46.56351940829373
10332,汚水,300.0,1996.0,40.961211901991575
10333,汚水,300.0,1994.0,72.64236865090689
10334,汚水,200.0,1996.0,57.841448197891694
10335,汚水,200.0,1996.0,41.73651093735943
10336,汚水,200.0,1996.0,42.83774476440423
10337,汚水,200.0,1996.0,32.11906091755047
10338,汚水,200.0,1996.0,4.695010693109329
10339,汚水,250.0,1988.0,31.283034946151247
10341,汚水,250.0,1988.0,17.294555264386336
10342,汚水,250.0,1988.0,16.388557857327946
10343,汚水,250.0,1988.0,41.68449991769679
10344,汚水,250.0,1988.0,9.08589528331451
10345,汚水,250.0,1988.0,32.06944695108495
10346,汚水,250.0,1988.0,12.12499523128956
10347,汚水,250.0,1988.0,3.8896148501250605
10348,汚水,250.0,1988.0,30.545232186657373
10349,汚水,250.0,1988.0,5.191076137073258
10350,汚水,250.0,1988.0,3.9887271961298127
10351,汚水,250.0,1988.0,12.198838582517354
10352,汚水,250.0,1988.0,15.913203008265981
10353,汚水,250.0,1988.0,16.211426246286553
10354,汚水,250.0,1988.0,2.7215653840809995
10355,汚水,250.0,1988.0,16.8462344110575
10356,汚水,250.0,1988.0,21.34770849326678
10357,汚水,250.0,1988.0,6.64354286609907
10358,汚水,250.0,1988.0,12.63673553439616
10360,汚水,250.0,1988.0,16.829849340747323
10361,汚水,250.0,1988.0,15.96728538771843
10362,汚水,250.0,1988.0,8.13483070396231
10363,汚水,250.0,1988.0,14.986292166750944
10364,汚水,250.0,1988.0,12.8269251675712
10365,汚水,250.0,1988.0,19.058804544648325
10366,汚水,250.0,1988.0,23.250227980855126
10367,汚水,250.0,1988.0,10.524673057958122
10368,汚水,250.0,1988.0,23.200679853754224
10369,汚水,250.0,1988.0,4.751392318464966
10370,汚水,250.0,1988.0,30.50706503623041
10371,汚水,250.0,1988.0,31.6181274998245
10373,汚水,250.0,1988.0,37.565804204720806
10374,汚水,250.0,1988.0,37.74632875406332
10375,汚水,250.0,1988.0,22.03040258560626
10376,汚水,250.0,1988.0,22.289545278035053
10377,汚水,250.0,1988.0,30.858705009445984
10378,汚水,250.0,1988.0,31.013288055838732
10379,汚水,250.0,1988.0,18.298675221270376
10380,汚水,250.0,1988.0,24.039888100615663
10381,汚水,250.0,1988.0,29.97370835592019
10382,汚水,250.0,1988.0,19.578820744803878
10383,汚水,250.0,1988.0,27.58581145173363
10385,汚水,250.0,1988.0,38.45279171583819
10386,汚水,250.0,1988.0,27.228470159868408
10387,汚水,250.0,1988.0,11.104643035448623
10388,汚水,250.0,1988.0,27.895119119460258
10389,汚水,250.0,1988.0,35.43514606926603
10390,汚水,250.0,1988.0,20.63509545362481
10391,汚水,250.0,1988.0,41.32236424389617
10392,汚水,250.0,1988.0,41.448327628102476
10393,汚水,250.0,1988.0,39.08082729367524
10394,汚水,250.0,1988.0,39.25448266014397
10395,汚水,250.0,1988.0,41.32015556220782
10396,汚水,250.0,1988.0,41.72428685125866
10397,汚水,250.0,1988.0,11.240140832659
10398,汚水,250.0,1988.0,20.80286330505902
10399,汚水,250.0,1988.0,15.052280217542835
10400,汚水,250.0,1988.0,15.181952548905194
10401,汚水,250.0,1988.0,7.1609136242428075
10402,汚水,250.0,1988.0,44.292674592013526
10403,汚水,800.0,1988.0,91.77650251829279
10404,汚水,250.0,1988.0,47.3188381560129
10405,汚水,200.0,1994.0,65.02794259661547
10407,汚水,800.0,1988.0,95.24907780597701
10408,汚水,250.0,1988.0,31.025857463541143
10409,汚水,250.0,1988.0,11.926313238781788
10410,汚水,250.0,1988.0,21.19978621711459
10411,汚水,250.0,1988.0,41.2260010316497
10412,汚水,250.0,1988.0,24.963993152900876
10413,汚水,250.0,1988.0,27.774577650697424
10414,汚水,250.0,1992.0,3.2472118166564514
10415,汚水,250.0,1992.0,12.617223522908077
10416,汚水,250.0,1992.0,19.846269419393007
10417,汚水,250.0,1992.0,8.67065029521585
10418,汚水,250.0,1992.0,6.5513900019696365
10419,汚水,250.0,1992.0,25.91530739404259
10420,汚水,250.0,1992.0,13.009463105743285
10421,汚水,250.0,1992.0,5.808411780043813
10422,汚水,200.0,1994.0,49.60245204574504
10423,汚水,250.0,1992.0,26.644755920967963
10424,汚水,250.0,1992.0,26.022516955669182
10425,汚水,250.0,1992.0,23.55290692856218
10426,汚水,250.0,1992.0,31.081664573696226
10427,汚水,250.0,1992.0,14.523733247902397
10428,汚水,250.0,1992.0,17.138967574225006
10433,汚水,300.0,1992.0,61.03410240415331
10435,汚水,250.0,1996.0,12.607507180714043
10436,汚水,250.0,1996.0,4.594563964855874
10437,汚水,250.0,1992.0,11.08695782888693
10438,汚水,150.0,2002.0,2.1283795391546145
10439,汚水,250.0,1989.0,69.46839434203095
10440,汚水,250.0,1989.0,65.80107877284648
10442,汚水,250.0,1989.0,18.421372372018077
10445,汚水,250.0,1989.0,1.9500637976382094
10446,汚水,500.0,1989.0,71.08221852925645
10447,汚水,500.0,1989.0,53.02328911430305
10448,汚水,500.0,1989.0,64.81867258523913
10449,汚水,600.0,1987.0,15.115334294412682
10450,汚水,250.0,1989.0,4.046051343900008
10453,汚水,250.0,1989.0,35.006010108306526
10454,汚水,250.0,1991.0,9.79769435742532
10455,汚水,250.0,1989.0,2.2250208666105222
10456,汚水,600.0,1989.0,77.41939781771319
10457,汚水,,1990.0,7.618436999822171
10458,汚水,150.0,2007.0,3.104147080205987
10459,汚水,250.0,1990.0,35.711133874682844
10460,汚水,250.0,1990.0,25.90845153058772
10461,汚水,250.0,1990.0,42.06595719315707
10462,汚水,250.0,1990.0,37.16378186649082
10463,汚水,250.0,2007.0,19.66630146620974
10464,汚水,250.0,1990.0,57.60708976229378
10465,汚水,250.0,1990.0,55.89601781225163
10466,汚水,150.0,2007.0,56.994734893203415
10467,汚水,150.0,2007.0,5.339723863743683
10468,汚水,500.0,1989.0,71.4442544865136
10470,汚水,,1996.0,45.770801290352715
10472,汚水,250.0,1991.0,46.17130289263746
10473,汚水,250.0,1991.0,49.965973191477
10474,汚水,250.0,1991.0,22.047637888237315
10475,汚水,250.0,1990.0,36.5214084701668
10476,汚水,250.0,1990.0,46.30434465027808
10477,汚水,250.0,1990.0,59.22991284928556
10478,汚水,250.0,1990.0,8.43417763875344
10479,汚水,250.0,1990.0,45.44938667936072
10480,汚水,250.0,1990.0,73.43386562014517
10481,汚水,250.0,1990.0,61.48860117955361
10482,汚水,250.0,1991.0,32.43768035741664
10483,汚水,250.0,1991.0,12.376227229471843
10484,汚水,250.0,1991.0,37.36895427745915
10485,汚水,250.0,1991.0,67.10606516241364
10486,汚水,250.0,1991.0,66.69125453711615
10487,汚水,200.0,1996.0,49.79514519699704
10488,汚水,250.0,1991.0,6.034150888759951
10489,汚水,250.0,1991.0,38.540845381820326
10492,汚水,250.0,1991.0,31.872603178693577
10493,汚水,,1991.0,7.496998897994553
10495,汚水,150.0,2004.0,59.89378951067291
10496,汚水,150.0,2004.0,14.457563395080074
10497,汚水,150.0,2007.0,42.506887261978214
10498,汚水,150.0,2004.0,31.71557970233155
10499,汚水,150.0,,71.4704573504558
10500,汚水,150.0,2004.0,47.427835263476396
10501,汚水,150.0,2004.0,60.34388977189802
10502,汚水,150.0,2005.0,89.98304727982429
10503,汚水,150.0,2005.0,7.451999340954976
10504,汚水,150.0,2005.0,52.96067794091344
10505,汚水,150.0,,77.62641143624062
10506,汚水,150.0,,43.70597250255523
10507,汚水,150.0,,27.112800627423784
10508,汚水,150.0,2006.0,2.8352830330109455
10509,汚水,150.0,2006.0,75.26953883073473
10510,汚水,150.0,2006.0,83.85550152369353
10511,汚水,150.0,,22.46891942310215
10512,汚水,150.0,2007.0,22.94441809990094
10513,汚水,150.0,2007.0,40.82292944243873
10514,汚水,150.0,2007.0,3.7550956707190055
10515,汚水,150.0,2007.0,3.060202637847884
10516,汚水,150.0,,24.273231901124852
10517,汚水,150.0,2007.0,9.684101318850834
10518,汚水,150.0,2007.0,87.93378357684644
10519,汚水,150.0,2007.0,25.571939530945663
10520,汚水,150.0,2007.0,39.86288847602498
10521,汚水,250.0,1990.0,29.46555249795788
10523,汚水,250.0,1990.0,30.33002138668552
10524,汚水,250.0,1990.0,32.371895547038704
10526,汚水,250.0,1990.0,32.0159830916121
10527,汚水,250.0,1990.0,13.187772623078184
10528,汚水,250.0,1990.0,33.527830276298495
10529,汚水,250.0,1990.0,29.230121441116427
10530,汚水,250.0,1990.0,37.62715851191202
10531,汚水,250.0,1990.0,4.233299941704379
10532,汚水,250.0,1990.0,33.68694295501638
10533,汚水,250.0,1990.0,26.620288243066902
10535,汚水,250.0,1990.0,19.798232713937225
10536,汚水,250.0,1990.0,35.3362201583658
10537,汚水,250.0,1990.0,21.46627822727233
10538,汚水,250.0,1990.0,19.478090441241577
10539,汚水,250.0,1990.0,14.433440866062078
10540,汚水,250.0,1990.0,39.87665824072134
10541,汚水,250.0,1990.0,13.562181519895047
10543,汚水,250.0,1990.0,35.896945986702455
10544,汚水,,1990.0,15.969678483077718
10545,汚水,250.0,1990.0,7.836656087140078
10547,汚水,250.0,1990.0,32.41406378340051
10548,汚水,250.0,1990.0,36.427089036717014
10549,汚水,250.0,1990.0,48.04242310050823
10550,汚水,250.0,1990.0,5.431684528698146
10551,汚水,250.0,1990.0,48.74210750402211
10552,汚水,250.0,1990.0,17.801202809019642
10553,汚水,250.0,1990.0,48.20049931705534
10554,汚水,250.0,1990.0,49.23087004326789
10555,汚水,250.0,1990.0,3.228507580401681
10556,汚水,400.0,1990.0,40.361954825301176
10557,汚水,250.0,1990.0,22.49383684854593
10558,汚水,250.0,1990.0,4.470189798510546
10559,汚水,250.0,1990.0,61.6193961674081
10560,汚水,250.0,1996.0,42.18534873941184
10561,汚水,250.0,1996.0,36.75133683839241
10562,汚水,250.0,1996.0,29.76544907128073
10563,汚水,250.0,1996.0,19.533304773873457
10564,汚水,250.0,1996.0,25.593903616292955
10565,汚水,250.0,1996.0,6.056827970298778
10566,汚水,250.0,1996.0,10.927851585254928
10567,汚水,300.0,1990.0,38.522791490637594
18698,汚水,150.0,2010.0,26.180976893615856
18699,汚水,150.0,2010.0,2.93275575324178
18700,汚水,150.0,,24.036623935669876
18701,汚水,150.0,,35.87348002646733
18702,汚水,150.0,,41.01151006770059
18703,汚水,150.0,,93.7400397448595
18704,汚水,150.0,2010.0,9.500186884213312
18705,汚水,150.0,2010.0,7.750105824841482
18706,汚水,150.0,2010.0,5.37697562292615
18707,汚水,150.0,2010.0,38.33722760083469
18708,汚水,200.0,2010.0,46.31860823496108
18709,汚水,250.0,1990.0,53.20767123793437
18710,汚水,150.0,2010.0,4.154860513311086
18711,汚水,250.0,2010.0,6.031420752283918
18712,汚水,250.0,2010.0,23.68210608574302
18713,汚水,250.0,2010.0,4.926387994091378
18714,汚水,250.0,2010.0,44.36375373151628
18715,汚水,150.0,2010.0,3.4645707522335067
18717,汚水,200.0,2010.0,27.135511087873397
18718,汚水,150.0,2010.0,21.407432462570462
18719,汚水,150.0,2010.0,29.438474727714027
18720,汚水,150.0,2010.0,14.09328086171608
18721,汚水,150.0,2010.0,14.74464350636668
18722,汚水,150.0,,17.62203032289897
18723,汚水,150.0,,43.52452174651975
18724,汚水,150.0,,31.03179758169488
18725,汚水,150.0,,2.3326838466071433
18734,汚水,150.0,2010.0,58.705915039229886
18735,汚水,200.0,2010.0,5.159512619441044
18736,汚水,200.0,2010.0,43.20356032598127
18737,汚水,150.0,2010.0,47.93339322033888
18738,汚水,200.0,2010.0,44.033384522567566
18739,汚水,150.0,2010.0,91.66803574518764
18740,汚水,150.0,2010.0,18.62020964502444
18741,汚水,150.0,2010.0,59.5132634797225
18742,汚水,250.0,2010.0,28.745687013727764
18743,汚水,150.0,2010.0,9.01314633582353
18744,汚水,150.0,2010.0,25.860776211401866
18745,汚水,150.0,2010.0,21.892138869203027
18746,汚水,150.0,2010.0,8.534052963569474
18747,汚水,150.0,2010.0,22.475551643092434
18748,汚水,150.0,2010.0,22.925280764416957
18749,汚水,150.0,,22.73994724798196
18750,汚水,150.0,,39.26766030845521
18751,汚水,150.0,,39.14583043767288
18752,汚水,150.0,,10.577541672086806
18753,汚水,200.0,2010.0,19.511838028289223
18754,汚水,150.0,2010.0,34.442998063832924
18755,汚水,150.0,2010.0,7.6056454022429145
18756,汚水,150.0,2010.0,26.115149834102194
18757,汚水,200.0,2010.0,44.0322285524883
18758,汚水,200.0,2010.0,18.518255543472577
18759,汚水,150.0,2010.0,84.25867068269123
18760,汚水,200.0,2010.0,53.02473779020384
18761,汚水,200.0,2010.0,2.935450316137023
18762,汚水,200.0,,51.04492423556834
18763,汚水,150.0,2010.0,63.79557307078648
18764,汚水,150.0,2010.0,4.3315990123289785
18765,汚水,150.0,2010.0,22.694776196356955
18766,汚水,150.0,2010.0,8.28374378022966
18767,汚水,150.0,,66.07826009044358
18768,汚水,150.0,,31.82763019012516
18769,汚水,250.0,2010.0,20.57310055924976
18770,汚水,250.0,2010.0,24.53467954386298
18771,汚水,250.0,2010.0,24.547806549201752
18772,汚水,150.0,,39.753530948682474
18909,汚水,150.0,2010.0,20.982675914455278
18910,汚水,150.0,2010.0,3.0081173976052558
18911,汚水,150.0,2010.0,32.93466836499
18912,汚水,150.0,2010.0,22.1446933641766
18913,汚水,150.0,2010.0,30.661867986819775
18914,汚水,150.0,2010.0,34.70811132078787
18915,汚水,150.0,2010.0,39.27814030858507
18916,汚水,150.0,2010.0,36.643410950098705
18917,汚水,150.0,2010.0,18.329920290787825
18918,汚水,150.0,2010.0,10.322184916723526
18919,汚水,150.0,2010.0,62.07866083337231
18920,汚水,200.0,2010.0,17.85908249243329
18921,汚水,200.0,2010.0,24.37972194753667
18922,汚水,200.0,2010.0,6.933839517282651
18923,汚水,150.0,2010.0,2.581007951487552
18924,汚水,150.0,2010.0,5.989470257927099
18925,汚水,150.0,2010.0,2.308718507552692
18926,汚水,200.0,2010.0,1.9323133220911746
18927,汚水,150.0,2010.0,54.103914761432335
18928,汚水,150.0,2010.0,58.12703446808906
18929,汚水,150.0,2010.0,10.014155115357312
18930,汚水,150.0,2010.0,10.248101966148697
18931,汚水,150.0,2010.0,14.721280011729649
18932,汚水,150.0,2010.0,8.988385908053566
18933,汚水,150.0,2010.0,5.255245189613384
18934,汚水,150.0,2010.0,13.983598201730015
18935,汚水,150.0,2010.0,9.175850854106475
18936,汚水,150.0,2010.0,3.2995228000269066
18937,汚水,150.0,2010.0,24.353639648033237
18938,汚水,150.0,2010.0,8.343623680828989
18939,汚水,150.0,2010.0,7.5913403994017035
18940,汚水,150.0,2010.0,3.708137094248855
18941,汚水,150.0,2010.0,2.2282015908597246
18942,汚水,150.0,2010.0,30.728300071527467
18943,汚水,150.0,2010.0,26.250200457840386
18944,汚水,150.0,2010.0,82.98451690660892
18945,汚水,150.0,2010.0,80.61519448795882
18946,汚水,150.0,2010.0,8.344496401303376
18947,汚水,200.0,2010.0,17.511807105374775
18948,汚水,200.0,2010.0,14.099869220766783
18949,汚水,200.0,2010.0,20.348252579444022
18950,汚水,150.0,2010.0,19.652744197159944
18951,汚水,150.0,2010.0,4.939219221089649
18952,汚水,150.0,2010.0,23.483947758983394
18953,汚水,150.0,2010.0,22.55065431665019
18954,汚水,150.0,2010.0,5.145374006711172
18955,汚水,200.0,2010.0,2.53356640055173
18956,汚水,200.0,2010.0,18.09478305093205
18957,汚水,200.0,2010.0,18.204384769133302
18958,汚水,200.0,2010.0,25.90656917685601
18959,汚水,200.0,2010.0,32.92929368226431
18960,汚水,200.0,2010.0,2.990332347963213
18961,汚水,200.0,2010.0,21.403851320648936
18962,汚水,200.0,2010.0,3.504663100376169
18963,汚水,200.0,2010.0,8.572389294105143
18964,汚水,200.0,2010.0,24.645692323945458
18965,汚水,150.0,2010.0,24.462043409873058
18966,汚水,200.0,2010.0,7.883200496125927
18967,汚水,150.0,2010.0,90.32966477315125
18968,汚水,150.0,2010.0,94.27217622599444
18969,汚水,150.0,2010.0,22.640393889535193
18970,汚水,150.0,2010.0,47.81117843465118
18971,汚水,150.0,2010.0,42.2220081362986
18973,汚水,150.0,2010.0,10.633989550853169
18974,汚水,150.0,2010.0,6.510225304776283
18975,汚水,150.0,2010.0,10.793978644956297
18976,汚水,200.0,2010.0,28.743550352322146
18977,汚水,200.0,2010.0,30.362483149278425
18978,汚水,200.0,2010.0,54.56741299618937
18979,汚水,150.0,2010.0,5.966721728663484
18980,汚水,150.0,2010.0,36.18589689381099
18981,汚水,150.0,2010.0,43.187479057107176
18982,汚水,150.0,2010.0,35.17809522310979
18983,汚水,150.0,2010.0,6.567563137923639
18984,汚水,150.0,2010.0,87.37640229751946
18985,汚水,150.0,2010.0,8.429677329171215
18986,汚水,200.0,2010.0,61.29139797986069
18987,汚水,150.0,2010.0,48.90256193754345
18988,汚水,150.0,2010.0,31.948998570453274
18989,汚水,150.0,2010.0,11.38887845261721
18990,汚水,150.0,2010.0,21.148540561684314
18991,汚水,150.0,2010.0,13.305984100526903
18992,汚水,150.0,2010.0,1.5675701366953443
18993,汚水,150.0,2010.0,43.690350829751274
18994,汚水,150.0,2010.0,16.504417976443122
18996,汚水,250.0,1989.0,48.187331443029564
18997,汚水,900.0,1986.0,83.61757235334828
18998,汚水,600.0,1986.0,26.895955629470063
18999,汚水,600.0,1986.0,56.40339752526364
19000,汚水,150.0,1996.0,27.62730080090921
19001,汚水,150.0,2011.0,29.10050261945543
19002,汚水,150.0,2011.0,9.985925040749878
19004,汚水,150.0,2011.0,27.511416822103616
19005,汚水,150.0,2011.0,7.802356570676916
19006,汚水,200.0,2011.0,6.329174717073791
19007,汚水,200.0,2011.0,38.85538998094127
19008,汚水,200.0,2011.0,42.38336751246221
19009,汚水,200.0,2011.0,40.348633479078224
19010,汚水,150.0,2011.0,95.67759677880028
19011,汚水,150.0,2011.0,10.043537193164646
19012,汚水,150.0,2011.0,19.354144371808076
19013,汚水,150.0,2011.0,37.85175617240511
19014,汚水,150.0,2011.0,2.8720058294300097
19015,汚水,150.0,2011.0,29.40228092683702
19016,汚水,200.0,2011.0,3.505332477272299
19017,汚水,200.0,2011.0,69.40446424274245
19018,汚水,150.0,2011.0,8.412469934285875
19019,汚水,150.0,2011.0,8.38349366371203
10568,汚水,250.0,2007.0,7.534031925725276
10569,汚水,250.0,1996.0,7.5566900576704015
10570,汚水,250.0,1996.0,60.74176995629468
10571,汚水,250.0,1996.0,46.18086461075531
10572,汚水,250.0,1996.0,47.04738392108206
10573,汚水,250.0,1996.0,4.463908938214276
10574,汚水,250.0,1996.0,51.50848257696031
10575,汚水,250.0,1996.0,7.588013502956226
10576,汚水,250.0,1996.0,34.38648193937305
10577,汚水,250.0,1996.0,32.29521451242036
10578,汚水,250.0,1996.0,38.22550246306179
10579,汚水,250.0,1996.0,41.60388810928597
10580,汚水,250.0,1996.0,25.826484668725147
10581,汚水,250.0,1996.0,16.74674019275153
10582,汚水,150.0,2004.0,10.653857389371206
10583,汚水,400.0,1990.0,97.18020885230071
10584,汚水,150.0,2000.0,45.747537489505255
10585,汚水,150.0,2006.0,40.53654646871981
10586,汚水,300.0,1990.0,36.19366424955504
10587,汚水,250.0,1990.0,20.029353433543914
10588,汚水,250.0,1990.0,25.627627853713193
10589,汚水,250.0,1990.0,29.966768130361483
10590,汚水,250.0,1990.0,29.86035584946251
10591,汚水,250.0,1990.0,35.5356106160529
10592,汚水,250.0,1990.0,21.386585835557977
10593,汚水,250.0,1990.0,26.749464661921717
10594,汚水,250.0,1990.0,73.3954712392643
10595,汚水,250.0,1990.0,30.45944421217147
10596,汚水,250.0,1990.0,38.69677001362119
10597,汚水,250.0,1990.0,46.22054509146738
10598,汚水,250.0,1990.0,17.932181855413184
10599,汚水,250.0,1990.0,56.280721944899135
10600,汚水,250.0,1990.0,21.960287324940207
10601,汚水,250.0,1990.0,10.218191919532096
10602,汚水,250.0,1990.0,35.67562167626318
10603,汚水,250.0,1990.0,10.447459261933977
10604,汚水,250.0,1990.0,21.20586573288585
10605,汚水,150.0,2000.0,49.68363028558916
10606,汚水,150.0,2000.0,59.82995632000401
10607,汚水,150.0,,34.80892476794357
10608,汚水,,2006.0,3.780063942344606
10611,汚水,150.0,1990.0,15.363845430807995
10618,汚水,150.0,2004.0,15.679797416921923
10619,汚水,150.0,2004.0,13.734759227842035
10620,汚水,150.0,2004.0,16.57074057667373
10621,汚水,150.0,2004.0,20.756793852552374
10622,汚水,150.0,2004.0,34.41417675017125
10623,汚水,150.0,2004.0,7.245399726995081
10624,汚水,300.0,1990.0,75.37629584328207
10625,汚水,150.0,2004.0,42.3929175391643
10626,汚水,100.0,2004.0,43.267505950404576
10627,汚水,150.0,,22.412210447504297
10628,汚水,150.0,,39.72046731558946
10629,汚水,150.0,2004.0,2.718293682032391
10630,汚水,150.0,1996.0,5.187133077678509
10631,汚水,150.0,2002.0,15.15711693639005
10632,汚水,150.0,2002.0,14.565887252979595
10633,汚水,150.0,2002.0,7.660593941073306
10634,汚水,150.0,,9.240846382476116
10635,汚水,150.0,1996.0,69.67868478156707
10636,汚水,150.0,1996.0,5.722006706422437
10637,汚水,300.0,1990.0,44.40640468321648
10639,汚水,150.0,2005.0,25.87265332744747
10640,汚水,150.0,1996.0,50.367956218934026
10641,汚水,150.0,2005.0,29.771443062705274
10642,汚水,150.0,2005.0,11.221005144250782
10643,汚水,150.0,2007.0,34.368904596058854
10644,汚水,150.0,2005.0,12.684147965247417
10645,汚水,150.0,,30.920377994574945
10646,汚水,150.0,2005.0,3.0816149140762894
10647,汚水,150.0,,15.437874257590043
10649,汚水,150.0,1996.0,12.58252380287202
10650,汚水,150.0,2004.0,33.11633717679328
10651,汚水,150.0,,32.50972676332498
10652,汚水,150.0,,11.351324347499022
10653,汚水,150.0,,7.52879623727562
10654,汚水,150.0,,19.413642709420863
10655,汚水,150.0,,31.639033595979093
10656,汚水,150.0,2006.0,43.011235167493844
10657,汚水,150.0,2006.0,6.984384795949583
10658,汚水,150.0,2006.0,4.238538930258276
10659,汚水,150.0,2007.0,26.736413618344503
10660,汚水,150.0,2006.0,13.981038518151367
10662,汚水,150.0,2007.0,16.95588885709954
10663,汚水,250.0,2007.0,31.974078419360993
10664,汚水,150.0,2007.0,56.96226407446634
10665,汚水,150.0,2007.0,44.88865268729329
10666,汚水,150.0,2007.0,57.21346426512406
10667,汚水,150.0,2007.0,9.375895713233467
10668,汚水,150.0,2007.0,51.4362794210528
10669,汚水,150.0,2007.0,109.89111308843216
10670,汚水,250.0,2008.0,27.23796762608192
10671,汚水,150.0,2007.0,41.87602975026428
10672,汚水,150.0,,19.76825012838331
10675,汚水,150.0,2001.0,32.670263601564926
10676,汚水,150.0,2000.0,15.123869523486224
10679,汚水,250.0,1990.0,11.205947861744393
10680,汚水,250.0,1990.0,37.822451539158976
10681,汚水,250.0,1990.0,29.654614309593022
10682,汚水,250.0,1990.0,28.009606349298647
10683,汚水,250.0,1990.0,45.32188837098528
10685,汚水,250.0,1990.0,37.78185582390901
10686,汚水,250.0,1990.0,42.77447470594368
10687,汚水,250.0,1990.0,37.8906597791613
10688,汚水,250.0,1990.0,27.009997539285898
10689,汚水,250.0,1990.0,27.41688705356514
10690,汚水,250.0,1990.0,15.567038169445652
10691,汚水,300.0,1990.0,38.29242380566611
10692,汚水,250.0,1990.0,30.48579773885479
10693,汚水,250.0,1990.0,23.333941491086037
10694,汚水,250.0,1990.0,24.29062271648407
10695,汚水,250.0,1990.0,4.301827993415966
10696,汚水,250.0,1990.0,22.859972093915548
10697,汚水,250.0,1990.0,29.234575464685747
10698,汚水,250.0,1990.0,27.62559499048656
10699,汚水,250.0,1990.0,43.32252975731566
10700,汚水,250.0,1990.0,44.90716785921208
10701,汚水,250.0,1990.0,14.682096198917359
10702,汚水,,1990.0,74.85198754953132
10703,汚水,250.0,1990.0,30.812384045753355
10704,汚水,,1990.0,51.21289306547067
10705,汚水,250.0,1990.0,19.01891506945243
10706,汚水,250.0,1990.0,24.915513679958593
10707,汚水,250.0,1990.0,43.10448013689027
10708,汚水,250.0,1990.0,2.170465761072032
10709,汚水,250.0,1990.0,35.137548965187506
10710,汚水,250.0,1990.0,27.517901763543243
10711,汚水,250.0,1990.0,12.816231667766997
10712,汚水,250.0,1990.0,11.060651645576115
10713,汚水,250.0,1990.0,11.025131232689514
10714,汚水,250.0,1990.0,31.779750046153353
10715,汚水,250.0,1990.0,5.396779680378149
10716,汚水,250.0,1990.0,34.96471419522842
10717,汚水,250.0,1990.0,34.95834440178163
10718,汚水,250.0,1990.0,24.612211232684263
10719,汚水,250.0,1990.0,28.025691272196138
10720,汚水,250.0,1990.0,3.7883890103861955
10721,汚水,250.0,1990.0,45.49282544856771
10723,汚水,250.0,1990.0,36.299677847982394
10724,汚水,350.0,1990.0,38.28809157741577
10725,汚水,250.0,1990.0,37.544426870365996
10726,汚水,250.0,1990.0,24.08840503892132
10727,汚水,250.0,1990.0,17.838745485425765
10728,汚水,300.0,1990.0,30.54487063180564
10730,汚水,250.0,1990.0,17.722628205005243
10731,汚水,250.0,1990.0,49.78252637361536
10732,汚水,250.0,1990.0,20.678488826541052
10733,汚水,250.0,1990.0,30.368272620996844
10734,汚水,250.0,1990.0,20.481777599258315
10735,汚水,250.0,1990.0,37.04071357505896
10736,汚水,250.0,1990.0,4.151323818304952
10737,汚水,250.0,1990.0,38.15742440052081
10739,汚水,250.0,1990.0,14.701812946776824
10740,汚水,250.0,1990.0,11.215525896047895
10741,汚水,250.0,1990.0,14.76931658032316
10742,汚水,250.0,1990.0,20.22755271841559
10743,汚水,250.0,1990.0,12.218843320522037
10744,汚水,250.0,1990.0,36.99382523888469
10745,汚水,250.0,1990.0,22.755501727252078
10746,汚水,250.0,1990.0,42.055302876055606
10747,汚水,250.0,1990.0,22.408311049517273
10748,汚水,250.0,1990.0,32.99117670226364
10749,汚水,,1990.0,5.486240270150136
10750,汚水,250.0,1990.0,34.021105513430406
10751,汚水,250.0,1990.0,4.8292148409155
10752,汚水,250.0,1990.0,30.208858796446872
10753,汚水,250.0,1990.0,36.97028922524899
10754,汚水,250.0,1990.0,31.728780334729638
10755,汚水,250.0,1990.0,3.07801139491741
10756,汚水,250.0,1990.0,15.175730195304645
10757,汚水,250.0,1990.0,17.42011058524025
10758,汚水,250.0,1990.0,48.40928000564042
10759,汚水,250.0,1990.0,5.066945685514119
10760,汚水,250.0,1990.0,8.833112124513425
10761,汚水,250.0,1990.0,42.255342678665585
10762,汚水,,1990.0,3.4846644851965616
10764,汚水,250.0,1990.0,36.43883011444023
10765,汚水,250.0,1992.0,19.7391432133815
10766,汚水,250.0,1992.0,36.99030956833529
10768,汚水,250.0,1992.0,52.4364994122802
10770,汚水,250.0,1992.0,35.867212273105686
10771,汚水,250.0,1992.0,18.450881176489347
10772,汚水,250.0,1992.0,1.6684200843214614
10773,汚水,250.0,1992.0,8.476683286190474
10775,汚水,250.0,1992.0,14.669167722229416
10776,汚水,250.0,1992.0,41.14380321011532
10778,汚水,250.0,1990.0,20.816365357825585
10779,汚水,250.0,1990.0,34.4392311963646
10780,汚水,250.0,1990.0,53.68989081341476
10781,汚水,250.0,1992.0,55.12980141505486
10782,汚水,250.0,1992.0,15.15517180348298
10783,汚水,250.0,1992.0,54.36278131319819
10784,汚水,250.0,1992.0,37.17444163669243
10785,汚水,250.0,1992.0,34.22081344513068
10786,汚水,200.0,1995.0,15.378770786648381
10787,汚水,250.0,1992.0,3.026054725222255
10788,汚水,250.0,1992.0,19.405719234759477
10789,汚水,250.0,1992.0,18.58355608879941
10790,汚水,250.0,1992.0,36.12005701248132
10791,汚水,250.0,1992.0,20.308964678663386
10792,汚水,250.0,1992.0,23.409829256478172
10793,汚水,250.0,1992.0,8.892193962279675
10794,汚水,250.0,1992.0,49.48063061708409
10795,汚水,250.0,1992.0,7.210351278528824
10796,汚水,250.0,1992.0,20.64063111274354
10797,汚水,250.0,1992.0,35.96017295815723
10798,汚水,250.0,1992.0,64.1916209417424
10800,汚水,250.0,1992.0,39.95634694322612
10801,汚水,250.0,1992.0,33.34632694764608
10802,汚水,250.0,1992.0,28.482397642698338
10803,汚水,250.0,1992.0,26.76915305279141
10805,汚水,250.0,1992.0,49.563416944954426
10806,汚水,250.0,1992.0,46.99270043014928
10809,汚水,250.0,1992.0,61.33479318188313
10810,汚水,250.0,1992.0,49.11564453638847
10811,汚水,250.0,1992.0,11.581790515579769
10812,汚水,250.0,1992.0,41.48902869387479
10813,汚水,250.0,1992.0,51.211518715652204
10814,汚水,250.0,1992.0,57.138731927839565
10815,汚水,250.0,1992.0,47.571711973491674
10816,雨水,1350.0,2001.0,40.700690139710964
10817,雨水,800.0,,73.22422374144473
10818,雨水,800.0,,33.10949475022281
10819,雨水,900.0,,49.96058155478187
10820,雨水,900.0,,42.691606669697435
10821,雨水,900.0,,44.23322007374421
10822,雨水,600.0,,50.18530717570599
10823,雨水,400.0,,20.438784105004128
10824,雨水,500.0,,5.594756555699354
10825,雨水,500.0,2011.0,34.10704240591623
10826,雨水,400.0,,10.203799433907772
10827,雨水,600.0,2011.0,55.14613734685419
10828,雨水,1000.0,2001.0,30.657775542610754
10829,雨水,2000.0,1994.0,797.3154258949196
10830,雨水,500.0,2001.0,18.590290838826768
10831,雨水,1500.0,,29.567976831169585
10832,雨水,1500.0,,111.83499685686695
10833,雨水,500.0,,63.94920998956132
10834,雨水,500.0,,31.849614341687566
10835,雨水,500.0,,52.57228470492527
10856,雨水,600.0,,11.394158655565086
10857,雨水,2000.0,1994.0,23.38813473358394
10858,雨水,2000.0,1994.0,35.886127125990654
10859,雨水,1600.0,1997.0,39.08390520890027
10861,雨水,900.0,1998.0,33.866252268906024
10862,雨水,1000.0,1998.0,41.18337511911191
10863,雨水,1000.0,1998.0,19.773888272704394
10864,雨水,2300.0,,69.29766857432699
10866,雨水,2000.0,1997.0,78.72967159253952
10867,雨水,2000.0,1997.0,65.37204793718986
10868,雨水,2300.0,,2.7970028649956094
10869,雨水,1500.0,1997.0,97.20564099919213
10870,雨水,1800.0,1997.0,85.1345901338119
10871,雨水,1800.0,1997.0,36.58972079089782
10872,雨水,1800.0,1997.0,54.39286338025055
10873,雨水,1800.0,1997.0,71.25625626297642
10874,雨水,1800.0,1997.0,47.22401848600832
10875,雨水,1600.0,1997.0,30.536610358648673
10876,雨水,1600.0,1997.0,14.906840974691448
10877,雨水,1600.0,1997.0,15.052841106499018
10878,雨水,1600.0,1997.0,105.13954053146044
10879,雨水,600.0,,27.292500199064403
10880,雨水,600.0,,27.09089448436646
10881,雨水,600.0,,25.952408436101983
10882,雨水,600.0,,24.66777676253038
10883,雨水,600.0,,39.22150601976308
10884,雨水,600.0,,41.12413227908046
10885,雨水,600.0,,41.25727038583208
10886,雨水,600.0,,54.81839109605377
10887,雨水,1350.0,,45.43024434080812
10888,汚水,200.0,1995.0,21.25905547550104
10889,雨水,800.0,,26.73127768809743
2809,汚水,150.0,2002.0,17.759560206306684
2810,汚水,150.0,2002.0,7.627921210390553
2811,汚水,200.0,1996.0,11.11056862020763
2812,汚水,150.0,2002.0,16.70677544702122
2813,汚水,150.0,2002.0,27.020666497513915
2814,汚水,150.0,2002.0,30.925814252807854
2815,汚水,150.0,2002.0,33.38389403287532
2816,汚水,150.0,2002.0,60.31413964159683
2818,汚水,150.0,2002.0,26.574464036154858
2820,汚水,150.0,2002.0,22.802346002921993
2821,汚水,150.0,2002.0,6.195515176959867
2822,汚水,150.0,2002.0,26.204338780848506
2823,汚水,150.0,2002.0,41.41110504237122
2824,汚水,150.0,2002.0,63.619799425316195
2825,汚水,150.0,2002.0,65.55065105252723
2826,汚水,200.0,2002.0,75.58150732750457
2827,汚水,150.0,2002.0,86.10886463981647
2828,汚水,250.0,1993.0,49.92930385497217
2829,汚水,150.0,2002.0,20.50212675597587
2830,汚水,150.0,2002.0,22.64706912280429
2831,汚水,150.0,2002.0,58.61381267592543
2832,汚水,150.0,2002.0,28.943785857962485
2833,汚水,150.0,2002.0,8.452707583178002
2834,汚水,150.0,2002.0,16.891184444776002
2835,汚水,150.0,2002.0,11.50347164399461
2836,汚水,150.0,2002.0,31.631130000648792
2837,汚水,150.0,2002.0,16.375073781899296
2838,汚水,150.0,2002.0,8.508157528628136
2839,汚水,150.0,2002.0,17.03394789444203
2840,汚水,150.0,2002.0,29.406562705982584
2841,汚水,150.0,2002.0,25.9890334840166
2842,汚水,150.0,2002.0,57.082028261307045
2843,汚水,150.0,2002.0,20.80347291870202
2844,汚水,150.0,2002.0,18.074303864974752
2845,汚水,250.0,1996.0,37.02067730490698
2846,汚水,150.0,2002.0,2.415144311381418
2847,汚水,150.0,2002.0,37.525834821408885
2848,汚水,150.0,2002.0,23.93175731621215
2849,汚水,150.0,2002.0,11.850698472292999
2850,汚水,150.0,2002.0,59.063687481270286
2851,汚水,150.0,2002.0,17.453666857206603
2852,汚水,150.0,2002.0,7.284287940384219
2853,汚水,150.0,2002.0,33.75921835804369
2854,汚水,150.0,2003.0,26.843485616724944
2855,汚水,150.0,2003.0,20.546953792249212
2856,汚水,150.0,2003.0,16.638807541717554
2857,汚水,150.0,2003.0,27.257708677203137
2858,汚水,150.0,2003.0,36.76318808485381
2859,汚水,150.0,2003.0,32.72040224126923
2860,汚水,150.0,2003.0,30.3282769406183
2861,汚水,150.0,2003.0,35.70574519367694
2862,汚水,200.0,1995.0,38.842364921141034
2863,汚水,150.0,2003.0,42.41115470940314
2864,汚水,150.0,2003.0,8.439354023050235
2865,汚水,150.0,2003.0,38.613352918245276
2866,汚水,150.0,2003.0,6.8915406354980835
2867,汚水,150.0,2003.0,6.971624059816808
2868,汚水,150.0,2003.0,21.608082638662673
2869,汚水,150.0,2003.0,17.659696346848435
2870,汚水,150.0,2003.0,27.487345286473076
2871,汚水,150.0,2003.0,16.84827145624731
2872,汚水,150.0,2003.0,91.73650755625552
2873,汚水,150.0,2003.0,4.305779969751134
2874,汚水,150.0,2003.0,8.994055930748818
2875,汚水,150.0,2003.0,64.92673060516509
2876,汚水,150.0,2003.0,4.776597672073749
2877,汚水,150.0,2003.0,12.46636995397308
2878,汚水,150.0,2003.0,21.049028696493806
2879,汚水,150.0,2003.0,3.34037760831304
2880,汚水,150.0,2003.0,48.00991324989984
2881,汚水,150.0,2003.0,90.7758900831452
2882,汚水,150.0,2003.0,15.9650287634206
2883,汚水,150.0,2003.0,42.434669026327924
2884,汚水,150.0,2003.0,15.090004569668174
2885,汚水,150.0,2003.0,18.122536624176533
2886,汚水,150.0,2003.0,16.728400538866705
2887,汚水,150.0,2003.0,25.931872902399984
2888,汚水,150.0,2003.0,20.19329319006376
2889,汚水,150.0,2003.0,5.081282424120524
2890,汚水,150.0,2003.0,9.028000000002066
2891,汚水,150.0,2003.0,27.38518417921363
2892,汚水,150.0,2003.0,52.7002049480539
2893,汚水,150.0,2003.0,53.267530561818575
2894,汚水,150.0,2003.0,41.69987604893262
2895,汚水,150.0,2003.0,55.141119543248465
2896,汚水,150.0,2003.0,36.479877221663585
2897,汚水,150.0,2003.0,40.65103981647237
2898,汚水,150.0,2003.0,11.60484735839478
2899,汚水,150.0,2003.0,18.569026462227367
2900,汚水,150.0,2003.0,8.27902347597935
2901,汚水,150.0,2003.0,9.7970000000023
2902,汚水,150.0,2003.0,35.695162931700104
2903,汚水,150.0,2003.0,25.067170175222355
2904,汚水,150.0,2003.0,36.06226203473063
2905,汚水,150.0,2003.0,12.125910782897583
2906,汚水,150.0,2003.0,5.708604706963586
2907,汚水,150.0,2003.0,9.532737651959502
2908,汚水,150.0,2003.0,9.690724918931075
2909,汚水,150.0,2003.0,2.0021948394211586
2910,汚水,150.0,2003.0,9.449343673309741
2911,汚水,150.0,2003.0,2.0050000000046566
2912,汚水,150.0,2003.0,23.97659835560788
2913,汚水,150.0,2003.0,13.71470652121786
2914,汚水,150.0,2003.0,17.36161357697213
2915,汚水,150.0,2003.0,13.436888446133086
2916,汚水,150.0,2003.0,13.529666835514597
2917,汚水,150.0,2003.0,2.6604426959016427
2918,汚水,150.0,2003.0,33.934918215687
2919,汚水,150.0,2003.0,5.9841092898973764
2920,汚水,150.0,2003.0,26.07025975157474
2921,汚水,150.0,2003.0,17.77728788213779
2922,汚水,150.0,2003.0,3.999943337587645
2923,汚水,150.0,2003.0,11.531196183307811
2924,汚水,150.0,2003.0,14.643775992064274
2925,汚水,150.0,2003.0,47.558805175735955
2926,汚水,150.0,2003.0,46.96436585826328
2927,汚水,150.0,2003.0,3.2250190656956863
2928,汚水,150.0,2003.0,40.49259710145754
2929,汚水,150.0,2003.0,3.341262960351752
2930,汚水,150.0,2003.0,52.92810829658213
2931,汚水,150.0,2003.0,71.69610891418182
2932,汚水,150.0,2003.0,5.812545202106471
2934,汚水,200.0,1993.0,37.737889911706525
2935,汚水,200.0,1993.0,37.47348705427912
2936,汚水,200.0,1993.0,2.462214645902769
2937,汚水,200.0,1993.0,17.464358212473243
2938,汚水,200.0,1993.0,35.16714151972268
2939,汚水,200.0,1993.0,21.854515238077738
2940,汚水,200.0,1994.0,40.52451885373632
2941,汚水,200.0,1993.0,14.282525577007641
2942,汚水,200.0,1993.0,24.80607538597869
2943,汚水,200.0,1993.0,17.44322995862864
2944,汚水,200.0,1993.0,53.76100390637765
2945,汚水,200.0,1993.0,35.28318290625628
2946,汚水,200.0,1993.0,18.42846841954205
2947,汚水,200.0,1993.0,37.357957997263156
2948,汚水,200.0,1993.0,39.45089614527326
2949,汚水,200.0,1993.0,4.353946867258841
2950,汚水,200.0,1993.0,25.702142110058023
2951,汚水,200.0,1993.0,13.116568830377323
2952,汚水,200.0,1993.0,42.687495943965956
2953,汚水,300.0,1993.0,5.3431416583690705
2955,汚水,200.0,1994.0,9.590437393068804
2956,汚水,200.0,1994.0,59.128864881121075
2957,汚水,200.0,1994.0,16.134315748407307
2958,汚水,200.0,1994.0,17.960231607242964
2959,汚水,200.0,1994.0,23.984595390474645
2960,汚水,200.0,1994.0,38.730954594950454
2961,汚水,200.0,1994.0,33.7930574830666
2962,汚水,200.0,1994.0,8.735773681278792
2963,汚水,200.0,1994.0,35.884850641810914
2964,汚水,200.0,1994.0,31.061493760282584
2965,汚水,200.0,1994.0,33.75810047301494
2966,汚水,200.0,1994.0,27.042544966125046
2967,汚水,200.0,1994.0,45.44273441460233
2968,汚水,200.0,1994.0,59.491664510116
2969,汚水,200.0,1994.0,24.446110463121663
2970,汚水,250.0,1998.0,8.435017282068301
2971,汚水,150.0,2004.0,73.16177251262326
2972,汚水,800.0,2006.0,23.901633663994488
2973,汚水,150.0,2007.0,19.491295082408904
2974,汚水,150.0,2007.0,82.83198622865098
2975,汚水,150.0,2007.0,14.217578560717474
2976,汚水,150.0,2008.0,12.547507500533483
2977,汚水,150.0,2008.0,14.997007709798288
2978,汚水,150.0,2008.0,7.4281552475867
2979,汚水,150.0,2008.0,18.054003356168785
2980,汚水,150.0,2008.0,2.7386656153154307
2981,汚水,150.0,2008.0,17.290061153076707
2982,汚水,150.0,2008.0,2.4355017280947084
2983,汚水,150.0,2008.0,9.973673176060752
2984,汚水,200.0,1996.0,14.71978889292857
2985,汚水,200.0,1996.0,7.082476331229909
2986,汚水,250.0,1996.0,42.61222006950004
2987,汚水,200.0,1999.0,9.990662207425038
2988,汚水,150.0,2006.0,24.92461746505908
2989,汚水,150.0,2006.0,6.734087017700585
2990,汚水,150.0,2006.0,12.352741263623862
2991,汚水,200.0,2006.0,25.93677716760121
2992,汚水,150.0,2006.0,28.158440698501906
2993,汚水,150.0,2006.0,10.906358808517062
2994,汚水,150.0,2006.0,11.35754176837352
2995,汚水,150.0,2006.0,9.51738691555773
2996,汚水,150.0,2006.0,8.652304665025246
2997,汚水,200.0,2006.0,22.86642482483859
2998,汚水,150.0,2006.0,5.422727605106681
2999,汚水,150.0,2006.0,9.784774864357676
3000,汚水,150.0,2006.0,6.019079555356835
3001,汚水,150.0,2006.0,6.809459544794909
3002,汚水,150.0,2006.0,2.6651126623211554
3003,汚水,150.0,2006.0,37.477129976945065
3004,汚水,150.0,2006.0,19.886453709901275
3005,汚水,150.0,2006.0,3.125643166444789
3006,汚水,150.0,2006.0,8.80576959494848
3007,汚水,150.0,2006.0,14.289212419293552
3008,汚水,150.0,2006.0,6.13629680435786
3009,汚水,150.0,2006.0,10.667797816900324
3010,汚水,150.0,2006.0,4.214397165650927
3011,汚水,150.0,2006.0,13.713450508774827
3012,汚水,150.0,2006.0,6.677296663660748
3013,汚水,150.0,2006.0,2.8301619683551706
3014,汚水,150.0,2006.0,3.452620086780144
3015,汚水,150.0,2006.0,25.90637105122204
3016,汚水,150.0,2006.0,10.490952371534437
3017,汚水,150.0,2006.0,5.298041719384523
3018,汚水,150.0,2006.0,6.570254867536286
3019,汚水,150.0,2006.0,5.84549325755755
3020,汚水,150.0,2006.0,8.082490453430541
3021,汚水,150.0,2006.0,5.110166158208824
3022,汚水,150.0,2006.0,16.046622955647354
3023,汚水,150.0,2006.0,7.2971647188238355
3024,汚水,150.0,2006.0,3.1643966520733238
3025,汚水,150.0,2006.0,25.42662650806163
3047,汚水,150.0,2006.0,10.218822211912334
3048,汚水,150.0,2006.0,6.3017120896640275
3049,汚水,150.0,2006.0,10.099313232652948
3050,汚水,150.0,2006.0,3.9829398721644007
3051,汚水,150.0,2006.0,4.357421979568008
3052,汚水,150.0,2006.0,7.245952011354492
3053,汚水,150.0,2006.0,20.593182064302976
3054,汚水,150.0,2006.0,16.751126715817016
3055,汚水,150.0,2006.0,16.31960872248721
3056,汚水,150.0,2006.0,18.171773049421514
3057,汚水,200.0,2006.0,4.233402953535377
3058,汚水,150.0,2006.0,10.932110748215562
3059,汚水,150.0,2006.0,5.968174799580712
3060,汚水,150.0,2006.0,25.5980942002287
3061,汚水,150.0,2006.0,19.086555508681368
3062,汚水,200.0,2006.0,54.33026910226368
3063,汚水,200.0,2006.0,12.348717540571265
3064,汚水,200.0,2006.0,3.9520445144808556
3065,汚水,150.0,2006.0,85.20252309885464
3066,汚水,150.0,2006.0,37.094862024507606
3067,汚水,150.0,2006.0,19.791920751431746
3068,汚水,150.0,2006.0,15.069865303799197
3069,汚水,200.0,1999.0,2.911494935295559
3070,汚水,200.0,1999.0,25.85108936616716
3071,汚水,200.0,1999.0,72.14588883128758
3072,汚水,200.0,1999.0,73.74146747090914
3073,汚水,200.0,1999.0,18.907101022937766
3074,汚水,200.0,1999.0,21.14378942518435
3075,汚水,200.0,1999.0,33.93663802301092
3076,汚水,200.0,1999.0,22.132495548856454
3077,汚水,200.0,1999.0,20.685376609893353
3078,汚水,200.0,1999.0,17.135030999405878
3079,汚水,200.0,1999.0,31.430565767484268
3080,汚水,200.0,1999.0,6.997533855875835
3081,汚水,200.0,1999.0,6.3033937724807405
3082,汚水,200.0,1999.0,32.05543049964279
3083,汚水,200.0,1999.0,6.620646510088673
3084,汚水,200.0,1999.0,33.04877645308323
3085,汚水,200.0,1999.0,6.955392534164726
3086,汚水,200.0,1999.0,30.610218131647137
3087,汚水,150.0,2004.0,38.45835974462578
3088,汚水,150.0,2004.0,46.697684160618266
3089,汚水,150.0,2004.0,36.30916626396788
3090,汚水,150.0,2004.0,81.26970024074726
3091,汚水,150.0,2004.0,49.17114277071857
3092,汚水,150.0,2004.0,48.73148697001796
3093,汚水,150.0,2004.0,70.8562354861743
3094,汚水,150.0,2004.0,51.78872461776098
3095,汚水,200.0,1995.0,41.13419869826765
3096,汚水,150.0,2004.0,40.956905277725234
3097,汚水,150.0,2004.0,11.401633418305424
3098,汚水,150.0,2004.0,49.823929897192514
3099,汚水,150.0,2004.0,5.963447230033942
3100,汚水,150.0,2004.0,74.3968056977604
3101,汚水,150.0,2004.0,21.997752969225846
3102,汚水,150.0,2004.0,35.77324615565787
3103,汚水,150.0,2004.0,19.949990148952875
3104,汚水,150.0,2004.0,73.3548989777005
3105,汚水,150.0,2004.0,19.214903357300557
3106,汚水,150.0,2004.0,28.003811791580308
3107,汚水,150.0,2004.0,22.085818247098135
3108,汚水,150.0,2004.0,60.37882046483682
3109,汚水,150.0,2004.0,4.030524404939085
3110,汚水,150.0,2004.0,48.05772369425517
3111,汚水,150.0,2004.0,17.624394132064026
3112,汚水,150.0,2004.0,20.197339984153018
3113,汚水,150.0,2004.0,53.52118203384111
3114,汚水,150.0,2004.0,4.556328752593539
3115,汚水,150.0,2004.0,29.92759591006297
3116,汚水,150.0,2004.0,13.392559038461364
3117,汚水,150.0,2004.0,21.880967004169978
3118,汚水,150.0,2004.0,33.458101750352476
3119,汚水,150.0,2004.0,59.940002748440904
3120,汚水,150.0,2004.0,56.79179117931793
3121,汚水,150.0,2004.0,16.39185120202733
3122,汚水,150.0,2004.0,16.137315906358005
3123,汚水,150.0,2004.0,23.9596672191797
3124,汚水,150.0,2004.0,14.049389224762848
3125,汚水,150.0,2004.0,27.86128724231085
3126,汚水,150.0,2004.0,17.67953289918736
3127,汚水,150.0,2004.0,84.75275653698618
3128,汚水,150.0,2004.0,25.673066542618237
3129,汚水,150.0,2004.0,4.068905696123695
3130,汚水,150.0,2004.0,8.536528421294182
3131,汚水,150.0,2004.0,12.614403358218324
3132,汚水,150.0,2004.0,13.064149438866913
3133,汚水,150.0,2004.0,57.51361945976008
3134,汚水,150.0,2004.0,81.53400908829936
3135,汚水,150.0,2004.0,5.53345540016578
3136,汚水,150.0,2004.0,6.792499622725661
3137,汚水,150.0,2004.0,26.525671290067184
3138,汚水,150.0,2004.0,62.674693791070816
3139,汚水,150.0,2004.0,65.40802446051593
3140,汚水,150.0,2004.0,38.33009853891784
3141,汚水,150.0,2004.0,16.006390110759085
3142,汚水,150.0,2004.0,8.57305252361813
3143,汚水,150.0,2004.0,6.203415853047066
3144,汚水,150.0,2004.0,29.134883832587096
3145,汚水,150.0,2004.0,60.56504655034741
3146,汚水,150.0,2004.0,59.38440752157944
3147,汚水,150.0,2004.0,41.73372301996939
3148,汚水,150.0,2004.0,5.841087837634403
3149,汚水,150.0,2004.0,42.841278315282686
3150,汚水,150.0,2004.0,13.714543988465362
3151,汚水,150.0,2004.0,17.026835310260676
19020,汚水,150.0,2011.0,20.316659670772694
19021,汚水,150.0,2011.0,15.36612077434507
19022,汚水,150.0,2011.0,11.513124270148364
19023,汚水,150.0,2011.0,3.9558991967343435
19024,汚水,150.0,2011.0,13.059721089862043
19025,汚水,150.0,2011.0,9.931189309145493
19026,汚水,150.0,2011.0,16.022183786349082
19027,汚水,150.0,2011.0,8.340602178517587
19028,汚水,150.0,2011.0,19.64301344482263
19029,汚水,150.0,2011.0,5.8837050482962
19030,汚水,150.0,2011.0,6.219271723102735
19031,汚水,150.0,2011.0,10.954460726079873
19032,汚水,150.0,2011.0,22.294287741801988
19033,汚水,150.0,2011.0,25.69309791477374
19034,汚水,150.0,2011.0,6.202802357376355
19035,汚水,150.0,2011.0,2.0704671018491627
19036,汚水,150.0,,4.848447648231381
19037,汚水,150.0,,26.60913688493536
19038,汚水,150.0,,18.09879301897115
19039,汚水,150.0,2010.0,23.470186953776658
19040,汚水,150.0,,22.019015271236988
19041,汚水,150.0,,32.58191854180307
19042,汚水,150.0,,25.954631760058486
19043,汚水,250.0,2010.0,54.30441980568763
19044,汚水,150.0,2010.0,32.97535989934667
19045,汚水,250.0,2010.0,93.3921773010599
19046,汚水,150.0,2010.0,49.39826816638361
19047,汚水,150.0,2010.0,78.67308875812854
19048,汚水,150.0,2010.0,95.59153369581904
19049,汚水,150.0,2010.0,43.32702243789569
19050,汚水,150.0,2010.0,88.73127875569843
19061,雨水,600.0,,7.033117438175144
19062,雨水,1000.0,,18.961257160027113
19063,雨水,1000.0,,22.7285304392523
19065,雨水,900.0,,13.012999807886029
19066,雨水,1000.0,,52.6336019098049
19067,雨水,1000.0,,81.58136506149631
19068,雨水,1100.0,2000.0,145.57149833260826
19069,雨水,1200.0,2000.0,23.153001795024032
19070,雨水,1200.0,2000.0,58.21542829972163
19071,雨水,900.0,2006.0,92.30695345174362
19072,雨水,600.0,2007.0,54.43071675625604
19073,雨水,800.0,2007.0,32.315961156551445
19074,雨水,800.0,2007.0,61.702029031970326
19075,雨水,800.0,2007.0,53.6964945822139
19076,雨水,1100.0,2000.0,79.70180449445427
19077,雨水,1000.0,,50.869528265946116
19078,雨水,600.0,,49.12123379633945
19079,雨水,600.0,,24.577387513725284
19080,雨水,600.0,,30.315453084662344
19081,雨水,600.0,,56.12450838091577
19084,雨水,500.0,,30.459650246082106
19085,雨水,600.0,,48.089006300218415
19087,雨水,1500.0,1999.0,67.72340061692415
19088,雨水,1500.0,1999.0,55.99153524027612
19090,雨水,500.0,1999.0,12.740996001388577
19091,雨水,1200.0,2000.0,90.08896491738432
19093,雨水,3000.0,,25.183228406316946
19094,雨水,2000.0,2000.0,76.84395018235355
19095,雨水,1000.0,2006.0,9.043140420379705
19096,雨水,1000.0,2006.0,9.952916250836692
19097,雨水,1000.0,2006.0,9.380958389260764
19098,雨水,1000.0,2006.0,9.38047895442047
19099,雨水,1000.0,2006.0,13.578451530732535
19101,雨水,2000.0,,13.058963097786183
19102,雨水,2000.0,,12.205346574351518
19103,雨水,2000.0,,13.322936763334626
19104,雨水,2000.0,,7.6551042368343545
19105,雨水,2000.0,,14.833641338920772
19106,雨水,2000.0,,14.977484796985358
19107,雨水,2000.0,,18.219308126609803
19108,雨水,2000.0,,21.367308373693064
19109,雨水,2000.0,,14.809945453142866
19110,雨水,2000.0,,15.126726605052362
19111,雨水,2000.0,,31.66989662763431
19112,雨水,600.0,,51.30093742246885
19113,雨水,600.0,,18.078573928589606
19114,雨水,3000.0,,28.964017360794994
19117,雨水,1000.0,,48.33877749799206
19118,雨水,1000.0,,50.128892277804994
19119,雨水,1000.0,,56.14949212593009
19120,雨水,1000.0,,40.07489800361527
19121,雨水,1000.0,2000.0,43.875331036721064
19122,雨水,600.0,,25.338842402406488
19123,雨水,600.0,,25.04709163700001
19124,雨水,900.0,,58.79051147780255
19125,雨水,900.0,,22.882271427369997
19126,雨水,900.0,,19.095477780240685
19127,雨水,900.0,,21.249879300412285
19128,雨水,900.0,,23.04101048463757
19129,雨水,900.0,,23.045934252004336
19130,雨水,900.0,,53.50971119027982
19131,雨水,1000.0,,44.42148222504619
19132,雨水,1100.0,,41.72361491484941
19133,雨水,1100.0,,28.945641638278246
19135,雨水,1200.0,,17.428141911283262
19136,雨水,1350.0,,34.60862612853679
19137,雨水,1350.0,,31.21976088361808
19138,雨水,800.0,,13.993498250514026
19142,雨水,750.0,,31.07149111421797
19143,雨水,2000.0,,24.363871408286805
19144,雨水,2000.0,,28.324256958243506
19146,雨水,600.0,,28.296365932827143
19147,雨水,600.0,,26.4352815000374
19148,雨水,700.0,,32.11407768596811
19149,雨水,700.0,,33.641227590496115
19150,雨水,700.0,,33.34714150878907
19151,雨水,700.0,,43.31280895176554
19152,雨水,700.0,,35.97449466877619
19153,雨水,800.0,,52.34705331068882
19154,雨水,1500.0,,26.521654373368893
19155,雨水,1500.0,,39.0115970329145
19156,雨水,1500.0,,34.58253125613218
19157,雨水,1500.0,,30.10854361759267
19158,雨水,1500.0,,30.104667479902197
19159,雨水,1500.0,,29.875791768237416
19160,雨水,1500.0,,29.61271387943588
19161,雨水,450.0,,60.12223926107465
19162,雨水,450.0,,72.32432247259514
19163,雨水,300.0,,29.366384034744822
19164,雨水,600.0,,46.96700487614248
19165,雨水,600.0,,57.40150175079035
19166,雨水,1650.0,,48.261426243370316
19167,雨水,500.0,,32.02301870433359
19168,雨水,500.0,,51.52203761582282
19169,雨水,1650.0,,2.951529327659209
19170,雨水,500.0,,53.7197840345719
19171,雨水,1650.0,,66.20057124956546
19172,雨水,1650.0,,17.376954069092513
19173,雨水,500.0,,53.42619876129533
19174,雨水,500.0,,51.823172693557225
19175,雨水,500.0,,52.72303870177252
19176,雨水,400.0,,41.26418058398182
19177,雨水,400.0,,26.64132766087662
19178,雨水,400.0,,29.350319922390657
19179,雨水,700.0,,46.36766762292702
19186,雨水,250.0,,27.85890609960262
19187,雨水,600.0,,30.14041684242149
19188,雨水,600.0,,8.481064349767642
19189,雨水,700.0,,22.90629024544906
19190,雨水,,,51.25284871213445
19191,雨水,600.0,,14.615136871492485
19192,雨水,600.0,,68.9132538275652
19193,雨水,900.0,,21.809706998371333
19194,雨水,900.0,,35.35538814329329
19195,雨水,250.0,,25.944048387023084
19196,雨水,250.0,,62.735659347694074
19197,雨水,300.0,,6.886154346633867
19198,雨水,900.0,,55.10606813626772
19199,雨水,900.0,,48.90658467738471
19200,雨水,900.0,,27.212629465917964
19201,雨水,1000.0,2006.0,80.88070045748506
19214,雨水,250.0,2007.0,30.740422655255006
19215,雨水,300.0,2007.0,29.939432194410866
19216,雨水,350.0,2007.0,19.92145399389076
19217,雨水,350.0,2007.0,20.320006349383235
19218,雨水,500.0,2007.0,24.89922636974083
19219,雨水,500.0,2007.0,24.802083179184937
19220,雨水,500.0,2007.0,39.16438409432589
19221,雨水,300.0,2007.0,7.292665708725983
19222,雨水,300.0,2007.0,17.690572806157146
19223,雨水,300.0,2007.0,19.035344085114346
19224,雨水,300.0,2007.0,36.610624736560474
19225,雨水,300.0,2007.0,31.931964265213058
19226,汚水,200.0,1995.0,24.420085987879464
19227,雨水,300.0,2007.0,31.174613450808494
19228,雨水,350.0,2007.0,36.56398151834672
19229,雨水,350.0,2007.0,36.36508928669895
19230,雨水,300.0,2007.0,34.810554575926034
19231,雨水,450.0,2007.0,34.565848284162236
19232,雨水,450.0,2007.0,36.033521889039235
19233,雨水,450.0,2007.0,19.64983366670922
19234,雨水,450.0,2007.0,12.730327106283127
19235,雨水,450.0,2007.0,12.786112433834235
19236,雨水,450.0,2007.0,12.088669800937097
19237,雨水,450.0,2007.0,12.75420227094395
19238,雨水,450.0,2007.0,37.48503853865461
19239,雨水,250.0,2007.0,25.5959795574499
19240,雨水,250.0,2007.0,25.052530666634894
19241,雨水,250.0,2007.0,25.226885783900766
19242,雨水,250.0,2007.0,15.25089529589665
19243,雨水,300.0,2007.0,33.39956568071769
19244,雨水,300.0,2007.0,35.70366902109566
19245,雨水,400.0,2007.0,35.872051635546846
19246,雨水,500.0,2007.0,36.69595010670829
19247,雨水,600.0,2007.0,20.12425069363794
19248,雨水,600.0,2007.0,26.45459067543919
19249,雨水,500.0,2007.0,36.98023133537401
19250,雨水,500.0,2007.0,41.95290398407721
19251,雨水,500.0,2007.0,40.712544401468016
19252,雨水,500.0,2007.0,24.511672408457233
19253,雨水,450.0,2007.0,46.26984615754782
19254,雨水,450.0,2007.0,45.76043555642855
19255,雨水,450.0,2007.0,45.37451839309128
19256,雨水,700.0,2007.0,35.717407754557826
19257,雨水,700.0,2007.0,17.78082832573247
19258,雨水,700.0,2007.0,16.050845577777114
19259,雨水,800.0,2007.0,23.61334960486557
19260,雨水,800.0,2007.0,25.338376483132556
19261,雨水,800.0,2007.0,34.8100831328612
19262,雨水,250.0,2007.0,16.742892278067984
19263,雨水,300.0,2007.0,24.377290159165334
19264,雨水,300.0,2007.0,21.156514209802644
19265,雨水,300.0,2007.0,22.289420409817737
19266,雨水,900.0,2007.0,27.510019310823548
19267,雨水,900.0,2007.0,31.72832923551351
19268,雨水,900.0,2007.0,12.294931921071617
19269,雨水,900.0,2007.0,6.457315010923452
19270,雨水,300.0,2007.0,33.38111718833601
19271,雨水,300.0,2007.0,34.581258250505726
19273,雨水,1000.0,2006.0,68.12407095778765
19274,雨水,400.0,,33.83256362893222
19275,汚水,700.0,1996.0,75.88787880834512
19276,雨水,400.0,,35.16564665850497
19277,雨水,400.0,,35.54793897061248
19278,雨水,400.0,,34.77654479365436
19279,雨水,400.0,,48.891269525958414
19280,雨水,400.0,,50.11904957838876
19281,雨水,400.0,,54.143719186829195
19282,雨水,400.0,,65.86464039646592
19283,雨水,400.0,,45.723969440119404
19284,雨水,500.0,,44.22727606143885
19285,雨水,400.0,,9.184016691600482
19286,雨水,400.0,,63.36820921839325
19287,雨水,400.0,,65.11753974348437
19289,雨水,1200.0,2008.0,13.615468047832847
19290,雨水,1200.0,2008.0,30.592450895037135
19291,雨水,1000.0,2008.0,59.98124344559928
19292,雨水,1000.0,2008.0,46.41818256364645
19295,雨水,300.0,2007.0,17.674409421629672
19296,雨水,350.0,2007.0,40.910720285106436
19297,雨水,350.0,2007.0,7.443946471696028
19298,雨水,350.0,2007.0,38.053082179296034
19309,雨水,350.0,2007.0,40.902291746264844
19310,雨水,350.0,2007.0,38.34672423739444
19311,雨水,250.0,2007.0,20.3115747677826
19312,雨水,400.0,2007.0,38.79768619382816
19313,雨水,600.0,2007.0,36.070403762715536
19314,雨水,600.0,2007.0,23.996870912325793
19315,雨水,250.0,2007.0,24.13410274604689
19316,雨水,250.0,2007.0,37.39013922137539
19317,雨水,700.0,2007.0,21.86729552034451
19318,雨水,700.0,2007.0,59.76422211453295
19319,雨水,700.0,2007.0,59.692750863827555
19320,雨水,900.0,2007.0,23.48028339855686
19321,雨水,900.0,2007.0,85.4043127359645
19322,雨水,900.0,2007.0,41.3235731412772
19323,雨水,900.0,2007.0,19.118406464847418
19324,雨水,900.0,2007.0,15.884826582475528
19325,雨水,900.0,2007.0,12.23025845667159
19326,雨水,900.0,2007.0,11.272954412020022
19327,雨水,900.0,2007.0,10.842378104990694
19328,雨水,300.0,2007.0,24.842352011487293
19329,雨水,300.0,2007.0,20.12417197247963
19330,雨水,300.0,2007.0,18.25672472884302
19331,雨水,1000.0,2007.0,11.729694764675967
19332,雨水,1000.0,2007.0,12.297292773920546
19333,雨水,1000.0,2007.0,28.95887702407178
19334,雨水,1000.0,2007.0,26.777474374359972
19335,雨水,250.0,2007.0,29.021153730536295
19336,雨水,1100.0,2007.0,27.915017774765293
19337,雨水,1100.0,2007.0,29.36919248009008
19338,雨水,1100.0,2007.0,40.781468680671324
19339,雨水,300.0,2007.0,24.268532731713286
19340,雨水,300.0,2007.0,17.809010671475296
19341,雨水,300.0,2007.0,25.94978541405077
19342,雨水,400.0,2007.0,29.354834130639706
19343,雨水,400.0,2007.0,6.963574758227957
19344,雨水,250.0,2007.0,18.82502766520094
19346,雨水,600.0,,50.218800980977605
19348,雨水,600.0,,21.889020592521906
19349,雨水,600.0,,20.6291436473683
19350,雨水,600.0,,25.04927838671622
19351,雨水,600.0,,24.55336198670401
19352,雨水,600.0,,41.62696753566595
19354,雨水,3500.0,,32.4090558347481
19355,雨水,4000.0,,31.311996073512567
19356,雨水,500.0,,4.42035826255252
19357,雨水,450.0,,23.417698130424917
19358,雨水,250.0,2007.0,22.92965698488353
19359,雨水,250.0,2007.0,23.233664289114355
19360,雨水,250.0,2007.0,22.859967661854462
19361,雨水,250.0,2007.0,23.589746593919497
19362,雨水,400.0,2007.0,16.004473179713298
19363,雨水,400.0,2007.0,26.069407090049964
19364,雨水,500.0,2007.0,27.243956984818087
19365,雨水,600.0,2007.0,36.34473305024395
19366,雨水,700.0,2007.0,15.050730331898023
19367,雨水,700.0,2007.0,14.84546902848091
19368,雨水,700.0,2007.0,56.322911434821236
19369,雨水,300.0,2007.0,30.122517781421315
19370,雨水,300.0,2007.0,25.43623015991278
19371,雨水,350.0,2007.0,35.39864220289602
19372,雨水,600.0,2007.0,45.34061858466608
19373,雨水,1000.0,2007.0,15.271965607703157
19374,雨水,800.0,2007.0,37.08228956672526
19375,雨水,1000.0,2007.0,11.908305424419764
19377,雨水,250.0,2007.0,20.032324016811877
19378,雨水,300.0,2007.0,23.19959401128557
19379,雨水,400.0,2007.0,51.310121233047106
19380,雨水,450.0,2007.0,33.4557105897726
19381,雨水,300.0,2007.0,35.272194709075514
19382,雨水,300.0,2007.0,28.38048653577559
19383,雨水,700.0,2007.0,49.1003384882947
19384,雨水,700.0,2007.0,19.836509765406653
19385,雨水,700.0,2007.0,19.771808416610508
19386,雨水,700.0,2007.0,13.59664280861973
19387,雨水,1200.0,2007.0,14.751992729972487
19388,雨水,1100.0,2007.0,26.86008287755011
19389,雨水,1100.0,2007.0,23.6537557532155
19390,雨水,1100.0,2007.0,29.584537057430545
19391,雨水,350.0,2007.0,25.826194492338104
19392,雨水,300.0,2007.0,13.90215503138804
19393,雨水,300.0,2007.0,29.96473350669993
19400,雨水,400.0,1997.0,22.064082347152947
19401,雨水,450.0,1997.0,47.960289825830955
19402,雨水,450.0,1997.0,62.80042507102272
19403,雨水,450.0,,10.466319704671221
19404,雨水,400.0,,3.1424365746377037
19409,雨水,450.0,,9.15086392469811
19410,雨水,450.0,,2.507238405109959
19411,雨水,600.0,,122.98604560211878
19412,雨水,450.0,,11.903220182481673
19413,雨水,600.0,,37.815113785815576
19414,雨水,2000.0,1994.0,27.737623005582964
19415,雨水,2000.0,1994.0,34.468490926055736
19416,雨水,2000.0,1994.0,35.32008104464369
19417,雨水,2000.0,1994.0,23.980085404341708
19418,雨水,2000.0,1994.0,13.083240156780526
19419,雨水,2000.0,1994.0,49.81075563497138
19420,雨水,500.0,,39.82608020412723
19421,雨水,600.0,,22.659469272113615
19422,雨水,600.0,,9.956630855869834
19423,雨水,700.0,,7.843761980062001
19427,雨水,2700.0,,109.67822821131335
19428,雨水,700.0,,30.393527156288748
19429,雨水,300.0,,42.063402155648824
19430,雨水,700.0,,27.989761243081077
19431,雨水,700.0,,27.29492121222393
19432,雨水,800.0,,53.50794546450423
19433,雨水,500.0,,49.748321122854165
19434,雨水,900.0,,14.43101251498
19435,雨水,500.0,,45.75836127496851
19436,雨水,500.0,,49.420045321740986
19437,雨水,500.0,,64.64066939047851
19438,雨水,1500.0,,17.825296080811697
19439,雨水,1800.0,,12.050763710239549
19440,雨水,1800.0,,12.370605357487072
19441,雨水,1800.0,,3.8014115093509595
19442,雨水,1500.0,,15.581369106937567
19443,雨水,1500.0,,15.506333288182702
19444,雨水,1500.0,,13.587886565847015
19445,雨水,1500.0,,19.92238403763354
19446,雨水,1500.0,,15.518248386979433
19447,雨水,1500.0,,15.896267523410602
19448,雨水,900.0,,54.028919628672526
19449,雨水,900.0,,52.2405443072823
19450,雨水,900.0,,75.7206997305296
19451,雨水,400.0,,40.99705199508648
19452,雨水,1000.0,,19.60826289963126
19453,雨水,1000.0,,14.489264548120886
19454,雨水,1000.0,,14.502778545595463
19455,雨水,1000.0,,46.41997218013529
19456,雨水,600.0,,53.27946608000785
19457,雨水,600.0,,20.121474565432667
19458,雨水,600.0,,19.117024051276104
19459,雨水,600.0,,18.70595629783398
19460,雨水,1100.0,,48.47739193082349
19461,雨水,500.0,,51.044911140537
19462,雨水,700.0,,18.006451161677443
19463,雨水,700.0,,19.65264018170317
19464,雨水,700.0,,23.920479116282443
19465,雨水,700.0,,24.506832258063906
19466,雨水,700.0,,23.68499213685901
19467,雨水,800.0,,9.718180141539891
19468,雨水,800.0,,19.61020125525512
19469,雨水,800.0,,20.043640099308636
19470,雨水,800.0,,19.912950551006503
19471,雨水,800.0,,20.43892636312213
19472,雨水,800.0,,19.85146277726749
19473,雨水,800.0,,19.401816070072798
19474,雨水,1350.0,,18.19217334907486
19475,雨水,1350.0,,19.850861983320932
19476,雨水,1500.0,,16.61368160452732
19477,雨水,1500.0,,17.133309888125797
19478,雨水,1500.0,,15.750507539956736
19479,雨水,1500.0,,17.56388524786061
19480,雨水,1500.0,,15.528416093663925
19481,雨水,1500.0,,12.773271093174825
19482,雨水,1800.0,,3.2846239710812775
19483,雨水,600.0,,41.791956290649516
19484,雨水,600.0,,8.352206046662427
19485,雨水,1800.0,,16.153475229604023
19486,雨水,1800.0,,19.27871284603823
19487,雨水,1800.0,,14.135544870360478
19488,雨水,1800.0,,16.603499300401733
19489,雨水,1800.0,,11.328089207543602
19490,雨水,1800.0,,11.458466956796785
19491,雨水,1800.0,,10.824925219935539
19492,雨水,1800.0,,43.80970929226122
19493,汚水,200.0,1994.0,22.02080105374897
19494,雨水,1800.0,,28.19508454543876
19495,雨水,2500.0,,10.225730924101548
19496,雨水,700.0,,28.936168121939684
19497,雨水,2500.0,,37.9335143146614
19498,雨水,2500.0,,29.544173496481278
19499,雨水,2500.0,,30.46229923050342
19500,雨水,2500.0,,32.59806895932838
19501,雨水,600.0,,50.6987246312663
19502,雨水,300.0,,13.0058787409207
19503,雨水,450.0,,72.617347926828
19504,雨水,300.0,,12.964179851141363
19505,雨水,500.0,,71.72428345368992
19506,雨水,500.0,,6.840158395686429
19507,雨水,500.0,,37.52416751420104
19508,雨水,600.0,,45.25354877700352
19509,雨水,600.0,,10.003625325339636
19510,雨水,700.0,,40.63632813696356
19511,雨水,300.0,,30.325449126730803
19512,雨水,300.0,,40.8275540459739
19513,雨水,300.0,,43.947034149743956
19514,雨水,450.0,,10.105380360003055
19515,雨水,500.0,,21.648197495269653
19516,雨水,300.0,,30.1270391722443
19517,雨水,300.0,,37.028158549747396
19518,雨水,300.0,,24.48988758531488
19519,雨水,300.0,,49.61124143645434
19520,雨水,300.0,,22.099242866769085
19521,雨水,300.0,,32.03957744813738
19522,雨水,300.0,,23.383452046192907
19523,雨水,300.0,,31.88457030947576
19524,雨水,300.0,,27.68453218611708
19525,雨水,300.0,,30.651515972623695
19526,雨水,300.0,,14.298366812864957
19527,雨水,300.0,,47.676325584660184
19528,雨水,300.0,,48.494978410254895
19529,雨水,300.0,,11.428029252052191
19530,雨水,300.0,,32.96123299995712
19531,雨水,300.0,,6.917111562423076
19532,雨水,300.0,,13.230116206798684
19533,雨水,300.0,,32.67716051301676
19534,雨水,300.0,,6.669760421104919
19535,雨水,300.0,,33.10781428154684
19536,雨水,300.0,,8.482543557565702
19538,雨水,600.0,2008.0,63.15936810674705
19539,雨水,700.0,1998.0,39.755020483572075
19540,雨水,700.0,1998.0,39.68780380306658
19541,雨水,700.0,1998.0,53.04049994797501
19542,雨水,700.0,,35.67014943351783
19543,雨水,700.0,,53.760461675556435
19544,雨水,700.0,,4.803345980925608
19545,雨水,1000.0,,13.64154992874
19546,雨水,400.0,,22.413636409394883
19547,雨水,400.0,,10.169410862009052
19548,雨水,500.0,,34.43479954123297
19549,雨水,1000.0,,48.75404876566785
19550,雨水,1000.0,,31.064115159552067
19551,雨水,450.0,,49.50439053924549
19552,雨水,1000.0,,29.89137068062456
19553,雨水,1000.0,,30.5770925406554
19554,雨水,1000.0,,23.548704692503524
19555,雨水,1000.0,,26.19622188463033
19556,雨水,600.0,,38.00419837605132
19557,雨水,2500.0,,12.879829256428101
19558,雨水,2500.0,,26.119287158200677
19559,雨水,300.0,,19.215467279333154
19560,雨水,300.0,,6.926122160175387
19561,雨水,300.0,,19.564651449406195
19562,雨水,300.0,,19.87696620693377
19563,雨水,300.0,,7.281361795509239
19564,雨水,300.0,,18.02887888112634
19565,雨水,300.0,,38.23542202797903
19566,雨水,,,6.973100862473274
19567,雨水,300.0,,14.004147870378015
19568,雨水,300.0,,6.92000642135749
19569,雨水,300.0,,21.87372046462568
19570,雨水,300.0,,27.379168577447434
19571,雨水,300.0,,6.375694720469831
19572,雨水,300.0,,24.932596208610587
19573,雨水,300.0,,4.710563702958065
19574,雨水,300.0,,40.63397195758118
19575,雨水,300.0,,25.522283618997914
19576,雨水,300.0,,22.796000000002095
19577,雨水,300.0,,22.36796972576255
19578,雨水,300.0,,29.98100116959014
19579,雨水,300.0,,30.028660479117523
19580,雨水,300.0,,30.150747795832032
19581,雨水,300.0,,45.92175775573947
19582,雨水,300.0,,24.06765966921123
19583,雨水,300.0,,24.89271590077132
19584,雨水,300.0,,20.28947035482759
19585,雨水,300.0,,19.565226941235153
19586,雨水,300.0,,25.262433456221448
19587,雨水,300.0,,20.29713274580712
19588,雨水,300.0,,12.453313320169693
19589,雨水,300.0,,19.44154915947768
19590,雨水,300.0,,19.92543645013274
19591,雨水,300.0,,20.13477342697669
19592,雨水,300.0,,20.220170235208464
19593,雨水,300.0,,20.70569486667657
19594,雨水,600.0,2008.0,80.58773289871178
19595,雨水,600.0,2008.0,68.58518385807133
19596,雨水,500.0,,22.526170502775322
19597,雨水,500.0,,21.09418901987482
19598,雨水,700.0,,49.20089037576353
19599,雨水,600.0,,6.148903236594665
19600,雨水,2500.0,,52.89482639807051
19601,雨水,2500.0,,24.22847643455684
19602,雨水,2500.0,,3.980047262671266
19603,雨水,2500.0,,24.01173130545965
19604,雨水,2500.0,,37.80764242376447
19605,雨水,800.0,,24.429795992818054
19606,雨水,800.0,,116.47829463997661
19607,雨水,800.0,,40.245215144890714
19608,雨水,800.0,,42.433756686791945
19609,雨水,800.0,,42.36994964386192
19610,雨水,800.0,,17.090563871216332
19611,雨水,300.0,,30.63184831062772
19612,雨水,300.0,,31.783903692120333
19613,雨水,300.0,,52.22818130023045
19614,雨水,300.0,,29.939454642958783
19615,雨水,300.0,,7.971810041439845
19616,雨水,2500.0,,7.702272968375224
19617,雨水,2500.0,,25.438163160885157
19618,雨水,2500.0,,18.04520684281817
19619,雨水,2500.0,,56.45691638748053
19620,雨水,2500.0,,38.34497722717377
19621,雨水,2500.0,,67.48349865641285
19622,雨水,2500.0,,13.510422384218474
19623,雨水,2500.0,,6.5868885411103815
19624,雨水,600.0,1998.0,17.101614500731184
19625,雨水,600.0,1998.0,19.266754238262703
19626,雨水,600.0,1998.0,8.216935285479902
19627,雨水,600.0,1998.0,45.25829761019611
19628,雨水,600.0,1998.0,7.701098834628183
19629,雨水,800.0,1998.0,97.52935220718767
19630,雨水,1500.0,1998.0,76.24595710040057
19631,雨水,1500.0,1998.0,185.05442393284625
19632,雨水,600.0,1998.0,159.61062312430283
19633,雨水,1800.0,1997.0,22.84531170332644
19634,雨水,1800.0,1997.0,61.75992839661491
19635,雨水,600.0,1995.0,21.154339388574385
19636,雨水,600.0,,39.35982504671705
19637,雨水,600.0,,20.06099232704177
19638,雨水,600.0,,9.45859700472749
19639,雨水,600.0,,9.486891424531063
19640,雨水,800.0,,45.30680223210012
19641,雨水,800.0,,55.74286583863339
19642,雨水,400.0,,22.70239582488306
19643,雨水,400.0,,9.024691940590044
19644,雨水,400.0,,6.879157825614547
19645,雨水,400.0,,17.588119007871253
19646,雨水,400.0,,8.510752319775296
19647,雨水,500.0,,4.980377120820092
19649,雨水,600.0,2000.0,4.185131987039774
19650,雨水,800.0,2000.0,206.88650732986383
19651,雨水,800.0,2000.0,21.882886692842167
19652,雨水,800.0,2000.0,5.024184693136643
19653,雨水,900.0,2000.0,90.60683985136164
19654,雨水,600.0,,46.73921043456088
19655,雨水,500.0,,25.128121780332965
19656,雨水,450.0,,22.449235123083557
19657,雨水,500.0,,8.298459228822335
19658,雨水,600.0,,34.99982773453999
19659,雨水,2000.0,1996.0,124.46831514340406
19660,雨水,2000.0,1996.0,48.429654183625814
19661,雨水,2200.0,1996.0,103.96292342662669
19662,雨水,2200.0,1996.0,203.92396180749301
19663,雨水,300.0,1995.0,14.822729909656005
3152,汚水,150.0,2004.0,12.185147793783623
3153,汚水,150.0,2004.0,18.84351307225092
3154,汚水,150.0,2004.0,25.771666122840514
3155,汚水,150.0,2004.0,3.5230686098610553
3156,汚水,150.0,2004.0,13.425250967918322
3157,汚水,150.0,2004.0,42.849314024135275
3158,汚水,200.0,2008.0,15.88288453460843
3159,汚水,200.0,2008.0,8.498343848589277
3160,汚水,200.0,2008.0,12.591434852793569
3162,汚水,200.0,1996.0,37.065220146294834
3163,汚水,250.0,1996.0,109.3260537459765
3164,汚水,200.0,1996.0,35.93767435111027
3165,汚水,200.0,1996.0,71.0310604936689
3166,汚水,250.0,1996.0,101.96968183304102
3167,汚水,200.0,1996.0,42.12011200412103
3168,汚水,200.0,1996.0,57.740602801310594
3169,汚水,500.0,1996.0,80.24060081543989
3170,汚水,200.0,1996.0,78.62592391717939
3173,汚水,200.0,1999.0,23.040507206395
3174,汚水,200.0,1999.0,47.6321045547685
3175,汚水,200.0,1999.0,60.2736513804841
3176,汚水,150.0,2004.0,44.140552273839134
3177,汚水,150.0,2004.0,39.86132031229993
3178,汚水,150.0,2004.0,4.874473404357023
3179,汚水,150.0,2004.0,68.78164952224016
3180,汚水,150.0,2004.0,46.23826516668845
3181,汚水,150.0,2004.0,14.96087012420368
3182,汚水,150.0,2004.0,35.69441711480727
3183,汚水,150.0,2004.0,30.201087098686635
3184,汚水,150.0,2004.0,18.19973952206024
3185,汚水,150.0,2004.0,57.10321346598175
3186,汚水,150.0,2004.0,36.842479354171886
3187,汚水,150.0,2004.0,55.94224001781878
3188,汚水,150.0,2004.0,35.762016208907774
3189,汚水,150.0,2004.0,55.1269363895269
3190,汚水,150.0,2004.0,4.470564007345492
3191,汚水,150.0,2004.0,32.366349096246715
3192,汚水,150.0,2004.0,78.47593415776183
3193,汚水,150.0,2004.0,53.591134887233494
3194,汚水,150.0,2004.0,37.59448523437645
3195,汚水,150.0,2004.0,54.29483229183903
3196,汚水,150.0,2004.0,6.634102360314547
3197,汚水,250.0,1993.0,35.13989640695232
3198,汚水,150.0,2004.0,61.48392534244514
3199,汚水,150.0,2004.0,30.626460555590604
3200,汚水,150.0,2004.0,6.795493219846823
3201,汚水,150.0,2004.0,41.51177854314136
3202,汚水,150.0,2004.0,24.354800517317237
3203,汚水,150.0,2004.0,15.641863499129494
3204,汚水,150.0,2004.0,65.72819200719479
3205,汚水,150.0,2004.0,5.580094166402205
3206,汚水,150.0,2004.0,43.549397377424015
3207,汚水,150.0,2004.0,15.759824954131854
3208,汚水,150.0,2004.0,4.8089577921373365
3209,汚水,150.0,2004.0,83.26070294007417
3210,汚水,150.0,2004.0,19.123845030183993
3211,汚水,150.0,2004.0,15.395583239116089
3212,汚水,150.0,2004.0,37.27620101621825
3213,汚水,150.0,2004.0,36.427228398035766
3214,汚水,150.0,2004.0,21.822247694872207
3215,汚水,150.0,2004.0,31.43424418650472
3216,汚水,150.0,2004.0,21.281862943014296
3217,汚水,150.0,2004.0,5.549228231267006
3218,汚水,150.0,2004.0,66.78448996847258
3219,汚水,150.0,2004.0,2.3938364916890427
3220,汚水,150.0,2004.0,3.8559746451244994
3221,汚水,150.0,2004.0,63.42851269134535
3222,汚水,150.0,2004.0,42.43786196932769
3223,汚水,150.0,2004.0,27.29529024257478
3224,汚水,150.0,2004.0,66.18949643851023
3225,汚水,150.0,2004.0,74.15337529356974
3226,汚水,150.0,2004.0,47.45857185246804
3227,汚水,150.0,2004.0,42.212536062457694
3228,汚水,150.0,2004.0,71.60887936377405
3229,汚水,150.0,2004.0,36.4132994325664
3230,汚水,150.0,2004.0,30.50068467462561
3231,汚水,250.0,,32.17059838386728
3232,汚水,150.0,2004.0,49.238662276060076
3233,汚水,150.0,2004.0,5.039591756152868
3234,汚水,150.0,2004.0,29.853002555647254
3235,汚水,150.0,2004.0,61.68446494876147
3236,汚水,150.0,2004.0,7.280906092838806
3237,汚水,150.0,2004.0,6.332683792174636
3238,汚水,150.0,2004.0,39.23755594064403
3239,汚水,150.0,2004.0,7.087776625143455
3240,汚水,150.0,2004.0,8.978076317971562
3241,汚水,150.0,2004.0,5.781409205358225
3242,汚水,150.0,2004.0,52.268684581905966
3243,汚水,150.0,2004.0,72.96845234801299
3244,汚水,150.0,2004.0,70.54174317048347
3245,汚水,150.0,2004.0,37.318020298630934
3246,汚水,150.0,2004.0,52.52341604567003
3247,汚水,150.0,2004.0,30.101598880074413
3248,汚水,150.0,2004.0,10.962257989544895
3249,汚水,150.0,2004.0,14.362046832858326
3250,汚水,150.0,2004.0,14.710945971210526
3251,汚水,150.0,2004.0,12.099689124804208
3252,汚水,150.0,2004.0,15.093902546126131
3253,汚水,150.0,2004.0,7.324357378755257
3254,汚水,150.0,2004.0,7.281593651694332
3255,汚水,150.0,2004.0,34.02259536546028
3256,汚水,150.0,2004.0,27.72638531175309
3257,汚水,150.0,2004.0,43.760609058508685
3258,汚水,150.0,2004.0,11.688262233432031
3259,汚水,150.0,2004.0,4.49086651624282
3260,汚水,150.0,2004.0,65.51650011511519
3262,汚水,150.0,2004.0,18.893153627951442
3263,汚水,150.0,2004.0,59.16670008729045
3264,汚水,150.0,2004.0,29.622955520416056
3265,汚水,150.0,2004.0,4.965940117387752
3266,汚水,150.0,2004.0,42.67423306172261
3267,汚水,150.0,2004.0,6.897735773774752
3268,汚水,150.0,2004.0,5.1870246049107065
3269,汚水,150.0,2004.0,47.667072518714605
3270,汚水,150.0,2004.0,3.453207965207624
3271,汚水,150.0,2004.0,13.593844906976427
3272,汚水,150.0,2004.0,7.93801532847843
3273,汚水,150.0,2004.0,20.843224377536465
3274,汚水,150.0,2004.0,58.39600632436833
3275,汚水,150.0,2006.0,27.071852148123693
3276,汚水,150.0,2006.0,14.3685098366617
3277,汚水,150.0,2006.0,16.353283229131538
3278,汚水,150.0,2006.0,2.3873186374396713
3279,汚水,150.0,2006.0,4.246384997607431
3280,汚水,150.0,2006.0,6.709474119264473
3281,汚水,150.0,2006.0,7.287530625915898
3282,汚水,150.0,2006.0,13.58137306966563
3283,汚水,150.0,2006.0,9.56193025427227
3284,汚水,150.0,2006.0,14.247684142799232
3285,汚水,150.0,2006.0,12.543153068185525
3286,汚水,150.0,2006.0,6.683467775196466
3287,汚水,150.0,2006.0,26.329872995297276
3288,汚水,150.0,2006.0,9.831844996865255
3289,汚水,150.0,2006.0,3.2974360580372135
3290,汚水,150.0,2006.0,5.177910893493517
3291,汚水,150.0,2006.0,9.830148112081195
3292,汚水,150.0,2006.0,11.40287827464248
3293,汚水,150.0,2006.0,8.66870307125348
3294,汚水,150.0,2006.0,3.892454871130756
3295,汚水,150.0,2006.0,3.9854942767423625
3296,汚水,150.0,2006.0,20.465358658822336
3297,汚水,150.0,2006.0,19.612563173640666
3298,汚水,150.0,2006.0,5.218287528375642
3299,汚水,150.0,2006.0,7.385864000271748
3300,汚水,150.0,2006.0,20.105512258208204
3301,汚水,150.0,2006.0,11.25731659100675
3302,汚水,150.0,2006.0,5.261501847720348
3303,汚水,150.0,2006.0,38.415952119261696
3304,汚水,150.0,2006.0,3.785320828035343
3305,汚水,150.0,2006.0,6.9313404840905
3306,汚水,150.0,2006.0,4.2642714440457725
3307,汚水,150.0,2006.0,3.1742583215775664
3308,汚水,150.0,2006.0,2.970499633646263
3309,汚水,150.0,2006.0,14.201750572828256
3310,汚水,150.0,2006.0,26.240410085700983
3311,汚水,150.0,2006.0,16.533450189768104
3312,汚水,150.0,2006.0,2.891981526275511
3313,汚水,150.0,2006.0,7.099289372999355
3314,汚水,150.0,2006.0,11.307547239517667
3315,汚水,150.0,2006.0,14.164189254686237
3316,汚水,150.0,2006.0,4.822923412821431
3317,汚水,150.0,2006.0,2.093497258795959
3318,汚水,150.0,2006.0,3.1100474345786027
3319,汚水,150.0,2006.0,3.900374597353026
3320,汚水,150.0,2006.0,10.307748753268413
3321,汚水,150.0,2006.0,3.1962390310981594
3322,汚水,150.0,2006.0,5.805873655661708
3323,汚水,150.0,2006.0,8.067731050642145
3324,汚水,150.0,2006.0,22.58453704337462
3325,汚水,150.0,2006.0,3.1429850553224057
3326,汚水,150.0,2006.0,5.716057858190839
3327,汚水,200.0,2006.0,55.619511119724656
3328,汚水,150.0,2006.0,12.43214087132255
3329,汚水,150.0,2006.0,10.208519193297874
3330,汚水,150.0,2006.0,7.364602183121803
3331,汚水,150.0,2006.0,8.674748007957923
3332,汚水,150.0,2006.0,5.1413439169283635
3333,汚水,150.0,2006.0,8.019508440031052
3334,汚水,150.0,2006.0,26.471963770347955
3335,汚水,150.0,2006.0,9.637063192966336
3336,汚水,150.0,2006.0,6.745919300893
3337,汚水,150.0,2006.0,11.754393781276674
3338,汚水,150.0,2006.0,16.13040287388091
3339,汚水,150.0,2006.0,3.5196645856679436
3340,汚水,150.0,2006.0,6.975087823101684
3341,汚水,150.0,2006.0,8.577631679965924
3342,汚水,150.0,2006.0,7.929818543403572
3343,汚水,150.0,2006.0,10.609340726393729
3344,汚水,150.0,2006.0,8.015674469116629
3345,汚水,150.0,2006.0,7.315685339498625
3346,汚水,150.0,2006.0,5.402483629900469
3347,汚水,150.0,2006.0,13.355316450147239
3348,汚水,150.0,2006.0,4.373123079563359
3349,汚水,150.0,2006.0,12.253764041160295
3350,汚水,150.0,2006.0,7.126194061664147
3351,汚水,150.0,2006.0,6.546695281309905
3352,汚水,150.0,2006.0,5.111767824314523
3353,汚水,150.0,2006.0,4.779754915234508
3354,汚水,150.0,2006.0,7.207262987538345
3355,汚水,150.0,2006.0,10.790632823555518
3356,汚水,150.0,2006.0,11.188132257019733
3357,汚水,150.0,2006.0,18.429129026940092
3358,汚水,150.0,2006.0,8.691907716988249
3359,汚水,150.0,2006.0,3.7391530945549794
3360,汚水,150.0,2006.0,13.637923893711914
3361,汚水,150.0,2006.0,8.493275609631372
3362,汚水,150.0,2006.0,3.155658718289286
3363,汚水,150.0,2006.0,6.248999999999796
3364,汚水,150.0,2006.0,3.042665725642215
3365,汚水,150.0,2006.0,3.187072167346433
3366,汚水,150.0,2006.0,3.799081170166375
3367,汚水,150.0,2006.0,6.7583529089480585
3368,汚水,150.0,2006.0,4.782450614717828
3369,汚水,150.0,2006.0,4.160265125383614
3370,汚水,150.0,2006.0,7.069705557948129
3371,汚水,150.0,2006.0,4.146459146581634
3372,汚水,150.0,2006.0,2.8168272925252413
3373,汚水,150.0,2006.0,8.595398018038367
3374,汚水,150.0,2006.0,5.060001894950045
3375,汚水,150.0,2006.0,9.67275035339342
3376,汚水,150.0,2006.0,6.112120797762381
3377,汚水,150.0,2006.0,8.679101909242608
3378,汚水,150.0,2006.0,34.37433022447322
3379,汚水,150.0,2006.0,40.289991975899866
3380,汚水,150.0,2006.0,31.461434098319433
3381,汚水,150.0,2006.0,13.95493866336615
3382,汚水,150.0,2006.0,8.643030887356048
3383,汚水,150.0,2006.0,17.35173563553947
3384,汚水,150.0,2006.0,4.667911003904468
3385,汚水,150.0,2006.0,4.312233419792557
3386,汚水,150.0,2006.0,17.29692046274186
3387,汚水,150.0,2006.0,20.078086107039283
3388,汚水,150.0,2006.0,2.891981059842975
3389,汚水,150.0,2006.0,8.780380916716698
3390,汚水,150.0,2006.0,6.883075836880956
3391,汚水,150.0,2006.0,8.774418696191393
3392,汚水,150.0,2006.0,8.932830497690171
3393,汚水,150.0,2006.0,21.426639208224348
3394,汚水,150.0,2006.0,20.13881032996946
3395,汚水,150.0,2006.0,3.1136420648568968
3396,汚水,150.0,2006.0,9.896941714329316
3397,汚水,150.0,2006.0,12.161372196341475
3398,汚水,150.0,2006.0,3.472494920207751
3399,汚水,150.0,2006.0,10.525621193372993
3400,汚水,150.0,2006.0,16.538775678326033
3401,汚水,150.0,2006.0,14.87535514210742
3402,汚水,150.0,2006.0,5.307191371970768
3403,汚水,150.0,2006.0,11.136435920724095
3404,汚水,150.0,2006.0,3.208796665778572
3405,汚水,150.0,2006.0,12.920690683951317
3406,汚水,150.0,2006.0,12.832125607638673
3407,汚水,150.0,2006.0,9.769784852355466
3408,汚水,150.0,2006.0,7.5278415295821155
3409,汚水,150.0,2006.0,10.353647299698599
3410,汚水,150.0,2006.0,6.38527477966023
3412,汚水,150.0,2006.0,12.079326810061321
3413,汚水,150.0,2006.0,22.80293392298571
3414,汚水,150.0,2006.0,27.649025182142317
3415,汚水,150.0,2006.0,27.48131692247913
3416,汚水,150.0,2006.0,29.90039160535198
3417,汚水,150.0,2006.0,14.289476631312557
3418,汚水,150.0,2006.0,3.128604802844915
3419,汚水,150.0,2006.0,6.5913345657807065
3420,汚水,150.0,2006.0,21.187882627190024
3421,汚水,150.0,2006.0,22.33824214121803
3422,汚水,150.0,2006.0,10.252468288356846
3423,汚水,150.0,2006.0,7.650862371070418
3425,汚水,250.0,,37.517181742102686
3427,汚水,150.0,2006.0,2.8922199838469145
3428,汚水,150.0,2006.0,2.448022320929486
3429,汚水,150.0,2006.0,7.123223515039707
3430,汚水,150.0,2006.0,28.246383385497815
3431,汚水,150.0,2006.0,27.17988617346878
3432,汚水,150.0,2006.0,5.639954949427746
3433,汚水,150.0,2006.0,9.966200150917334
3434,汚水,150.0,2006.0,2.8083923971885305
3435,汚水,150.0,2006.0,14.736850043361336
3436,汚水,150.0,2006.0,13.380886848562614
3437,汚水,150.0,2006.0,18.796028117823308
3438,汚水,150.0,2006.0,16.421710919980157
3439,汚水,150.0,2006.0,5.126278025939579
3440,汚水,150.0,2006.0,2.372579644836171
3441,汚水,150.0,2006.0,22.859477256721437
3442,汚水,150.0,2006.0,16.331651307838342
3443,汚水,150.0,2006.0,34.076445500049864
3444,汚水,150.0,2006.0,12.70119407959801
3445,汚水,150.0,2006.0,18.11224663059916
3446,汚水,150.0,2006.0,7.02382600599649
3447,汚水,150.0,2006.0,12.817986182077924
3448,汚水,150.0,2006.0,2.7824543043866585
3449,汚水,150.0,2006.0,18.522004376207555
3450,汚水,150.0,2006.0,17.50285890884302
3451,汚水,150.0,2006.0,14.074631008069506
3452,汚水,150.0,2006.0,22.906867218664807
3453,汚水,250.0,2004.0,96.05937479591438
3454,汚水,250.0,2004.0,107.5001572359084
3455,汚水,250.0,2004.0,97.15791400317721
3456,汚水,250.0,1995.0,11.340731680114994
3457,汚水,250.0,1996.0,14.560645933400822
3458,汚水,250.0,1996.0,11.587647598606486
3459,汚水,250.0,1996.0,40.43685916994254
3460,汚水,250.0,1995.0,6.841111675150577
3461,汚水,250.0,2004.0,50.85749287172971
3462,汚水,250.0,2004.0,3.0791273263220846
3463,汚水,250.0,2004.0,41.04913943713138
3464,汚水,250.0,2004.0,55.26911747011279
3465,汚水,250.0,1991.0,17.421725369944003
3466,汚水,250.0,1991.0,37.66313939092862
3467,汚水,250.0,1991.0,36.98102030036501
3468,汚水,250.0,1991.0,32.93300029170315
3469,汚水,250.0,1991.0,5.922048632021479
3470,汚水,250.0,1991.0,48.51629213525587
3471,汚水,250.0,1991.0,14.920526103715511
3472,汚水,250.0,1991.0,15.992605852434433
3473,汚水,250.0,1992.0,25.490703790030594
10890,雨水,800.0,,27.45522205188969
10891,雨水,800.0,,26.735248785776065
10892,雨水,800.0,,20.31131894904768
10893,雨水,800.0,,42.817247013575106
10894,雨水,800.0,,41.287273135262936
10895,雨水,800.0,,41.19151697205429
10896,雨水,800.0,,41.48894293728404
10897,雨水,800.0,,41.79295544705415
10898,雨水,800.0,,29.347663828753685
10899,雨水,800.0,,27.095066663954977
10900,雨水,800.0,,25.686705548428296
10901,雨水,800.0,,17.963937430305787
10902,雨水,1300.0,1999.0,7.161105012494042
10903,雨水,1300.0,1999.0,9.765427640407102
10904,雨水,1300.0,1999.0,11.225874620714826
10905,雨水,1300.0,1999.0,7.364563802425201
10906,汚水,150.0,2001.0,53.439143166585026
10907,雨水,1300.0,1999.0,10.247741800027852
10908,雨水,1300.0,1999.0,7.130381501710764
10909,雨水,1300.0,1999.0,7.336725495752985
10910,雨水,1300.0,1999.0,23.456276820115836
10911,雨水,1300.0,1999.0,10.32289766759093
10912,雨水,1300.0,1999.0,8.398857303226366
10913,雨水,1300.0,1999.0,7.891912379138082
10914,雨水,1300.0,1999.0,32.16653301960583
10915,雨水,1600.0,1998.0,95.1007375955156
10916,雨水,1500.0,1999.0,97.53633597993796
10917,雨水,1300.0,1999.0,11.306248758983367
10918,雨水,1300.0,1999.0,19.561662557156456
10919,雨水,1300.0,1999.0,25.97909938777626
10920,雨水,1300.0,1999.0,10.795185804469043
10921,雨水,1300.0,1999.0,26.059485069590245
10922,雨水,1300.0,1999.0,44.83013498020392
10923,雨水,1300.0,1999.0,8.335497685126647
10924,雨水,1300.0,1999.0,24.465516671481737
10925,雨水,1300.0,1999.0,5.246160229757675
10926,雨水,1000.0,1998.0,17.679701637766595
10927,雨水,1200.0,1998.0,79.9809805702808
10928,雨水,1200.0,1999.0,79.73167426894626
10930,雨水,250.0,,162.00109903234141
10931,雨水,250.0,,33.446060809426605
10932,雨水,200.0,,6.710625711796347
10933,雨水,600.0,,25.66085645707443
10934,雨水,600.0,,27.068500667094447
10935,雨水,600.0,,27.195246958716243
10937,雨水,800.0,,33.080627312403145
10938,雨水,800.0,,26.929451803840198
10940,雨水,600.0,,10.558244761125883
10941,雨水,700.0,,49.52224496200514
10942,雨水,700.0,,20.510758722934717
10943,雨水,700.0,,5.079638276701058
10944,雨水,450.0,,21.371219475999055
10945,雨水,450.0,,23.840692307062998
10946,雨水,450.0,,23.664769974942494
10947,雨水,450.0,,23.825494495977928
10948,雨水,450.0,,23.381524560401665
10949,雨水,450.0,,17.45071328718407
10950,雨水,450.0,,12.315274528026496
10951,雨水,300.0,,24.793207867280266
10952,雨水,600.0,,26.262915011735924
10953,雨水,600.0,,36.003116974009664
10954,雨水,600.0,,21.426658735521748
10955,雨水,600.0,,32.41159309685794
10956,汚水,250.0,1994.0,65.98905424186255
10957,汚水,200.0,1994.0,35.93077316027982
10959,汚水,200.0,1994.0,19.836343146287177
10960,汚水,200.0,1994.0,37.6394490660374
10961,汚水,200.0,1994.0,24.470979838951084
10962,汚水,200.0,1994.0,10.764728531185156
10963,汚水,200.0,1994.0,29.015218617825354
10964,汚水,200.0,1994.0,58.95864835370174
10965,汚水,200.0,1994.0,2.250855379532568
10966,汚水,200.0,1994.0,68.68469141925978
10967,汚水,200.0,1994.0,43.94613259860753
10968,汚水,200.0,1994.0,28.647663656262985
10970,汚水,200.0,1994.0,10.323690034539794
10971,汚水,200.0,1994.0,11.94760098521052
10972,汚水,200.0,1994.0,11.668138628246
10973,汚水,200.0,1994.0,6.36596191630181
10975,雨水,,,78.77078989946008
10976,汚水,200.0,1994.0,14.582753792000632
10978,汚水,200.0,1995.0,15.644428273658342
10979,汚水,200.0,1995.0,17.99737861951609
10980,汚水,200.0,1995.0,47.55171722352662
10981,汚水,200.0,1995.0,7.521178726313144
10982,汚水,200.0,1995.0,42.978101652363364
10984,汚水,200.0,1995.0,46.93739913859774
10985,汚水,200.0,1995.0,29.28068931541365
10987,汚水,200.0,1997.0,31.550172031353455
10988,汚水,200.0,1997.0,49.844827537553414
10989,汚水,200.0,1997.0,52.035411052008946
10990,汚水,200.0,1997.0,39.174353580148704
10991,汚水,200.0,1997.0,2.565921471759988
10992,汚水,200.0,1997.0,42.819060300202054
10993,汚水,200.0,1997.0,49.94933552024102
10994,汚水,200.0,1997.0,49.805644080275776
10996,汚水,200.0,1997.0,49.84044108397441
10997,汚水,200.0,1997.0,21.699999392838166
10998,汚水,200.0,1997.0,22.601731418124114
10999,汚水,200.0,1997.0,34.305413889319915
11000,汚水,200.0,1997.0,48.32709690871195
11001,汚水,200.0,1997.0,50.47440487890891
11002,汚水,200.0,1997.0,51.136200040656966
11003,汚水,200.0,1997.0,50.85584879209783
11005,汚水,200.0,1997.0,3.069228586740629
11006,汚水,250.0,1989.0,23.74885779370258
11007,汚水,250.0,1989.0,48.91555483716008
11008,汚水,250.0,1989.0,32.81735706565287
11009,汚水,500.0,1989.0,36.236033134818804
11010,汚水,250.0,1989.0,18.925327175100175
11011,汚水,500.0,1989.0,57.67128332090469
11012,汚水,250.0,1989.0,34.714620302284956
11013,汚水,250.0,1989.0,45.634718534712505
11014,汚水,250.0,1989.0,48.4803333509293
11015,汚水,250.0,1989.0,39.18680490251434
11016,汚水,500.0,1989.0,43.38630671242016
11017,汚水,250.0,1989.0,42.784082462533945
11018,汚水,250.0,1989.0,42.62130864805548
11019,汚水,500.0,1989.0,37.17266137395341
11020,汚水,250.0,1989.0,34.76788178776973
11021,汚水,250.0,1989.0,60.290319136841006
11022,汚水,250.0,1989.0,75.41718125584092
11023,汚水,250.0,1989.0,28.710387228451562
11024,汚水,250.0,1989.0,30.77408153824371
11025,汚水,250.0,1989.0,7.544281790096742
11026,汚水,250.0,1989.0,25.5207123831174
11027,汚水,250.0,1989.0,46.92773597404433
11028,汚水,250.0,1989.0,37.853754368109975
11029,汚水,250.0,1989.0,38.180091928762245
11030,汚水,250.0,1989.0,27.358216667621843
11031,汚水,250.0,1989.0,28.8478641494017
11032,汚水,250.0,1989.0,32.04138947843543
11033,汚水,250.0,1989.0,17.94457340236918
11034,汚水,250.0,1989.0,31.912399053026896
11035,汚水,250.0,1989.0,7.446338006946731
11036,汚水,250.0,1989.0,5.340987499425699
11037,汚水,250.0,1989.0,8.529292164247599
11038,汚水,250.0,1989.0,7.877663276236007
11039,汚水,150.0,2005.0,18.493538930505963
11040,汚水,250.0,1989.0,10.23168602272886
11041,汚水,250.0,1989.0,14.121647387308837
11042,汚水,250.0,1989.0,11.191183655439135
11043,汚水,250.0,1989.0,10.136389761379728
11044,汚水,250.0,1989.0,6.0690466303867945
11045,汚水,250.0,1989.0,16.52650768049308
11046,汚水,250.0,1989.0,17.400563909611645
11047,汚水,250.0,1989.0,14.424556924257642
11048,汚水,250.0,1989.0,12.079689064967907
11049,汚水,250.0,1989.0,15.97995100831426
11050,汚水,250.0,1989.0,10.830061265398603
11051,汚水,250.0,1989.0,18.23430823066461
11052,汚水,250.0,1989.0,24.71693867951858
11053,汚水,250.0,1989.0,11.794988427837511
11054,汚水,250.0,1989.0,5.903429938821625
11056,汚水,250.0,1989.0,15.853368074748182
11057,汚水,250.0,1989.0,7.876601761522592
11058,汚水,250.0,1989.0,10.300567946330197
11059,汚水,250.0,1989.0,12.379101800432593
11060,汚水,250.0,1989.0,24.011973427016
11061,汚水,250.0,1989.0,14.714179356760464
11062,汚水,250.0,1989.0,34.44287997687979
11063,汚水,250.0,1989.0,15.766394355014135
11064,汚水,250.0,1989.0,27.576002027155365
11065,汚水,250.0,1989.0,16.868723078570312
11066,汚水,250.0,1989.0,6.3505798622432295
11067,汚水,250.0,1989.0,17.00548693608747
11068,汚水,250.0,1989.0,46.64304001665822
11069,汚水,250.0,1989.0,47.16682016178721
11070,汚水,250.0,1989.0,9.256650372421939
11071,汚水,250.0,1989.0,40.39987984852576
11072,汚水,250.0,1989.0,6.913237408054213
11073,汚水,250.0,1989.0,37.49298215015663
11074,汚水,250.0,1989.0,27.652085524522075
11075,汚水,250.0,1989.0,1.9416491069471247
11076,汚水,250.0,1989.0,75.59109517690804
11077,汚水,500.0,1989.0,54.714054117316714
11078,汚水,250.0,1989.0,25.0809258046422
11079,汚水,250.0,1989.0,19.124128776557416
11080,汚水,250.0,1989.0,2.2981752086792806
11081,汚水,250.0,1989.0,5.996503168729746
11082,汚水,250.0,1992.0,46.40345598298684
11083,汚水,300.0,1992.0,3.300100338444806
11084,汚水,250.0,1992.0,20.01913239852659
11085,汚水,250.0,1992.0,33.47683062727567
11086,汚水,250.0,1992.0,28.8313989172966
11087,汚水,250.0,1992.0,12.787427951595452
11088,汚水,250.0,1992.0,30.8539289516352
11089,汚水,250.0,1992.0,43.1958653970118
11090,雨水,700.0,,43.950201380329744
11091,雨水,700.0,,42.862844952044895
11092,雨水,700.0,,20.808729518814403
11093,雨水,700.0,,74.13337282526481
11095,雨水,300.0,,28.642607113938723
11096,雨水,300.0,,23.461800736251064
11097,雨水,300.0,,23.4900709269875
11098,雨水,300.0,,23.55757016953804
11099,雨水,300.0,,23.630001576559174
11100,雨水,300.0,,40.78552823139427
11101,雨水,350.0,,40.38068705012824
11102,雨水,350.0,,1.7732288317686509
11103,雨水,600.0,,9.492779017319922
11104,雨水,600.0,,20.03415837510607
11105,雨水,600.0,,38.92736913011159
11106,雨水,600.0,,42.19364753641714
11107,雨水,600.0,,9.183223172194397
11108,雨水,450.0,,17.448207163609823
11109,雨水,450.0,,15.483387433404731
11110,雨水,450.0,,15.762938381612654
11111,雨水,450.0,,23.106876440287078
11112,雨水,450.0,,13.398655416723336
11113,雨水,500.0,,16.68253246570186
11114,雨水,300.0,,25.06415264269073
11115,雨水,300.0,,24.953345048704282
11116,雨水,300.0,,20.999884384207434
11117,雨水,300.0,,20.32831831982025
11118,雨水,300.0,,9.125112516660604
11119,雨水,300.0,,34.96931491098409
11120,雨水,300.0,,29.19298737369658
11121,雨水,300.0,,28.892536234215083
11122,雨水,300.0,,31.21708391908507
11123,雨水,500.0,,12.48483696327466
11124,雨水,600.0,,40.53178894551917
11126,雨水,300.0,,26.451170464994313
11127,雨水,300.0,,26.63168972622739
11128,雨水,300.0,,26.612243624489075
11129,雨水,300.0,,31.068140392418353
11130,雨水,450.0,,26.07744440007223
11131,雨水,450.0,,49.28637059054567
11132,雨水,450.0,,48.377317652292945
11133,雨水,450.0,,44.871020377581324
11134,雨水,500.0,,30.36234848477078
11135,雨水,500.0,,43.96500064326526
11136,雨水,500.0,,43.81172001495961
11137,雨水,500.0,,15.962268485215693
11138,雨水,450.0,,37.670454851202244
11140,雨水,450.0,,26.24697688821849
11141,雨水,500.0,,33.40584578782702
11142,雨水,500.0,,39.452941196872
11143,雨水,600.0,,14.178045983829486
11144,雨水,900.0,,36.18692198293398
11145,雨水,900.0,,34.60155226725788
11146,雨水,900.0,,3.1578103026248363
11147,雨水,900.0,,65.77177174552561
11149,雨水,600.0,,2.7079226977324296
11150,雨水,400.0,,46.0383011083211
11151,雨水,400.0,,3.195977019577263
11152,雨水,700.0,2004.0,50.575115566327234
11153,雨水,400.0,,17.320504902136943
11154,雨水,400.0,,21.28784922705458
11155,雨水,400.0,,14.43832033944065
11156,雨水,450.0,,39.78842440506787
11157,雨水,500.0,,27.321249237269594
11158,雨水,600.0,,45.008823117955444
11159,雨水,700.0,,65.55055546927831
11160,雨水,800.0,2004.0,50.737521779232644
11161,雨水,900.0,2004.0,30.530138459796344
11162,雨水,900.0,2004.0,48.51796925684304
11163,雨水,900.0,2004.0,39.59532028551137
11164,雨水,900.0,2004.0,39.344670902851476
11165,雨水,600.0,2009.0,30.12889575410409
11166,雨水,600.0,2009.0,30.22436241479325
11167,雨水,250.0,2009.0,6.986103387014485
11168,雨水,250.0,2009.0,22.766481377403956
11169,雨水,250.0,2009.0,16.461551419461305
11170,雨水,250.0,2009.0,28.003819507950876
11171,雨水,250.0,2009.0,18.037991697629046
11172,雨水,250.0,2009.0,36.39675098824907
11173,雨水,250.0,2009.0,41.8806788225572
11174,雨水,800.0,2009.0,49.86442210986913
11175,雨水,700.0,2007.0,45.10520925135189
11176,雨水,700.0,2007.0,31.95476447062566
11177,雨水,700.0,2007.0,35.19162426787365
11178,雨水,900.0,2007.0,17.297293179937203
11179,雨水,900.0,2007.0,15.937889261017027
11180,雨水,900.0,2007.0,24.406580123806627
11181,雨水,900.0,2007.0,27.300432556369874
11182,雨水,900.0,2007.0,30.05007777389615
11183,雨水,900.0,2007.0,26.13417036117201
11184,雨水,900.0,2007.0,22.277784905536432
11185,雨水,1500.0,2007.0,4.29785577603805
11186,雨水,1500.0,2007.0,3.3879228060818853
11187,雨水,,,36.32000163224398
11188,雨水,2000.0,,58.74897828047627
11189,雨水,2000.0,,52.713222152116344
11190,雨水,2000.0,,12.306266257051812
11191,雨水,2000.0,,14.618246185109726
11192,雨水,2000.0,,32.63332263904053
11193,雨水,2000.0,,23.91830358278219
11194,雨水,2000.0,,25.190975875354795
11195,雨水,2000.0,,31.51888147150922
11196,雨水,2000.0,,56.1340042111316
11197,雨水,2000.0,,29.078504786626706
11198,雨水,2000.0,,22.86230107504492
11199,雨水,600.0,,52.859032379953035
11200,雨水,700.0,,11.978380812148531
11201,雨水,400.0,,37.90828814599059
11202,雨水,400.0,,45.23810037473154
11203,雨水,400.0,,9.223347488674387
11204,雨水,900.0,2004.0,41.214197820554
11205,雨水,900.0,2004.0,36.44909762454476
11206,雨水,1000.0,2004.0,38.7700599094058
11207,雨水,1000.0,2004.0,46.78088815990543
11208,雨水,1000.0,2004.0,46.92023186563178
11209,雨水,1000.0,2004.0,49.914600449690184
11210,雨水,1000.0,2004.0,55.995049964405595
11211,雨水,1100.0,2004.0,48.36562495810018
11212,雨水,600.0,2009.0,22.156969387696265
19664,雨水,400.0,1995.0,28.098404315121723
19665,雨水,400.0,1995.0,104.95500142618246
19667,雨水,2200.0,1996.0,54.93083686098059
19669,雨水,600.0,1994.0,13.318764065014888
19670,雨水,600.0,1994.0,32.513638336849
19671,雨水,600.0,1994.0,33.183650347840874
19672,雨水,600.0,1994.0,34.72071448195907
19673,雨水,900.0,1994.0,46.02599870095145
19674,雨水,900.0,1994.0,83.78457729949992
19676,雨水,600.0,1994.0,3.9212487066004016
19677,汚水,200.0,1995.0,44.33263079248877
19678,雨水,600.0,1995.0,18.507105314280086
19679,雨水,600.0,1995.0,26.907678844928768
19680,雨水,600.0,,18.412280808245878
19681,雨水,600.0,,28.90311021474095
19682,雨水,600.0,,38.41112178706312
19683,雨水,600.0,,25.45263540051378
19684,雨水,700.0,,21.948247729894476
19685,雨水,700.0,,21.29778396621962
19686,雨水,700.0,,30.110203968424997
19687,雨水,600.0,,30.00457668075923
19688,雨水,600.0,,17.505312825078537
19689,雨水,600.0,,24.114213393286704
19690,雨水,600.0,,44.64600256183569
19691,雨水,600.0,,35.69834608246335
19692,雨水,450.0,,36.81380678401573
19693,雨水,500.0,,46.632397798168235
19694,汚水,200.0,1995.0,18.654894172015116
19695,雨水,3500.0,,20.096693509132237
19696,雨水,3500.0,,20.09718012558162
19697,雨水,3500.0,,14.13835704741308
19698,雨水,3500.0,,11.991943462167786
19699,雨水,3500.0,,5.720332333000946
19700,雨水,3500.0,,7.5767912073714445
19701,雨水,3500.0,,21.75310931797664
19702,雨水,3500.0,,19.692879347626153
19703,雨水,3500.0,,20.601394248927296
19704,雨水,3500.0,,20.256295441180903
19705,雨水,3500.0,,19.901926992123514
19706,雨水,3500.0,,6.701619580368252
19707,雨水,3500.0,,9.050093789112342
19708,雨水,450.0,,24.814696439976114
19709,雨水,450.0,,24.256072862893387
19710,雨水,500.0,,20.908836794726742
19711,雨水,500.0,,32.6742925404449
19712,雨水,600.0,,26.276852408489557
19713,雨水,3500.0,,30.558176139935686
19714,雨水,3500.0,,10.481688079696543
19715,雨水,3500.0,,10.486706680363202
19716,雨水,3500.0,,3.0047493505583747
19717,雨水,3500.0,,73.47169381460976
19718,雨水,3500.0,,4.804941831072816
19719,雨水,3500.0,,10.876222791887088
19720,雨水,3500.0,,8.031784919936554
19721,雨水,3500.0,,6.340211646320265
19722,雨水,3000.0,2004.0,190.49780302680156
19724,雨水,1200.0,2007.0,34.0344574334528
19725,雨水,1000.0,2005.0,32.53767924550442
19726,雨水,1200.0,2005.0,64.9700951172606
19727,雨水,1350.0,2007.0,77.86969759515986
19729,雨水,400.0,2007.0,48.122168314276266
19730,雨水,300.0,,36.398440472901285
19731,雨水,300.0,,29.91252237111416
19732,雨水,900.0,,9.341177491370386
19733,雨水,300.0,,23.24153199646041
19734,雨水,500.0,,46.34126751927142
19735,雨水,800.0,,8.163992543194992
19736,雨水,250.0,,12.797967150938039
19737,雨水,250.0,,19.69469461785787
19738,雨水,250.0,,22.678338682224545
19739,雨水,3500.0,,6.672882344845751
19740,雨水,700.0,2005.0,36.63735113427704
19743,雨水,900.0,2004.0,14.945690165190182
19744,雨水,1100.0,2004.0,10.928916837425254
19745,汚水,200.0,1997.0,30.146732821359695
19746,雨水,3000.0,2004.0,258.9604083120095
19747,雨水,600.0,2004.0,53.95179140790086
19748,雨水,600.0,2004.0,62.99230509834026
19749,雨水,1350.0,2001.0,91.07726137731618
19750,雨水,350.0,2001.0,21.888396483466405
19751,雨水,350.0,2001.0,18.873850904280015
19752,雨水,350.0,2001.0,15.197231701823757
19753,雨水,1200.0,2001.0,36.60045013484449
19754,雨水,1350.0,2001.0,145.9091489190035
19755,雨水,900.0,2001.0,43.17269866312109
19756,雨水,350.0,2001.0,31.064832768605996
19757,雨水,3000.0,2004.0,129.00039811515205
19758,雨水,1000.0,2004.0,8.549142058716106
19759,雨水,1000.0,2005.0,123.93320159953771
19760,雨水,1000.0,2005.0,46.50276352581076
19761,雨水,800.0,2005.0,28.384478015840422
19763,雨水,700.0,2006.0,7.96439497938432
19764,雨水,700.0,2006.0,22.808191013583162
19765,雨水,700.0,2006.0,12.67397160486753
19766,雨水,700.0,2006.0,12.714499002416105
19767,雨水,700.0,2006.0,42.563854309825786
19770,雨水,700.0,2004.0,64.84676424110225
19771,雨水,800.0,2006.0,82.083076173267
19772,雨水,1500.0,2006.0,31.67222723149805
19773,雨水,700.0,2007.0,88.21871535901401
19774,雨水,1200.0,2010.0,30.546479089472985
19775,雨水,1350.0,2010.0,32.11643763220616
19776,雨水,600.0,2010.0,7.777993053569926
19777,雨水,600.0,2010.0,34.224842090343415
19778,雨水,1200.0,2010.0,6.217000000004191
19783,雨水,1000.0,2004.0,27.055266499037913
19784,雨水,1000.0,2004.0,36.742648977862935
19785,雨水,1100.0,2004.0,73.00438237971056
19786,雨水,1100.0,2004.0,37.61323886131919
19787,雨水,1100.0,2004.0,40.90247500114449
19788,雨水,1100.0,2004.0,42.273197898939145
19789,雨水,1100.0,2004.0,50.859099904351055
19790,雨水,500.0,2004.0,36.66838678446563
19791,雨水,700.0,2004.0,22.643261491028774
19792,雨水,700.0,2004.0,87.68017166495723
19794,雨水,800.0,2004.0,26.819000031610706
19798,雨水,400.0,2005.0,50.688795286699495
19799,雨水,900.0,2005.0,40.14617394048911
19800,雨水,500.0,2006.0,53.9078028238415
19801,雨水,500.0,2006.0,85.6615787031674
19803,雨水,1100.0,2006.0,51.5251143405632
19805,雨水,150.0,,46.56895683530503
19807,雨水,700.0,2001.0,45.511397887429396
19808,雨水,700.0,2001.0,51.21949687397353
19809,雨水,800.0,2001.0,96.91240088894084
19810,雨水,800.0,2001.0,4.985094560653884
19811,雨水,700.0,2001.0,43.354351196148876
19812,雨水,900.0,2000.0,61.21569306893977
19814,雨水,3000.0,2004.0,218.46451750995232
19815,雨水,3000.0,2004.0,340.582709222419
19820,雨水,600.0,2006.0,15.200158370813455
19821,雨水,600.0,2006.0,7.303814203841533
19823,雨水,500.0,2006.0,4.018096460209539
19824,雨水,500.0,2006.0,18.384401769492857
19825,雨水,500.0,2006.0,19.05870464032879
19836,雨水,1500.0,1998.0,144.07497352746188
19838,雨水,1100.0,2004.0,187.25948162801677
19840,雨水,1100.0,2005.0,43.79044412580358
19841,雨水,1100.0,2005.0,5.437589349004947
19842,雨水,1000.0,2006.0,3.611901125409627
19843,雨水,1000.0,2006.0,16.22737964645058
19844,雨水,1000.0,2006.0,7.055058258422447
19845,雨水,600.0,2007.0,20.03035547961045
19846,雨水,600.0,2001.0,43.69594342991898
19847,雨水,700.0,2001.0,54.53200688366573
19848,雨水,800.0,2001.0,57.970301318911815
19849,雨水,800.0,2001.0,8.845411601525127
19850,雨水,900.0,2001.0,50.82524053057258
19851,雨水,1100.0,2001.0,124.64294454338413
19852,雨水,900.0,2001.0,9.02754496044361
19853,雨水,1200.0,2001.0,31.590908829990184
19855,雨水,800.0,2004.0,36.827769445709286
19856,雨水,800.0,2004.0,49.6510131051451
19857,雨水,1100.0,2005.0,80.57205274163364
19858,雨水,600.0,2005.0,39.101175953951675
19859,雨水,1100.0,2001.0,4.947414841245524
19860,雨水,1100.0,2001.0,6.7808400758587215
19861,雨水,1100.0,2001.0,72.90615923741882
19862,雨水,1100.0,2001.0,114.69007294214984
19863,雨水,1100.0,2001.0,4.560418817562391
19864,雨水,1500.0,,14.693598578370686
19865,雨水,800.0,2019.0,49.819351058145585
19866,雨水,800.0,2019.0,49.42940537629947
19867,雨水,800.0,2011.0,36.876297016367374
19868,雨水,900.0,,5.873761071470762
19869,雨水,1500.0,,40.38777160753108
19870,雨水,1500.0,,65.83098183685946
19871,雨水,1100.0,,12.947395886831355
19872,雨水,1000.0,,9.269608982486684
19873,雨水,1100.0,,50.27656472704543
19874,雨水,1100.0,,63.61531941889221
19875,雨水,1350.0,,50.85147589148865
19876,雨水,1350.0,,14.760493520607346
19877,雨水,1000.0,,27.87510446457168
19878,雨水,1000.0,,34.007413645043364
19879,雨水,1000.0,,22.745799240418314
19880,雨水,1200.0,2018.0,7.2815047655767735
19881,雨水,800.0,2011.0,12.74609416990448
19882,雨水,800.0,2012.0,38.30708587498121
19883,雨水,800.0,,38.71410908790133
19884,雨水,600.0,2019.0,44.79383143894232
19885,雨水,600.0,2011.0,14.702399094534353
19886,雨水,600.0,2011.0,39.57160335290444
19887,雨水,400.0,2008.0,68.22438358056117
19888,雨水,450.0,2008.0,3.7991024673469997
19906,雨水,1800.0,1997.0,99.2311190607338
19907,雨水,2000.0,1997.0,12.07860353180417
19908,雨水,2000.0,,37.34078736449043
19909,雨水,2000.0,,6.18907981851548
19910,雨水,2000.0,,114.60064311359838
19913,雨水,1650.0,,174.65133684824184
19914,雨水,800.0,2000.0,83.53000851403725
19915,雨水,1350.0,2001.0,45.671503476449324
19916,雨水,1350.0,2001.0,100.85064420634279
19917,雨水,2000.0,,61.09219544791449
19918,雨水,2000.0,,10.131221735712
19919,雨水,,,32.68970169076013
19920,雨水,2000.0,,299.7709087689035
19921,雨水,,,22.954084977693388
19922,雨水,800.0,2005.0,22.70790978675095
19923,雨水,800.0,2005.0,11.802149199514568
19924,雨水,800.0,2005.0,27.62423318898066
19925,雨水,800.0,2005.0,3.5716861833696254
19927,雨水,1650.0,2002.0,225.73029600828522
19928,雨水,1650.0,,117.75854846194872
19929,雨水,1200.0,1998.0,91.33291449767401
19930,雨水,1350.0,1998.0,122.66265271356166
19931,雨水,1650.0,2002.0,202.40376756801308
19932,雨水,1300.0,,24.471639441651753
19934,雨水,600.0,,14.455959441782694
19935,雨水,600.0,,46.09894987004163
19936,雨水,600.0,,34.78820335674889
19937,雨水,2000.0,,17.457822315512402
19938,雨水,2000.0,,35.70595897273359
19939,雨水,2000.0,,47.27687596051745
19940,雨水,1800.0,,45.96714200944483
19941,雨水,700.0,,46.72744970031772
19942,雨水,700.0,,48.777233096604405
19943,雨水,800.0,,31.045206572276392
19944,雨水,800.0,,7.487494126698932
19945,雨水,800.0,,7.054141478590929
19946,雨水,800.0,,11.53744521113639
19947,雨水,600.0,2006.0,37.15630178215796
19948,雨水,700.0,2006.0,24.243978403737255
19949,雨水,1350.0,1994.0,74.6687490683434
19951,雨水,800.0,1994.0,49.08916129246856
19952,雨水,800.0,1994.0,40.74760386407719
19953,雨水,900.0,2000.0,77.53131628876338
19954,雨水,600.0,2011.0,69.64671793009663
19955,雨水,900.0,2000.0,9.531522634396273
19956,雨水,1350.0,2000.0,133.58664031563146
19957,雨水,1350.0,2000.0,5.526774786954512
19958,雨水,1200.0,1994.0,80.44958363227254
19960,雨水,,1995.0,3.642726851027006
19961,雨水,900.0,1995.0,2.671767779058526
19962,雨水,700.0,1999.0,49.30142591952744
19963,雨水,700.0,1999.0,72.67051773688868
19964,雨水,700.0,1999.0,4.191144487156939
19965,雨水,2000.0,,131.26316360792714
19966,雨水,600.0,,9.644788638990384
19967,雨水,600.0,,89.92040860831548
19968,雨水,1000.0,,39.85386839651038
19969,雨水,1100.0,,32.12538122067096
19970,雨水,1100.0,,20.935748215711243
19971,雨水,1100.0,,37.612651170215415
19972,雨水,1100.0,,45.41616352878653
19973,雨水,1100.0,,34.50450145782357
19975,雨水,450.0,,17.76830344014242
19976,雨水,450.0,,10.154005424368737
19977,雨水,450.0,,24.40790606323711
19978,雨水,450.0,,4.768365840692318
19979,雨水,600.0,,44.64155740168986
19980,雨水,700.0,,53.97179106461298
19982,雨水,450.0,,7.44100210402869
19983,雨水,700.0,,17.018089855080458
19984,雨水,700.0,,19.360303685409747
19985,雨水,700.0,,63.73751865404608
19986,雨水,450.0,,43.33662555817239
19987,雨水,500.0,,49.80546497825972
19988,雨水,600.0,,68.8222566125
19990,雨水,1000.0,,20.87518873643548
19991,雨水,1000.0,,9.475592110080969
19992,雨水,500.0,,39.977270251643404
19993,雨水,500.0,,41.531866519961355
19994,雨水,1100.0,,20.78105793745602
19995,雨水,1000.0,,39.99375681477291
19996,雨水,1000.0,,43.04593882285014
19997,雨水,1000.0,,32.95020617545463
19998,雨水,1100.0,,48.47700390904022
19999,雨水,1200.0,2000.0,3.1306350232784257
20000,雨水,1650.0,2002.0,48.40449423648945
20001,雨水,600.0,2002.0,20.446565732878106
20002,雨水,600.0,2002.0,18.140228770631946
20003,雨水,600.0,2002.0,15.420396707340997
20004,雨水,600.0,2002.0,17.924484839140447
20005,雨水,1200.0,2000.0,43.51474645874782
20006,雨水,1200.0,2000.0,48.77476330216792
20007,雨水,500.0,2002.0,13.338869745624542
20008,雨水,500.0,2002.0,7.545227402094747
20009,雨水,250.0,2004.0,45.099013806533556
20010,雨水,250.0,2006.0,22.25013495106207
20011,雨水,250.0,,9.04026508447253
20012,雨水,250.0,2006.0,61.297181861214895
20013,雨水,250.0,2006.0,21.556603641890767
20014,雨水,700.0,,31.241872658610486
20015,雨水,800.0,,64.5888633862826
20017,雨水,1650.0,,28.95694156166967
20020,雨水,700.0,1998.0,42.125236702267706
20021,雨水,800.0,2000.0,86.9222880267086
20022,雨水,1650.0,,37.63374729780261
20023,雨水,600.0,2003.0,67.19243362954595
20024,雨水,900.0,2003.0,7.137455161062395
20025,雨水,450.0,2006.0,46.60141688089231
20026,雨水,800.0,2006.0,55.244549508449175
20027,雨水,250.0,2006.0,32.83769561738137
20028,雨水,250.0,2006.0,6.200355254937825
20029,雨水,700.0,,55.95369368340609
20030,雨水,450.0,1995.0,6.269006845813181
20032,雨水,,,3.226160184948008
20033,雨水,1100.0,1997.0,199.53316730884143
20034,雨水,1500.0,,128.46524085004168
20035,雨水,700.0,1998.0,17.372707957502772
20036,雨水,700.0,1998.0,31.84803107474992
20037,雨水,700.0,1998.0,10.053246961486403
20038,雨水,700.0,1998.0,7.886112262343043
20039,雨水,700.0,1998.0,23.969874013625
20040,雨水,700.0,1998.0,40.50425975951335
20041,雨水,700.0,1998.0,2.9392784769296276
20042,雨水,1500.0,,62.40296321890976
20043,雨水,900.0,1998.0,53.31572071238806
20044,雨水,900.0,1998.0,13.232230047145926
20045,雨水,900.0,1998.0,27.860204521337973
20046,雨水,600.0,,40.19573678262689
20047,雨水,600.0,,64.95446732197121
20051,雨水,800.0,1997.0,64.53594755928016
20052,雨水,600.0,,3.8551703888492534
20053,雨水,600.0,,55.16618628819836
20054,雨水,600.0,,65.18502188847464
20055,雨水,1800.0,,40.353063496221594
20056,雨水,800.0,2005.0,9.57664847081388
20057,雨水,700.0,2005.0,82.14471744451349
20058,雨水,800.0,2005.0,33.5087004898243
20059,雨水,2000.0,1999.0,58.18885985043267
20060,雨水,2000.0,1998.0,312.0847973275148
20061,雨水,800.0,2000.0,2.5767475704047578
20062,雨水,900.0,2000.0,68.37021309221444
20063,雨水,900.0,2000.0,53.25418118798952
20064,雨水,900.0,2000.0,45.70802807703737
20065,雨水,900.0,2000.0,42.41639480126872
20066,雨水,1350.0,2001.0,63.75117116532828
20067,雨水,1500.0,2001.0,50.90653485333015
20068,雨水,1500.0,2001.0,35.18530302297721
20069,雨水,1500.0,2001.0,51.864140884963625
20070,雨水,1350.0,2002.0,285.00775027044784
20071,雨水,1800.0,2002.0,43.19362149559252
20072,雨水,1800.0,,86.67574655614837
20073,雨水,1800.0,,80.14624622446608
20074,雨水,600.0,2005.0,55.16134977397846
20075,雨水,600.0,2005.0,48.897669296173376
20076,雨水,900.0,2005.0,30.49248768102567
20078,雨水,2000.0,1998.0,53.05394844885106
20079,雨水,1500.0,2000.0,173.47025680629545
20080,雨水,500.0,,57.35482997146578
20081,雨水,1800.0,,36.37832556020438
20082,雨水,400.0,,51.11404040107155
20083,雨水,600.0,,62.775161412390936
20084,雨水,1000.0,,34.245392720644766
20085,雨水,1800.0,,53.457435756512595
20086,雨水,1800.0,,47.76949218301679
20087,雨水,300.0,,40.48079557504252
20088,雨水,800.0,2000.0,26.088717136649603
20089,雨水,1000.0,2000.0,48.90418296574256
20090,雨水,1200.0,2000.0,87.14101376743315
20091,雨水,1200.0,2000.0,84.07096415976034
20092,雨水,800.0,2005.0,29.355240552055687
20093,雨水,800.0,2005.0,17.123743792278145
20094,雨水,600.0,2008.0,181.80440960873187
20095,雨水,800.0,2000.0,32.01045448031125
20096,雨水,800.0,2000.0,40.04340108944788
20097,雨水,800.0,2000.0,59.859292345729926
20098,雨水,800.0,2000.0,57.86024532735918
20099,雨水,1200.0,2000.0,84.4874161400909
20100,雨水,1200.0,2000.0,91.96930124072233
20101,雨水,1500.0,2001.0,64.60423999696933
20102,雨水,600.0,2008.0,7.619257879992829
20103,雨水,1100.0,2004.0,15.224467836278816
20104,雨水,1100.0,2004.0,59.11604935170128
20105,雨水,1100.0,2004.0,34.6494013815198
20106,雨水,1100.0,2004.0,43.970908476970635
20107,雨水,1200.0,2004.0,42.58817905683879
20108,雨水,1200.0,2004.0,69.80308073877642
20109,雨水,2000.0,2004.0,56.08447100570935
20110,雨水,2000.0,2004.0,60.17059381334125
20111,雨水,2000.0,2004.0,63.45589990666358
20112,雨水,700.0,2009.0,49.775551467826936
20113,雨水,700.0,2009.0,49.96762770735743
20114,雨水,700.0,2009.0,48.31149130759835
20115,雨水,700.0,2009.0,47.2483943152349
20116,雨水,1300.0,2009.0,53.83831674251205
20117,雨水,1300.0,2009.0,53.79155587825394
20118,雨水,1000.0,2009.0,64.98566471569339
20119,雨水,1500.0,2009.0,51.48712368834493
20120,雨水,800.0,2009.0,34.679092461674934
20122,雨水,800.0,2009.0,32.879420058170794
20123,雨水,700.0,2009.0,19.932968597179777
20124,雨水,800.0,2009.0,24.404584293688412
20125,雨水,800.0,2009.0,43.26151361811677
20126,雨水,1000.0,2009.0,45.3688348549917
20127,雨水,1000.0,2009.0,55.44261535650079
20128,雨水,500.0,2009.0,45.207584022623905
20129,雨水,700.0,2009.0,50.65716472942085
20130,雨水,700.0,2009.0,51.60467892101973
20131,雨水,700.0,2009.0,33.78219614108134
20132,雨水,700.0,2009.0,50.63285836638419
20133,雨水,500.0,2009.0,24.79201196816651
20134,雨水,500.0,2009.0,28.03857149577301
20135,雨水,500.0,2009.0,29.967311539668852
20136,雨水,500.0,2009.0,30.178256233696924
20137,雨水,1000.0,2009.0,44.91345751347261
20138,雨水,1000.0,2009.0,46.11741164350015
20139,雨水,1100.0,2009.0,40.14982231058031
20140,雨水,300.0,2009.0,41.900618550778155
20141,雨水,600.0,2009.0,30.180720763666834
20142,雨水,600.0,2009.0,27.858822996982138
20143,雨水,700.0,2009.0,25.501196127679922
20144,雨水,700.0,2009.0,25.820658006738697
20145,雨水,400.0,2009.0,24.74575738167916
20146,雨水,600.0,2002.0,2.4858934792499983
20147,雨水,700.0,2002.0,11.731855524403034
20148,雨水,700.0,2002.0,18.94888879025417
20149,雨水,700.0,2007.0,54.91884198145183
20150,雨水,700.0,2007.0,55.318700841390964
20151,雨水,2000.0,2004.0,135.83229976240375
20152,雨水,600.0,2009.0,70.87907694815989
20153,雨水,700.0,2009.0,50.19440013726805
20154,雨水,700.0,2009.0,59.20147460084941
20155,雨水,800.0,2009.0,29.90896540034814
20156,雨水,800.0,2009.0,59.950508142104276
20157,雨水,800.0,2009.0,27.948063638521795
20158,雨水,1000.0,2009.0,39.27103982348391
20159,雨水,700.0,2009.0,54.26678178512035
20160,雨水,400.0,2009.0,38.32440269505348
20161,雨水,400.0,2009.0,42.75125877184256
20162,雨水,500.0,2009.0,43.0826079067584
20163,雨水,800.0,2009.0,40.381756298308915
20164,雨水,800.0,2009.0,40.37764667621612
20165,雨水,800.0,2009.0,45.06675705693279
20166,雨水,300.0,2009.0,5.67033770632659
20167,雨水,500.0,2009.0,43.18086606743962
20168,雨水,500.0,2009.0,85.56685403034179
20169,雨水,800.0,2009.0,6.918050997799606
20170,雨水,500.0,2009.0,47.278669073682146
20171,雨水,700.0,2009.0,24.467968716110317
20172,雨水,500.0,2009.0,27.64891938901569
20173,雨水,700.0,2009.0,6.821807685126703
20174,雨水,500.0,2009.0,64.07890094007918
20175,雨水,500.0,2009.0,29.474577859492136
20176,雨水,500.0,2009.0,47.319507889503285
20177,雨水,400.0,2009.0,45.85704081523742
20178,雨水,500.0,2009.0,48.436848502178165
20179,雨水,2100.0,2004.0,5.678879301828966
20180,雨水,900.0,2009.0,38.80832051950154
20181,雨水,900.0,2009.0,34.673996472918404
20182,雨水,700.0,2009.0,29.37349402937731
20183,雨水,800.0,2009.0,25.859472610300312
20184,雨水,800.0,2009.0,23.24710260463217
20185,雨水,1100.0,2009.0,34.17901197060875
20186,雨水,300.0,2009.0,44.88745764937005
20187,雨水,1200.0,2009.0,28.650715346413847
20188,雨水,300.0,2009.0,48.531085724054854
20189,雨水,300.0,2009.0,51.40563137393801
20190,雨水,300.0,2009.0,27.151468002109155
20192,雨水,1200.0,2009.0,29.84976862097555
20193,雨水,700.0,2009.0,56.46023655983783
20194,雨水,1350.0,2009.0,30.4723727417841
20195,雨水,1350.0,2009.0,31.17536821617367
20196,雨水,500.0,2009.0,22.705262478329637
20197,雨水,500.0,2009.0,25.325157219632665
20198,雨水,1350.0,2009.0,4.892339086182326
20199,雨水,700.0,2009.0,27.37764830902819
20200,雨水,300.0,2009.0,25.849255008589335
20201,雨水,300.0,2009.0,20.305551616299553
20202,雨水,400.0,2009.0,27.83230041292904
20203,雨水,400.0,2009.0,25.122681462898548
20204,雨水,700.0,2009.0,49.808788166100484
20205,雨水,700.0,2009.0,56.80578200786982
20206,雨水,400.0,2009.0,10.146918577444223
20207,雨水,300.0,2009.0,37.843784593105035
20208,雨水,400.0,2009.0,10.567489207519564
20209,雨水,400.0,2009.0,10.041265683205216
20210,雨水,400.0,2009.0,9.738547046436704
20211,雨水,400.0,2009.0,9.704177828172861
20212,雨水,400.0,2009.0,8.415301683173725
20213,雨水,600.0,2009.0,13.799840950127322
20214,雨水,800.0,2009.0,11.123420131130505
20215,雨水,800.0,2009.0,7.898036002131785
20216,雨水,900.0,2009.0,39.644793950837624
20217,雨水,900.0,2009.0,40.03774446810051
20218,雨水,900.0,2009.0,39.72637142668081
20219,雨水,300.0,2009.0,11.454149323866824
20220,雨水,300.0,2009.0,30.19050074309897
20221,雨水,1000.0,2009.0,47.207982004460355
20222,雨水,1000.0,2009.0,31.92765176646926
20223,雨水,1000.0,2009.0,18.970146030531158
20224,雨水,1000.0,2009.0,18.65562098947274
20237,雨水,1200.0,1991.0,18.223901195706993
20238,雨水,1200.0,1991.0,19.107157663857528
20239,雨水,1200.0,1991.0,19.721232201911658
20240,雨水,1200.0,1991.0,25.37452983206981
20241,雨水,1200.0,1991.0,22.20061414547245
20242,雨水,1200.0,1991.0,23.88981024631747
20243,雨水,1200.0,1991.0,84.32055143449503
20245,雨水,800.0,1991.0,16.937395803398875
20246,雨水,800.0,1991.0,44.030149486471
20247,雨水,800.0,1991.0,43.883898563105284
20248,雨水,1000.0,1991.0,54.89304512558395
20249,雨水,1000.0,1991.0,73.03358579313833
20250,雨水,1000.0,1991.0,10.195162814615355
20252,雨水,800.0,1995.0,21.71934518523665
20253,雨水,800.0,1995.0,52.40042874705741
20255,雨水,600.0,2001.0,32.2060988984791
20256,雨水,600.0,2001.0,69.83522050284758
20257,雨水,600.0,2001.0,65.54176511252543
20258,雨水,800.0,2002.0,27.285623229808746
20259,雨水,800.0,2010.0,10.35868525640515
20260,雨水,700.0,2007.0,55.04001847066368
20261,雨水,700.0,2007.0,7.665275843299333
20262,雨水,700.0,,48.938915328634884
20263,雨水,700.0,,32.38360605660888
20266,雨水,1000.0,2009.0,102.52318770854825
20267,雨水,1000.0,2009.0,48.15002292924917
20268,雨水,1000.0,2009.0,46.070941266492966
20269,雨水,600.0,2009.0,42.569944062873006
20270,雨水,600.0,2009.0,44.96934532514706
20271,雨水,300.0,2009.0,25.99005567173601
20272,雨水,300.0,2009.0,25.232448889619008
20273,雨水,450.0,2009.0,13.987499732180211
20274,雨水,500.0,2009.0,23.075286742324963
20275,雨水,500.0,2009.0,22.236122619302638
20276,雨水,500.0,2009.0,20.324001539678704
20277,雨水,700.0,2009.0,49.890692429221254
20278,雨水,800.0,2009.0,53.928192300868304
20279,雨水,800.0,2009.0,66.10495308890314
20280,雨水,800.0,2009.0,43.11712070374168
20281,雨水,500.0,2009.0,22.170331511580475
20282,雨水,600.0,2009.0,32.62024942647432
20283,雨水,600.0,2009.0,34.0558395095489
20284,雨水,600.0,2009.0,48.35662227603209
20285,雨水,600.0,2009.0,29.23551820019394
20286,雨水,3500.0,2009.0,68.834850778197
20287,雨水,4000.0,2009.0,27.875578613523675
20289,雨水,300.0,,55.51368707119993
20290,雨水,300.0,2009.0,95.06078462769327
20291,雨水,600.0,,92.84736416255008
20292,雨水,500.0,,43.79522511591091
20293,雨水,500.0,,44.72979393173266
20294,雨水,600.0,,8.557151777735301
20295,雨水,700.0,,9.56435157626778
20296,雨水,500.0,,21.283330142961983
20298,雨水,400.0,2009.0,12.669270478045972
20299,雨水,700.0,2009.0,26.079367230270897
20300,雨水,700.0,2009.0,28.39145243929159
20301,雨水,1000.0,2009.0,51.43687479781788
20303,雨水,400.0,2009.0,16.515065732211724
20304,雨水,1000.0,2009.0,62.06637115441817
20305,雨水,1000.0,2009.0,46.131336760911445
20306,雨水,1000.0,2009.0,41.115885624242885
20307,雨水,1200.0,2009.0,16.77054640846881
20308,雨水,300.0,2009.0,33.69388927305398
3474,汚水,250.0,1991.0,20.73257409158781
3475,汚水,250.0,1991.0,34.15708672156655
3476,汚水,250.0,1991.0,38.166900404554724
3477,汚水,250.0,1991.0,16.649456912799863
3478,汚水,250.0,1991.0,16.913906229901215
3479,汚水,250.0,1991.0,26.707461884444715
3480,汚水,250.0,1991.0,6.751473480628568
3481,汚水,250.0,1991.0,26.27844201306358
3482,汚水,250.0,1991.0,22.16562533561785
3483,汚水,250.0,1991.0,41.78011217325466
3484,汚水,250.0,1991.0,19.01207130322948
3485,汚水,250.0,1991.0,32.547904849913444
3486,汚水,250.0,1991.0,33.24960897915163
3487,汚水,250.0,1991.0,32.81337164473014
3488,汚水,250.0,1991.0,6.297015934520482
3489,汚水,250.0,1991.0,79.54809244735121
3490,汚水,250.0,1992.0,25.481797265805938
3491,汚水,250.0,1991.0,42.24004974263343
3492,汚水,250.0,1991.0,49.85950603845018
3493,汚水,250.0,1991.0,48.35435730922167
3494,汚水,250.0,1991.0,48.73641810660383
3495,汚水,250.0,1991.0,39.3350826375742
3496,汚水,200.0,1996.0,19.06120319405308
3497,汚水,200.0,1996.0,18.767294969462565
3498,汚水,200.0,1996.0,15.341241647752712
3499,汚水,200.0,1996.0,51.0625474933408
3500,汚水,200.0,1996.0,10.868260707241852
3501,汚水,200.0,1996.0,11.321666118431258
3503,汚水,200.0,1996.0,17.470585930697638
3504,汚水,200.0,1996.0,19.07474446593292
3505,汚水,200.0,1996.0,36.40612833616238
3507,汚水,200.0,1996.0,31.559406058403123
3508,汚水,200.0,1996.0,18.891200754114045
3509,汚水,200.0,1996.0,2.1391134268776693
3510,汚水,200.0,1996.0,7.937877157075736
3511,汚水,200.0,1996.0,9.809574258592999
3512,汚水,200.0,1996.0,17.658346282566402
3513,汚水,200.0,1996.0,10.652953486842044
3514,汚水,200.0,1996.0,8.3406726263189
3515,汚水,200.0,1996.0,18.37610917015798
3516,汚水,200.0,1996.0,11.959529865178215
3517,汚水,200.0,1996.0,5.000615388307429
3518,汚水,200.0,1996.0,14.383242531648
3519,汚水,200.0,1996.0,35.4114305716563
3520,汚水,200.0,1996.0,18.770016870467444
3522,汚水,200.0,1996.0,25.007115259403903
3523,汚水,200.0,1996.0,21.076469447183644
3524,汚水,200.0,1996.0,12.753838469331736
3526,汚水,200.0,1996.0,23.713010545857216
3528,汚水,150.0,2007.0,52.509338060578166
3529,汚水,150.0,2007.0,10.580618092771486
3530,汚水,250.0,1991.0,45.91945644198887
3531,汚水,250.0,1991.0,42.959281295371966
3532,汚水,250.0,1991.0,38.09584113503515
3627,汚水,150.0,2004.0,49.69864113247386
3628,汚水,150.0,2004.0,12.053067399513084
3629,汚水,150.0,2004.0,22.576954508293696
3630,汚水,150.0,2004.0,44.40882471094794
3631,汚水,150.0,2005.0,2.5279235217720304
3632,汚水,150.0,2004.0,41.61008835793864
3633,汚水,150.0,2004.0,42.99510923293173
3634,汚水,150.0,2004.0,10.326663733926274
3635,汚水,150.0,2004.0,3.751433626681897
3636,汚水,150.0,2004.0,29.251336513058448
3637,汚水,150.0,2004.0,4.721408196855476
3638,汚水,150.0,2004.0,23.304190845686325
3639,汚水,150.0,2004.0,12.07060060503443
3640,汚水,150.0,2004.0,28.2390114676817
3641,汚水,150.0,2004.0,4.302557467257785
3642,汚水,150.0,2004.0,29.307159565448185
3643,汚水,150.0,2004.0,43.50745955229955
3644,汚水,150.0,2004.0,18.29760078062231
3645,汚水,150.0,2004.0,53.33637291130057
3646,汚水,150.0,2004.0,32.213238802090075
3647,汚水,150.0,2004.0,24.038524104274316
3648,汚水,150.0,2004.0,50.501043012272234
3649,汚水,150.0,2004.0,77.89387443214893
3650,汚水,150.0,2004.0,77.44797192059467
3651,汚水,150.0,2005.0,53.43349215332866
3653,汚水,150.0,2005.0,78.19592401496048
3654,汚水,150.0,2005.0,5.46767730275554
3655,汚水,150.0,2005.0,66.94229734034514
3656,汚水,150.0,2005.0,44.682933305404795
3657,汚水,150.0,2005.0,6.367576238626188
3533,汚水,250.0,1991.0,43.805338316605905
3534,汚水,250.0,1991.0,17.760848431145064
3535,汚水,250.0,1991.0,34.94068207453883
3536,汚水,250.0,1991.0,29.262098167583865
3537,汚水,250.0,1991.0,28.10929465598788
3538,汚水,250.0,1991.0,46.625009222533144
3539,汚水,250.0,1991.0,46.19917439497332
3540,汚水,250.0,1992.0,36.90492337562973
3541,汚水,250.0,1991.0,39.225459416403865
3542,汚水,250.0,1991.0,34.20096831741439
3543,汚水,250.0,1991.0,43.051683194940765
3544,汚水,250.0,1991.0,49.961484723180526
3545,汚水,250.0,1991.0,50.12018380140061
3546,汚水,250.0,1991.0,41.17651299688114
3548,汚水,250.0,1991.0,49.76954845282279
3549,汚水,250.0,1991.0,29.03944185458617
3550,汚水,250.0,1991.0,29.68793086432987
3551,汚水,250.0,1991.0,29.8438647924694
3552,汚水,250.0,1991.0,99.59511951042424
3553,汚水,250.0,1991.0,45.92324601114496
3554,汚水,250.0,1991.0,48.12763234852162
3556,汚水,250.0,1992.0,46.766149452546806
3558,汚水,200.0,1996.0,47.67634675284074
3559,汚水,200.0,1996.0,44.827326742407635
3560,汚水,200.0,1996.0,37.7088831386857
3561,汚水,200.0,1996.0,14.88806378860979
3562,汚水,200.0,1996.0,20.62222224652229
3563,汚水,200.0,1996.0,2.9681761703402136
3564,汚水,200.0,1996.0,4.963157092689686
3565,汚水,200.0,1996.0,42.69076267931823
3566,汚水,200.0,1996.0,27.050465331260252
3567,汚水,200.0,1996.0,4.231711049814711
3568,汚水,200.0,1996.0,6.288480832281282
3569,汚水,200.0,1996.0,43.34016792537608
3570,汚水,200.0,1996.0,17.10558538853679
3571,汚水,200.0,1996.0,20.4048114212048
3572,汚水,200.0,1996.0,3.6376322927757414
3573,汚水,200.0,1996.0,25.205841935940168
3574,汚水,200.0,1996.0,22.954393173798543
3575,汚水,200.0,1996.0,4.998791046917331
3576,汚水,200.0,1996.0,7.513767907611106
3578,汚水,200.0,1996.0,21.28510638325593
3579,汚水,200.0,1996.0,24.970125328951706
3580,汚水,200.0,1996.0,44.829621360524385
3581,汚水,200.0,1996.0,49.97037768814681
3582,汚水,200.0,1996.0,30.78107385077909
3583,汚水,200.0,1996.0,24.895037259785596
3584,汚水,200.0,1996.0,46.7681757071024
3585,汚水,200.0,1996.0,35.64015264511626
3586,汚水,200.0,1996.0,6.053915966484826
3587,汚水,250.0,,23.138190503790703
3588,汚水,250.0,,17.713476667367704
3589,汚水,250.0,,39.176755382483535
3590,汚水,250.0,,21.95553410374225
3592,汚水,150.0,,16.5767487492903
3593,汚水,150.0,,16.785841636835972
3594,汚水,150.0,,12.285160942365795
3595,汚水,250.0,1992.0,6.188360933192628
3596,汚水,150.0,,6.696489591333582
3597,汚水,250.0,,30.603938901174686
3598,汚水,250.0,,29.034860405042966
3599,汚水,300.0,2004.0,19.37559227200126
3600,汚水,350.0,2004.0,42.20977864548872
3601,汚水,350.0,2004.0,5.351975487060868
3602,汚水,350.0,2004.0,7.431337935650902
3603,汚水,150.0,2004.0,41.88552617748673
3604,汚水,150.0,2004.0,16.71936183814335
3605,汚水,150.0,2005.0,11.695579790068379
3606,汚水,150.0,2005.0,28.02711739607659
3607,汚水,150.0,2005.0,35.86361270463757
3608,汚水,150.0,2005.0,57.70029814441393
3609,汚水,150.0,2005.0,20.718588100424967
3610,汚水,150.0,2005.0,3.0658577975461823
3611,汚水,150.0,2005.0,8.99589593103614
3612,汚水,150.0,2005.0,10.208853910112179
3613,汚水,150.0,2005.0,14.492656194467568
3614,汚水,150.0,2005.0,18.484660461656517
3615,汚水,150.0,2005.0,9.020485855759892
3617,汚水,150.0,2004.0,33.9550791586948
3618,汚水,150.0,2004.0,15.569486596575265
3619,汚水,150.0,2004.0,17.318359051429944
3620,汚水,150.0,2004.0,77.57369574031175
3621,汚水,150.0,2004.0,39.0345669596355
3622,汚水,150.0,2004.0,46.04238713941339
3623,汚水,150.0,2004.0,86.79605701194238
3624,汚水,150.0,2004.0,61.00259234168419
3625,汚水,150.0,2004.0,68.56968856954316
3626,汚水,150.0,2004.0,95.34640886206269
3721,汚水,200.0,1996.0,26.120113194776494
3722,汚水,200.0,1996.0,8.848780451475616
3723,汚水,200.0,1996.0,8.721825489799658
3724,汚水,200.0,1996.0,11.200583086546951
3725,汚水,200.0,1996.0,16.11980874234477
3726,汚水,200.0,1996.0,39.59800760999334
3728,汚水,200.0,1996.0,2.989509671326442
3729,汚水,200.0,1996.0,13.87937816590126
3730,汚水,200.0,1996.0,24.937253249712487
3731,汚水,200.0,1996.0,6.295220088752218
3732,汚水,200.0,1996.0,30.3845454720323
3733,汚水,200.0,1996.0,31.44321270287731
3734,汚水,200.0,1996.0,32.80962123863216
3735,汚水,200.0,1996.0,21.063670219893844
3736,汚水,200.0,1996.0,12.663773304042154
3737,汚水,200.0,1996.0,30.20706057159238
3738,汚水,200.0,1996.0,27.864823569736206
3739,汚水,200.0,1996.0,39.257188077886056
3741,汚水,200.0,1996.0,34.115157928004685
3742,汚水,200.0,1996.0,21.183426800507586
3743,汚水,200.0,1996.0,10.836218144936513
3744,汚水,200.0,1996.0,22.34493047417279
3745,汚水,200.0,1996.0,10.836096285211381
3746,汚水,200.0,1996.0,17.92114183545584
3748,汚水,200.0,1997.0,33.01017566279385
3749,汚水,200.0,1997.0,10.196571343214918
3750,汚水,200.0,1997.0,11.41871975074292
3751,汚水,200.0,1997.0,8.532934672358452
3752,汚水,200.0,1997.0,43.106173991179645
3658,汚水,150.0,2005.0,17.5296801152051
3659,汚水,150.0,2005.0,29.173031383192725
3660,汚水,150.0,2005.0,3.9044182033493824
3661,汚水,250.0,,35.36406141020855
3662,汚水,250.0,,38.84656247125109
3663,汚水,250.0,,40.72381442945926
3664,汚水,250.0,,40.47963770778676
3665,汚水,250.0,,39.32987220193284
3666,汚水,250.0,,35.48338967115252
3668,汚水,250.0,,29.664125147841226
3669,汚水,250.0,,29.857707785398933
3670,汚水,250.0,,43.12389892896145
3671,汚水,250.0,,40.08142717464788
3672,汚水,250.0,,43.68680440478838
3673,汚水,250.0,,29.469413208325886
3674,汚水,250.0,,25.07139081040442
3675,汚水,250.0,,25.560005443391606
3676,汚水,250.0,,40.86807924854908
3677,汚水,250.0,,39.88358101702421
3678,汚水,250.0,,39.98611931381839
3679,汚水,250.0,,39.01444075444458
3680,汚水,250.0,,30.356993994997907
3682,汚水,250.0,,25.286254154750274
3683,汚水,150.0,2011.0,34.80267121521568
3685,汚水,150.0,2011.0,37.76037406721406
3686,汚水,200.0,1997.0,22.401769474542355
3687,汚水,200.0,1997.0,46.30505559688973
3688,汚水,250.0,,22.177688488977633
3689,汚水,250.0,,20.258472031422958
3690,汚水,250.0,,22.889882173007454
3691,汚水,200.0,1996.0,39.440857072847834
3692,汚水,250.0,1996.0,30.562373697749944
3693,汚水,250.0,,28.198877923017655
3694,汚水,250.0,,41.72548612165999
3695,汚水,250.0,,22.14136201065173
3696,汚水,250.0,,20.026864067498238
3697,汚水,250.0,,20.06446800518177
3698,汚水,250.0,,28.44131359087466
3699,汚水,250.0,,27.399497403821336
3700,汚水,250.0,,23.078863136059272
3701,汚水,250.0,,22.373538695601287
3702,汚水,250.0,,21.38053077006352
3703,汚水,200.0,1996.0,5.1417598875423725
3704,汚水,200.0,1996.0,17.393860956160207
3705,汚水,200.0,1996.0,19.891058366842657
3706,汚水,200.0,1996.0,15.402960815205448
3707,汚水,200.0,1996.0,28.216031309177023
3708,汚水,200.0,1996.0,17.23836822235485
3709,汚水,200.0,1996.0,47.26312013769882
3710,汚水,200.0,1996.0,22.974725746666586
3711,汚水,200.0,1996.0,9.922139405787636
3712,汚水,200.0,1996.0,13.338812720435365
3713,汚水,200.0,1996.0,11.31108238897968
3714,汚水,200.0,1996.0,7.550832809058718
3715,汚水,200.0,1996.0,36.16312505514367
3716,汚水,200.0,1996.0,24.5634891858439
3717,汚水,200.0,1996.0,44.50017974293478
3718,汚水,200.0,1996.0,36.53909818445078
3719,汚水,200.0,2009.0,4.757637219245424
3720,汚水,200.0,1996.0,15.302314344715668
3753,汚水,200.0,1997.0,6.173590699485189
3754,汚水,200.0,1997.0,61.86829688016755
3755,汚水,200.0,1997.0,6.607728947768963
3756,汚水,150.0,2003.0,23.29246359508517
3757,汚水,200.0,1996.0,9.910707297325446
3758,汚水,250.0,,12.142908911618044
3759,汚水,250.0,,11.269737592568877
3760,汚水,250.0,,41.649429974229754
3761,汚水,250.0,,40.929991758369475
3762,汚水,250.0,,41.22080745481277
3763,汚水,250.0,,41.31903224509314
3764,汚水,250.0,,27.262542385708926
3765,汚水,250.0,,41.007182139962886
3766,雨水,,,39.40504761998669
3767,雨水,,,27.629817051360146
3768,雨水,,,51.27796909299381
3769,雨水,,,38.830185746925785
3770,雨水,,,40.752402885415854
3771,汚水,250.0,1991.0,35.13038471647577
3772,雨水,,,33.65917789320193
3773,雨水,250.0,,11.276221095144733
3774,汚水,250.0,,28.46078523736557
3776,汚水,200.0,1997.0,18.001677053351532
3778,汚水,200.0,1996.0,7.033901248060671
3779,汚水,200.0,1996.0,42.24950097013416
3780,汚水,200.0,1996.0,59.79408802080584
3781,汚水,200.0,1996.0,60.70682212700579
3782,汚水,150.0,2002.0,27.781867340894923
3783,汚水,150.0,2002.0,19.011236298582226
3784,汚水,150.0,2002.0,14.583331364433704
3785,汚水,150.0,2002.0,21.001704924926145
3786,汚水,150.0,2006.0,17.26726647417958
3787,汚水,150.0,2002.0,7.926290673231288
3788,汚水,250.0,,25.730430107117773
3789,汚水,150.0,2002.0,30.538061856834474
3790,汚水,150.0,2002.0,31.00099957724819
3791,汚水,150.0,2002.0,15.45302602832361
3792,汚水,150.0,2002.0,4.794971260177124
3793,汚水,150.0,2002.0,18.22189807362574
3794,汚水,150.0,2002.0,6.49909568986278
3795,汚水,150.0,2002.0,22.14847639492753
20309,雨水,300.0,2009.0,36.95743808249314
20310,雨水,400.0,2009.0,36.23327674700738
20311,雨水,300.0,2009.0,15.446146626348245
20312,雨水,500.0,2009.0,19.98926788867554
20313,雨水,500.0,2009.0,27.085609906984327
20314,雨水,300.0,2009.0,10.085014706790956
20315,雨水,600.0,2009.0,19.413365841759617
20316,雨水,700.0,2009.0,18.79209919847723
20317,雨水,1100.0,2009.0,10.025264292832336
20318,雨水,1100.0,1999.0,100.3133912008998
20319,雨水,1100.0,1999.0,32.45556119470388
20320,雨水,1100.0,1999.0,12.398265403336605
20321,雨水,1100.0,1999.0,18.24346629919554
20322,雨水,1200.0,2007.0,67.65090626669571
20323,雨水,1200.0,2007.0,77.10744787844935
20324,雨水,900.0,2007.0,34.29671055093156
20325,雨水,900.0,2007.0,118.77869882357047
20326,雨水,300.0,2009.0,22.070346556168268
20327,雨水,500.0,2011.0,40.748516789630074
20328,雨水,1000.0,2009.0,42.31263613939035
20329,雨水,1000.0,2009.0,9.87790843860235
20332,雨水,300.0,2009.0,50.345858036602564
20334,雨水,300.0,2009.0,56.505205608924186
20335,雨水,700.0,2009.0,46.5239936277399
20336,雨水,1200.0,2009.0,5.292761690932494
20337,雨水,600.0,2011.0,35.885560693285825
20338,雨水,700.0,2011.0,14.37492582552624
20339,雨水,700.0,2011.0,14.867885268174891
20340,雨水,800.0,2011.0,20.604993393906977
20341,雨水,800.0,2011.0,8.806665552540943
20342,雨水,1200.0,1991.0,10.305006746291403
20344,雨水,1200.0,,73.01125954268257
20345,雨水,1500.0,,32.58977369404277
20346,雨水,1500.0,,84.79000820044587
20347,雨水,1500.0,,21.650239266888416
20348,雨水,1500.0,,38.34865318071797
20350,雨水,1000.0,1995.0,79.88288981800922
20351,雨水,1000.0,1995.0,54.15089720159182
20352,雨水,1100.0,2007.0,67.4796081563264
20353,雨水,1100.0,2007.0,56.93262529103683
20354,雨水,500.0,2009.0,65.22431646951277
20355,雨水,400.0,2009.0,30.261456725524575
20356,雨水,600.0,2009.0,22.037663266508876
20357,雨水,600.0,2009.0,2.4383073543782525
20358,雨水,500.0,2009.0,15.56845621664048
20359,雨水,400.0,2009.0,19.184244518496463
20360,雨水,400.0,2009.0,12.517741178043094
20361,雨水,400.0,2009.0,12.620835359632295
20362,雨水,400.0,2009.0,12.578315016853637
20363,雨水,300.0,2009.0,20.73519531853941
20364,雨水,400.0,2009.0,5.999470452062308
20365,雨水,400.0,2009.0,15.952505162634722
20366,雨水,700.0,2009.0,76.09925241422165
20367,雨水,700.0,2009.0,13.633989591052092
20368,雨水,700.0,2009.0,16.620799078681063
20369,雨水,800.0,2009.0,26.615612956717467
20370,雨水,800.0,2009.0,25.005436233385186
20371,雨水,800.0,2009.0,48.181034728052346
20372,雨水,700.0,2009.0,90.6948665068269
20373,雨水,700.0,2009.0,47.78619194872182
20374,雨水,800.0,2009.0,45.43549848908396
20375,雨水,500.0,2009.0,43.868643183346194
20376,雨水,800.0,2009.0,10.108171830168088
20377,雨水,900.0,2009.0,84.55943662641792
20378,雨水,500.0,2009.0,69.30869716042683
20379,雨水,500.0,2009.0,12.984791875542726
20380,雨水,500.0,2009.0,34.843691720048156
20381,雨水,600.0,2009.0,46.73839778113182
20382,雨水,600.0,2009.0,47.68670848092804
20383,雨水,1100.0,2009.0,50.825844486232775
20384,雨水,4000.0,2009.0,48.228146325675624
20386,雨水,4000.0,2009.0,48.7153347477783
20387,雨水,600.0,2009.0,31.201842783618584
20388,雨水,1100.0,,36.499301740138115
20389,雨水,1100.0,,37.68488613093753
20390,雨水,1100.0,,24.40641152467033
20391,雨水,1100.0,,52.94489737087328
20392,雨水,1100.0,,33.27672264198272
20393,雨水,1200.0,2009.0,37.93062413168602
20394,雨水,400.0,,8.640851021170755
20395,雨水,500.0,,39.96761709216521
20396,雨水,400.0,,30.09820450923329
20397,雨水,400.0,,5.7197867750810465
20398,雨水,500.0,,30.729408060932162
20399,雨水,700.0,,17.903929667336005
20400,雨水,900.0,,58.551799291511436
20401,雨水,1100.0,,45.561202079656546
20402,雨水,500.0,,54.09835240899753
20403,雨水,600.0,,28.244809627634883
20404,雨水,700.0,,33.819095218552626
20405,雨水,700.0,,32.91716439909041
20406,雨水,800.0,2009.0,44.984892132901635
20407,雨水,600.0,,43.87835550115912
20408,雨水,600.0,,44.50541166800982
20409,雨水,600.0,,22.183364486761484
20410,雨水,500.0,2009.0,20.166661727519156
20411,雨水,400.0,2009.0,20.458485557038497
20412,雨水,700.0,2009.0,19.962496879841705
20413,雨水,700.0,2009.0,18.859690948124946
20414,雨水,1200.0,2009.0,9.700353236433429
20415,雨水,800.0,2009.0,6.864157020987601
20416,雨水,800.0,2009.0,6.75032827742216
20417,雨水,800.0,2009.0,4.896550015718615
20418,雨水,4000.0,2009.0,47.79511039654525
20419,雨水,4000.0,2009.0,53.03016448694636
20420,雨水,400.0,2009.0,43.147914036437776
20421,雨水,400.0,2009.0,10.05685224735545
20422,雨水,800.0,2009.0,54.96556178939662
20423,雨水,800.0,2009.0,40.4237332113902
20424,雨水,800.0,2009.0,63.59188306892173
20425,雨水,4000.0,2009.0,52.50439931699807
20426,雨水,600.0,2009.0,22.563594869859298
20427,雨水,600.0,2009.0,55.21086328349077
20428,雨水,1000.0,2009.0,188.8951141536224
20429,雨水,4500.0,2009.0,5.342920851145047
20430,雨水,1100.0,1999.0,26.397840448499757
20431,雨水,1100.0,1999.0,21.69305681376366
20432,雨水,1200.0,1999.0,54.66477647523515
20433,雨水,,,55.50794700749395
20434,雨水,150.0,2002.0,45.477659874410485
20435,雨水,,,11.379861534958224
20436,雨水,1200.0,2001.0,32.266547479718504
20437,雨水,,,2.8040618033397924
20438,雨水,,,8.546528424451955
20439,雨水,250.0,2007.0,171.33487237719373
20440,雨水,,,6.2416544353909575
20441,雨水,,,30.772423333313476
20442,汚水,,,47.2243001388098
20443,汚水,,,51.1944265829711
20444,汚水,,,45.0608053738245
20445,汚水,,,7.003948016108375
20446,汚水,150.0,2008.0,40.60885021271223
20447,汚水,150.0,2007.0,10.318990390865679
20448,汚水,250.0,2000.0,23.19452582805124
20449,汚水,,,2.5004196963009093
20450,汚水,,,6.606982633502522
20451,汚水,150.0,2007.0,48.34104746600208
20452,汚水,,,30.919751532288412
20453,汚水,,,152.4418510144327
20455,汚水,700.0,2004.0,29.05305324942805
20456,汚水,,,9.242403746492062
20457,汚水,,,27.594569964336173
20458,汚水,,,9.604659519074906
20459,汚水,,,26.788944192307696
20460,汚水,,,56.061419072281154
20461,汚水,,,12.506097370286925
20462,汚水,,,80.66553975367276
20463,汚水,,,33.249026716823145
20464,汚水,,,3.2708613656338197
20465,汚水,,,39.95671792409841
20466,汚水,,,51.46317291785011
20468,汚水,,,29.26743306034261
20470,汚水,,,7.827014523569356
20472,汚水,,,7.037742205629813
20473,汚水,200.0,1994.0,11.688203787965243
20474,汚水,,,34.15725420205798
20475,汚水,,,47.097502840182074
20476,汚水,,,23.09366245547642
20477,汚水,150.0,2009.0,23.39286053601355
20480,汚水,200.0,2011.0,82.94556392857007
20481,汚水,150.0,2011.0,34.98845838213455
20483,汚水,,,25.244301780708398
20484,汚水,150.0,2010.0,26.546541297079255
20485,汚水,150.0,2010.0,24.8146761564839
20486,汚水,,,22.476540040975237
20487,汚水,150.0,2010.0,29.715907087943073
20488,汚水,,,7.187946889000173
20489,汚水,,,1.5675701366953443
20490,汚水,150.0,2005.0,67.15135883099923
20491,汚水,,,107.94086805750081
20492,汚水,,,41.773943035361725
20495,汚水,,,30.004411355531968
20496,汚水,150.0,2004.0,63.88866004011729
20497,汚水,150.0,2006.0,76.40080795535734
20498,汚水,,,45.99351149269508
20500,汚水,150.0,2004.0,43.524631965614276
20503,汚水,,,23.960399503067773
20504,汚水,150.0,2005.0,69.1652127178085
20505,汚水,150.0,2005.0,45.01863901936327
20506,汚水,250.0,1996.0,78.89511724107447
20507,汚水,250.0,2009.0,18.919203158156126
20508,汚水,,,12.188159517921877
20510,汚水,,,32.32783482494383
20511,汚水,,,26.28283866186397
20513,汚水,150.0,2006.0,11.312933803814863
20514,汚水,150.0,2006.0,7.385311187184476
20516,汚水,,,4.213717919486959
20517,汚水,,,61.23582340173631
20518,汚水,,,18.02064987151702
20520,汚水,150.0,2006.0,28.659468692147996
20521,汚水,150.0,2006.0,7.103605099425914
20522,汚水,,,72.73943442901081
20524,雨水,1350.0,1994.0,35.41980466071163
20525,雨水,800.0,1994.0,2.7577164466362816
20526,雨水,2000.0,1994.0,129.48874718902158
20527,雨水,2000.0,1994.0,259.49055636555016
20528,雨水,2400.0,1994.0,59.01637606707586
20529,雨水,800.0,1994.0,101.04862914389022
20530,雨水,2000.0,1994.0,94.69986660118536
20531,雨水,2200.0,1996.0,96.59065502046201
20533,雨水,2500.0,1994.0,84.69421914218377
20534,雨水,1500.0,1994.0,94.53966378487141
20536,雨水,1650.0,,54.98868541039027
20537,雨水,800.0,1996.0,46.26789708245386
20538,雨水,1350.0,1994.0,44.29056183830549
20539,雨水,300.0,,31.997737499064232
20540,雨水,300.0,,10.786892978213972
20541,雨水,1200.0,,104.63817611130906
20542,雨水,1100.0,,43.460946606967994
20543,雨水,300.0,,108.37299090591472
20544,雨水,2200.0,,919.4481664940748
20545,雨水,500.0,1995.0,55.72191321053357
20546,雨水,1100.0,1994.0,51.40520897162307
20547,雨水,500.0,1995.0,47.01164550995025
20548,雨水,1500.0,1994.0,54.657427497136666
20549,雨水,1100.0,1997.0,178.45976830149542
20550,雨水,900.0,1997.0,55.86610332956734
20551,雨水,3300.0,,46.40065684512098
20552,雨水,800.0,,74.77290377742418
20553,雨水,1650.0,1991.0,178.7380688671285
20554,雨水,1500.0,,42.02554115625355
20555,雨水,1650.0,,38.843951677280046
20556,雨水,700.0,1992.0,90.98394883681223
20559,雨水,1200.0,,71.80384295981916
20560,雨水,800.0,,84.60943044245776
20561,雨水,700.0,,21.555818811872747
20562,雨水,1650.0,,84.68757023827013
20563,雨水,1200.0,1991.0,59.67985953763139
20564,雨水,1350.0,1991.0,132.6881774605967
20565,雨水,500.0,,14.741633736406966
20566,雨水,800.0,1995.0,77.66708469785301
20567,雨水,700.0,,31.74505087973601
20568,雨水,2000.0,1998.0,124.73788749570096
20569,雨水,700.0,1995.0,48.25192870637284
20570,雨水,400.0,1997.0,36.07404431932512
20571,雨水,5000.0,1997.0,32.4060848424669
20573,汚水,150.0,2013.0,58.101113258863535
20574,汚水,150.0,2013.0,40.618603835222885
20575,汚水,150.0,2013.0,90.14503618858902
20576,汚水,150.0,2013.0,49.84007479018834
20577,汚水,150.0,2013.0,43.240671154616905
20578,汚水,150.0,2013.0,41.87077359491709
20579,汚水,150.0,2013.0,46.47570171820908
20580,汚水,150.0,2013.0,51.511978806431856
20581,汚水,150.0,2013.0,36.42069261799265
20582,汚水,150.0,2013.0,98.83731854081259
20583,汚水,150.0,2013.0,48.18070532383717
20584,汚水,150.0,2013.0,45.55114042659359
20585,汚水,150.0,2013.0,54.183671540971076
20586,汚水,150.0,2013.0,93.00089434380764
20587,汚水,,2013.0,65.53299485060458
20588,汚水,150.0,2013.0,3.0088961431019157
20589,汚水,150.0,2013.0,21.380044083203973
20590,汚水,150.0,2013.0,20.119772812076015
20591,汚水,150.0,2013.0,7.037099544567737
20592,汚水,150.0,2013.0,7.934520180589173
20593,汚水,150.0,2013.0,2.883755364174738
20594,汚水,150.0,2013.0,7.897275796121393
20595,汚水,150.0,2013.0,3.8777025465124564
20596,汚水,150.0,2013.0,9.390175291228227
20597,汚水,150.0,2013.0,6.746710383622515
20598,汚水,150.0,2013.0,19.086113747951597
20599,汚水,150.0,2013.0,6.917230948866602
20600,汚水,150.0,2013.0,9.247000000003027
20601,汚水,150.0,2013.0,8.357050316947914
20602,汚水,150.0,2013.0,7.628642420953158
20603,汚水,150.0,2013.0,6.819567801553943
20604,汚水,150.0,2013.0,82.62526957854205
20605,汚水,150.0,2013.0,26.53279971457991
20606,汚水,150.0,2013.0,29.169476940802646
20607,汚水,150.0,2013.0,11.676170337490701
20608,汚水,150.0,2013.0,19.169734322623516
20609,汚水,150.0,2013.0,13.053547602096709
20610,汚水,150.0,2013.0,12.104814129380621
20611,汚水,150.0,2013.0,10.911771441879141
20612,汚水,150.0,2013.0,8.21273366746278
20613,汚水,150.0,2013.0,23.97858438061767
20614,汚水,150.0,2013.0,27.95362867625436
20615,汚水,150.0,2013.0,6.626194231985237
20616,汚水,150.0,2013.0,9.474027021275647
20617,汚水,150.0,2013.0,33.05580595012633
20618,汚水,150.0,2013.0,13.757762172681524
20619,汚水,250.0,2013.0,35.98563415427903
20620,汚水,150.0,2013.0,2.3099999999976717
20621,汚水,150.0,2013.0,15.458037553321418
20622,汚水,150.0,2013.0,31.91945575976474
20623,汚水,150.0,2013.0,19.77836459367115
20624,汚水,150.0,2013.0,36.27562735501806
20625,汚水,150.0,2013.0,50.372750173089095
20626,汚水,150.0,2013.0,19.954718714106594
20627,汚水,150.0,2013.0,31.662853724834168
20628,汚水,150.0,2013.0,5.926272774689639
20629,汚水,150.0,2013.0,8.824416864582886
20630,汚水,150.0,2013.0,42.05063709387261
20631,汚水,150.0,2013.0,41.77547321539909
20632,汚水,150.0,2012.0,2.4535364272824602
20633,汚水,150.0,2012.0,37.45425258142154
20634,汚水,150.0,2013.0,49.529751463498215
20635,汚水,150.0,2012.0,45.896072264555144
20636,汚水,150.0,2012.0,3.6761938197041544
11213,雨水,600.0,2009.0,35.520572348990754
11214,雨水,600.0,2009.0,42.54372683547732
11215,雨水,900.0,2009.0,44.030120891368874
11216,雨水,1000.0,2009.0,44.371809960968974
11217,雨水,1100.0,2009.0,25.406186102561296
11218,雨水,1100.0,2009.0,23.258853337423005
11219,雨水,800.0,2009.0,62.8551183955596
11220,雨水,700.0,2009.0,45.08604705011756
11221,雨水,1350.0,2009.0,49.81403370970206
11222,雨水,1350.0,2009.0,24.96536891887283
11223,雨水,1350.0,2009.0,27.048649932344055
11224,雨水,1300.0,2009.0,54.28057777034941
11225,雨水,600.0,2009.0,22.234777235520706
11226,雨水,700.0,2009.0,50.22530138784163
11227,雨水,600.0,2009.0,34.27783644346508
11228,汚水,250.0,1989.0,24.51872429479888
11229,汚水,250.0,1989.0,43.01468361707233
11230,汚水,250.0,1989.0,13.76749670383083
11231,汚水,250.0,1989.0,6.864803598544483
11232,汚水,250.0,1989.0,24.929701545655732
11233,汚水,250.0,1989.0,26.86642486362516
11234,汚水,250.0,1989.0,26.00806785068614
11235,汚水,250.0,1990.0,34.9207694239458
11237,汚水,500.0,1989.0,45.27902467717091
11238,汚水,200.0,1994.0,16.126969845412084
11241,汚水,200.0,1994.0,56.43155897931399
11242,汚水,200.0,1994.0,38.14241612362799
11244,汚水,200.0,1994.0,57.388709810138764
11246,汚水,200.0,1994.0,22.95602347567482
11248,汚水,200.0,1994.0,2.7502606415957027
11249,汚水,200.0,1994.0,39.01211335775368
11250,汚水,200.0,1994.0,6.498552994549451
11252,汚水,200.0,1994.0,50.73676047201375
11254,汚水,200.0,1994.0,5.477964455851304
11255,汚水,200.0,1994.0,38.75037598624006
11256,汚水,200.0,1994.0,48.72693732836004
11257,汚水,200.0,1994.0,9.903107537146104
11258,汚水,200.0,1994.0,32.830297646088596
11259,汚水,200.0,1994.0,47.46953400073971
11260,汚水,200.0,1994.0,21.73546620639272
11261,汚水,200.0,1994.0,6.9548994066284795
11262,汚水,200.0,1994.0,18.855640166500635
11263,汚水,200.0,1994.0,7.603478748898562
11264,汚水,200.0,1994.0,13.312705410704197
11265,汚水,200.0,1994.0,7.786740335859603
11266,汚水,200.0,1994.0,12.934129936600728
11267,汚水,200.0,1994.0,25.40137039733102
11268,汚水,200.0,1994.0,11.71321428188994
11269,汚水,200.0,1994.0,12.21158991738226
11270,汚水,200.0,1994.0,21.82723457985028
11271,汚水,200.0,1994.0,33.72566358211973
11272,汚水,200.0,1994.0,30.705447972113873
11273,汚水,200.0,1994.0,16.66121047178672
11274,汚水,200.0,1994.0,17.291459381883026
11275,汚水,200.0,1994.0,30.9518932651834
11276,汚水,200.0,1994.0,40.29901741359576
11277,汚水,200.0,1994.0,59.50306652992167
11278,汚水,200.0,1994.0,17.959736341533517
11279,汚水,200.0,1994.0,4.211168247371424
11280,汚水,200.0,1994.0,8.730434798675896
11281,汚水,200.0,1994.0,8.156840153277795
11282,汚水,200.0,1994.0,7.454708274918039
11283,汚水,200.0,1994.0,18.807119702131857
11284,汚水,200.0,1994.0,24.14079422160426
11285,汚水,200.0,1994.0,24.52980851125503
11286,汚水,200.0,1994.0,30.940897191172933
11287,汚水,200.0,1994.0,42.50967152309498
11288,汚水,200.0,1994.0,17.16624320666741
11289,汚水,200.0,1994.0,8.012774306906326
11290,汚水,200.0,1994.0,5.376469103464139
11291,汚水,200.0,1994.0,8.180818589351029
11293,汚水,200.0,1994.0,6.923618736023435
11294,汚水,200.0,1994.0,4.490919090946977
11295,汚水,200.0,1994.0,5.948777157460796
11296,汚水,200.0,1994.0,19.822585816073307
11297,汚水,150.0,2005.0,25.450588270227954
11301,汚水,200.0,1994.0,66.33438690713287
11302,汚水,200.0,1994.0,68.88051577015554
11303,汚水,250.0,1995.0,54.300172082173155
11304,汚水,200.0,1994.0,56.50851388889889
11305,汚水,200.0,1994.0,4.73299645708317
11306,汚水,200.0,1994.0,38.5274528472163
11307,汚水,200.0,1994.0,47.157608784413526
11308,汚水,200.0,1994.0,47.63025130027014
11309,汚水,200.0,1994.0,2.9615243325049647
11310,汚水,200.0,1994.0,41.24804702363703
11311,汚水,200.0,1994.0,43.216891056279856
11312,汚水,200.0,1994.0,16.941797732310288
11313,汚水,200.0,1994.0,13.71912894082107
11314,汚水,200.0,1994.0,22.870275594867977
11315,汚水,200.0,1994.0,2.189848546368753
11316,汚水,200.0,1994.0,17.409920126369922
11317,汚水,200.0,1994.0,14.523999999997613
11318,汚水,200.0,1994.0,24.145919474543476
11320,汚水,200.0,1994.0,21.02853780620155
11321,汚水,200.0,1994.0,39.922139425254244
11322,汚水,200.0,1994.0,40.40779802430366
11323,汚水,200.0,1994.0,35.934077793689696
11324,汚水,200.0,1994.0,34.909084227389876
11325,汚水,200.0,1994.0,13.10911459299881
11326,汚水,200.0,1994.0,3.401490882856813
11327,汚水,200.0,1994.0,54.50332993986731
11328,汚水,200.0,1994.0,24.9405298657811
11329,汚水,200.0,1994.0,2.1745799517015496
11330,汚水,200.0,1994.0,12.75127597660566
11331,汚水,200.0,1994.0,27.45809365826737
11332,汚水,200.0,1994.0,29.867807371033848
11333,汚水,200.0,1994.0,29.89907361523253
11334,汚水,200.0,1994.0,20.116787642486795
11335,汚水,200.0,1994.0,37.487253871180535
11336,汚水,200.0,1994.0,19.399829366379954
11337,汚水,200.0,1994.0,8.516377346266085
11338,汚水,200.0,1994.0,35.447390407626806
11339,汚水,200.0,1994.0,34.00999312472967
11341,汚水,200.0,1994.0,3.9261588782782897
11342,汚水,200.0,1994.0,47.449039066386725
11343,汚水,200.0,1994.0,38.1532091705592
11345,汚水,200.0,1994.0,34.82065010732113
11346,汚水,200.0,1994.0,6.003541847668641
11347,汚水,200.0,1994.0,27.63386605464099
11348,汚水,200.0,1994.0,44.69736821875929
11349,汚水,200.0,1994.0,9.533311707227014
11350,汚水,200.0,1994.0,14.568703188543594
11351,汚水,200.0,1994.0,17.452220897243915
11352,汚水,200.0,1994.0,27.528927263811955
11353,汚水,200.0,1994.0,38.697342692232944
11354,汚水,200.0,1994.0,13.730511537816565
11355,汚水,200.0,1994.0,22.586967264445033
11356,汚水,200.0,1994.0,20.626673301311985
11357,汚水,200.0,1994.0,17.45239953378955
11358,雨水,600.0,2009.0,37.34893965668251
11359,雨水,700.0,2009.0,43.39348488609798
11360,汚水,,,44.96782049307387
11361,雨水,1000.0,2007.0,19.802377612284378
11362,雨水,1000.0,2007.0,16.71900259828585
11363,雨水,1000.0,2007.0,17.007474684504125
11364,雨水,1000.0,2007.0,10.142820582072648
11365,雨水,1000.0,2007.0,15.836917086417449
11366,雨水,1000.0,2007.0,36.54440508531023
11367,雨水,1000.0,2007.0,19.62215924452029
11368,雨水,1000.0,2007.0,24.935585238627393
11369,雨水,1000.0,2007.0,23.19227100521208
11370,雨水,1000.0,2007.0,17.989101899032615
11372,雨水,600.0,2002.0,15.543262583190602
11373,雨水,600.0,2002.0,15.48798586040942
11374,雨水,600.0,2002.0,10.585541444329653
11375,雨水,600.0,2002.0,10.69192329459531
11376,雨水,600.0,2002.0,16.430851163037175
11378,雨水,600.0,2002.0,15.541063930702164
11379,雨水,600.0,2002.0,17.97007343019704
11380,雨水,600.0,2002.0,24.064525616037546
11381,雨水,800.0,1994.0,34.194384175950134
11382,雨水,800.0,1994.0,41.03150608807624
11383,雨水,800.0,1994.0,41.05623195801493
11384,雨水,900.0,1994.0,48.90327554530664
11385,雨水,900.0,1994.0,48.00846349353654
11388,雨水,500.0,1995.0,50.4084143416254
11389,雨水,500.0,1995.0,11.08048029219478
11390,雨水,500.0,1995.0,26.72101706188018
11391,雨水,500.0,1995.0,25.486430610391622
11392,雨水,1500.0,1994.0,43.6477919795848
11393,雨水,1500.0,1994.0,12.753310928984668
11394,雨水,1500.0,1994.0,27.924957920241795
11395,雨水,1500.0,1994.0,69.12612482840876
11396,雨水,1500.0,1994.0,60.704390014740994
11397,雨水,1500.0,1994.0,89.07857215989651
11399,雨水,600.0,1994.0,28.044837376071854
11400,雨水,800.0,1994.0,26.0163667340713
11401,雨水,800.0,1994.0,29.705019236358186
11402,雨水,1000.0,1994.0,57.85019445974709
11403,雨水,1000.0,1994.0,57.07525825623269
11404,雨水,1000.0,1994.0,56.335423574535675
11405,雨水,1350.0,1994.0,97.30242758347126
11406,雨水,400.0,1995.0,6.384645886448495
11407,雨水,500.0,1995.0,36.87340016102177
11408,雨水,500.0,1995.0,8.530688632476753
11409,雨水,500.0,1995.0,20.998037401957475
11410,雨水,500.0,1995.0,9.837332793012743
11411,雨水,2000.0,1994.0,144.40948346152254
11413,雨水,2400.0,1994.0,103.23040306342234
11414,雨水,2400.0,1994.0,102.32915355150567
11415,雨水,2200.0,1998.0,169.26666749956496
11416,雨水,2200.0,1998.0,147.23661335140866
11418,雨水,1100.0,1994.0,48.03623583005535
11419,雨水,1100.0,1994.0,34.08746722241746
11420,雨水,1100.0,1994.0,41.12131389711578
11421,雨水,1200.0,1994.0,23.51316869960403
11422,雨水,1200.0,1994.0,36.164742865338404
11423,雨水,1200.0,1994.0,22.139418368403042
11424,雨水,1350.0,1994.0,42.046547476091924
11426,雨水,900.0,1994.0,27.816553207039757
11427,雨水,1200.0,1994.0,22.42116192426463
11428,汚水,,,24.485869640200185
11430,雨水,900.0,2000.0,39.89906150096291
11431,雨水,600.0,,5.722565073316428
11432,雨水,300.0,,30.21297173478399
11434,雨水,1200.0,1999.0,55.611317414236254
11435,雨水,,,11.054910085568027
11436,雨水,1200.0,1994.0,8.909564599918625
11437,雨水,1500.0,1994.0,4.640203793911555
11438,雨水,1500.0,1994.0,46.79850180398395
11439,雨水,1500.0,1994.0,46.32897702120068
11441,雨水,800.0,1994.0,64.27419816770441
11442,雨水,800.0,1994.0,63.02898228840444
11443,雨水,800.0,1994.0,63.33276603311761
11445,雨水,2400.0,1994.0,57.57356184639811
11447,雨水,500.0,2001.0,41.88835910344855
11448,雨水,500.0,2001.0,4.232730093330713
11449,雨水,1100.0,2001.0,53.62162266956106
11450,雨水,1350.0,2001.0,78.2272807073859
11451,雨水,1500.0,2001.0,41.726060471658556
11452,雨水,450.0,2001.0,4.27292900945479
11453,雨水,2400.0,1994.0,59.87342984685278
11454,雨水,2400.0,1994.0,60.298191544283824
11455,雨水,700.0,1994.0,49.80427231039923
11456,雨水,700.0,1994.0,51.7424252130169
11457,雨水,700.0,1994.0,13.9911218826555
11458,雨水,2500.0,1994.0,84.2107563221078
11459,雨水,2500.0,1994.0,83.4367302144673
11460,雨水,2500.0,1994.0,85.01250443224684
11461,雨水,3500.0,1994.0,98.77685476547651
11462,雨水,800.0,1994.0,10.253784807517404
11463,雨水,800.0,1994.0,26.15001267749026
11464,雨水,800.0,1994.0,38.35681596975828
11465,雨水,800.0,1994.0,11.99541514307915
11466,雨水,800.0,1994.0,28.941578069872072
11467,雨水,2200.0,1998.0,114.58272392923679
11468,雨水,800.0,1996.0,35.53785272570597
11469,雨水,1200.0,1993.0,341.6690680010727
11470,雨水,1200.0,1993.0,14.026569344232962
11471,雨水,1800.0,1996.0,215.71330098042537
11472,雨水,1650.0,1996.0,61.02232576857242
11473,雨水,2200.0,1989.0,32.27766709862403
11474,雨水,2000.0,1989.0,7.007412737228714
11475,雨水,2000.0,1998.0,5.632704386654852
11476,雨水,1350.0,1994.0,34.13124319618357
11477,雨水,1350.0,1994.0,36.0325584686806
11478,雨水,1350.0,1994.0,19.907518587331406
11479,雨水,1350.0,1994.0,33.313408739686274
11480,雨水,1350.0,1994.0,23.487896956662315
11481,雨水,1350.0,1994.0,67.32766630375214
11482,雨水,1350.0,1994.0,25.430622304784105
11483,雨水,1350.0,1994.0,31.61597166257328
11484,雨水,1350.0,1994.0,10.480670545177487
11485,雨水,1350.0,1994.0,31.910251769577975
11486,雨水,1800.0,1994.0,51.40902547800663
11488,雨水,1000.0,1998.0,77.34547353917635
11489,雨水,1000.0,1998.0,9.085586712454992
11490,雨水,1000.0,,29.613335504597377
11491,雨水,1000.0,,16.405508153648878
11492,雨水,1000.0,,31.235518549936454
11493,雨水,600.0,,28.78932114884097
11494,雨水,600.0,,6.683553286043809
11495,汚水,200.0,1994.0,10.63255417963987
11496,汚水,200.0,1994.0,18.867357092573165
11498,汚水,200.0,1994.0,21.2922204138599
11499,汚水,200.0,1994.0,16.864920695866047
11500,汚水,200.0,1994.0,17.241404569581015
11501,汚水,200.0,1994.0,20.168553034119586
11502,汚水,200.0,1994.0,33.19424753959137
11503,汚水,200.0,1994.0,9.533973233694553
11504,汚水,200.0,1994.0,19.206101123870045
11505,汚水,200.0,1994.0,9.904927489957622
11506,汚水,200.0,1994.0,13.513631516982274
11507,汚水,200.0,1994.0,50.40995119926215
11508,汚水,200.0,1994.0,51.74763150343804
11509,汚水,200.0,1994.0,27.463077019822016
11510,汚水,200.0,1994.0,19.955954255510857
11511,汚水,200.0,1994.0,3.71186226954985
11512,汚水,200.0,1994.0,13.529798101755304
11513,汚水,200.0,1994.0,33.276362879456485
11514,汚水,200.0,1994.0,20.67941908446637
11515,汚水,200.0,1994.0,18.022900298125645
11516,汚水,200.0,1994.0,15.198411259863269
11517,汚水,200.0,1994.0,20.39615327148893
11518,汚水,200.0,1994.0,37.34787128743856
11519,汚水,200.0,1994.0,28.56556905183725
11520,汚水,200.0,1994.0,12.95410247345305
11521,汚水,200.0,1994.0,15.182368295120733
11522,汚水,200.0,1994.0,18.96482127216997
11523,汚水,200.0,1994.0,22.47491550885024
11524,汚水,200.0,1994.0,11.59468250986532
11526,汚水,200.0,1994.0,20.866742841557837
11527,汚水,200.0,1994.0,22.681748403194508
11528,汚水,200.0,1994.0,5.906060951115137
11529,汚水,200.0,1994.0,10.786338053637358
11530,汚水,200.0,1994.0,11.689787704248147
11531,汚水,200.0,1994.0,13.111501160558037
11532,汚水,200.0,1994.0,11.620436936326488
11533,汚水,200.0,1994.0,14.248966561804382
11534,汚水,200.0,1994.0,16.92125142620058
11535,汚水,200.0,1994.0,15.75912378733652
20637,汚水,150.0,2013.0,17.153570619553285
20638,汚水,150.0,2013.0,2.8149845470275983
20639,汚水,100.0,2013.0,7.918737904486392
20640,汚水,100.0,2013.0,2.938457078127954
20641,汚水,150.0,2013.0,11.631767755430417
20642,汚水,150.0,2013.0,3.0443260337807967
20643,汚水,150.0,2013.0,40.89511464894764
20644,汚水,150.0,2013.0,23.697060604834583
20645,汚水,150.0,2013.0,6.428398042094176
20646,汚水,150.0,2013.0,38.021567916388825
20647,汚水,150.0,2013.0,2.8703214893718916
20648,汚水,150.0,2013.0,17.99163477842034
20649,汚水,150.0,2013.0,33.93752771955167
20650,汚水,150.0,2013.0,6.380808804529106
20651,汚水,150.0,2013.0,45.06083451259129
20652,汚水,150.0,2013.0,22.423421081538358
20653,汚水,150.0,2013.0,4.856637212902518
20654,汚水,150.0,2013.0,6.288876024882658
20655,汚水,150.0,2013.0,44.820808759538096
20656,汚水,150.0,2013.0,16.702928553551676
20657,汚水,150.0,2013.0,12.759778408074581
20658,汚水,150.0,2013.0,7.638319910181586
20659,汚水,150.0,2013.0,22.86430879077662
20660,汚水,150.0,2013.0,23.017857697972662
20661,汚水,150.0,2013.0,26.893287819637067
20662,汚水,150.0,2013.0,9.039015986268188
20663,汚水,150.0,2013.0,8.178599207688427
20664,汚水,150.0,2013.0,5.19478911987682
20665,汚水,150.0,2013.0,16.94035052447292
20666,汚水,150.0,2013.0,16.153498104833485
20667,汚水,150.0,2013.0,20.13639642538366
20668,汚水,150.0,2013.0,27.204633667816534
20669,汚水,150.0,2013.0,56.78399172570505
20670,汚水,150.0,2013.0,48.41689896259787
20671,汚水,150.0,2013.0,15.874790707285076
20672,汚水,150.0,2013.0,19.340658778850482
20673,汚水,150.0,2013.0,19.03714939270156
20674,汚水,150.0,2013.0,21.61970299551283
20675,汚水,150.0,2013.0,14.578849474495826
20676,汚水,150.0,2013.0,31.983538469029213
20677,汚水,150.0,2013.0,7.223471810694122
20678,汚水,,2013.0,35.0460176625011
20679,汚水,150.0,2013.0,17.97713219621166
20680,汚水,150.0,2013.0,7.094559958165162
20681,汚水,150.0,2013.0,17.666757965170003
20682,汚水,150.0,2013.0,24.7390808236756
20683,汚水,150.0,2013.0,3.2856585336883386
20684,汚水,150.0,2013.0,8.002772024578707
20685,汚水,150.0,2013.0,39.529891111436825
20686,汚水,150.0,2013.0,14.268478994333465
20687,汚水,150.0,2013.0,3.1468616111872825
20688,汚水,150.0,2013.0,47.731523545764325
20689,汚水,150.0,2013.0,11.164591035953189
20690,汚水,150.0,2013.0,1.0046710904533083
20691,汚水,150.0,2013.0,5.355744952857826
20692,汚水,150.0,2013.0,16.17736616387503
20693,汚水,150.0,2013.0,1.306294377229046
20694,汚水,150.0,2013.0,38.69914482968555
20695,汚水,150.0,2013.0,36.88937649621216
20696,汚水,200.0,2013.0,19.720368319525086
20697,汚水,200.0,2013.0,5.807339494110416
20698,汚水,200.0,2013.0,69.55542937960475
20699,汚水,150.0,2013.0,13.662354483363568
20700,汚水,150.0,2013.0,7.587008472887336
20701,汚水,200.0,2013.0,3.486004159491341
20702,汚水,150.0,2013.0,5.1339336436176435
20703,汚水,150.0,2013.0,32.439091540918426
20704,汚水,150.0,2013.0,2.7053613436985717
20705,汚水,150.0,2013.0,33.88644073962415
20706,汚水,150.0,2013.0,18.081966320065767
20707,汚水,200.0,2013.0,4.38450818222232
20708,汚水,200.0,2013.0,16.767632897932206
20709,汚水,150.0,2013.0,16.135318311085268
20710,汚水,150.0,2013.0,1.449375037732841
20711,汚水,150.0,2013.0,23.27150158455261
20712,汚水,150.0,2013.0,7.842140332844374
20713,汚水,150.0,2013.0,12.287839924089843
20714,汚水,150.0,2013.0,13.645452355998897
20715,汚水,150.0,2013.0,1.3220242055266442
20716,汚水,150.0,2013.0,8.937723927263209
20717,汚水,150.0,2013.0,52.62011034055595
20718,汚水,150.0,2013.0,10.669765387427217
20719,汚水,150.0,2013.0,21.49234005632355
20720,汚水,150.0,2013.0,4.4176670057118175
20721,汚水,150.0,2013.0,5.49500655140295
20722,汚水,150.0,2013.0,16.951122588185978
20723,汚水,150.0,2013.0,21.212057373104372
20724,汚水,150.0,2013.0,3.8072857786129797
20725,汚水,150.0,2013.0,9.257017893447557
20726,汚水,150.0,2013.0,6.455152454508783
20727,汚水,150.0,2013.0,45.20283055035792
20728,汚水,150.0,2013.0,8.712545622556334
20729,汚水,150.0,2013.0,54.26401633921353
20730,汚水,150.0,2013.0,50.31353049292324
20731,汚水,150.0,2013.0,60.80842384952544
20732,汚水,150.0,2013.0,48.54750373370627
20733,汚水,150.0,2013.0,6.408277701781618
20734,汚水,150.0,2013.0,23.043096688595153
20735,汚水,150.0,2013.0,36.950012193522646
20736,汚水,150.0,2013.0,35.1292084898941
20737,汚水,150.0,2013.0,44.884068869876934
20738,汚水,150.0,2013.0,39.81513503730881
20739,汚水,150.0,2013.0,46.65442090232174
20740,汚水,150.0,2013.0,77.68557898149677
20741,汚水,150.0,2013.0,30.134722580436232
20742,汚水,150.0,2013.0,30.250248713948327
20743,汚水,150.0,2013.0,30.608806330732435
20744,汚水,150.0,2013.0,70.56147915030441
20745,汚水,150.0,2013.0,20.55237800979135
20746,汚水,150.0,2013.0,30.3458284915599
20747,汚水,150.0,2013.0,6.682208454102433
20748,汚水,150.0,2013.0,100.22718398805983
20749,汚水,150.0,2013.0,5.377335815687356
20750,汚水,150.0,2013.0,5.426312559244751
20751,汚水,150.0,2013.0,44.974870966456066
20752,汚水,150.0,2013.0,48.03085351366264
20753,汚水,150.0,2013.0,18.97502374244811
20754,汚水,150.0,2013.0,5.378868285285252
20755,汚水,150.0,2013.0,41.846825574132055
20756,汚水,150.0,2013.0,39.30989343445444
20757,汚水,150.0,2013.0,49.95427037814555
20758,汚水,150.0,2013.0,29.463363725140802
20759,汚水,150.0,2013.0,86.94727497079863
20760,汚水,150.0,2013.0,97.30773166908205
20761,汚水,150.0,2013.0,99.93343429547296
20762,汚水,150.0,2013.0,6.74695938923228
20763,汚水,150.0,2013.0,43.959516893139536
20764,汚水,150.0,2013.0,52.06849378054008
20765,汚水,150.0,2013.0,52.49624015634349
20766,汚水,150.0,2013.0,7.035146132453599
20767,汚水,150.0,2013.0,33.455456362251695
20768,汚水,150.0,2013.0,3.54342804546826
20769,汚水,150.0,2013.0,45.478456237834614
20770,汚水,150.0,2013.0,60.46341038367555
20771,汚水,150.0,2013.0,37.09958458202519
20772,汚水,150.0,2013.0,45.14762011288818
20773,汚水,150.0,2013.0,37.19383919414531
20774,汚水,150.0,2013.0,4.704753872414932
20775,汚水,150.0,2013.0,13.405558399418986
20776,汚水,150.0,2013.0,54.848290054967684
20777,汚水,150.0,2013.0,98.08113673594174
20778,汚水,150.0,2013.0,24.50944972992897
20779,汚水,150.0,2013.0,38.84014467091004
20780,汚水,150.0,2013.0,4.240767026873261
20781,汚水,150.0,2013.0,20.228865743690342
20782,汚水,150.0,2013.0,15.07107030425135
20783,汚水,150.0,2013.0,1.3912990332811903
20784,汚水,150.0,2013.0,5.693473862732232
20785,汚水,150.0,2013.0,24.733690818273868
20786,汚水,150.0,2013.0,17.42473669681238
20787,汚水,150.0,2013.0,27.53556265971776
20788,汚水,150.0,2013.0,24.965942122189183
20789,汚水,150.0,2013.0,6.555728868704995
20790,汚水,150.0,2013.0,23.904444366413063
20791,汚水,150.0,2013.0,23.786594088720587
20792,汚水,150.0,2013.0,8.67220600539506
20793,汚水,150.0,2013.0,3.9237953565395167
20794,汚水,150.0,2013.0,45.745132303227365
20795,汚水,150.0,2013.0,9.570486157751205
20796,汚水,150.0,2013.0,16.232420463478096
20797,汚水,150.0,2013.0,12.002456081983581
20798,汚水,150.0,2013.0,3.0718652314176706
20799,汚水,150.0,2013.0,21.5764153657942
20800,汚水,150.0,2013.0,24.459390432906474
20801,汚水,150.0,2013.0,16.710642691354423
20802,汚水,150.0,2013.0,20.16074725814898
20803,汚水,150.0,2013.0,15.168192038755835
20804,汚水,150.0,2013.0,4.986867253098776
20805,汚水,150.0,2013.0,2.836725095406449
20806,汚水,150.0,2013.0,15.907877036963324
20807,汚水,150.0,2013.0,44.682430994208914
20808,汚水,150.0,2013.0,6.761065004860434
20809,汚水,150.0,2013.0,30.773898096291028
20810,汚水,150.0,2013.0,69.49674189030497
20811,汚水,150.0,2013.0,4.462675493804549
20812,汚水,150.0,2013.0,6.972243613070604
20813,汚水,150.0,2013.0,3.8583198415914444
20814,汚水,150.0,2013.0,7.528409264964841
20815,汚水,150.0,2013.0,32.24822849503207
20816,汚水,150.0,2013.0,3.138874320514585
20817,汚水,150.0,2013.0,6.781835946315887
20818,汚水,150.0,2013.0,22.487201382432033
20819,汚水,150.0,2013.0,4.34649387437857
20820,汚水,150.0,2013.0,25.787411223363478
20821,汚水,150.0,2013.0,22.145014702811515
20822,汚水,150.0,2013.0,9.962340212957377
20823,汚水,150.0,2013.0,33.82988991984471
20824,汚水,150.0,2013.0,10.88918036434717
20825,汚水,150.0,2013.0,6.961806168705953
20826,汚水,150.0,2013.0,11.19829723663377
20827,汚水,150.0,2013.0,10.986144091536994
20828,汚水,150.0,2013.0,17.521060962093152
20829,汚水,150.0,2013.0,14.560558299735636
20830,汚水,150.0,2013.0,22.510420342360923
20831,汚水,150.0,2013.0,16.02559930236572
20832,汚水,150.0,2013.0,35.42211591735964
20833,汚水,150.0,2013.0,20.457101366143007
20834,汚水,150.0,2013.0,22.441169870631672
20835,汚水,150.0,2013.0,6.138106955728962
20836,汚水,150.0,2013.0,13.673425776967836
20837,汚水,150.0,2013.0,2.5356533802315573
20838,汚水,150.0,2013.0,12.213187994954872
20839,汚水,150.0,2013.0,17.904295136187944
20840,汚水,150.0,2013.0,6.040032119117531
20841,汚水,150.0,2013.0,8.076406964073312
20842,汚水,150.0,2013.0,8.612310457247498
20843,汚水,150.0,2013.0,6.5171233684778915
20844,汚水,150.0,2013.0,95.16343394823633
20845,汚水,150.0,2013.0,14.426218296396998
20846,汚水,150.0,2013.0,7.013103806441159
20847,汚水,150.0,2013.0,24.469043669551645
20848,汚水,150.0,2013.0,10.974651976256817
20849,汚水,150.0,2013.0,6.572095023657485
20850,汚水,150.0,2013.0,6.5696455003416325
20851,汚水,150.0,2013.0,13.034955619409535
20852,汚水,150.0,2013.0,38.90095789679147
20853,汚水,150.0,2013.0,17.948713979127106
20854,汚水,150.0,2013.0,4.996579730180027
20855,汚水,150.0,2013.0,20.757486052799536
20856,汚水,150.0,2013.0,43.2464369869717
20857,汚水,150.0,2013.0,20.190016394244452
20858,汚水,150.0,2013.0,13.078274917297176
20859,汚水,150.0,2013.0,18.946775346988236
20860,汚水,150.0,2013.0,30.434705945769426
20861,汚水,150.0,2013.0,17.24642064476121
20862,汚水,150.0,2013.0,8.316144420705713
20863,汚水,150.0,2013.0,14.006088185401609
20864,汚水,150.0,2013.0,16.075259126994148
20865,汚水,150.0,2013.0,4.798283114834107
20866,汚水,150.0,2013.0,4.338295172071851
20867,汚水,150.0,2013.0,9.035167776708153
20868,汚水,150.0,2013.0,28.742764934450502
20869,汚水,150.0,2013.0,22.55478869331124
20870,汚水,150.0,2013.0,54.224241649334274
20871,汚水,,2013.0,40.47999092825262
20872,汚水,150.0,2013.0,6.8483960895939076
20873,汚水,150.0,2013.0,2.3035392334451212
20874,汚水,150.0,2013.0,10.804642592262955
20875,汚水,150.0,2013.0,16.973988092655908
20876,汚水,150.0,2013.0,6.092809286363484
20877,汚水,150.0,2013.0,13.36182663783637
20878,汚水,150.0,2013.0,8.305015412382588
20879,汚水,150.0,2013.0,7.295463042185642
20880,汚水,150.0,2013.0,3.7377204282854417
20881,汚水,150.0,2013.0,25.31324591091032
20882,汚水,150.0,2013.0,5.4841024789872925
20883,汚水,150.0,2013.0,8.813744834063696
20884,汚水,250.0,2013.0,8.554037233968728
20885,汚水,150.0,2013.0,25.24425372295013
20886,汚水,150.0,2013.0,13.587103375692477
20887,汚水,150.0,2013.0,39.97289979688526
20888,汚水,150.0,2013.0,52.09823719649542
20889,汚水,150.0,2013.0,12.3580664895106
20890,汚水,150.0,2013.0,31.649440279436764
20891,汚水,150.0,2013.0,3.890764080701117
20892,汚水,150.0,2013.0,7.431001143854388
20893,汚水,,2013.0,4.332917031283081
20894,汚水,150.0,2013.0,27.845738359586385
20895,汚水,150.0,2013.0,4.365783551512672
20896,汚水,150.0,2013.0,35.672245910232036
20897,雨水,1200.0,,1.6968400052413197
20898,雨水,600.0,,37.66831822031325
20899,雨水,600.0,,22.306719300314725
20900,雨水,600.0,,19.541493879416855
20901,雨水,1100.0,,9.007317899740466
20902,雨水,300.0,,45.35105633123236
20903,雨水,800.0,2012.0,8.553667269890068
20904,雨水,800.0,2012.0,11.169422727452664
20905,雨水,500.0,2012.0,36.41694036114921
20906,雨水,800.0,2012.0,34.40371546850504
20907,雨水,800.0,2012.0,35.38984132420672
20908,雨水,500.0,2012.0,36.66988716637927
20909,雨水,600.0,,17.43763663496765
20910,雨水,600.0,,40.763432139120496
20911,雨水,600.0,,2.6296311528413776
20912,雨水,450.0,,44.94893518336993
20913,雨水,450.0,,7.733154249431333
20914,雨水,450.0,,3.7423354879039223
20915,雨水,700.0,2012.0,5.242767900883449
20916,雨水,800.0,2012.0,12.750841622306469
20917,雨水,800.0,2012.0,60.545341400965015
20918,雨水,900.0,2012.0,41.04448875344914
20919,雨水,1000.0,,68.59896633076632
20920,雨水,500.0,2004.0,42.64338658022161
20921,雨水,150.0,2012.0,40.09647040114952
20922,雨水,800.0,2012.0,30.28749116443675
20923,雨水,800.0,2012.0,28.019379505312394
20924,雨水,450.0,2012.0,4.323621721286297
20925,雨水,450.0,2012.0,18.060615547628533
20926,雨水,1000.0,2012.0,38.841557140829664
20927,雨水,1100.0,2012.0,95.06142153975557
20928,雨水,800.0,2012.0,40.34225173250008
20929,雨水,300.0,2012.0,3.240100118712223
20930,雨水,700.0,2012.0,47.52878433960623
20931,雨水,700.0,2012.0,29.770258535819007
20932,雨水,800.0,2012.0,54.50377540640322
20933,雨水,2260.0,2012.0,67.49797271086122
20934,雨水,1000.0,2012.0,13.07117264071721
20935,雨水,1000.0,2012.0,32.51580922085469
20936,雨水,1000.0,2012.0,46.025819630354356
20937,雨水,1000.0,2012.0,38.54130624850442
20938,雨水,700.0,2012.0,50.384022964336964
20939,雨水,600.0,2012.0,66.95798161193734
20940,雨水,600.0,2012.0,11.84776141087059
20941,雨水,600.0,2012.0,1.852559584107199
20942,雨水,500.0,2012.0,41.01991236075021
20943,雨水,700.0,2012.0,33.029960134938
20944,雨水,1200.0,,51.48223388993229
20945,雨水,300.0,,12.049357929172851
20946,雨水,500.0,2012.0,38.46807844849155
20947,雨水,500.0,2012.0,9.057847261409893
20948,雨水,500.0,2012.0,10.099341407217132
20949,雨水,500.0,2012.0,3.8206161700204513
20950,雨水,800.0,2012.0,33.569114102452154
20951,雨水,800.0,2012.0,16.68712341850987
20952,雨水,250.0,,18.528130507035556
20953,雨水,250.0,,19.884564056439352
20954,雨水,250.0,,16.975570800366953
20955,雨水,250.0,,3.6729054985044947
20956,雨水,300.0,,12.361205652001585
20957,雨水,250.0,,2.1975589643366167
20958,雨水,250.0,,14.976119017797858
20959,雨水,400.0,,2.8384441495431085
20960,雨水,300.0,,6.657170074076083
20961,雨水,1000.0,1999.0,23.253978743944227
20962,雨水,900.0,2004.0,33.61108834876238
20963,雨水,300.0,2006.0,30.814034622751397
20964,雨水,800.0,2004.0,76.52626289874006
20965,雨水,1000.0,2006.0,16.35560464964281
20966,雨水,100.0,2012.0,5.3268428571507345
20967,雨水,100.0,2012.0,3.592086442796745
20968,雨水,1300.0,2012.0,21.087292974672746
20969,雨水,800.0,2012.0,29.050910838338567
20970,雨水,1300.0,2012.0,3.829001187741129
20971,雨水,1000.0,2012.0,27.813791877104563
20972,雨水,1400.0,2012.0,28.700396026656247
20973,雨水,800.0,2012.0,53.71785802897826
20974,雨水,1200.0,2012.0,25.65802168021892
20975,雨水,800.0,2012.0,67.1994735633208
20976,雨水,400.0,2012.0,14.801633466505862
20977,雨水,1000.0,2012.0,39.97176331354082
20978,雨水,1000.0,2012.0,56.81324916155811
20979,雨水,1000.0,2012.0,45.50925870022854
20980,雨水,1000.0,2012.0,90.2875087224368
20981,雨水,700.0,2012.0,54.22734101915454
20982,雨水,700.0,2012.0,81.25492815996849
20983,雨水,700.0,2012.0,2.9144014789258637
20984,雨水,700.0,2012.0,11.446121618993072
20985,雨水,600.0,2012.0,18.569397720268476
20986,雨水,600.0,2012.0,9.25852876520718
20987,雨水,800.0,2012.0,4.025760302802908
20988,雨水,800.0,2012.0,3.1601590149849716
20989,雨水,800.0,2012.0,9.00842255891705
20990,雨水,800.0,2012.0,1.7329045134958179
20991,雨水,800.0,2012.0,60.437497734144465
20992,雨水,800.0,2012.0,32.965935675779825
20993,雨水,800.0,2012.0,4.124449716509678
20994,雨水,600.0,2012.0,27.42317401571076
20995,雨水,1200.0,2012.0,13.162217368120176
20996,雨水,800.0,2012.0,15.483287513871218
20997,雨水,800.0,2012.0,13.245833619252478
20998,雨水,800.0,2012.0,58.20632266245335
20999,雨水,800.0,2012.0,7.209719658106044
21000,雨水,800.0,2012.0,41.37220483249408
21001,雨水,250.0,2012.0,31.010989119279305
21002,雨水,1500.0,,110.456248261834
21003,雨水,1500.0,,5.629590951795416
21004,雨水,1500.0,,7.076100989073372
21005,雨水,1500.0,,40.592188011073034
21006,雨水,300.0,2012.0,23.893681961244365
21007,雨水,600.0,2012.0,10.359363427896254
21008,雨水,600.0,2012.0,16.56581669388481
21009,雨水,300.0,2012.0,7.81980411055895
21010,雨水,1000.0,2012.0,46.29452415745799
21011,雨水,1000.0,2012.0,3.1703922076804396
21012,雨水,1000.0,2012.0,16.89883658987068
21013,雨水,900.0,2012.0,3.6336106313789225
21014,雨水,900.0,2012.0,74.34456896936075
21015,雨水,900.0,2012.0,47.06075254829766
21016,雨水,900.0,2012.0,7.246668341431804
21017,雨水,800.0,2012.0,6.191885819358292
21018,雨水,1050.0,2012.0,15.348873476578857
21019,汚水,150.0,2012.0,34.379461586762126
21020,汚水,250.0,1989.0,17.477776154129675
21021,汚水,150.0,2003.0,11.415396723832558
21022,汚水,150.0,2003.0,15.23796756221009
21023,汚水,100.0,2012.0,21.543220876227988
21024,汚水,150.0,2012.0,21.669241231309396
21025,汚水,150.0,2012.0,4.032552854990549
21026,汚水,150.0,2012.0,73.82678974001566
21027,汚水,150.0,2012.0,27.183354394948342
21028,汚水,150.0,2012.0,65.95753762304204
21029,汚水,150.0,2012.0,5.805749385795442
21030,汚水,150.0,2012.0,37.54014790513884
21031,汚水,150.0,2012.0,9.493926252616133
21032,汚水,150.0,2012.0,19.023961429743938
21033,汚水,150.0,2012.0,16.32211476615853
21034,汚水,150.0,2012.0,6.390940844532712
21035,汚水,150.0,2012.0,4.329619117007688
21036,雨水,1300.0,2012.0,39.38959539999411
21037,雨水,1200.0,2012.0,21.478098201336266
21038,雨水,1200.0,2012.0,16.78049313186519
21039,雨水,1200.0,2012.0,30.751145081799788
21040,雨水,500.0,2012.0,32.62664993005244
21041,雨水,900.0,2012.0,198.8575438457542
21042,雨水,600.0,2012.0,41.98855181977758
21043,雨水,600.0,2012.0,59.065894084777966
21044,雨水,250.0,2012.0,30.94047510845028
21045,雨水,1000.0,2012.0,66.92600373536943
21046,雨水,1000.0,2012.0,15.94787715686291
21047,雨水,800.0,2012.0,47.7264252160907
21048,雨水,650.0,2012.0,4.825528770990943
21049,雨水,600.0,2012.0,34.597605433542576
21050,雨水,300.0,2012.0,23.186596576958987
21051,雨水,300.0,2012.0,23.19313225552824
21052,雨水,300.0,2012.0,25.140073677457668
21053,雨水,600.0,2012.0,8.632846860630142
21054,雨水,1000.0,2012.0,17.082434228250087
21055,雨水,800.0,2012.0,11.543991376131487
21056,雨水,800.0,2012.0,12.524288676280676
21057,雨水,1000.0,2012.0,120.84179284893763
21058,雨水,800.0,2012.0,125.55492113823603
21059,雨水,800.0,2012.0,41.89859926431813
21060,雨水,1150.0,2012.0,17.893845925340088
21061,雨水,1250.0,2012.0,17.07846886499718
21062,汚水,150.0,2012.0,26.464960465434572
21063,汚水,150.0,2012.0,12.531099582941364
21065,汚水,150.0,2011.0,57.05713275839515
21066,汚水,150.0,2012.0,80.70395530013508
21067,汚水,150.0,2012.0,4.204000490817532
21068,汚水,150.0,2012.0,3.2033200876684833
21069,汚水,150.0,2012.0,11.349907298328942
21070,汚水,150.0,2012.0,42.32073380399178
21071,汚水,150.0,2012.0,6.245732340530529
21072,汚水,150.0,2012.0,60.905362371046344
21073,汚水,150.0,2012.0,28.239516023220435
21074,汚水,150.0,2012.0,9.166096230976825
21075,汚水,150.0,2012.0,14.807521253703193
21076,汚水,150.0,2012.0,4.949329364028738
21077,汚水,150.0,2012.0,6.916778283371302
21078,汚水,150.0,2012.0,23.8414508045691
21079,汚水,150.0,2012.0,28.580436865170565
21080,汚水,150.0,2012.0,18.9992792753554
21081,汚水,150.0,2012.0,21.091520353060925
21082,汚水,150.0,2012.0,14.426003739857055
21083,汚水,150.0,2012.0,4.242925611693441
21084,汚水,150.0,2012.0,18.15105133501065
21085,汚水,150.0,2012.0,42.56003823198019
21086,汚水,150.0,2012.0,15.662768018878268
21087,汚水,150.0,2012.0,8.840719795026885
21088,汚水,150.0,2012.0,9.218024891588607
21089,汚水,150.0,2012.0,6.2774297425174375
21090,汚水,150.0,2012.0,21.160361417771504
21091,汚水,150.0,2012.0,7.394080518849641
21092,汚水,150.0,2012.0,2.830078653898211
21093,汚水,150.0,2012.0,26.351112876098913
21094,汚水,150.0,2012.0,34.474815537031304
21095,汚水,150.0,2012.0,14.154264680905843
21096,汚水,150.0,2012.0,20.71231992667475
21097,汚水,150.0,2012.0,25.736946788166396
21098,汚水,150.0,2012.0,15.491872131887508
21099,汚水,150.0,2012.0,3.2734535742316777
21100,汚水,150.0,2012.0,18.511491121651304
21101,汚水,150.0,2012.0,12.948207209500545
21102,汚水,150.0,2012.0,24.587995228044207
21103,汚水,150.0,2012.0,24.85892798057327
21104,汚水,150.0,2012.0,7.895826808687701
21105,汚水,150.0,2012.0,14.422804550823919
21106,汚水,150.0,2012.0,19.495083700746292
21107,汚水,150.0,2012.0,18.202118753371437
21108,汚水,150.0,2012.0,28.87461095286754
21109,汚水,150.0,2012.0,8.601432394064178
21110,汚水,150.0,2012.0,66.64104795002108
21111,汚水,150.0,2012.0,5.153318293110278
21112,汚水,150.0,2012.0,15.55335654216027
21113,汚水,150.0,2012.0,6.138025540948979
21114,汚水,150.0,2012.0,15.974947416616457
21115,汚水,150.0,2012.0,5.264653385732885
21116,汚水,150.0,2012.0,33.1240444459503
21117,汚水,150.0,2012.0,19.61469267626817
21118,汚水,150.0,2012.0,18.582476655102177
21119,汚水,150.0,2012.0,22.64392236435323
21120,汚水,150.0,2012.0,39.58513067101779
21121,汚水,150.0,2012.0,37.08440338182167
21122,汚水,150.0,2012.0,5.750513949923166
21123,汚水,150.0,2012.0,20.034963435068413
21124,汚水,150.0,2012.0,29.894997106934035
21125,汚水,150.0,2012.0,3.7736140314046844
21126,汚水,150.0,2012.0,19.52376125093
21127,汚水,150.0,2012.0,25.240318698850764
21128,汚水,150.0,2012.0,42.736003236742185
21129,汚水,150.0,2012.0,58.10649572115396
21130,汚水,150.0,2012.0,24.438031168825916
21131,汚水,150.0,2012.0,28.77423677304089
21132,汚水,150.0,2012.0,8.625010850880306
21133,汚水,150.0,2012.0,63.04823538445589
21134,汚水,150.0,2012.0,10.74398875141118
21135,汚水,150.0,2012.0,8.341781114664204
21136,汚水,150.0,2012.0,14.882735103696454
21137,汚水,150.0,2012.0,24.427089164828462
21138,汚水,150.0,2012.0,5.734705335307886
21139,汚水,150.0,2012.0,15.18848439771035
21140,汚水,150.0,2012.0,34.67397687962383
21141,汚水,150.0,2012.0,36.01866474714546
21142,汚水,150.0,2012.0,5.268873810034125
21143,汚水,150.0,2012.0,9.12899698017664
21144,汚水,150.0,2012.0,19.76716670204357
21145,汚水,150.0,2012.0,11.17696820018575
21146,汚水,150.0,2012.0,6.779049248273973
21147,汚水,150.0,2012.0,4.821873374855248
21148,汚水,150.0,2012.0,11.248124562574551
21149,汚水,150.0,2012.0,28.910370653234494
21150,汚水,150.0,2012.0,4.629728184472794
21151,汚水,150.0,2012.0,20.35538127181581
21152,汚水,150.0,2012.0,6.1001243573036
21153,汚水,150.0,2012.0,5.277900308962225
21154,汚水,150.0,2012.0,20.860188673529027
21155,汚水,150.0,2012.0,26.563853592169377
21156,汚水,150.0,2012.0,48.05140154697258
21157,汚水,150.0,2012.0,23.20791326118308
21158,汚水,150.0,2012.0,23.915667852704132
21159,汚水,150.0,2012.0,16.276919923328688
21160,汚水,150.0,2012.0,8.656368139748519
21161,汚水,150.0,2012.0,10.740014686860375
21162,汚水,150.0,2012.0,15.278317339712828
21163,汚水,150.0,2012.0,16.418612024189436
21164,汚水,150.0,2012.0,12.931165245858777
21165,汚水,150.0,2012.0,4.8773971142971
21166,汚水,150.0,2012.0,44.15726457759079
21167,汚水,150.0,2012.0,3.4515459003526416
21168,汚水,150.0,2012.0,7.55215178444339
21169,汚水,150.0,2012.0,53.378049473307435
21170,汚水,150.0,2012.0,33.54604702166228
21171,汚水,150.0,2012.0,24.720350946930335
21172,汚水,150.0,2012.0,2.6463564468542105
21173,汚水,150.0,2012.0,2.2414790081021927
21174,汚水,150.0,2012.0,13.17773734903895
21175,汚水,150.0,2012.0,19.33734954225414
21176,汚水,150.0,2012.0,29.62157199706313
21177,汚水,250.0,2012.0,24.69155790092224
21178,汚水,150.0,2012.0,13.516543484571272
21179,汚水,250.0,,17.680081176199856
21180,汚水,250.0,,8.971891255500811
21181,汚水,250.0,1987.0,16.07767657921402
21182,汚水,250.0,,21.060084166895262
21183,汚水,150.0,2012.0,8.85063061072954
21184,汚水,200.0,1994.0,39.67868708263335
21185,汚水,150.0,,47.286749484660824
21186,汚水,150.0,2012.0,46.0692528248863
21187,汚水,150.0,2012.0,29.41284699833045
21188,汚水,150.0,2012.0,46.98628550555759
21189,汚水,150.0,2012.0,65.61698997563838
21190,汚水,150.0,2012.0,10.859311249357827
21191,汚水,150.0,2012.0,7.88989568643228
21192,汚水,150.0,2012.0,10.395449241209075
21193,汚水,150.0,2012.0,78.04883507470961
21194,汚水,150.0,2012.0,36.1462127712583
21195,汚水,150.0,2012.0,6.330323375156222
21196,汚水,150.0,2012.0,4.259281210746182
21197,汚水,150.0,2012.0,4.068500117007393
21198,汚水,150.0,2012.0,21.15179789296443
21199,汚水,150.0,2012.0,84.81451460761181
21200,汚水,150.0,2012.0,69.76627035936981
21201,汚水,150.0,2012.0,77.47400727058542
21202,汚水,150.0,2012.0,4.9687160337705745
21203,汚水,150.0,2012.0,71.27099619820964
21204,汚水,150.0,2012.0,78.38463323201289
21205,汚水,150.0,2012.0,75.63338475707947
21206,汚水,150.0,2012.0,67.96407643142818
21207,汚水,150.0,2012.0,10.027821854697422
21208,汚水,150.0,2012.0,64.97177070901336
21209,汚水,150.0,2012.0,12.09260520593416
21210,汚水,150.0,2012.0,74.04315452568606
21211,汚水,150.0,2012.0,62.61494624412773
21212,汚水,150.0,2012.0,38.109163843075955
21213,汚水,150.0,2012.0,32.352782808648755
21214,汚水,150.0,2012.0,14.411009782682942
21215,汚水,150.0,2012.0,12.404727264343009
21216,汚水,150.0,2012.0,11.750588448048688
21217,汚水,150.0,2012.0,9.238294452585437
21218,汚水,150.0,2012.0,19.12868025193804
21219,汚水,150.0,2012.0,20.201620494405457
21220,汚水,150.0,2012.0,24.331540696187815
21221,汚水,150.0,2012.0,2.417736701259162
21222,汚水,150.0,2012.0,31.573987622682615
21223,汚水,150.0,2012.0,7.40746897350877
21224,汚水,250.0,1990.0,15.864210504842143
21225,汚水,150.0,2012.0,4.585078972322003
21226,雨水,250.0,,19.734366671694897
21227,雨水,250.0,,3.791928860815217
21228,雨水,1200.0,,47.707983925077954
21229,雨水,1200.0,,24.59008941717825
21230,汚水,150.0,2012.0,28.114505487587437
21231,汚水,150.0,2012.0,40.87326187735994
21232,汚水,150.0,2012.0,40.55474805415845
21233,汚水,150.0,2012.0,2.159697112936332
21234,汚水,150.0,2012.0,57.53606034189771
21235,汚水,200.0,1994.0,29.72324697816474
21236,汚水,150.0,2012.0,6.300190672380608
21237,汚水,150.0,2012.0,21.36109009294046
21238,汚水,150.0,2012.0,23.109634960709705
21239,汚水,150.0,2012.0,73.26839058393412
21240,汚水,150.0,2012.0,7.479741758332239
21241,汚水,150.0,2012.0,34.084610679551844
21242,汚水,150.0,2012.0,19.710798675214182
21243,汚水,150.0,2012.0,5.799522713255229
21244,汚水,150.0,2012.0,7.948485516088632
21245,汚水,150.0,2012.0,4.4088137065655655
21246,汚水,150.0,2012.0,4.6118388334304035
21247,汚水,150.0,2012.0,32.257878334958534
21248,汚水,150.0,2012.0,77.20163873211291
21249,汚水,150.0,2012.0,58.11000684038562
21250,汚水,150.0,2012.0,21.003820177224274
21251,汚水,150.0,2012.0,5.683190810531656
21252,汚水,150.0,2012.0,41.21582860249011
21253,汚水,150.0,2012.0,73.64489401779663
21254,汚水,150.0,2012.0,51.2021508327479
21255,汚水,150.0,2012.0,30.746632412329273
21256,汚水,150.0,2012.0,23.895355226085172
21257,汚水,150.0,2012.0,44.8474030863586
21258,汚水,150.0,2012.0,3.9589590443212903
21259,汚水,150.0,2012.0,61.962264570641906
21260,汚水,150.0,2012.0,19.709593876837157
21261,汚水,150.0,2012.0,7.098508439559545
21262,汚水,150.0,2012.0,3.358032362406146
21263,汚水,150.0,2012.0,30.739032501393623
21264,汚水,150.0,2012.0,12.735961082177237
21265,汚水,150.0,2012.0,70.82737629305628
21266,汚水,150.0,2012.0,73.31442166875854
21267,汚水,150.0,2012.0,47.735226173771004
21268,汚水,150.0,2012.0,26.025907898521396
21269,汚水,150.0,2012.0,34.83817112257453
21270,汚水,150.0,2012.0,6.037304590131393
21271,汚水,150.0,2012.0,8.85835362977997
21272,汚水,150.0,2012.0,3.412679587847966
21273,汚水,150.0,2012.0,1.8878194412236944
21274,汚水,350.0,1994.0,110.38863560014973
21275,汚水,350.0,1994.0,92.13938943681008
21276,汚水,350.0,1994.0,102.00837480726119
21277,汚水,200.0,1995.0,10.14268286070553
21278,汚水,200.0,1998.0,8.962198468828895
21279,汚水,200.0,1995.0,46.6322008798421
21280,汚水,250.0,1997.0,42.03425740541209
21281,汚水,200.0,1997.0,39.84292506098848
21282,汚水,150.0,2012.0,14.785355527260029
21283,汚水,150.0,2012.0,22.894251981690857
21284,汚水,150.0,2006.0,36.799271094191944
21285,汚水,200.0,2012.0,39.56633204167718
21286,汚水,250.0,2007.0,11.158686997098659
21287,汚水,150.0,2012.0,17.438802269625757
21288,汚水,150.0,2012.0,32.43047522024757
21289,汚水,150.0,2007.0,14.354465346793482
21290,汚水,150.0,2012.0,7.132117394970735
21291,汚水,150.0,2012.0,24.044806652851218
21292,汚水,150.0,2012.0,27.915211402960516
21293,汚水,150.0,2012.0,13.357633515273646
21294,汚水,150.0,2012.0,15.748866503566799
21295,汚水,150.0,2012.0,6.708400938946749
21296,汚水,600.0,1997.0,44.2236214437186
21297,汚水,150.0,2012.0,19.845511120648535
21298,汚水,150.0,2012.0,5.331114034162066
21299,汚水,150.0,2000.0,4.522586272690159
21300,汚水,150.0,2001.0,47.65022200007171
21301,汚水,150.0,2012.0,18.031750854736416
21302,汚水,150.0,2012.0,25.104416306474786
21303,汚水,150.0,2012.0,4.2563872482359
21304,汚水,200.0,2012.0,80.74342996263651
21305,汚水,150.0,2012.0,3.613027203364312
21306,汚水,150.0,2012.0,5.579592591187079
21307,汚水,150.0,2012.0,11.880074266650478
21308,汚水,150.0,2012.0,16.910425284715824
21309,汚水,250.0,2007.0,9.675174823574345
21310,汚水,150.0,2012.0,24.064179654283237
21311,汚水,150.0,2012.0,22.938789526539672
21312,汚水,150.0,2012.0,33.11479625465886
21313,汚水,150.0,2000.0,47.666604809037786
21314,汚水,150.0,2000.0,13.818690397656558
21315,汚水,150.0,2012.0,36.39174279786643
21316,汚水,150.0,2012.0,7.08319811949863
21317,汚水,150.0,2012.0,26.663987604679896
21318,汚水,150.0,2009.0,30.859372667584555
21319,汚水,150.0,2013.0,36.91945925931169
21320,汚水,150.0,2013.0,12.196433924693025
21321,汚水,150.0,2013.0,12.998308174085423
21322,汚水,150.0,2013.0,8.594580949821575
21323,雨水,600.0,,10.676794975159487
21324,雨水,600.0,,11.849098200625825
21325,雨水,700.0,,22.625455703086043
21326,雨水,700.0,,18.097176824689697
21327,雨水,700.0,,18.230693446043784
21328,雨水,700.0,,43.28559010461094
21329,雨水,700.0,,16.378771796860462
21330,汚水,150.0,2013.0,44.16327963000155
21331,汚水,150.0,,48.38199983564946
21332,汚水,150.0,,21.670284722219023
21333,雨水,900.0,,12.775093977980955
21334,雨水,900.0,,28.580027727728282
21335,雨水,900.0,,18.763153919309246
21336,汚水,150.0,,46.09100672823612
21337,汚水,150.0,,23.059201742469334
21338,汚水,150.0,,24.510218064433133
21339,汚水,150.0,,28.373860728694588
21340,汚水,150.0,,3.829621652331963
21341,汚水,150.0,,19.930266882302238
21342,汚水,150.0,,6.097519577661932
21343,汚水,150.0,,28.628046936830785
21344,汚水,150.0,,13.606822773887474
21345,汚水,150.0,,6.428332598738912
21346,雨水,600.0,,12.70805327340969
21347,雨水,600.0,,35.06794790119298
21348,雨水,1500.0,,148.2963527101437
21349,汚水,150.0,,0.947054380701592
21350,汚水,150.0,,11.85467409927262
21351,汚水,150.0,,7.1937785620632875
21352,汚水,150.0,,1.407999999995809
21353,汚水,150.0,,0.8373601375778912
21354,汚水,250.0,,15.44784544847581
21355,汚水,250.0,,22.060707206337206
21356,汚水,150.0,,15.248328799072045
21357,汚水,150.0,,5.953207361893026
21358,汚水,150.0,,4.51971337586306
21359,汚水,150.0,,47.25698379074938
21360,汚水,150.0,,30.762854402440308
21361,汚水,150.0,,26.401852756961787
21362,雨水,600.0,,17.978433107476455
21363,雨水,600.0,,16.739580072391227
21364,雨水,,,49.320702803177326
21365,汚水,150.0,,23.59277345599153
21366,雨水,1500.0,,241.91591723532008
21367,汚水,150.0,,41.42497410982888
21368,汚水,150.0,,28.199490225881974
21369,汚水,150.0,,32.43826186895095
21370,汚水,150.0,,44.09284667303306
21370,汚水,150.0,,3.5902374573269853
21371,汚水,250.0,,16.97958644037176
21372,汚水,250.0,,37.86760119256073
21373,汚水,150.0,,26.365495920846765
21374,汚水,150.0,,5.805777295074588
21375,汚水,150.0,,2.3804621400030266
21376,汚水,150.0,,4.521014487928229
21377,汚水,150.0,,8.145101902369378
21377,汚水,150.0,,2.2196995292153012
21378,汚水,150.0,,16.6704266592044
21379,汚水,150.0,,44.365580318523065
21380,汚水,150.0,,44.82308268128635
21381,汚水,150.0,,46.85268451187981
21382,汚水,150.0,,13.799663945184301
21383,汚水,200.0,,33.733308005227286
21384,汚水,150.0,,12.846684397151373
21385,汚水,200.0,,26.694089327041528
21386,汚水,150.0,,53.275394478362365
21387,汚水,150.0,,53.742363188383145
21388,汚水,150.0,,9.928372273436995
21389,汚水,200.0,,17.00360263971686
21390,汚水,150.0,,42.975944158939214
21391,汚水,150.0,,39.859755243887555
21392,汚水,150.0,,8.295857399932196
21393,汚水,150.0,,4.905757496448408
21394,汚水,150.0,,26.57052061016491
21395,汚水,150.0,,40.105422551437655
21396,汚水,150.0,,13.230878466679945
21397,汚水,150.0,,14.450946102267636
21398,汚水,150.0,,14.179684834035026
21399,雨水,600.0,,38.24638435033152
21400,雨水,600.0,,15.977227437508624
21401,雨水,600.0,,38.38474905476123
21402,雨水,600.0,,18.779078300619197
21403,雨水,,,45.08522548463129
21404,汚水,150.0,,30.369273569493693
21405,汚水,150.0,,14.347522797338373
21406,汚水,150.0,,27.646121120850726
21407,汚水,150.0,,27.474413765129512
21408,雨水,,,8.630690591101555
21409,汚水,150.0,,7.047513128312049
21410,汚水,150.0,,54.552851081251745
21411,汚水,150.0,,20.382829857499363
21412,汚水,150.0,,26.765205024438067
21413,汚水,150.0,,1.6620475324203259
21414,汚水,150.0,,15.588991026081993
21415,汚水,150.0,,14.074907842916396
21416,汚水,150.0,,13.472360038250212
21417,汚水,150.0,,51.17728514872359
21418,汚水,150.0,,25.929219753006457
21419,汚水,150.0,,76.34909705425656
21420,汚水,150.0,,15.41709223555632
21421,汚水,150.0,,7.53794056755878
21422,汚水,150.0,,3.7421042208958024
21423,汚水,150.0,,24.54675255755613
21424,汚水,150.0,,15.146004075054226
21425,汚水,150.0,,23.86624734218697
21426,汚水,150.0,,6.876623595050479
21427,汚水,150.0,,7.517208023016543
21428,汚水,150.0,,31.78327423603057
21429,汚水,150.0,,6.01524008604415
21430,汚水,150.0,,7.089339825016338
21431,汚水,150.0,,40.09764227720596
21432,汚水,150.0,,17.88138432470827
21433,汚水,150.0,,22.75438287451533
21434,汚水,150.0,,31.725103083752465
21435,汚水,150.0,,6.3382272279749445
21436,汚水,150.0,,43.59650893967838
21437,汚水,150.0,,32.88078473820411
21438,汚水,150.0,,54.34395230404526
21439,汚水,150.0,,14.063024425782304
21440,汚水,150.0,,6.473384972322352
21441,汚水,150.0,,17.130386408054182
21442,汚水,150.0,,29.833716274760924
21443,汚水,150.0,,26.564688553377376
21444,汚水,150.0,,45.26315802551524
21445,汚水,150.0,,84.91022911097829
21446,汚水,150.0,,9.461674111911938
21447,汚水,150.0,,25.856751114477106
21448,汚水,150.0,,27.782161691685328
21449,汚水,150.0,,43.09432369977664
21450,汚水,150.0,,40.63281621096429
21451,汚水,150.0,,30.73551195386588
21452,汚水,150.0,,30.1602809856453
21453,汚水,200.0,,25.59100351252529
21454,汚水,200.0,,4.877869719455305
21455,汚水,200.0,,27.31030025466873
21456,汚水,150.0,,89.8450640770759
21457,汚水,150.0,,91.24703919997924
21458,汚水,150.0,,78.41096714745358
21459,汚水,150.0,,84.88738509725836
21460,汚水,150.0,,72.58959410379903
21461,汚水,150.0,,5.808974029103137
21462,汚水,150.0,,5.725095649598007
21463,汚水,150.0,,36.65530775200909
21464,汚水,150.0,,7.6573291704822735
21465,汚水,150.0,,44.140695121147864
21466,汚水,150.0,,39.23377742505304
21467,汚水,150.0,,3.1847726855489507
21468,汚水,150.0,,2.807356407729239
21469,汚水,150.0,,1.9497548563812115
21470,汚水,150.0,,45.00547703230479
21471,汚水,150.0,,23.494020964978652
21472,汚水,150.0,,6.01827459232063
21473,汚水,150.0,,32.74149957532081
21474,汚水,150.0,,25.981507596752284
21475,汚水,150.0,,6.032931297732946
21476,汚水,150.0,,45.36644762814242
21477,汚水,150.0,,5.101672912142899
21478,汚水,150.0,,29.466049150548287
21479,汚水,150.0,,39.580477579672774
21480,汚水,150.0,,44.27138595966075
21481,汚水,150.0,,62.33023231787431
21482,汚水,150.0,,46.12868340841305
21483,汚水,150.0,,59.31251463731998
21484,汚水,150.0,,53.39860170766688
21485,汚水,150.0,,45.438472759416754
21486,汚水,150.0,,7.58036733938466
21487,汚水,150.0,,59.92234015274528
21488,汚水,150.0,,58.18801590084145
21489,汚水,150.0,,82.5859258892738
21490,汚水,150.0,,76.24471933847296
21491,汚水,150.0,,19.076191076847934
21492,汚水,150.0,,5.231730306496865
21493,汚水,150.0,,44.237514918962844
21494,汚水,150.0,,44.417959775106965
21495,汚水,150.0,,73.91121905099085
21496,汚水,150.0,,65.23675467948512
21497,汚水,150.0,,14.56941068997417
21498,汚水,150.0,,67.73600271932153
21499,汚水,150.0,,13.930900788188817
21500,汚水,150.0,,12.851317291797374
21501,汚水,150.0,,36.222140842947155
21502,汚水,200.0,,43.14409651775633
21503,汚水,200.0,,23.694233807119513
21504,汚水,150.0,,25.96477557578512
21505,汚水,150.0,,19.956149252798724
21506,汚水,150.0,,73.55476592086447
21507,汚水,150.0,,23.503348391416196
21508,汚水,150.0,,18.049231275258897
21509,汚水,150.0,,18.36157114459287
21510,汚水,150.0,,9.979908539335064
21511,汚水,150.0,,16.678804783726644
21512,汚水,150.0,,14.894719100392155
21513,汚水,150.0,,25.77854069748989
21514,汚水,250.0,,30.984386019412607
21515,汚水,250.0,,32.477605361236925
21516,汚水,150.0,,21.720921941780436
21517,汚水,150.0,,19.94340274401444
21518,汚水,150.0,,39.375402239346926
21519,汚水,150.0,,8.8075722534636
21520,汚水,150.0,,12.988600925424393
21521,汚水,150.0,,23.183647081643635
21522,汚水,150.0,,2.898797164343411
21523,汚水,150.0,,7.244904692265287
21524,汚水,150.0,,14.600775458880616
21525,汚水,150.0,,21.834527174693697
21526,汚水,150.0,,20.230418149457513
21527,汚水,150.0,,2.6086306752819945
21528,汚水,150.0,,17.64284027587116
21529,汚水,150.0,,5.7334560188027
21530,汚水,150.0,,55.617565087738654
21531,汚水,150.0,,6.990430388252085
21532,汚水,150.0,,26.04866663384375
21533,汚水,150.0,,4.260156804623346
21534,汚水,150.0,,28.286790690062716
21535,汚水,150.0,,5.729705053489464
21536,汚水,150.0,,10.295848143794432
21537,汚水,150.0,,7.751162815995503
21538,汚水,150.0,,16.936454472448474
21539,汚水,150.0,,26.43628566951175
21540,汚水,150.0,,65.6004396259162
21541,汚水,150.0,,43.32736505715363
21542,汚水,150.0,,9.214606231402477
21543,汚水,150.0,,15.800716850891686
21544,汚水,150.0,,24.01408253504265
21545,汚水,150.0,,4.978385380832687
21546,汚水,150.0,,8.250083212951754
21547,汚水,150.0,,18.48285976248688
21548,汚水,150.0,,30.85056243607421
21549,汚水,150.0,,61.29652633375764
21550,汚水,200.0,,13.775084210271064
21551,汚水,,,17.573814412356846
21552,汚水,200.0,,19.931033816689002
21553,汚水,200.0,,16.066651424618424
21554,汚水,200.0,,29.70827266941287
21555,汚水,150.0,,20.833748222535885
21556,汚水,150.0,,9.09145026934531
21557,汚水,150.0,,5.164325706227125
21558,汚水,150.0,,14.864406917198798
21559,汚水,150.0,,12.98454254163477
21560,汚水,150.0,,7.100957274205533
21561,汚水,150.0,,7.417936249162388
21562,汚水,150.0,,3.078830946968181
21563,汚水,150.0,,21.05278954835555
21564,汚水,150.0,,21.210753593408697
21565,汚水,150.0,,6.613412130609786
21566,汚水,150.0,,20.81689061598336
21567,汚水,150.0,,19.94986244395497
21568,汚水,150.0,,11.649450201623234
21569,汚水,150.0,,4.465420137008182
21570,汚水,150.0,,32.976250941152685
21571,汚水,150.0,,37.62747085734025
21572,汚水,150.0,,22.103894589037047
21573,汚水,150.0,,21.20664982971891
21574,汚水,150.0,,28.070386883983183
21575,汚水,200.0,,6.9314975293940995
21576,汚水,200.0,,63.31062537851751
21577,汚水,200.0,,46.122816318385304
21578,汚水,150.0,,15.512032523177064
21579,汚水,150.0,,6.393718949092361
21580,汚水,150.0,,4.055763923109412
21581,汚水,150.0,,24.744866873579696
21582,汚水,150.0,,16.807202079549672
21583,汚水,150.0,,25.722708449923907
21584,汚水,150.0,,21.964926696014423
21585,汚水,150.0,,6.518327699639514
21586,汚水,150.0,,2.2203152929222605
21587,汚水,150.0,,30.33375771315511
21588,汚水,150.0,,18.158249475100074
21589,汚水,150.0,,24.791070475785
21590,汚水,150.0,,15.025663446644298
21591,汚水,150.0,,29.98983712273798
21592,汚水,150.0,,22.427514036248574
21593,汚水,150.0,,16.136646651846014
21594,汚水,150.0,,7.403173508704443
21595,汚水,150.0,,25.30501865243851
21596,汚水,150.0,,4.302703917295158
21597,汚水,150.0,,17.59409176421315
21598,汚水,150.0,,30.19846396820416
21599,汚水,150.0,,4.845246123783856
21600,汚水,150.0,,14.13788709196547
21601,汚水,150.0,,26.600749644360338
21602,汚水,150.0,,16.139949473284926
3796,汚水,150.0,2002.0,32.69806615183555
3797,汚水,150.0,2002.0,5.251142616202099
3798,汚水,250.0,2002.0,6.921457174476576
3799,汚水,250.0,2002.0,37.99460753058202
3800,汚水,250.0,2002.0,71.97852799243618
3801,汚水,250.0,2002.0,9.901148656718954
3802,汚水,150.0,2002.0,16.309741163095897
3803,汚水,150.0,2002.0,2.948670082178941
3804,汚水,250.0,2002.0,12.182816967025675
3805,汚水,250.0,2002.0,25.820761226985752
3806,汚水,250.0,2002.0,23.040747628415186
3807,汚水,250.0,2002.0,9.810524493078224
3808,汚水,150.0,2002.0,21.60482680797198
3809,汚水,150.0,2002.0,15.793316752637741
3810,汚水,150.0,2002.0,25.42525686580779
3811,汚水,150.0,2002.0,20.47401884425969
3812,汚水,150.0,2002.0,30.738164060839473
3813,汚水,150.0,2002.0,22.600819869309827
3814,汚水,150.0,2002.0,7.701588933995515
3815,汚水,250.0,2002.0,35.7066606351002
3816,汚水,250.0,2002.0,14.349144122132357
3817,汚水,150.0,2002.0,43.14725064872332
3818,汚水,150.0,2002.0,33.26603357441494
3819,汚水,150.0,2002.0,5.240871072876937
3820,汚水,300.0,2002.0,54.12879004208662
3821,汚水,150.0,2002.0,6.19791840524899
3822,汚水,300.0,2002.0,48.88451145835095
3823,汚水,150.0,2002.0,18.701897572437034
3824,汚水,150.0,2002.0,3.230163283306195
3825,汚水,150.0,2002.0,10.588020395509316
3826,汚水,150.0,2002.0,3.712957953929785
3828,汚水,150.0,2002.0,41.9361287905241
3829,汚水,150.0,2004.0,23.23278533427202
3830,汚水,150.0,2004.0,27.714741465042646
3831,汚水,150.0,2004.0,7.9151399608720245
3832,汚水,150.0,2004.0,12.395000000000437
3833,汚水,150.0,2004.0,2.852993790031025
3834,汚水,150.0,2004.0,10.945669001361397
3835,汚水,150.0,2004.0,2.0813953211581717
3836,汚水,150.0,2004.0,54.81783263087295
3837,汚水,150.0,2004.0,6.658908251449696
3838,汚水,150.0,2004.0,9.467185958202338
3839,汚水,250.0,,25.39345587635669
3840,汚水,150.0,2004.0,26.815165933492
3841,汚水,150.0,2004.0,31.420802229240756
3842,汚水,150.0,2004.0,42.26244580492111
3843,汚水,150.0,2004.0,5.037165365130202
3844,汚水,150.0,2004.0,36.7193748444229
3845,汚水,150.0,2004.0,8.68693373665035
3846,汚水,150.0,2004.0,44.23656462806137
3847,汚水,150.0,2004.0,21.76149056520609
3848,汚水,150.0,2004.0,7.611493795618257
3849,汚水,150.0,2004.0,9.621227416405945
3850,汚水,150.0,2004.0,6.8417774952671255
3851,汚水,150.0,2004.0,21.267732062872817
3852,汚水,150.0,2004.0,32.51572738333342
3853,汚水,150.0,2004.0,33.15312235056298
3854,汚水,150.0,2004.0,43.90835780721772
3855,汚水,150.0,2004.0,7.320385725646532
3856,汚水,150.0,2004.0,30.49094467604264
3857,汚水,150.0,2004.0,7.709153289970898
3858,汚水,150.0,2004.0,30.497238937119306
3859,汚水,150.0,2004.0,24.51154263638943
3860,汚水,150.0,2004.0,2.5713904625399446
3861,汚水,150.0,2004.0,24.1144327255011
3862,汚水,150.0,2004.0,46.719204300271706
3863,汚水,150.0,2004.0,21.801694578717967
3864,汚水,150.0,2004.0,27.108518235943897
3865,汚水,150.0,2004.0,26.53530118701289
3866,汚水,150.0,2004.0,6.6915978808934735
3867,汚水,150.0,2004.0,48.0459400406455
3868,汚水,150.0,2005.0,20.775504525577375
3869,汚水,150.0,2005.0,4.8798394603412065
3870,汚水,150.0,2005.0,43.10129197573243
3871,汚水,150.0,2005.0,6.986285506472147
3872,汚水,150.0,2005.0,5.344374128003101
3873,汚水,150.0,2006.0,30.994775967568096
3874,汚水,150.0,2006.0,20.3139917213908
3875,汚水,150.0,2007.0,40.491875867390256
3876,汚水,150.0,2007.0,38.33316973180738
3877,汚水,150.0,2007.0,11.801301778079353
3878,汚水,150.0,2007.0,5.804212702052714
3879,汚水,150.0,2004.0,10.07490994481246
3880,汚水,150.0,2004.0,7.5642784670398715
3881,汚水,150.0,2004.0,29.875134406216795
3882,汚水,150.0,2004.0,24.486329977308316
3883,汚水,150.0,2004.0,8.549384788450828
3884,汚水,150.0,2004.0,7.682340495077539
3885,汚水,150.0,2005.0,3.2582971739225286
3886,汚水,150.0,2004.0,85.66792885504606
3887,汚水,150.0,2004.0,17.33819124496282
3888,汚水,150.0,2004.0,11.092904306810235
3889,汚水,150.0,2004.0,10.285492520196167
3890,汚水,150.0,2004.0,5.421747387792053
3891,汚水,150.0,2004.0,10.593327147185082
3892,汚水,150.0,2004.0,14.786867098813255
3893,汚水,150.0,2004.0,52.09273579869873
3894,汚水,150.0,2004.0,24.32975506096512
3895,汚水,150.0,2005.0,10.082499264900019
3896,汚水,150.0,2005.0,20.534396839813187
3897,汚水,150.0,2005.0,8.416909646389033
3898,汚水,150.0,2005.0,5.561529557476393
3899,汚水,150.0,2005.0,5.999871501555296
3900,汚水,150.0,2005.0,21.103172892739014
3901,汚水,150.0,2005.0,24.744419513165894
3902,汚水,150.0,2005.0,27.798533757583396
3903,汚水,150.0,2005.0,9.597658215328943
3904,汚水,150.0,2005.0,18.483371433599924
3905,汚水,150.0,2005.0,4.773681211435382
3906,汚水,150.0,2005.0,5.092655694923479
3907,汚水,150.0,2005.0,17.968119685842574
3908,汚水,150.0,2005.0,2.2602522172758883
3909,汚水,150.0,2005.0,6.999432055860371
3910,汚水,150.0,2005.0,15.239935801814376
3911,汚水,150.0,2005.0,10.940598731654585
3912,汚水,150.0,2005.0,25.778028980280205
3913,汚水,150.0,2005.0,17.11206560550636
3914,汚水,150.0,2005.0,37.25541430849618
3915,汚水,150.0,2005.0,5.819665578468358
3916,汚水,150.0,2005.0,35.321657673104056
3917,汚水,150.0,2005.0,4.672591417261416
3918,汚水,150.0,2005.0,14.943111559157478
3919,汚水,150.0,2005.0,12.748829127501633
3920,汚水,150.0,2005.0,32.20177432531224
3921,汚水,150.0,2005.0,12.690193650521234
3922,汚水,150.0,2005.0,25.691944651787498
3923,汚水,150.0,2005.0,2.225877230384822
3924,汚水,150.0,2005.0,13.57559881940431
3925,汚水,150.0,2005.0,8.511708902006475
3926,汚水,150.0,2005.0,14.957831160869365
3927,汚水,150.0,2005.0,11.119371934543118
3928,汚水,150.0,2005.0,5.778260921731896
3929,汚水,150.0,2005.0,38.0802844150319
3930,汚水,150.0,2005.0,23.33380209206191
3931,汚水,150.0,2005.0,8.267090293939109
3932,汚水,150.0,2005.0,14.378252098835507
3933,汚水,150.0,2005.0,12.229233973673681
3934,汚水,150.0,2005.0,7.315088875427371
3935,汚水,150.0,2005.0,4.727695834605958
3936,汚水,150.0,2005.0,36.22271881244621
3937,汚水,150.0,2005.0,13.763905280654683
3938,汚水,150.0,2005.0,5.346607441957782
3939,汚水,150.0,2005.0,7.987297512464014
3940,汚水,150.0,2005.0,15.62171776941334
3941,汚水,150.0,2005.0,61.81552163380585
3942,汚水,150.0,2005.0,16.4246810576052
3943,汚水,150.0,2005.0,26.368158642975395
3944,汚水,200.0,2005.0,20.35965744429787
3945,汚水,200.0,2005.0,11.877843678486617
3946,汚水,200.0,2005.0,22.688629392924494
3947,汚水,200.0,2005.0,36.68670696439441
3948,汚水,200.0,2005.0,7.459086871402024
3949,汚水,200.0,2005.0,2.6823875699604844
3950,汚水,200.0,2005.0,22.181342837245715
3951,汚水,200.0,2005.0,27.823706994529868
3952,汚水,200.0,2005.0,27.737865885326084
3953,汚水,150.0,2005.0,19.039382305930037
3954,汚水,150.0,2005.0,9.461225377256131
3955,汚水,150.0,2005.0,7.2473823179654815
3956,汚水,150.0,2005.0,5.595281156479409
3957,汚水,150.0,2005.0,16.887235485351383
3958,汚水,150.0,2005.0,13.250297012162353
3959,汚水,150.0,2005.0,26.668361419230894
3960,汚水,150.0,2005.0,20.731416510595935
3961,汚水,150.0,2005.0,3.9354078375378467
3962,汚水,150.0,2005.0,14.45111080533527
3963,汚水,150.0,2005.0,38.806019863218836
3964,汚水,150.0,2005.0,12.060570192957156
3965,汚水,150.0,2005.0,26.0428077297686
3966,汚水,150.0,2005.0,6.297866756526113
3967,汚水,150.0,2005.0,12.506944450653027
3968,汚水,150.0,2005.0,19.23301127144641
3969,汚水,150.0,2005.0,22.72222608656785
3970,汚水,150.0,2005.0,34.78756131895517
3971,汚水,150.0,2005.0,45.696561918739675
3972,汚水,150.0,2005.0,34.20349777367244
3973,汚水,150.0,2005.0,12.86723850097602
3974,汚水,150.0,2005.0,11.912710511003299
3975,汚水,150.0,2005.0,11.422520765781519
3976,汚水,150.0,2006.0,21.407766335913752
3977,汚水,150.0,2005.0,4.900250285936642
3978,汚水,150.0,2005.0,30.057214724815502
3979,汚水,150.0,2005.0,35.6576638629294
3980,汚水,150.0,2005.0,10.570507590043455
3981,汚水,150.0,2005.0,3.813435393004268
3982,汚水,150.0,2005.0,7.478010499991635
3983,汚水,150.0,2005.0,8.459434199988824
3984,汚水,150.0,2005.0,12.659293364401924
3985,汚水,150.0,2005.0,34.1753684326515
3986,汚水,150.0,2005.0,4.311427708162344
3987,汚水,150.0,2005.0,48.011169708484275
3988,汚水,150.0,2005.0,48.55954488888196
3989,汚水,150.0,2005.0,9.395407737854791
3990,汚水,150.0,2003.0,21.34625572248782
3991,汚水,150.0,2003.0,87.2671887234027
3992,汚水,150.0,2003.0,22.338316642728802
3993,汚水,150.0,2003.0,86.78299010377131
3994,汚水,150.0,2005.0,45.152241668582825
3995,汚水,150.0,2005.0,10.94977087929162
3996,汚水,150.0,2005.0,16.337959195897408
3997,汚水,150.0,2006.0,86.16646068290818
3998,汚水,150.0,2006.0,78.08567889790565
3999,汚水,150.0,2006.0,35.331827822229236
4000,汚水,150.0,2006.0,77.77121266895752
4001,汚水,150.0,2006.0,75.51698262855099
4002,汚水,150.0,2007.0,36.20057267194787
4003,汚水,150.0,2008.0,23.908180516744086
4004,汚水,200.0,2002.0,50.56761154042827
4005,汚水,200.0,2002.0,3.031005993430278
4006,汚水,200.0,2002.0,18.475738014570013
4007,汚水,200.0,2002.0,3.237799424588669
4008,汚水,200.0,2002.0,44.006662337871894
4009,汚水,150.0,2002.0,5.700381947287541
4010,汚水,200.0,2002.0,25.50623467806994
4011,汚水,200.0,2002.0,14.130017917826402
4012,汚水,200.0,2002.0,27.731135009891595
4013,汚水,250.0,1992.0,10.007507134755665
4014,汚水,200.0,2002.0,6.649344554700267
4015,汚水,200.0,2002.0,47.9596799508356
4016,汚水,150.0,2003.0,33.92832798191929
4017,汚水,150.0,2003.0,19.779117438469495
4018,汚水,150.0,2003.0,38.1285467184038
4019,汚水,150.0,2003.0,62.531321569473995
4020,汚水,150.0,2003.0,23.32949208336972
4021,汚水,150.0,2003.0,9.443581285369202
4022,汚水,150.0,2003.0,17.810729711938887
4023,汚水,150.0,2003.0,70.12410840309221
4024,汚水,150.0,2003.0,3.953056918985197
4025,汚水,150.0,2003.0,28.775629926588913
4026,汚水,150.0,2003.0,30.14515001002453
4027,汚水,150.0,2003.0,54.43035567179228
4028,汚水,150.0,2003.0,4.0787366947333625
4029,汚水,250.0,1992.0,41.65451801817362
4030,汚水,150.0,2003.0,32.96782022678775
4031,汚水,150.0,2003.0,69.96070256020225
4032,汚水,150.0,2003.0,54.81830280362262
4033,汚水,150.0,2003.0,80.23709291310152
4034,汚水,150.0,2003.0,48.896033502112196
4035,汚水,150.0,2003.0,26.179031509745435
4036,汚水,150.0,2003.0,9.48556352363135
4037,汚水,150.0,2003.0,26.35619683006667
4038,汚水,150.0,2003.0,3.9682982558050424
4039,汚水,150.0,2003.0,26.98574918736759
4040,汚水,150.0,2003.0,33.331110067735366
4041,汚水,150.0,2003.0,10.339358075778819
4042,汚水,150.0,2003.0,19.465418577051285
4043,汚水,150.0,2003.0,27.35604391348912
4044,汚水,150.0,2003.0,12.672765687709806
4045,汚水,150.0,2003.0,20.50423219201853
4046,汚水,150.0,2003.0,75.0135570705901
4047,汚水,150.0,2003.0,3.6951986487333532
4048,汚水,150.0,2003.0,4.186760040462101
4049,汚水,150.0,2003.0,11.902225681923937
4050,汚水,150.0,2003.0,25.060347505590364
4051,汚水,150.0,2003.0,19.132757735875
4052,汚水,150.0,2003.0,36.55360168908265
4053,汚水,150.0,2003.0,3.622789840211023
4054,汚水,150.0,2003.0,16.018466221396398
4055,汚水,150.0,2003.0,24.97383541369272
4056,汚水,150.0,2003.0,48.13458293039248
4057,汚水,150.0,2003.0,31.705828701782504
4058,汚水,150.0,2003.0,29.60713789213109
4059,汚水,150.0,2003.0,8.251349801007322
4060,汚水,150.0,2003.0,41.359538156623884
4061,汚水,150.0,2003.0,4.95795283855357
4062,汚水,150.0,2003.0,11.546272088956377
4063,汚水,150.0,2003.0,68.93902187642024
4064,汚水,150.0,2003.0,2.854149947211889
4065,汚水,150.0,2003.0,14.013476145904393
4066,汚水,150.0,2003.0,5.506325092607944
4067,汚水,150.0,2003.0,17.39556214695957
4068,汚水,150.0,2003.0,3.634866487961637
4069,汚水,150.0,2003.0,17.764218949552184
4070,汚水,150.0,2003.0,34.28286801946113
4071,汚水,150.0,2003.0,4.591948047904438
4072,汚水,150.0,2003.0,15.892039682605125
4073,汚水,150.0,2003.0,6.305748199288701
4074,汚水,150.0,2003.0,10.364401069295882
4075,汚水,150.0,2003.0,12.417780367115277
4076,汚水,150.0,2003.0,17.260695001227184
4077,汚水,150.0,2003.0,4.971493304483703
4078,汚水,150.0,2003.0,42.51182159232162
4079,汚水,150.0,2003.0,7.343138319060706
4080,汚水,150.0,2005.0,50.44591352508901
4081,汚水,150.0,2005.0,4.732772557363185
4082,汚水,150.0,2005.0,28.793989840147653
4083,汚水,150.0,2005.0,9.964565582820644
4084,汚水,150.0,2005.0,20.353388936449186
4085,汚水,150.0,2005.0,22.490155086253523
4086,汚水,150.0,2005.0,5.386209866490218
4087,汚水,150.0,2005.0,8.720062574994909
4088,汚水,150.0,2005.0,26.229414247745066
4089,汚水,150.0,2005.0,8.215595156607966
4090,汚水,150.0,2005.0,51.21676055122988
4091,汚水,150.0,2005.0,26.558970979646976
4092,汚水,150.0,2005.0,31.03316863844622
4093,汚水,150.0,2005.0,21.837388838421425
4094,汚水,150.0,2005.0,6.299153992285241
4095,汚水,150.0,2005.0,54.74173051335087
4096,汚水,150.0,2005.0,15.232431479327118
4097,汚水,150.0,2005.0,32.10961738356553
4098,汚水,150.0,2005.0,77.17332020659927
4099,汚水,150.0,2005.0,38.6280308668143
4100,汚水,150.0,2005.0,24.515948542779096
4101,汚水,150.0,2005.0,39.09056911644592
4102,汚水,150.0,2005.0,27.39558154311665
4103,汚水,150.0,2005.0,26.55915784920279
4104,汚水,150.0,2005.0,29.083395960396068
4105,汚水,150.0,2005.0,19.057309932313004
4106,汚水,150.0,2005.0,16.859895399574803
4107,汚水,150.0,2005.0,30.165956555248492
4108,汚水,150.0,2005.0,9.412220682759806
4109,汚水,150.0,2005.0,55.21177533476415
4110,汚水,150.0,2005.0,57.73272606560095
4111,汚水,150.0,2005.0,7.386640647422655
4112,汚水,150.0,2005.0,25.533333937939332
4113,汚水,150.0,2005.0,26.87736727744969
4114,汚水,150.0,2005.0,37.864400596857166
4115,汚水,150.0,2005.0,19.63759841103883
4116,汚水,150.0,2005.0,54.704767283922266
4117,汚水,150.0,2005.0,56.09311710841534
21603,汚水,150.0,,5.956615314078006
21604,汚水,150.0,,18.15950715189753
21605,汚水,150.0,,22.566543494672867
21606,汚水,150.0,,10.788142472175693
21607,雨水,,,6.681102431053979
21608,汚水,150.0,2019.0,13.060408345662996
21609,汚水,150.0,,7.817759333723558
21610,汚水,150.0,,3.312958345643062
21611,汚水,150.0,,25.171551186635206
21612,汚水,150.0,,35.736084881662265
21613,汚水,150.0,,71.90572346252766
21614,汚水,150.0,,72.0974528537538
21615,汚水,150.0,,9.399175495750132
21616,汚水,150.0,,71.51909647078215
21617,汚水,150.0,,40.05426731323254
21618,汚水,150.0,,29.014410723043085
21619,汚水,150.0,,24.55346718518799
21620,汚水,150.0,,29.762359643843695
21621,汚水,150.0,,14.588210616797465
21622,汚水,150.0,,70.62524687099199
21623,汚水,150.0,,41.507406842959924
21624,汚水,150.0,,11.469634830320954
21625,汚水,150.0,,9.312907737871637
21626,汚水,150.0,,54.24535966592942
21627,汚水,150.0,,18.399765518036663
21628,汚水,150.0,,19.331964256122287
21629,汚水,150.0,,12.934500415554721
21630,汚水,150.0,,2.4912295379840064
21631,汚水,150.0,,25.803292631599323
21632,汚水,150.0,,18.085189770204398
21633,汚水,150.0,,31.85308149575884
21634,汚水,150.0,,32.538305502899675
21635,汚水,150.0,,19.66154489544009
21636,汚水,150.0,,21.2158241970056
21637,汚水,150.0,,32.77600494970268
21638,雨水,350.0,,34.847478514245054
21639,雨水,400.0,,27.531833432085392
21640,雨水,400.0,,3.4229532657408326
21641,雨水,400.0,,12.637327644722854
21642,汚水,150.0,,36.23879116361496
21643,汚水,150.0,,21.064896824205256
21644,汚水,150.0,,6.888891420242418
21645,汚水,200.0,,5.515732136354274
21645,汚水,200.0,,5.350461755770179
21646,汚水,200.0,,15.404609247033891
21647,汚水,150.0,,14.104920169925405
21648,汚水,150.0,,50.72015893996008
21649,汚水,150.0,,16.899418109684216
21650,汚水,150.0,,7.8504739347393
21651,汚水,200.0,,20.771169285654214
21651,汚水,200.0,,25.36708265915776
21652,汚水,200.0,,5.315332493505666
21653,汚水,200.0,,13.89248201732308
21654,汚水,200.0,,10.064720821900401
21655,汚水,200.0,,37.560803252427526
21656,汚水,150.0,,60.91481369345368
21657,汚水,150.0,,31.10549192484701
21658,汚水,150.0,,48.44049874008995
21659,汚水,150.0,,10.966908634612793
21660,汚水,150.0,,33.43181486249424
21661,汚水,150.0,2006.0,18.964117933615206
21662,汚水,200.0,,14.3830612179815
21663,汚水,150.0,,20.21730738095043
21664,汚水,150.0,,25.71631359664468
21665,汚水,150.0,,6.290873575281769
21666,汚水,150.0,2015.0,89.78907965336364
21667,汚水,150.0,2015.0,21.923067993911094
21668,雨水,600.0,2015.0,68.88240390320814
21669,汚水,150.0,2015.0,30.160833958014052
21670,雨水,,2015.0,16.753223277815124
21671,雨水,,2015.0,19.377823123376267
21672,雨水,,2015.0,8.606391345962786
21673,雨水,,2015.0,9.181231725642931
21674,雨水,,2015.0,6.381106643839314
21675,雨水,,2015.0,5.462124312025145
21676,雨水,,2015.0,16.475603843256085
21677,雨水,,2015.0,8.34341374978227
21678,雨水,,2015.0,9.351054325581348
21679,雨水,,2015.0,24.609812697370998
21680,雨水,,2015.0,11.677970124663588
21681,雨水,,2015.0,13.772452607451513
21682,雨水,,2015.0,4.1039723439579054
21683,雨水,,2015.0,8.590996757528256
21684,汚水,150.0,2015.0,26.032836332146832
21685,雨水,500.0,2015.0,37.03357192426175
21686,汚水,150.0,2015.0,7.393671535947831
21687,汚水,,2015.0,10.748935834009057
21688,汚水,150.0,2015.0,39.59294591090149
21689,汚水,150.0,2015.0,15.002407852554978
21690,汚水,150.0,2015.0,26.827798607160034
21691,汚水,150.0,2015.0,26.636217208423602
21692,汚水,150.0,2015.0,30.696254670795184
21693,汚水,150.0,2015.0,21.805121494463748
21694,汚水,150.0,2015.0,21.36887176685739
21695,汚水,150.0,2015.0,18.320715187999337
21696,汚水,150.0,2015.0,9.797228026333729
21697,汚水,150.0,2015.0,16.481901103935833
21698,汚水,150.0,2015.0,50.84060490197437
21699,汚水,150.0,2015.0,10.8072244355334
21700,汚水,150.0,2015.0,27.397526241382465
21701,汚水,200.0,2015.0,2.7189683705384016
21702,汚水,200.0,2015.0,7.85976522775475
21703,汚水,150.0,2015.0,14.885501842295964
21704,汚水,150.0,2015.0,3.447789146686957
21705,汚水,150.0,2015.0,4.409781173708817
21706,汚水,150.0,2015.0,26.12531233035265
21707,汚水,150.0,2015.0,26.71795746582048
21708,汚水,150.0,2015.0,5.994803250091934
21709,汚水,150.0,2015.0,12.248597021700439
21710,汚水,150.0,2015.0,34.93098182306913
21711,汚水,150.0,2015.0,38.875501321471575
21712,雨水,400.0,2015.0,36.67615855263479
21713,雨水,400.0,2015.0,79.74406589091492
21714,雨水,500.0,2015.0,5.2583173163998955
21715,汚水,150.0,2015.0,21.779664001088666
21716,汚水,150.0,2015.0,63.29959764157194
21717,汚水,150.0,2015.0,29.537922527655414
21718,汚水,150.0,2015.0,22.082435214436476
21719,汚水,150.0,2015.0,21.320108723790906
21720,汚水,150.0,2015.0,4.417919575411677
21721,汚水,150.0,2015.0,2.867776316239783
21722,汚水,150.0,2015.0,27.698196421483004
21723,汚水,150.0,2015.0,15.974728607672994
21724,汚水,150.0,2015.0,22.338306133935507
21725,汚水,150.0,2015.0,24.235825716641806
21726,汚水,150.0,2015.0,28.255567377753735
21727,汚水,150.0,2015.0,59.1991540529355
21728,汚水,150.0,2015.0,47.276216889916846
21729,汚水,150.0,2015.0,57.93063557289982
21730,汚水,150.0,2015.0,5.34370105824791
21731,汚水,150.0,2015.0,41.16445614090787
21732,汚水,150.0,2015.0,9.654823151781752
21733,汚水,150.0,2015.0,52.98797663252452
21734,汚水,150.0,2015.0,50.20020965623628
21735,汚水,150.0,2015.0,41.17788985988218
21736,汚水,150.0,2015.0,9.741953724474943
21737,汚水,150.0,2015.0,97.83366939171943
21738,汚水,150.0,2015.0,6.684006732499263
21739,汚水,150.0,2015.0,24.268160477397906
21740,汚水,150.0,2015.0,22.71100816858356
21741,汚水,150.0,2015.0,47.186173812626436
21742,汚水,150.0,2015.0,17.65711349737845
21743,汚水,150.0,2015.0,44.26548378230899
21744,汚水,150.0,2015.0,5.227817789560947
21745,汚水,150.0,2015.0,29.91117490491423
21746,汚水,150.0,2015.0,81.57860052319649
21747,汚水,150.0,2015.0,89.61674348633152
21748,汚水,150.0,2015.0,52.41045506015234
21749,汚水,150.0,2015.0,27.697396239128587
21750,汚水,150.0,2015.0,25.19444888770662
21751,汚水,150.0,2015.0,23.80480306774666
21752,汚水,150.0,2015.0,33.67761908432506
21753,汚水,150.0,2015.0,76.28697922885746
21754,汚水,150.0,2015.0,75.11247637818717
21755,汚水,150.0,2015.0,73.3799491416487
21756,汚水,150.0,2015.0,44.82340533694049
21757,汚水,150.0,2015.0,7.581215799587179
21758,汚水,150.0,2015.0,33.543289455013785
21759,汚水,150.0,2015.0,4.909967922502164
21760,汚水,150.0,2015.0,27.314639884143553
21761,汚水,150.0,2015.0,54.08020740311652
21762,汚水,150.0,2015.0,18.28023536500424
21763,汚水,150.0,2015.0,6.2341705522143895
21764,汚水,150.0,2015.0,33.418425223808036
21765,汚水,200.0,2015.0,52.299860718808944
21766,汚水,150.0,2015.0,48.231867484056664
21767,汚水,200.0,2015.0,65.23758846707726
21768,汚水,200.0,2015.0,54.726467433351615
21769,汚水,200.0,2015.0,26.950330352427358
21770,汚水,200.0,2015.0,30.40045534586997
21771,汚水,150.0,2015.0,53.7194418566498
21772,汚水,150.0,2015.0,36.47690125360947
21773,汚水,150.0,2015.0,53.33838147780618
21774,汚水,150.0,2015.0,24.274238755375748
21775,汚水,150.0,2015.0,10.708704917024948
21776,汚水,150.0,2015.0,16.8553590395876
21777,汚水,150.0,2015.0,13.852478334219823
21778,汚水,150.0,2015.0,22.14970270852534
21779,汚水,150.0,2015.0,10.503275679958733
21780,汚水,150.0,2015.0,10.33963040925813
21781,汚水,150.0,2015.0,10.313192912157266
21782,汚水,150.0,2015.0,10.762480879709273
21783,汚水,150.0,2015.0,12.705269960692457
21784,汚水,250.0,2015.0,12.29357116545157
21785,汚水,250.0,2015.0,17.63181487657042
21786,汚水,150.0,2015.0,17.61410061440262
21787,汚水,150.0,2015.0,11.44627756103718
21788,汚水,150.0,2015.0,19.607285327095333
21789,汚水,150.0,2015.0,12.22954319972025
21790,汚水,150.0,2015.0,4.226068149000259
21791,汚水,150.0,2015.0,12.837130916415092
21792,汚水,150.0,2015.0,12.850143440228306
21793,汚水,150.0,2015.0,30.94956962386811
21794,汚水,150.0,2015.0,14.775998306395792
21795,汚水,150.0,2015.0,35.80268968945282
21796,汚水,150.0,2015.0,17.956662551827655
21797,汚水,150.0,2015.0,7.969977218382828
21798,汚水,150.0,2015.0,19.936623904571793
21799,汚水,150.0,2015.0,11.176585528233412
21800,汚水,150.0,2015.0,11.2980369976401
21801,汚水,150.0,2015.0,11.384953254558342
21802,汚水,150.0,2015.0,16.639476253771196
21803,汚水,150.0,2015.0,6.653008492404306
21804,汚水,150.0,2015.0,14.9608066533082
21805,汚水,150.0,2015.0,5.322487858129094
21806,汚水,150.0,2015.0,74.40891836858913
21807,汚水,150.0,2015.0,7.144536444608704
21808,汚水,150.0,2015.0,72.19876872897177
21809,汚水,150.0,2015.0,5.086039282147102
21810,汚水,150.0,2015.0,39.30719994540699
21811,汚水,150.0,2015.0,4.493213771898295
21812,汚水,150.0,2015.0,45.316578282586086
21813,汚水,150.0,2015.0,99.48838712470508
21814,汚水,150.0,2015.0,3.2407978023202713
21815,汚水,150.0,2015.0,38.23180511433288
21816,汚水,150.0,2015.0,24.346464374303
21817,汚水,150.0,2015.0,94.54556464424321
21818,汚水,150.0,2015.0,94.3431595032461
21819,汚水,150.0,2015.0,55.13824144834158
21820,汚水,150.0,2015.0,5.5683959090561315
21821,汚水,150.0,2015.0,41.89610632266762
21822,汚水,150.0,2015.0,41.82114724828908
21823,汚水,150.0,2015.0,58.66618202641109
21824,汚水,150.0,2015.0,98.89557974409183
21825,汚水,150.0,2015.0,12.00562304323295
21826,汚水,150.0,2015.0,6.588869550817953
21827,汚水,150.0,2015.0,36.81972547644505
21828,汚水,150.0,2015.0,3.553896051317102
21829,汚水,150.0,2015.0,4.228206475562764
21830,汚水,150.0,2015.0,12.555319072009489
21831,汚水,200.0,2015.0,7.531242659748223
21832,汚水,200.0,2015.0,6.149155551779564
21833,汚水,200.0,2015.0,56.21768364323799
21835,汚水,150.0,2015.0,36.12424252646175
21836,汚水,200.0,2015.0,27.67883931815005
21837,汚水,150.0,2015.0,17.936546848259894
21838,汚水,150.0,2015.0,9.826714710424925
21839,汚水,150.0,2015.0,9.645137699653766
21840,汚水,150.0,2015.0,23.491835730737673
21841,汚水,150.0,2015.0,17.77238087595367
21842,汚水,150.0,2015.0,20.20001034653382
21843,汚水,150.0,2015.0,6.490177501429979
21844,汚水,150.0,2015.0,33.76694084508749
21845,汚水,150.0,2015.0,31.436471197445556
21846,汚水,150.0,2015.0,6.624885282027862
21847,汚水,150.0,2015.0,19.36888032385722
21848,汚水,150.0,2015.0,25.059659395135764
21849,汚水,150.0,2015.0,39.211412229094464
21850,汚水,150.0,2015.0,12.64867779651874
21851,汚水,150.0,2015.0,8.887264821083535
21852,汚水,150.0,2015.0,11.788051767504918
21853,汚水,150.0,2015.0,25.003616378430944
21854,汚水,150.0,2015.0,28.51683941112988
21855,汚水,150.0,2015.0,34.824984391387666
21856,汚水,150.0,2015.0,33.88671778265616
21857,汚水,150.0,2015.0,25.892735887016297
21858,汚水,150.0,2015.0,12.236004086302813
21859,汚水,150.0,2015.0,41.02355423990985
21860,汚水,150.0,2015.0,8.743322080301006
21861,汚水,150.0,2015.0,14.70036366897068
21862,汚水,150.0,2015.0,18.33550449265004
21863,汚水,150.0,2015.0,30.443294466923955
21864,汚水,150.0,2015.0,7.2815657656867465
21865,汚水,150.0,2015.0,16.278795775521722
21866,汚水,150.0,2015.0,3.866804572944644
21867,汚水,150.0,2015.0,17.01080056542327
21868,汚水,150.0,2015.0,3.3907770495828418
21869,汚水,150.0,2015.0,24.64781465295046
21870,汚水,150.0,2015.0,12.302438592529564
21871,汚水,150.0,2015.0,9.28333948534167
21872,汚水,150.0,2015.0,13.816668339358285
21873,汚水,150.0,2015.0,14.895558062724497
21874,汚水,150.0,2015.0,21.069352519315355
21875,汚水,150.0,2015.0,4.189654401015481
21876,汚水,150.0,2015.0,36.83396694628665
21877,汚水,150.0,2015.0,65.71780320649616
21878,汚水,150.0,2015.0,21.623458606234543
21879,汚水,150.0,2015.0,13.535334517438464
21880,汚水,150.0,2015.0,5.888720634830584
21881,汚水,150.0,2015.0,26.920838950256943
21882,汚水,150.0,2015.0,15.749773966635814
21883,汚水,150.0,2015.0,49.380316769631435
21884,汚水,150.0,2015.0,20.808319106026108
21885,汚水,150.0,2015.0,5.1391443840365865
21886,汚水,150.0,2015.0,13.082986853710944
21887,汚水,150.0,2015.0,6.94948782285296
21888,汚水,150.0,2015.0,8.548843664497833
21889,汚水,150.0,2015.0,4.846877861055732
21890,汚水,150.0,2015.0,3.292925295234436
21891,汚水,150.0,2015.0,22.996167506793675
21892,汚水,150.0,2015.0,29.649309283693785
21893,汚水,150.0,2015.0,19.75650805948975
21894,汚水,150.0,2015.0,16.462096498376425
21895,汚水,150.0,2015.0,23.931361958976954
21896,汚水,150.0,2015.0,13.7732414848456
21897,汚水,150.0,2015.0,15.788805686314715
21898,汚水,150.0,2015.0,9.048403173892298
21899,汚水,150.0,2015.0,10.946896490265669
21900,汚水,150.0,2015.0,1.901968716879517
21901,汚水,150.0,2015.0,12.794239680416032
21902,汚水,150.0,2015.0,33.386167004120125
21903,汚水,150.0,2015.0,11.686394696398356
21904,汚水,150.0,2015.0,41.94980886496726
21905,汚水,150.0,2015.0,10.259669634055948
21906,汚水,150.0,2015.0,5.3594663913471186
21907,汚水,150.0,2015.0,41.19841010352689
21908,汚水,150.0,2015.0,4.635085004611193
21909,汚水,150.0,2015.0,17.505747284819538
21910,汚水,150.0,2015.0,42.62898583146459
21911,汚水,150.0,2015.0,6.9861220287061085
21912,汚水,150.0,2015.0,29.489751338383744
21913,汚水,150.0,2015.0,40.57499235983443
21914,汚水,150.0,2015.0,65.43467781126802
21915,汚水,150.0,2015.0,59.989471384576945
21916,汚水,150.0,2015.0,21.30866814233452
21917,汚水,150.0,2015.0,87.31661103103627
21918,汚水,150.0,2015.0,4.387232612930784
21919,汚水,150.0,2015.0,9.9447556530979
21920,汚水,150.0,2015.0,30.267357631612782
21921,汚水,150.0,2015.0,31.17107834294623
21922,汚水,150.0,2015.0,7.120847140614436
21923,汚水,150.0,2015.0,12.245092608879842
21924,汚水,150.0,2015.0,22.018383074578523
11536,汚水,200.0,1994.0,25.021795553173135
11537,汚水,200.0,1994.0,34.92333348584169
11538,汚水,200.0,1994.0,47.51220187568494
11539,汚水,200.0,1994.0,45.11257029205234
11540,汚水,200.0,1994.0,60.302857785049994
11541,汚水,200.0,1994.0,26.401673465604507
11542,汚水,200.0,1994.0,31.02837043234891
11543,汚水,200.0,1994.0,22.940007623899177
11544,汚水,200.0,1994.0,2.087357238858284
11545,汚水,250.0,1995.0,52.673314909287676
11546,汚水,250.0,1995.0,24.832005859545152
11547,汚水,250.0,1995.0,43.45662900238967
11548,汚水,250.0,1995.0,30.97726947049268
11549,汚水,200.0,1995.0,22.475835522117574
11550,汚水,200.0,1995.0,40.01484776001356
11551,汚水,250.0,1995.0,42.46687272381385
11552,汚水,250.0,1995.0,7.284658889044069
11553,汚水,250.0,1995.0,19.483724352898577
11554,汚水,200.0,1995.0,42.190984124147086
11556,汚水,250.0,1995.0,4.315235066016564
11558,汚水,200.0,1994.0,4.8578991122844615
11559,汚水,200.0,1994.0,25.583133632535127
11560,汚水,200.0,1994.0,55.222007683498965
11561,汚水,200.0,1994.0,21.318645358548718
11562,汚水,200.0,1994.0,36.49699331226467
11563,汚水,200.0,1994.0,26.958270212515576
11564,汚水,200.0,1994.0,19.30632027659661
11565,汚水,200.0,1994.0,20.901031110571136
11566,汚水,200.0,1994.0,13.522262476010694
11567,汚水,200.0,1994.0,40.36194516167112
11568,汚水,200.0,1994.0,29.743114041616675
11569,汚水,200.0,1994.0,61.11595982257109
11570,汚水,200.0,1994.0,3.6645107819972074
11571,汚水,200.0,1994.0,44.14790750058131
11572,汚水,250.0,1994.0,50.948153399699514
11573,汚水,200.0,1994.0,40.51395800802804
11574,汚水,200.0,1994.0,41.67057649860314
11575,汚水,200.0,1994.0,14.978722728732409
11576,汚水,200.0,1994.0,22.286621492297463
11577,汚水,200.0,1994.0,49.46125764671642
11578,汚水,200.0,1994.0,35.484212468155164
11579,汚水,200.0,1994.0,34.38823609873987
11580,汚水,200.0,1994.0,24.098444483434086
11581,汚水,200.0,1994.0,20.2297522443187
11582,汚水,200.0,1994.0,16.330904260709758
11583,汚水,200.0,1994.0,13.0514717326821
11584,汚水,200.0,1994.0,6.868515563260058
11586,汚水,200.0,1994.0,13.954415425745996
11587,汚水,200.0,1994.0,36.385796326248894
11588,汚水,200.0,1994.0,48.81516682101242
11589,汚水,200.0,1994.0,46.87976803126523
11590,汚水,200.0,1994.0,46.532076388004285
11591,汚水,200.0,1995.0,52.58215901962357
11593,汚水,200.0,1994.0,25.970683165245784
11594,汚水,200.0,1994.0,48.66661467442422
11595,汚水,200.0,1994.0,26.471129060238052
11596,汚水,200.0,1994.0,18.985695413870456
11597,汚水,200.0,1994.0,20.843465575230432
11598,汚水,200.0,1994.0,7.38698110315975
11599,汚水,250.0,1994.0,51.289784541159825
11600,汚水,200.0,1994.0,31.580844981949422
11601,汚水,200.0,1994.0,23.321894728439112
11602,汚水,200.0,1994.0,23.483311575146804
11603,汚水,200.0,1994.0,11.81131119389823
11604,汚水,200.0,1994.0,7.825790464437064
11605,汚水,200.0,1994.0,1.5997475740741627
11606,汚水,200.0,1994.0,7.438658188139482
11607,汚水,200.0,1994.0,42.499667565157296
11608,汚水,200.0,1994.0,14.952057922131818
11609,汚水,200.0,1994.0,22.45374589122971
11610,汚水,200.0,1994.0,2.015254326383204
11611,汚水,200.0,1994.0,9.177661546673605
11612,汚水,200.0,1994.0,15.674630483597802
11613,汚水,200.0,1994.0,5.691544124020586
11614,汚水,200.0,1994.0,26.021805607117145
11615,汚水,200.0,1994.0,55.82725669384602
11616,汚水,200.0,1994.0,16.73014660382806
11617,汚水,200.0,1994.0,32.04138665060482
11618,汚水,200.0,1994.0,36.278070260927464
11619,汚水,200.0,1994.0,12.23538730662754
11620,汚水,200.0,1994.0,4.211220977447064
11621,汚水,200.0,1994.0,18.00760805996647
11622,汚水,200.0,1994.0,29.57674353315557
11623,雨水,1000.0,,38.25428629831332
11624,雨水,1000.0,,78.54053499595156
11625,雨水,1000.0,,73.84653321081626
11626,雨水,1000.0,,44.858026898464665
11627,雨水,1000.0,,111.45996950571627
11629,雨水,300.0,,16.612938745575363
11630,雨水,600.0,,5.413293585113553
11631,雨水,400.0,,31.400335998007353
11632,雨水,500.0,,48.06857785655173
11633,雨水,500.0,,33.98717893504945
11634,雨水,700.0,,56.556523543587815
11635,雨水,700.0,,13.370011219413849
11636,雨水,700.0,,47.37830433643144
11637,雨水,700.0,,19.3013373808978
11638,雨水,700.0,,13.735810361948669
11639,雨水,700.0,,39.73783027560636
11640,雨水,700.0,,37.718185840081325
11641,雨水,700.0,,21.390971433893746
11642,雨水,700.0,,21.404419907417516
11643,雨水,800.0,,14.07374806435699
11644,雨水,800.0,,30.100588071973164
11645,雨水,800.0,,54.37646666124717
11646,雨水,400.0,,35.01459541792546
11647,雨水,400.0,,36.04168766028275
11648,雨水,400.0,,10.95887406364176
11649,雨水,400.0,,5.528403504104185
11650,雨水,400.0,,8.31851186887364
11651,雨水,400.0,,7.843975272899774
11652,雨水,400.0,,8.175542888572094
11653,雨水,400.0,,7.983237661779059
11654,雨水,450.0,,8.031090238349256
11655,雨水,450.0,,13.79170762724679
11656,雨水,450.0,,20.073323694124078
11657,雨水,450.0,,19.88269720256937
11658,雨水,450.0,,20.26336573985939
11659,雨水,450.0,,7.406600326150653
11660,雨水,400.0,,13.363462014540948
11661,雨水,400.0,,7.984668563153293
11662,雨水,400.0,,8.159476463865452
11663,雨水,400.0,,7.971583927150595
11664,雨水,400.0,,8.059909463834408
11665,雨水,400.0,,8.208886964025359
11666,雨水,400.0,,8.083210226646415
11667,雨水,400.0,,15.149019076696423
11668,雨水,400.0,,19.231487473039202
11669,雨水,400.0,,20.399073899181076
11670,雨水,400.0,,10.341039126874676
11671,雨水,400.0,,13.05910184637526
11672,雨水,400.0,,23.21969773929827
11673,雨水,300.0,,31.967992980232296
11674,雨水,350.0,,28.57888836939935
11675,雨水,350.0,,27.920366378585282
11676,雨水,400.0,,22.88052143022381
11677,雨水,400.0,,22.152091330631155
11678,雨水,400.0,,14.610846793437142
11679,雨水,250.0,,34.355181932231666
11680,雨水,250.0,,32.13515655086747
11681,雨水,300.0,,9.228877533564498
11682,雨水,300.0,,20.52726667744555
11683,雨水,300.0,,20.431825174075087
11684,雨水,300.0,,20.686711789180684
11685,雨水,300.0,,20.605223479165574
11686,雨水,300.0,,5.49720127141126
11687,雨水,600.0,,11.947249367306522
11688,雨水,600.0,,26.309755046321058
11689,雨水,600.0,,26.415062575865758
11690,雨水,,,8.554912347085423
11691,雨水,300.0,,13.79074195097669
11692,雨水,300.0,,11.205514193257185
11693,雨水,300.0,,48.00898101180759
11694,雨水,300.0,,23.259642892690756
11696,雨水,300.0,,19.506944371944478
11697,雨水,300.0,,36.33790832118548
11699,雨水,400.0,,19.51119228165558
11700,雨水,400.0,,23.059131688826227
11702,雨水,300.0,,9.940419759801292
11703,雨水,300.0,,20.309372270596302
11704,雨水,300.0,,21.27161807419815
11705,雨水,300.0,,24.751970639071253
11706,雨水,300.0,,16.607686332498986
11707,雨水,300.0,,15.664356003433113
11708,雨水,300.0,,7.949481744776591
11709,雨水,300.0,,3.9772738439289275
11710,雨水,900.0,,7.69015487568757
11712,雨水,300.0,,25.83318185712747
11713,雨水,300.0,,18.479630799963793
11714,雨水,300.0,,13.12472195386077
11716,雨水,,,13.953033361965057
11717,雨水,1200.0,,29.538715763276628
11718,雨水,1200.0,,19.756235158174754
11719,雨水,1200.0,,25.874175899364
11720,雨水,1200.0,,92.58567602167562
11721,雨水,1200.0,,93.44554680550172
11722,雨水,1200.0,,62.615056492096
11723,雨水,800.0,,37.79267811732693
11724,雨水,1200.0,,120.72625340211202
11725,雨水,1500.0,1994.0,51.74450582323662
11726,雨水,800.0,1994.0,54.867363127987204
11728,雨水,300.0,1994.0,3.961178046481409
11729,雨水,300.0,1994.0,31.16133913291436
11730,雨水,1200.0,,54.05597450786161
11731,雨水,,,10.721700717150597
11732,雨水,2000.0,,86.0611496772792
11733,汚水,200.0,1994.0,4.49138078807865
11734,汚水,200.0,1994.0,6.80122103419231
11735,汚水,200.0,1994.0,37.67250276838928
11736,汚水,200.0,1994.0,2.7203041846033145
11737,汚水,200.0,1994.0,25.034068577508183
11738,汚水,200.0,1994.0,20.32570924192864
11739,汚水,200.0,1994.0,4.91189572135424
11740,汚水,200.0,1994.0,23.00688244507389
11741,汚水,200.0,1994.0,67.31699949776173
11742,汚水,200.0,1994.0,41.31847614762884
11743,汚水,200.0,1994.0,4.435651992668458
11744,汚水,200.0,1994.0,43.55778192238984
11745,汚水,200.0,1994.0,15.928206570789062
11746,汚水,200.0,1994.0,35.634513162313965
11747,汚水,200.0,1994.0,30.294804568126903
11748,汚水,200.0,1994.0,16.37555802459316
11749,汚水,200.0,1994.0,14.599723326946215
11750,汚水,200.0,1994.0,2.673018274288218
11752,汚水,200.0,1994.0,27.266664723994083
11753,汚水,200.0,1994.0,9.663154756698097
11754,汚水,200.0,1994.0,24.614700324208066
11755,汚水,200.0,1994.0,48.69650475031268
11756,汚水,200.0,1994.0,22.288858233189867
11757,汚水,200.0,1994.0,43.613462515910875
11758,汚水,200.0,1994.0,51.08208695165277
11759,汚水,200.0,1994.0,38.58215642942015
11760,汚水,200.0,1994.0,41.349946149832135
11761,汚水,200.0,1994.0,37.30810770720117
11762,汚水,200.0,1994.0,36.690921965700525
11763,汚水,200.0,1994.0,36.528818091084105
11764,汚水,200.0,1994.0,38.13060918123181
11765,汚水,200.0,1994.0,53.74008807333165
11766,汚水,200.0,1994.0,56.54664496420163
11767,汚水,200.0,1994.0,20.076695341205504
11768,汚水,200.0,1994.0,62.00952507779131
11769,汚水,200.0,1995.0,53.876815450781265
11772,汚水,150.0,2000.0,40.165536959949364
11773,汚水,150.0,2000.0,36.89009733981114
11774,汚水,200.0,1994.0,37.3724715601628
11775,汚水,150.0,2000.0,39.77179556427102
11776,汚水,250.0,1990.0,38.362095917101946
11777,汚水,250.0,1990.0,38.04519286282157
11778,汚水,250.0,1990.0,37.40519617210053
11779,汚水,250.0,1990.0,30.964320730931956
11780,汚水,250.0,1990.0,28.064822125968895
11781,汚水,250.0,1990.0,19.63349420236939
11782,汚水,250.0,1990.0,6.295452903555961
11783,汚水,250.0,1990.0,47.6739753243714
11784,汚水,250.0,1990.0,6.56223268097653
11785,汚水,250.0,1990.0,35.664688151046434
11786,汚水,250.0,1990.0,32.97745605747205
11787,汚水,250.0,1990.0,26.305467266504188
11788,汚水,250.0,1990.0,21.05492079039178
11789,汚水,250.0,1990.0,32.07437646526448
11790,汚水,250.0,1990.0,11.901599025667645
11791,汚水,250.0,1990.0,35.69127939973453
11792,汚水,250.0,1990.0,6.3715248699817035
11793,汚水,250.0,1990.0,53.537581094173404
11794,汚水,250.0,1990.0,16.590414341728337
11795,汚水,250.0,1990.0,9.509693607173755
11796,汚水,250.0,1990.0,16.058855785845935
11797,汚水,250.0,1990.0,2.1592880770768703
11800,汚水,250.0,1990.0,45.612734035477466
11801,汚水,250.0,1990.0,30.095171591458126
11802,汚水,250.0,1990.0,33.65774678396271
11803,汚水,250.0,1990.0,3.6676847356675513
11804,汚水,250.0,1989.0,49.14044505172821
11805,汚水,250.0,1989.0,8.04563616512073
11806,汚水,250.0,1990.0,29.742205630432906
11807,汚水,250.0,1990.0,6.89510499402897
11808,汚水,250.0,1990.0,35.5300930140265
11809,汚水,250.0,1990.0,10.310487496694718
11810,汚水,250.0,1990.0,45.54086202361941
11811,汚水,250.0,1990.0,12.383811610568698
11812,汚水,250.0,1990.0,13.132707609028962
11813,汚水,250.0,1990.0,9.326372524083403
11814,汚水,250.0,1990.0,6.586811390793837
11815,汚水,250.0,1990.0,17.927847000560046
11816,汚水,250.0,1989.0,44.960269994713485
11817,汚水,250.0,1989.0,34.59298562023871
11818,汚水,250.0,1989.0,35.89119607775073
11819,汚水,250.0,1989.0,25.8449874276275
11820,汚水,250.0,1989.0,10.035195412072682
11821,汚水,250.0,1989.0,17.71060881601075
11822,汚水,250.0,1989.0,26.414622768601216
11823,汚水,250.0,1989.0,38.64352068017148
11824,汚水,250.0,1989.0,49.97250708665245
11825,汚水,250.0,1989.0,29.1512168329633
11826,汚水,250.0,1989.0,30.699000000000524
11827,汚水,250.0,1989.0,12.390816767569602
11828,汚水,250.0,1988.0,40.784314010019074
11829,汚水,250.0,1988.0,45.14702213971127
11830,汚水,250.0,1988.0,33.095442939463865
11831,汚水,250.0,1988.0,11.115765617931984
11832,汚水,250.0,1988.0,45.4821434805458
11833,汚水,250.0,1988.0,51.37999134835949
11834,汚水,250.0,1988.0,22.25896873028613
11835,汚水,250.0,1988.0,28.654756117528176
11836,汚水,250.0,1988.0,23.59467865726685
11837,汚水,250.0,1989.0,7.366988904880599
11839,汚水,250.0,1989.0,49.706723645545296
11840,汚水,250.0,1989.0,16.798046706566094
11841,汚水,250.0,1989.0,38.67445316289373
11843,汚水,250.0,1989.0,8.65852619040781
11844,汚水,250.0,1989.0,14.821237070392028
11845,汚水,250.0,1989.0,15.286467717349542
11846,汚水,250.0,1989.0,6.649117441178596
11847,汚水,250.0,1989.0,12.817155354147182
11848,汚水,250.0,1989.0,29.744090775027892
11849,汚水,250.0,1989.0,19.70461206689071
11850,汚水,250.0,1989.0,24.062036291434012
11853,汚水,250.0,1989.0,10.856476415095237
11854,汚水,500.0,1989.0,60.57757454901488
11855,汚水,250.0,1990.0,19.774462445123845
11856,汚水,250.0,1990.0,13.779752744183085
11857,汚水,250.0,1990.0,42.758649889233666
1000007,汚水,,,49.908055450668584
1000001,汚水,,,72.61773933240973
1000004,汚水,,,23.72413712892135
1000010,雨水,,,38.80181470049114
1000008,汚水,,,88.95831987498688
1000005,汚水,,,43.8536650732654
1000002,汚水,,,30.573521353793737
1000011,汚水,,,67.3904587175688
1000003,雨水,,,52.187618497278585
1000009,汚水,,,11.153768216164643
1000006,汚水,,,16.0574317708492
1000012,雨水,,,2.8156608460595445
