SAUID,sewer_type,length_m,mouth_share
21925,汚水,20.23029478213703,0.494
21926,汚水,53.637822100247206,0.186
21927,汚水,11.853662261089774,0.844
21928,汚水,8.682537071613151,1.0
21929,汚水,19.497816938279094,0.513
21930,汚水,23.689627011717004,0.422
21931,汚水,20.859369324814633,0.479
21932,汚水,11.932165813466055,0.838
21933,汚水,22.409504529317573,0.446
21934,汚水,7.782000064248398,1.0
21935,汚水,92.28470400429076,0.108
21936,汚水,14.403993231044714,0.694
21937,汚水,15.091383585654029,0.663
21938,汚水,17.145949988259026,0.583
21939,汚水,33.032206508172635,0.303
21940,汚水,26.732525507332234,0.374
21941,汚水,48.50394939269567,0.206
21942,汚水,61.52412081451661,0.163
21943,汚水,64.1798051860312,0.156
21944,汚水,27.435302805066037,0.364
21945,汚水,4.127597969757706,1.0
21946,汚水,94.7674251305928,0.106
21947,汚水,33.424499332290694,0.299
21948,汚水,3.6401387336214945,1.0
21949,汚水,13.982019091035905,0.715
21950,汚水,4.288501952895698,1.0
21951,汚水,12.571017540358989,0.795
21952,汚水,16.93510873894296,0.59
21953,汚水,3.645735728224416,1.0
21954,汚水,22.88312850114785,0.437
21955,汚水,17.28169450603369,0.579
21956,汚水,4.948384079679736,1.0
21957,汚水,20.473330090633148,0.488
21958,汚水,7.7038892570662405,1.0
21959,汚水,6.427448405081239,1.0
21960,汚水,25.47336824999762,0.393
21961,汚水,47.4851692047987,0.211
21962,汚水,28.138716213276318,0.355
21963,汚水,26.004951302180316,0.385
21964,汚水,34.69931249276006,0.288
21965,汚水,31.511518609941607,0.317
21966,汚水,19.013068546681154,0.526
21967,汚水,4.155086040030516,1.0
21968,汚水,6.551361537874431,1.0
21969,汚水,2.0707814950029637,1.0
21970,汚水,34.82964957586942,0.287
21971,汚水,8.52119175937119,1.0
21972,汚水,4.179316331649276,1.0
21973,汚水,6.155511676534218,1.0
21974,汚水,11.365480588173327,0.88
21975,汚水,20.507018527260094,0.488
21976,汚水,19.097061815895604,0.524
21977,汚水,3.997861928582282,1.0
21978,汚水,13.357908034658536,0.749
21979,汚水,5.452327209554678,1.0
21980,汚水,23.202289764145366,0.431
21981,汚水,20.636943693286128,0.485
21982,汚水,46.059000011621976,0.217
21983,汚水,21.550131052078594,0.464
21984,汚水,17.719361674038492,0.564
21985,汚水,4.527495775814292,1.0
21986,汚水,21.861163852824617,0.457
21987,汚水,4.864123764870016,1.0
21988,汚水,3.7281858859227253,1.0
21989,汚水,18.848725421099548,0.531
21990,汚水,7.448259461112872,1.0
21991,汚水,4.441384018532394,1.0
21992,汚水,25.801693917759764,0.388
21993,汚水,7.708184546310392,1.0
21994,汚水,18.461204917791633,0.542
21995,汚水,53.19014838295134,0.188
21996,汚水,5.932154498998932,1.0
21997,汚水,15.132742502933372,0.661
21998,汚水,71.39000045544823,0.14
21999,汚水,3.6564284486371106,1.0
22000,汚水,59.39163331652658,0.168
22001,雨水,25.346461454787534,0.395
22002,雨水,33.7406392702012,0.296
22003,汚水,6.606149029506631,1.0
22004,汚水,35.75029454424774,0.28
22005,汚水,44.80059588888352,0.223
22006,汚水,38.2963310444107,0.261
22007,汚水,42.06065203963826,0.238
22008,汚水,20.869683131278745,0.479
22009,汚水,58.016608423788036,0.172
22010,汚水,58.28860849408668,0.172
22011,汚水,40.34985028895038,0.248
22012,汚水,11.43587150155052,0.874
22013,汚水,21.563883741110736,0.464
22014,汚水,11.531872571268881,0.867
22015,汚水,4.696203147228094,1.0
22016,雨水,2.87022945731736,1.0
22017,汚水,20.551637449363778,0.487
22018,汚水,5.409352641485939,1.0
22019,汚水,3.886028949969812,1.0
22020,汚水,56.41645572880408,0.177
22021,雨水,2.7920028653293243,1.0
22022,雨水,29.761631742901383,0.336
22023,汚水,8.955400605222735,1.0
22024,汚水,21.18140347097789,0.472
22025,汚水,10.944380521529387,0.914
22026,汚水,27.52791721143954,0.363
22027,汚水,8.56911909114889,1.0
22028,汚水,10.086695494561356,0.991
22029,汚水,34.84510423404646,0.287
22030,汚水,16.373607061151137,0.611
22031,汚水,51.24958600291207,0.195
22032,汚水,16.700053078282345,0.599
22033,汚水,5.900566074536334,1.0
22034,汚水,1.9498628156805762,1.0
22035,汚水,39.452116263825566,0.253
22036,雨水,19.63310054474015,0.509
22037,雨水,6.658130443302952,1.0
22038,汚水,21.219543007559032,0.471
22039,汚水,6.247795131086111,1.0
22040,汚水,23.191690455562046,0.431
22041,汚水,10.17328197405568,0.983
22042,汚水,29.441761541605437,0.34
22043,汚水,31.534049295959303,0.317
22044,汚水,12.050747902100102,0.83
22045,汚水,22.13912920600399,0.452
22046,汚水,15.993061651852429,0.625
22047,汚水,33.14044227224661,0.302
22048,汚水,5.154297818330463,1.0
22049,汚水,2.526521125979129,1.0
22050,汚水,3.5918943469939695,1.0
22051,汚水,4.825565251857018,1.0
22052,汚水,2.7123100855190225,1.0
22053,汚水,4.032042162480588,1.0
22054,汚水,3.547979706814413,1.0
22055,汚水,24.96493991581092,0.401
22056,雨水,15.234736263060656,0.656
22057,雨水,19.448439131035084,0.514
22058,雨水,19.63667551356985,0.509
22059,雨水,39.07865882076437,0.256
22060,汚水,29.853693908790476,0.335
22061,汚水,17.884948084920293,0.559
22062,汚水,3.9309634951205026,1.0
22063,汚水,11.740067035431917,0.852
22064,汚水,19.98549980836884,0.5
22065,汚水,30.730020229265246,0.325
22066,汚水,4.523159625741685,1.0
22067,汚水,68.99709515631467,0.145
22068,汚水,46.08372938326365,0.217
22069,汚水,19.374678172323552,0.516
22070,汚水,29.93595117945085,0.334
22071,汚水,3.8761282228600202,1.0
22072,汚水,3.6011242688947367,1.0
22073,汚水,10.347282010268712,0.966
22074,汚水,10.451248011602202,0.957
22075,汚水,3.2351321456801125,1.0
22076,汚水,16.383583246652012,0.61
22077,汚水,32.101720797007054,0.312
22078,汚水,15.411850310717814,0.649
22079,汚水,14.661214990581934,0.682
22080,汚水,16.47559491973564,0.607
22081,汚水,4.144861879491089,1.0
22082,汚水,73.53609158248565,0.136
22083,汚水,11.351848527885299,0.881
22084,汚水,33.7067854769629,0.297
22085,汚水,3.3458955452968446,1.0
22086,汚水,37.00785821539889,0.27
22087,汚水,28.599940292501405,0.35
22088,汚水,3.8776860367900787,1.0
22089,汚水,41.22249799173764,0.243
22090,汚水,2.728220116296203,1.0
22091,汚水,26.646910428195106,0.375
22092,汚水,13.570421138850088,0.737
22093,汚水,64.05648076577681,0.156
22094,汚水,6.9979635552106165,1.0
22095,汚水,23.346196472398113,0.428
22096,汚水,32.8012900452294,0.305
22097,汚水,19.410794380359782,0.515
22098,汚水,32.49617759859912,0.308
22099,汚水,33.93222540656174,0.295
22100,汚水,33.99928959552233,0.294
22101,汚水,7.17005306815253,1.0
22102,汚水,27.30445621160608,0.366
22103,汚水,24.835040769037242,0.403
22104,汚水,33.51042953939431,0.298
22105,汚水,2.2672847196588166,1.0
22106,汚水,17.05297327736176,0.586
22107,汚水,29.008998676592604,0.345
22108,汚水,20.295116758514098,0.493
22109,汚水,28.302608347114937,0.353
22110,汚水,33.50982177180759,0.298
22111,汚水,40.61226596002638,0.246
22112,汚水,69.67969006664903,0.144
22113,汚水,34.969848756627414,0.286
22114,汚水,12.852878432481575,0.778
22115,汚水,2.7462064743869856,1.0
22116,汚水,57.674443650655036,0.173
22117,汚水,21.82564118439745,0.458
22118,汚水,24.401303760619527,0.41
22119,汚水,10.243980866828526,0.976
22120,汚水,30.556703465461695,0.327
22121,汚水,22.688295502696512,0.441
22122,汚水,56.74859637738488,0.176
22123,汚水,4.697224925422395,1.0
22124,汚水,33.19258281605394,0.301
22125,汚水,13.047930180674008,0.766
22126,汚水,6.871147823663453,1.0
22127,汚水,13.153186458037299,0.76
22128,汚水,23.938370140881844,0.418
22129,汚水,5.578674845290031,1.0
22130,汚水,22.911622251229602,0.436
22131,汚水,18.084180814740634,0.553
22132,汚水,5.165441510646982,1.0
22133,汚水,18.579411239325907,0.538
22134,汚水,4.988443043675259,1.0
22135,汚水,18.511167494243413,0.54
22136,汚水,17.856726553154402,0.56
22137,汚水,68.37740233136462,0.146
22138,汚水,36.08967501946089,0.277
22139,汚水,33.674464108266974,0.297
22140,汚水,8.13230994244054,1.0
22141,汚水,28.660786102738072,0.349
22142,汚水,8.196361504877501,1.0
22143,汚水,53.667881343551315,0.186
22144,汚水,43.765146894254315,0.228
22145,汚水,17.29910730072222,0.578
22146,汚水,10.030566534344873,0.997
22147,汚水,53.14282364549507,0.188
22148,汚水,16.95724999403591,0.59
22149,汚水,8.011501794307208,1.0
22150,汚水,60.52415019745053,0.165
22151,汚水,5.275830550733354,1.0
22152,汚水,5.1244788510369,1.0
22153,汚水,11.04101648400116,0.906
22154,汚水,14.299130498037924,0.699
22155,汚水,10.045428922262065,0.995
22156,汚水,13.81199353520099,0.724
22157,汚水,7.90134482328194,1.0
22158,汚水,5.809545621372786,1.0
22159,汚水,43.15963329467505,0.232
22160,汚水,19.32883346148357,0.517
22161,汚水,29.433919699214382,0.34
22162,汚水,18.84876317930659,0.531
22163,汚水,5.644304828769623,1.0
22164,汚水,54.27176747692491,0.184
22165,汚水,17.401805797101023,0.575
22166,汚水,9.711133919374818,1.0
22167,汚水,19.450738733583314,0.514
22168,汚水,29.694939827133673,0.337
22169,汚水,5.342017689983935,1.0
22170,汚水,21.62607208902998,0.462
22171,汚水,9.431337086470723,1.0
22172,汚水,31.205006404080176,0.32
22173,汚水,30.11147356341357,0.332
22174,汚水,29.910138778718228,0.334
22175,汚水,22.83259568333679,0.438
22176,汚水,48.06729197881235,0.208
22177,汚水,4.7934368672207,1.0
22178,汚水,17.486693854060515,0.572
22179,汚水,44.587081268051364,0.224
22180,汚水,7.272950755421487,1.0
22181,汚水,7.365415466895976,1.0
22182,汚水,32.83728102912042,0.305
22183,汚水,31.66648447408233,0.316
22184,汚水,47.97800020483099,0.208
22185,汚水,3.9191566694863016,1.0
22186,汚水,16.85908790533847,0.593
22187,汚水,6.157128226702797,1.0
22188,汚水,9.067164361295657,1.0
22189,汚水,3.3169458843911865,1.0
22190,汚水,12.552970468900845,0.797
22191,汚水,13.703234727610019,0.73
22192,汚水,14.367786085547982,0.696
22193,汚水,7.179813437690911,1.0
22194,汚水,7.275217742189065,1.0
22195,汚水,4.868603906659854,1.0
22196,汚水,6.142029064493109,1.0
22197,汚水,10.155863823431973,0.985
22198,汚水,13.142379883416806,0.761
22199,汚水,8.647531728765037,1.0
22200,汚水,8.074939504418472,1.0
22201,汚水,11.694017139851901,0.855
22202,汚水,1.8263696230632456,1.0
22203,汚水,4.364626215384506,1.0
22203,汚水,19.724822344280092,0.507
22204,汚水,60.48593675137321,0.165
22205,雨水,62.92401986754498,0.159
22206,雨水,43.77706956201894,0.228
22207,雨水,4.389524347798282,1.0
22208,雨水,33.243167794298834,0.301
22209,雨水,8.319849209872675,1.0
22210,雨水,29.306720065550657,0.341
22211,雨水,6.040776936771625,1.0
22212,雨水,15.673107317954477,0.638
22213,雨水,6.90438483863462,1.0
22214,雨水,10.108604750416916,0.989
22215,雨水,6.107428414253427,1.0
22217,汚水,37.88233678922204,0.264
22218,汚水,24.408471349677455,0.41
22219,汚水,19.296795053936194,0.518
22220,汚水,7.1696856276915515,1.0
22221,雨水,2.923390738068087,1.0
22222,雨水,22.921968040336417,0.436
22223,雨水,11.88047506140651,0.842
22224,雨水,39.08323807397892,0.256
22225,汚水,75.0799630394041,0.133
22226,汚水,74.8316986978196,0.134
22227,汚水,75.23779918365013,0.133
22228,汚水,19.81298183009981,0.505
22229,汚水,3.6929453015193654,1.0
22230,汚水,15.343583243319259,0.652
22231,汚水,18.465626387232525,0.542
22232,汚水,9.605806421130207,1.0
22233,汚水,39.776162973015545,0.251
22234,汚水,33.59284306216853,0.298
22235,汚水,19.45757579967639,0.514
22236,汚水,13.160683036992136,0.76
22237,汚水,54.141168064224985,0.185
22238,汚水,31.002757570906542,0.323
22239,汚水,4.0876346460902795,1.0
22240,汚水,34.69982238476678,0.288
22241,汚水,33.72855528984303,0.296
22242,汚水,2.652817370277536,1.0
22243,汚水,9.382615946521629,1.0
22244,汚水,35.20217683753004,0.284
22245,汚水,14.758040113780629,0.678
22246,汚水,19.247856452090975,0.52
22247,汚水,25.736215602389944,0.389
22248,汚水,22.576643014526177,0.443
22249,汚水,47.47739874909468,0.211
22250,汚水,39.85613585210956,0.251
22251,汚水,40.56165509534333,0.247
22252,汚水,61.88251845356663,0.162
22253,汚水,34.631357077085504,0.289
22254,汚水,9.09215975442579,1.0
22255,汚水,26.2652446533975,0.381
22256,汚水,34.46646254295396,0.29
22257,汚水,48.9441037488201,0.204
22258,汚水,26.93911431523984,0.371
22259,雨水,84.72928431268116,0.118
22261,汚水,15.152153540405937,0.66
22262,汚水,1.3603635543605326,1.0
22263,汚水,10.325177092908453,0.969
22264,汚水,10.652530638303297,0.939
22265,汚水,19.212530520474143,0.52
22266,汚水,15.427840451589482,0.648
22267,汚水,27.586822433915525,0.362
22268,汚水,16.688057346499946,0.599
22269,汚水,19.8311193834271,0.504
22270,汚水,11.288941890186779,0.886
22271,汚水,14.153840044316695,0.707
22272,汚水,11.386584514391965,0.878
22273,汚水,12.74752501468442,0.784
22274,汚水,25.0763897919929,0.399
22276,汚水,3.163419826697943,1.0
22277,汚水,26.070708224037347,0.384
22278,汚水,14.543777442255887,0.688
22279,汚水,37.52117776374653,0.267
22281,汚水,33.185062882726214,0.301
22283,汚水,21.891798667734026,0.457
22284,汚水,28.554626324592327,0.35
22285,汚水,9.288322645075281,1.0
22287,汚水,8.352380820920818,1.0
22288,汚水,42.92483489825662,0.233
22289,汚水,9.383516730137528,1.0
22290,汚水,16.996177518306872,0.588
22291,汚水,31.456113462330187,0.318
22292,汚水,4.098247552314762,1.0
22294,雨水,6.62150707920809,1.0
22295,雨水,4.704816657666342,1.0
22296,雨水,18.975025744383935,0.527
22298,汚水,7.475453497954197,1.0
22299,汚水,34.3548602966147,0.291
22300,汚水,4.646499435057996,1.0
22302,汚水,17.519206203478742,0.571
22304,雨水,34.16249248573985,0.293
22305,雨水,80.85919266053637,0.124
22306,雨水,57.782722351833876,0.173
22307,雨水,57.67347455085268,0.173
22308,雨水,1.9215832014241376,1.0
22309,雨水,2.2713273654374473,1.0
22310,汚水,45.156861623679774,0.221
22312,汚水,6.7466206355461065,1.0
22313,汚水,36.853775336702085,0.271
22314,汚水,14.789058551369504,0.676
22315,汚水,20.556994065074228,0.486
22316,汚水,7.40294820513834,1.0
22318,汚水,4.7260560045776385,1.0
22319,汚水,46.26126043554386,0.216
22320,汚水,57.18111790449674,0.175
22321,汚水,44.47515895168007,0.225
22322,汚水,54.65900962975154,0.183
22323,汚水,53.063199403528166,0.188
22324,汚水,7.5062974228342965,1.0
22325,汚水,20.027791540756674,0.499
22326,汚水,5.402487667733747,1.0
22328,汚水,26.747148582751194,0.374
22329,汚水,19.378946935078275,0.516
22330,汚水,3.2190744011215147,1.0
22331,汚水,28.964730000467775,0.345
22332,汚水,22.503899519040246,0.444
22334,汚水,6.408964034846443,1.0
22336,雨水,14.134636999357149,0.707
22337,汚水,30.476997555532837,0.328
22338,汚水,19.8890950020484,0.503
22341,汚水,38.0755007977583,0.263
22342,汚水,64.496449522432,0.155
22343,汚水,64.5069118234576,0.155
22344,汚水,41.24268610311308,0.242
22345,汚水,8.303072202510258,1.0
22346,汚水,4.0279420303737545,1.0
22347,雨水,28.117251821613575,0.356
22348,雨水,13.261179924874781,0.754
22350,汚水,4.390182911912363,1.0
22351,汚水,11.186075138315264,0.894
22352,汚水,5.598512391696745,1.0
22353,汚水,2.887275012879052,1.0
22354,汚水,17.215257992182124,0.581
22355,汚水,27.348163082738285,0.366
22357,汚水,13.48557633177348,0.742
22359,汚水,46.514449475405264,0.215
22360,汚水,49.08270587488005,0.204
22361,汚水,49.83583949328311,0.201
22362,汚水,47.07507124794974,0.212
22363,汚水,56.34441378699657,0.177
22364,汚水,56.27007590184861,0.178
22365,汚水,57.89420755136072,0.173
22366,汚水,56.820028951064735,0.176
22367,雨水,3.30894499802459,1.0
22368,汚水,6.574506293247424,1.0
22369,汚水,9.047420958480615,1.0
22370,汚水,40.87267735296746,0.245
22371,雨水,21.161398654149178,0.473
22372,雨水,2.5625569261992847,1.0
22373,汚水,26.992699327783058,0.37
22374,汚水,14.830218508165869,0.674
22375,汚水,15.952299395381477,0.627
22376,汚水,31.260162267651754,0.32
22377,汚水,38.49248650061591,0.26
22378,汚水,16.66246392344262,0.6
22379,汚水,45.828090741380514,0.218
22380,雨水,43.44935706083957,0.23
22382,雨水,19.939954864542845,0.502
22383,雨水,41.13214696561362,0.243
22384,雨水,51.49948863824007,0.194
22385,雨水,46.776330125383296,0.214
22386,雨水,35.58058765676431,0.281
22387,雨水,15.943936684512176,0.627
22388,雨水,31.983040662201123,0.313
22390,汚水,6.203533912218656,1.0
22391,汚水,21.830515339773235,0.458
22392,汚水,25.611873047474692,0.39
22393,汚水,6.095522947204601,1.0
22394,汚水,20.214770441436936,0.495
22395,雨水,77.16091611690817,0.13
22396,雨水,29.942066895921847,0.334
22397,汚水,78.26464604149102,0.128
22398,汚水,27.976519458290916,0.357
22399,汚水,40.30213954618711,0.248
22400,汚水,13.465430776622245,0.743
22401,汚水,6.429497725328089,1.0
22402,汚水,41.397022622400506,0.242
22403,汚水,83.66233852815763,0.12
22404,汚水,16.205450471985845,0.617
22405,汚水,90.66802188754097,0.11
22406,汚水,73.42808325157961,0.136
22408,汚水,39.66174176709145,0.252
22409,汚水,41.42993151093747,0.241
22410,汚水,15.877307989694987,0.63
22411,汚水,16.325330900172517,0.613
22412,汚水,15.863878624099321,0.63
22413,汚水,12.317892392766414,0.812
22414,汚水,18.86107367038921,0.53
22415,汚水,16.17087981528225,0.618
22416,雨水,32.989692162854325,0.303
22417,雨水,44.05814913270673,0.227
22418,雨水,4.030089949357914,1.0
22419,雨水,51.741914344176976,0.193
22420,雨水,13.368353152125067,0.748
22421,雨水,53.58405854356699,0.187
22422,汚水,22.203028284447694,0.45
22423,雨水,50.61478242569284,0.198
22424,雨水,38.8876801699483,0.257
22425,雨水,3.3277363176814263,1.0
22426,雨水,8.98917404437531,1.0
22427,雨水,26.140107497862314,0.383
22428,雨水,4.343267433625845,1.0
22429,雨水,27.867660271362805,0.359
22430,雨水,33.97200847757412,0.294
22431,雨水,7.088126550789979,1.0
22432,雨水,4.931199651199611,1.0
22433,雨水,21.379591249601447,0.468
22434,雨水,56.03003217220538,0.178
22435,汚水,27.082402349130803,0.369
22436,汚水,17.989882712236575,0.556
22437,汚水,10.788926637985803,0.927
22438,汚水,7.429400043080316,1.0
22439,汚水,6.324365580828793,1.0
22440,汚水,4.116703778507704,1.0
22441,汚水,44.65847469406027,0.224
22442,汚水,45.053598502226514,0.222
22443,汚水,43.63278283584457,0.229
22444,汚水,35.772138949185404,0.28
22445,雨水,7.424053946461659,1.0
22446,雨水,49.83464944193144,0.201
22447,雨水,88.10617297329615,0.113
22448,雨水,166.8233809272527,0.06
22449,雨水,171.77647206180762,0.058
22450,雨水,10.792937737238583,0.927
22451,雨水,630.1748179014472,0.016
22452,雨水,12.176667852907311,0.821
22453,雨水,19.80804788463403,0.505
22454,雨水,30.515467717206114,0.328
22455,汚水,8.069285780041461,1.0
22456,汚水,10.197302829666489,0.981
22457,汚水,13.699128731419176,0.73
22458,汚水,20.98900343036605,0.476
22459,汚水,26.738352417461414,0.374
22460,汚水,9.54933484594644,1.0
22461,汚水,13.093976974166827,0.764
22462,汚水,5.3866421822834,1.0
22463,汚水,47.84588042872002,0.209
22464,汚水,11.36143639686424,0.88
22465,汚水,38.89464572406039,0.257
22466,汚水,24.622793606737456,0.406
22467,雨水,42.44839506977921,0.236
22468,雨水,35.49254075154548,0.282
22469,雨水,42.42105181392911,0.236
22470,雨水,33.946001369821396,0.295
22471,汚水,8.29976559909811,1.0
22472,汚水,5.177885668879962,1.0
22473,汚水,1.796941846583182,1.0
22474,汚水,11.598097775068076,0.862
22475,汚水,4.312427854469103,1.0
22476,汚水,36.43120257417069,0.274
22477,汚水,74.33430670961502,0.135
22478,汚水,4.11641980366159,1.0
22479,汚水,27.819691587079127,0.359
22480,汚水,13.668650262551195,0.732
22481,汚水,8.402356871744194,1.0
22482,汚水,2.782279820570329,1.0
22483,汚水,9.373305500204788,1.0
22484,汚水,27.101342328377967,0.369
22485,汚水,35.0084453382234,0.286
22486,汚水,26.158609003541603,0.382
22487,汚水,33.42963489182007,0.299
22488,汚水,41.63288441844849,0.24
22489,汚水,7.8704785750250394,1.0
22490,汚水,5.741869033686776,1.0
22491,汚水,50.75975849037211,0.197
22492,汚水,51.32199237168805,0.195
22493,汚水,38.2723349170087,0.261
22494,汚水,3.216628825343215,1.0
22495,汚水,38.50463266932788,0.26
22496,汚水,67.54627661832724,0.148
22497,汚水,7.73250134173886,1.0
22498,汚水,30.10182640638455,0.332
22499,汚水,46.48105087020888,0.215
22500,汚水,2.1980329842871527,1.0
22501,汚水,98.0434483124761,0.102
22502,汚水,8.056738856384676,1.0
22503,汚水,10.329674583452737,0.968
22504,汚水,2.666498828045127,1.0
22505,汚水,67.04013816364868,0.149
22506,汚水,2.601146093553358,1.0
22507,汚水,15.798981232975363,0.633
22508,汚水,4.0289280211937095,1.0
22509,汚水,17.542842700091338,0.57
22510,汚水,13.216771542249342,0.757
22511,汚水,11.264128727953466,0.888
22512,汚水,14.756341348725774,0.678
22513,汚水,24.702136041238433,0.405
22514,汚水,39.92902428059249,0.25
22515,雨水,14.310770384575848,0.699
22516,雨水,17.347699703420595,0.576
22517,雨水,18.969351702144486,0.527
22518,雨水,46.184808064995124,0.217
22519,汚水,21.123865105609266,0.473
22520,汚水,7.630562888807836,1.0
22521,汚水,8.420191506136847,1.0
22522,汚水,8.604964264887878,1.0
22523,汚水,34.61224617096603,0.289
22524,汚水,8.091043505013994,1.0
22525,汚水,15.397394747158186,0.649
22526,汚水,20.207727655526803,0.495
22527,汚水,6.254017029080023,1.0
22528,汚水,49.31543340577034,0.203
22529,汚水,21.23953580000831,0.471
22530,汚水,13.314584672455837,0.751
22531,汚水,25.343051315891895,0.395
22532,汚水,10.042697097889187,0.996
22533,汚水,23.45419674599801,0.426
22534,汚水,22.801928186008837,0.439
22535,汚水,8.099585421495023,1.0
22536,汚水,47.69053773023961,0.21
22537,汚水,2.645880004841091,1.0
22538,汚水,22.635197237927503,0.442
22539,汚水,12.17813208172289,0.821
22540,汚水,4.811006755348604,1.0
22541,汚水,2.599047902605544,1.0
22542,汚水,12.266361522474268,0.815
22543,汚水,10.347108050078608,0.966
22544,汚水,11.62115011520136,0.861
22545,汚水,22.868369815095395,0.437
22546,汚水,15.22937375599953,0.657
22547,汚水,16.2578161202519,0.615
22548,汚水,19.12504339864183,0.523
22549,汚水,26.185331561769893,0.382
22550,汚水,3.735638365798626,1.0
22551,汚水,3.636826088773749,1.0
22552,汚水,23.44295860167734,0.427
22553,汚水,13.97814111389762,0.715
22554,汚水,41.65470232758532,0.24
22555,汚水,13.782454824876151,0.726
22556,汚水,19.697856583901398,0.508
22557,汚水,20.477304436865754,0.488
22558,汚水,17.982392832986985,0.556
22559,汚水,17.102870051547367,0.585
22560,汚水,2.788798486802008,1.0
22561,汚水,23.694838530786896,0.422
22562,汚水,24.58943008692952,0.407
22563,汚水,25.467060234750132,0.393
22564,汚水,25.326189310662617,0.395
22565,汚水,27.48643349000704,0.364
22566,汚水,48.01812609837987,0.208
22567,汚水,51.252984000927505,0.195
22568,汚水,45.28331618819722,0.221
22569,雨水,10.466336512835932,0.955
22570,雨水,9.90657014309849,1.0
22571,雨水,9.240933123876557,1.0
22572,雨水,14.229479716418092,0.703
22573,雨水,14.813224530803668,0.675
22574,雨水,62.562850990027336,0.16
22575,雨水,82.88309748677094,0.121
22576,雨水,41.435012879105656,0.241
22577,雨水,7.554845994459362,1.0
22578,雨水,28.332266499522344,0.353
22579,雨水,4.581189801788271,1.0
22580,雨水,41.529984691975606,0.241
22581,雨水,10.198299122882334,0.981
22582,雨水,98.72624354777163,0.101
22583,雨水,4.746846216170656,1.0
22584,雨水,10.815078825417595,0.925
22585,雨水,11.637030494263268,0.859
22586,雨水,22.841257780605524,0.438
22587,雨水,9.316334472317866,1.0
22588,雨水,7.20899389651164,1.0
22589,雨水,29.47043720408524,0.339
22590,雨水,33.30263178789476,0.3
22591,雨水,12.391787320648556,0.807
22592,雨水,20.374273017701128,0.491
22593,雨水,14.08328832339469,0.71
22594,雨水,48.22379326639958,0.207
22595,雨水,36.360799138632885,0.275
22596,雨水,29.46859060084495,0.339
22597,雨水,17.030843343766733,0.587
22598,雨水,24.1818647908809,0.414
22728,汚水,29.999928133249295,0.333
22676,汚水,52.12201108936144,0.192
22677,汚水,24.490407795701422,0.408
22678,汚水,27.306126583612752,0.366
22640,汚水,34.902960977546485,0.287
22641,汚水,50.880193759461655,0.197
22642,汚水,3.707646692982843,1.0
22643,汚水,23.117661841104223,0.433
22644,汚水,34.305872281583376,0.291
22645,汚水,2.85537037878219,1.0
22706,汚水,31.40069720564255,0.318
22719,汚水,28.614877686272205,0.349
22707,汚水,35.391506000724796,0.283
22709,汚水,4.501729667582819,1.0
22710,汚水,37.50070252675865,0.267
22708,汚水,39.19822043154401,0.255
22711,汚水,6.935618573721895,1.0
22712,汚水,9.243714080390601,1.0
22726,汚水,31.57547999635169,0.317
22713,汚水,40.30557525950917,0.248
22723,汚水,32.80760773051141,0.305
22724,汚水,85.05564402202275,0.118
22714,汚水,15.611991961301202,0.641
22673,汚水,48.1651421050546,0.208
22660,汚水,45.74156150591935,0.219
22661,汚水,12.180538945390657,0.821
22662,汚水,15.74616223084349,0.635
22663,汚水,40.50815633918447,0.247
22664,汚水,8.386090924856314,1.0
22665,汚水,26.72252147533153,0.374
22667,汚水,6.637647550149847,1.0
22668,汚水,12.683901371421939,0.788
22669,汚水,5.310955187157307,1.0
22658,汚水,6.465835290200256,1.0
22659,汚水,30.225769948835904,0.331
22670,汚水,5.577062757402011,1.0
22621,汚水,22.15107243453952,0.451
22622,汚水,5.099756268678664,1.0
22623,汚水,36.18990074592684,0.276
22674,汚水,33.53060245506964,0.298
22675,汚水,8.703062679307559,1.0
22624,汚水,80.12088185360686,0.125
22625,汚水,16.3649295751619,0.611
22626,汚水,15.197031618049747,0.658
22628,汚水,33.34394639210194,0.3
22629,汚水,33.339838991820876,0.3
22630,汚水,21.31392138954902,0.469
22627,汚水,22.96449017504499,0.435
22631,汚水,8.510401753146928,1.0
22632,汚水,19.28310415882426,0.519
22736,汚水,14.769509978327791,0.677
22737,汚水,35.13124321739917,0.285
22738,汚水,32.46811272618061,0.308
22610,汚水,32.94657950380166,0.304
22611,汚水,65.81153790939544,0.152
22612,汚水,47.46333849404321,0.211
22613,汚水,39.03047718129909,0.256
22614,汚水,15.19047586483081,0.658
22615,汚水,24.473435496485187,0.409
22616,汚水,8.3495368135004,1.0
22617,汚水,22.438815387636822,0.446
22619,汚水,9.295034857387003,1.0
22618,汚水,13.974745543301243,0.716
22654,汚水,14.329800626666659,0.698
22655,汚水,17.005078123889753,0.588
22656,汚水,24.406068917384687,0.41
22657,汚水,21.853228800338893,0.458
22601,汚水,10.669613676229476,0.937
22602,汚水,56.07231404177236,0.178
22603,汚水,52.03025097959911,0.192
22604,汚水,44.987277357045635,0.222
22605,汚水,44.235087837599174,0.226
22606,汚水,40.073096735833104,0.25
22607,汚水,37.097801336467306,0.27
22608,汚水,14.913098437280118,0.671
22692,汚水,28.953931287477428,0.345
22693,汚水,4.996593339465547,1.0
22725,雨水,54.410553544327016,0.184
22715,雨水,52.86321454041289,0.189
22716,雨水,44.539027492750996,0.225
22717,雨水,35.56041760159599,0.281
22718,雨水,9.254268312512563,1.0
22720,雨水,13.404854083499648,0.746
22648,汚水,60.1197123412913,0.166
22649,汚水,97.08981450183357,0.103
22650,汚水,96.24203564451486,0.104
22651,汚水,73.68983284687044,0.136
22652,汚水,54.12075632325571,0.185
22653,汚水,90.08043455157888,0.111
22679,汚水,83.08860663773005,0.12
22680,汚水,74.30145277853156,0.135
22681,汚水,72.65975868387437,0.138
22682,汚水,37.13012524891545,0.269
22683,汚水,57.91059075851242,0.173
22684,汚水,5.092307924707886,1.0
22685,汚水,51.720243087208274,0.193
22686,汚水,4.380433311897348,1.0
22687,汚水,50.51913935332225,0.198
22688,汚水,9.267587442256993,1.0
22689,汚水,6.77002954204146,1.0
22599,汚水,13.800635130317021,0.725
22600,汚水,34.53973770891213,0.29
22646,汚水,15.249840982779766,0.656
22666,汚水,10.211366069240386,0.979
22671,汚水,64.89975878229255,0.154
22672,汚水,76.54598294489445,0.131
22635,汚水,7.713989888505158,1.0
22636,汚水,4.370131462554739,1.0
22634,汚水,13.311226089283368,0.751
22637,汚水,19.07896572143848,0.524
22647,雨水,2.5166398232568743,1.0
22727,雨水,125.23614973320642,0.08
22633,雨水,12.870632657340293,0.777
22639,雨水,3.938524723803547,1.0
22638,雨水,5.100049019375078,1.0
22609,雨水,21.34754142752713,0.468
22620,雨水,5.218328180555653,1.0
22702,雨水,1.8206954715142407,1.0
22721,雨水,9.751297862336303,1.0
22703,雨水,4.479158179837426,1.0
22704,雨水,1.9251558378469669,1.0
22722,雨水,18.521596313502357,0.54
22705,雨水,32.14009609506773,0.311
22691,雨水,12.255124397575743,0.816
22697,雨水,2.013331815670638,1.0
22698,雨水,9.352140557110896,1.0
22699,雨水,1.6816022121801977,1.0
22734,雨水,1.6494877992880872,1.0
22731,雨水,10.397016239716322,0.962
22735,雨水,36.39068621498515,0.275
22732,雨水,51.92281512014673,0.193
22729,雨水,6.004714231343279,1.0
22733,雨水,61.43102666940368,0.163
22730,雨水,59.89237484855426,0.167
22694,雨水,6.26772374950794,1.0
22695,雨水,99.3834676389053,0.101
22696,雨水,81.1813640626333,0.123
22700,雨水,19.420039160617886,0.515
22701,雨水,59.30807932314566,0.169
4118,汚水,5.967465997521558,1.0
4119,汚水,27.09502837417407,0.369
4120,汚水,35.687300843204405,0.28
4121,汚水,29.018716612199356,0.345
4122,汚水,28.10552863252214,0.356
4123,汚水,47.152033489962626,0.212
4124,汚水,5.148355835840425,1.0
4125,汚水,23.916822704977115,0.418
4126,汚水,35.560347257125464,0.281
4127,汚水,63.756960679415734,0.157
4128,汚水,51.32565095033502,0.195
4129,汚水,10.658450975330979,0.938
4130,汚水,17.350991281318763,0.576
4131,汚水,27.06717312514418,0.369
4132,汚水,8.395830481887362,1.0
4133,汚水,7.688150999985441,1.0
4134,汚水,9.070832948206068,1.0
4135,汚水,11.361239588540247,0.88
4136,汚水,17.29857266562476,0.578
4137,汚水,8.973634497075206,1.0
4138,汚水,9.711332379641291,1.0
4139,汚水,4.3639417596732315,1.0
4140,汚水,81.99230826167498,0.122
4141,汚水,48.222929615647914,0.207
4142,汚水,16.528683024513292,0.605
4143,汚水,13.164820003515974,0.76
4144,汚水,16.524989622988077,0.605
4145,汚水,33.80192595290103,0.296
4146,汚水,4.087714603826644,1.0
4147,汚水,24.454662288710438,0.409
4148,汚水,38.69782392012581,0.258
4149,汚水,44.249907545205694,0.226
4150,汚水,19.20322216670093,0.521
4151,汚水,4.56655726393979,1.0
4152,汚水,13.873615519063918,0.721
4153,汚水,10.407863695536811,0.961
4154,汚水,20.508245560766213,0.488
4155,汚水,8.881109433881768,1.0
4156,汚水,4.370711897100532,1.0
4157,汚水,3.3754223508764065,1.0
4158,汚水,73.30607720847854,0.136
4159,汚水,43.834843945861806,0.228
4160,汚水,61.46183877931124,0.163
4161,汚水,36.08804587218226,0.277
4162,汚水,81.45310856098293,0.123
4163,汚水,4.1146311991851,1.0
4164,汚水,41.53020864995185,0.241
4167,汚水,14.859666904457242,0.673
4168,汚水,84.08710955778744,0.119
4169,汚水,31.255190485561357,0.32
4171,汚水,15.04487919486614,0.665
4172,汚水,10.467444503753386,0.955
4173,汚水,14.586809685613655,0.686
4174,汚水,29.584496218309802,0.338
4175,汚水,11.339868844171574,0.882
4176,汚水,8.888093287177355,1.0
4177,汚水,3.6947330151167317,1.0
4178,汚水,15.926000782394965,0.628
4179,汚水,27.223274472763173,0.367
4180,汚水,12.553924027759784,0.797
4181,汚水,9.756659740657186,1.0
4182,汚水,9.863504930141541,1.0
4183,汚水,6.172781549942744,1.0
4184,汚水,8.458693659644497,1.0
4185,汚水,7.108544964459885,1.0
4186,汚水,6.301544782507701,1.0
4187,汚水,26.036990341465746,0.384
4188,汚水,5.627016254083846,1.0
4189,汚水,3.086000934405752,1.0
4190,汚水,4.538508195218217,1.0
4191,汚水,5.394334999910703,1.0
4192,汚水,8.147515247684181,1.0
4193,汚水,7.084827250624824,1.0
4194,汚水,6.783402173188636,1.0
4195,汚水,8.083094477565918,1.0
9056,汚水,62.411761333550864,0.16
9057,汚水,24.1099313027585,0.415
9058,汚水,29.040990160355978,0.344
9059,汚水,35.63708249807174,0.281
9060,汚水,31.004337361562087,0.323
9061,汚水,26.637694802323864,0.375
9062,汚水,20.739550409957324,0.482
9063,汚水,31.60132527344296,0.316
9064,汚水,37.14288091724848,0.269
9065,汚水,26.637714631136866,0.375
9066,汚水,16.619538377523483,0.602
9067,汚水,17.941223492467355,0.557
9068,汚水,38.955231096383635,0.257
9069,汚水,37.69978210578847,0.265
9070,汚水,35.38633960390483,0.283
9071,汚水,45.04544995796209,0.222
9072,汚水,17.111534106879752,0.584
9073,汚水,40.562150560323666,0.247
9074,汚水,28.156867080859453,0.355
9075,汚水,15.02043194986888,0.666
9076,汚水,34.839829076893665,0.287
9077,汚水,49.22324034089716,0.203
9078,汚水,88.94395302561229,0.112
9079,汚水,50.20266486738883,0.199
4196,汚水,7.5744532114401695,1.0
4197,汚水,5.393945821352512,1.0
4198,汚水,4.347563082090861,1.0
4199,汚水,10.796298079745263,0.926
4200,汚水,10.046708195819178,0.995
4201,汚水,12.032243506301455,0.831
4202,汚水,9.386627727149213,1.0
4203,汚水,6.576544958924033,1.0
4204,汚水,40.438452320651955,0.247
4205,汚水,4.941812289958211,1.0
4206,汚水,14.386308644672335,0.695
4207,汚水,10.150537297781755,0.985
4208,汚水,11.065136283456935,0.904
4209,汚水,2.6727716697245016,1.0
4210,汚水,9.402549065520596,1.0
4211,汚水,24.33305711163336,0.411
4212,汚水,4.752715677345347,1.0
4213,汚水,36.15021340635496,0.277
4214,汚水,16.644555273027972,0.601
4215,汚水,13.261178530327632,0.754
4216,汚水,20.760552336451614,0.482
4217,汚水,28.87222967245139,0.346
4218,汚水,17.25391801553257,0.58
4219,汚水,10.613830197391186,0.942
4220,汚水,5.344581496502532,1.0
4221,汚水,23.370241767486394,0.428
4222,汚水,6.492817777142045,1.0
4223,汚水,13.64481187488276,0.733
4224,汚水,4.918933612743025,1.0
4225,汚水,8.328448696677503,1.0
4226,汚水,23.012373474767056,0.435
4227,汚水,15.916834810148794,0.628
4228,汚水,29.654826185610347,0.337
4229,汚水,24.368163222052992,0.41
4230,汚水,10.571357353591786,0.946
4231,汚水,10.996182711921326,0.909
4232,汚水,25.711572566718267,0.389
4233,汚水,2.889587522128854,1.0
4234,汚水,10.169866828986784,0.983
4235,汚水,45.40771702771038,0.22
4236,汚水,8.92628204401057,1.0
4237,汚水,2.2649457662610537,1.0
4238,汚水,8.216014684123758,1.0
4239,汚水,2.5510174127457548,1.0
4240,汚水,23.395640150233973,0.427
4241,汚水,7.482362016797694,1.0
4242,汚水,7.151210959659848,1.0
4243,汚水,43.15501601549531,0.232
4244,汚水,2.463534398948101,1.0
4245,汚水,2.896105953356507,1.0
4246,汚水,6.313118640973516,1.0
4247,汚水,3.596081709551352,1.0
4248,汚水,47.059276966719594,0.212
4249,汚水,66.58658922172364,0.15
4250,汚水,20.25888471081968,0.494
4251,汚水,10.870345630737805,0.92
4252,汚水,13.980787271201454,0.715
4253,汚水,3.6962316408386124,1.0
4254,汚水,9.287372530886472,1.0
4255,汚水,23.0869795927506,0.433
4256,汚水,17.979858435035432,0.556
4257,汚水,17.029025095735523,0.587
4258,汚水,8.524011652082288,1.0
4259,汚水,2.9648882620587096,1.0
4260,汚水,21.99042138292007,0.455
4261,汚水,19.367986359613553,0.516
4262,汚水,43.44125024206989,0.23
4263,汚水,7.590757754951803,1.0
4264,汚水,19.28869947091982,0.518
4265,汚水,19.183090353738827,0.521
4266,汚水,19.967965153637408,0.501
4267,汚水,25.84071277477676,0.387
4268,汚水,11.484627186022443,0.871
4269,汚水,39.046824368549814,0.256
4270,汚水,50.18212590413763,0.199
4271,汚水,24.265006990567823,0.412
4272,汚水,43.59503098658427,0.229
4273,汚水,25.23375985588351,0.396
4274,汚水,6.309059502426028,1.0
4275,汚水,28.555251248777537,0.35
4276,汚水,7.1010892052334835,1.0
4277,汚水,6.6210770390797125,1.0
4278,汚水,5.987337112061702,1.0
4279,汚水,22.79029322372163,0.439
4280,汚水,6.013290080242477,1.0
4281,汚水,43.58953367946644,0.229
4282,汚水,37.154525095521855,0.269
4283,汚水,8.46363605951494,1.0
4284,汚水,13.73102544210021,0.728
4285,汚水,19.41561514821114,0.515
4286,汚水,2.9015353668768844,1.0
4287,汚水,57.80024287549719,0.173
4288,汚水,26.01174936367391,0.384
4289,汚水,56.46029237053323,0.177
4290,汚水,42.31589073020068,0.236
4291,汚水,5.90683194924609,1.0
4292,汚水,5.995118771267591,1.0
4293,汚水,21.314072057381033,0.469
4294,汚水,11.504940564624837,0.869
4295,汚水,44.77804499685264,0.223
4296,汚水,11.893984256474454,0.841
4297,汚水,13.479913962261719,0.742
4298,汚水,3.517446409213532,1.0
4299,汚水,26.815272929392343,0.373
4300,汚水,4.848724636386948,1.0
4301,汚水,5.045156168185605,1.0
4302,汚水,47.48317415038683,0.211
4303,汚水,19.38977191157971,0.516
4304,汚水,3.250401130605209,1.0
4305,汚水,4.175215936999985,1.0
4306,汚水,10.029325077653187,0.997
4307,汚水,12.842922370539911,0.779
4308,汚水,49.70591951655341,0.201
4309,汚水,23.53664545108953,0.425
4310,汚水,23.679113038751318,0.422
4311,汚水,3.3454225326706855,1.0
4312,汚水,3.2924234534004015,1.0
4313,汚水,6.710443394080021,1.0
4314,汚水,27.270929551353344,0.367
4315,汚水,2.7722844652852348,1.0
4316,汚水,4.548975688057559,1.0
4317,汚水,4.348730373492953,1.0
4318,汚水,41.89088152410856,0.239
4320,汚水,14.586275123795113,0.686
4321,汚水,12.05700015426469,0.829
4322,汚水,18.42705605905972,0.543
4323,汚水,28.265753114705685,0.354
4324,汚水,27.93943677446687,0.358
4325,汚水,7.133147083308046,1.0
4326,汚水,35.385733784516496,0.283
4327,汚水,41.09546894872439,0.243
4328,汚水,46.75265488787967,0.214
4329,汚水,12.501436509350746,0.8
4330,汚水,43.576176146895385,0.229
4331,汚水,25.389896496778064,0.394
4332,汚水,35.816734185698465,0.279
4333,汚水,14.380493205014071,0.695
4334,汚水,3.662366521139188,1.0
4335,汚水,8.968407086003342,1.0
4336,汚水,11.774676574936128,0.849
4337,汚水,12.542595514327289,0.797
4338,汚水,29.32990323847362,0.341
4339,汚水,16.16547129748571,0.619
4341,汚水,28.51053780423352,0.351
4342,汚水,4.535837039779009,1.0
4343,汚水,21.367601250733635,0.468
4344,汚水,6.920206193939553,1.0
4345,汚水,35.35993315015339,0.283
4346,汚水,9.59250723362369,1.0
4347,汚水,7.217680084385563,1.0
4348,汚水,17.744681329552506,0.564
4349,汚水,8.267547160500616,1.0
4350,汚水,10.654825950786666,0.939
4351,汚水,10.78885124505824,0.927
4352,汚水,5.271812790877956,1.0
4353,汚水,7.696014659157767,1.0
4354,汚水,19.188792365879966,0.521
4355,汚水,19.854571599302833,0.504
4356,汚水,24.977555153526406,0.4
4358,汚水,21.669641634190178,0.461
4359,汚水,19.89788375133912,0.503
4360,汚水,15.145169464689207,0.66
4361,汚水,13.613841418952378,0.735
4362,汚水,12.150220902842804,0.823
4363,汚水,30.585800625005163,0.327
4364,汚水,26.28966681790223,0.38
4365,汚水,9.70772005426476,1.0
4366,汚水,29.859708912766745,0.335
4367,汚水,52.66384894572753,0.19
4368,汚水,49.871284464531975,0.201
4370,汚水,20.243833902006536,0.494
4371,汚水,17.08186706860164,0.585
4372,汚水,23.062117626816143,0.434
4373,汚水,8.241250635324338,1.0
4374,汚水,44.454414411913895,0.225
4375,汚水,55.527957826830125,0.18
4376,汚水,52.27800032604913,0.191
4377,汚水,48.86880548453956,0.205
4378,汚水,46.04065308401196,0.217
4379,汚水,47.59522329838436,0.21
4380,汚水,58.6245263863976,0.171
4381,汚水,21.909287161270004,0.456
4382,汚水,27.954872827085058,0.358
4383,汚水,6.992997466327632,1.0
4384,汚水,44.78870720905841,0.223
4385,汚水,50.20147749695728,0.199
4386,汚水,43.4061838842254,0.23
4387,汚水,36.87152095553241,0.271
4388,汚水,30.847396502023756,0.324
4389,汚水,46.5362953007251,0.215
4390,汚水,106.41477563053974,0.094
4391,汚水,33.0538226065733,0.303
4392,汚水,64.38075784039115,0.155
4393,汚水,45.55932105249356,0.219
4394,汚水,37.2562362085205,0.268
4395,汚水,70.10880710590547,0.143
4396,汚水,16.67092918733061,0.6
4397,汚水,4.115017138401772,1.0
4398,汚水,18.47027249534359,0.541
4399,汚水,19.734435024441243,0.507
4400,汚水,36.73347053690079,0.272
4401,汚水,33.19700698316556,0.301
4402,汚水,4.0915125488481525,1.0
4403,汚水,6.507181390544303,1.0
4404,汚水,64.21277208953093,0.156
4405,汚水,14.469907458920703,0.691
4406,汚水,16.678753826771292,0.6
4407,汚水,18.133587420371885,0.551
4408,汚水,19.77211556475454,0.506
4409,汚水,8.229069598810868,1.0
4410,汚水,9.00234454155548,1.0
4411,汚水,69.54585084410893,0.144
4412,汚水,15.851169555623008,0.631
4413,汚水,33.913098386699446,0.295
4414,汚水,26.87975127256198,0.372
4415,汚水,12.478477258573237,0.801
11858,汚水,33.22849146796747,0.301
11859,汚水,8.36358655722246,1.0
11861,汚水,69.29179347280764,0.144
11862,汚水,59.06060040255529,0.169
11864,雨水,90.63146966504753,0.11
11865,雨水,8.889529205425616,1.0
11866,雨水,7.094633699223027,1.0
11868,雨水,15.314133124404886,0.653
11869,雨水,49.07861532352655,0.204
11870,雨水,17.664985937569817,0.566
11871,雨水,15.409953936263678,0.649
11872,雨水,89.22113883106317,0.112
11873,雨水,13.95037111520605,0.717
11874,雨水,95.57064335788732,0.105
11875,雨水,49.413463332819845,0.202
11876,雨水,6.817889644444102,1.0
11877,雨水,21.193956393183445,0.472
11878,雨水,79.20290763146679,0.126
11879,雨水,116.24147038629985,0.086
11880,雨水,26.406456127587667,0.379
11881,雨水,31.4373585079004,0.318
11882,雨水,38.000847582649435,0.263
11883,雨水,7.579783967895176,1.0
11884,雨水,3.236987642985846,1.0
11885,雨水,19.834758911238467,0.504
11886,雨水,51.301587070965745,0.195
11887,雨水,4.424033427585366,1.0
11888,雨水,39.30719824281488,0.254
11889,雨水,39.62187763538684,0.252
11890,雨水,39.857045203679846,0.251
11892,雨水,71.95450129648478,0.139
11893,雨水,54.92518421987,0.182
11894,雨水,38.180459331627915,0.262
11895,雨水,82.06028644452363,0.122
11896,雨水,73.89687174849745,0.135
11897,雨水,4.607785282806436,1.0
11898,雨水,10.077830570127821,0.992
11899,雨水,16.32315095194271,0.613
11901,雨水,138.84988425402537,0.072
11902,雨水,114.99622937800997,0.087
11903,雨水,136.47400855880772,0.073
11904,雨水,16.039963050045518,0.623
11905,雨水,97.13042732364184,0.103
11908,雨水,34.24840782852072,0.292
11909,雨水,49.56844777765368,0.202
11910,雨水,49.71988281442225,0.201
11911,雨水,39.77407077922557,0.251
11912,雨水,29.98985862671334,0.333
11914,雨水,20.223234286338187,0.494
11915,雨水,19.019984410181777,0.526
11916,雨水,41.40545542650424,0.242
11917,雨水,15.546115018504038,0.643
11918,雨水,12.681331459715857,0.789
11919,雨水,152.19354112699966,0.066
11920,雨水,54.018315509048556,0.185
11921,雨水,34.94269621216417,0.286
11922,雨水,8.228700589168962,1.0
11923,雨水,69.14498427953778,0.145
11924,雨水,28.610332421400923,0.35
11925,雨水,11.574159707051157,0.864
11926,雨水,35.64975159680069,0.281
11927,雨水,30.692553641478145,0.326
11937,雨水,65.15472601834942,0.153
11938,雨水,50.136132855339554,0.199
11939,雨水,23.986884717054973,0.417
11940,雨水,20.009357527626644,0.5
11941,雨水,17.300907836913897,0.578
11942,雨水,2.8990876150991753,1.0
11943,雨水,73.44317813425678,0.136
11944,雨水,46.16924096328987,0.217
11945,雨水,63.824367238067914,0.157
11947,雨水,39.091456880034514,0.256
11949,雨水,54.425160829369304,0.184
11950,雨水,50.609390989164886,0.198
11952,雨水,20.220493886175245,0.495
11953,雨水,60.911902603914825,0.164
11954,雨水,60.01997785744481,0.167
11955,雨水,53.93374735618404,0.185
11956,雨水,53.0400890547773,0.189
11959,雨水,56.58038426416312,0.177
11960,雨水,58.02331610442158,0.172
11961,雨水,53.51845522396907,0.187
11962,雨水,58.396812660386225,0.171
11963,雨水,51.16451080615334,0.195
11964,雨水,49.1638102422546,0.203
11965,雨水,102.28616528912475,0.098
11966,雨水,86.97306927588353,0.115
11967,雨水,19.368668475032162,0.516
11968,雨水,56.21111400724223,0.178
11971,雨水,14.501810260321045,0.69
11972,雨水,14.340968760865847,0.697
11973,雨水,20.296473013460943,0.493
11974,雨水,25.52595883068015,0.392
11975,雨水,56.9248043574898,0.176
11976,雨水,56.62683641994732,0.177
11977,雨水,70.2890905130719,0.142
11978,雨水,42.77755295248831,0.234
11979,雨水,34.266950460281805,0.292
11980,雨水,77.69320686146646,0.129
11982,雨水,21.775835884277964,0.459
11983,雨水,51.419446582411524,0.194
11984,雨水,51.51308724837802,0.194
11985,雨水,50.20515564389284,0.199
11986,雨水,34.74443561952701,0.288
11987,雨水,28.196432206591187,0.355
11988,雨水,50.049468443426676,0.2
11989,雨水,42.77861322515243,0.234
11990,雨水,43.09587131824076,0.232
11991,雨水,85.2894714794748,0.117
11992,雨水,55.35469815617264,0.181
11993,雨水,48.8371646814628,0.205
11994,雨水,49.07994316086542,0.204
11995,雨水,78.55655640331742,0.127
11996,雨水,84.12551671060054,0.119
11997,雨水,23.786816426386675,0.42
11998,雨水,84.24915548933961,0.119
11999,雨水,94.52215720377983,0.106
12000,雨水,2.3111110543296824,1.0
12001,雨水,47.303662074704846,0.211
12002,雨水,70.64562628753409,0.142
12003,雨水,72.09747080482214,0.139
12004,雨水,49.04498217541419,0.204
12005,雨水,24.57306437913037,0.407
12006,雨水,47.45473923178323,0.211
12007,雨水,76.08474149957492,0.131
12008,雨水,15.552893803619416,0.643
12009,雨水,132.66059960699258,0.075
12010,雨水,57.041196090715445,0.175
12011,雨水,63.15123963847298,0.158
12012,雨水,29.23677337163619,0.342
12013,雨水,26.47423595484998,0.378
12014,雨水,34.79869681133466,0.287
12015,雨水,35.180098760487795,0.284
12016,雨水,32.65980702430451,0.306
12017,雨水,4.085954939146175,1.0
12018,雨水,72.39482591592409,0.138
12019,雨水,49.69429576446487,0.201
12020,雨水,11.361870684221902,0.88
12021,雨水,10.54351356353955,0.948
12022,雨水,29.126267689576416,0.343
12023,雨水,41.251022475201765,0.242
12024,雨水,35.53416790670782,0.281
12025,雨水,61.83011859580234,0.162
12026,雨水,75.4238347124435,0.133
12027,雨水,46.562723206429624,0.215
12028,雨水,44.0456155666237,0.227
12029,雨水,48.69344125312684,0.205
12030,雨水,71.45069855765304,0.14
12031,雨水,59.90232214003396,0.167
12032,雨水,55.3178006339276,0.181
12033,雨水,45.907724522719576,0.218
12034,雨水,45.32383637065711,0.221
12035,雨水,51.75448177086818,0.193
12036,雨水,45.60224516661666,0.219
12037,雨水,54.63563344526842,0.183
12038,雨水,14.276157690301307,0.7
12039,雨水,15.729180823738691,0.636
12040,雨水,45.406781367559,0.22
12041,雨水,11.933039458038847,0.838
12042,雨水,34.461281496330095,0.29
12043,雨水,79.27562122145282,0.126
12044,雨水,32.31790070475695,0.309
12045,雨水,14.91866635992613,0.67
12046,雨水,46.20767700387301,0.216
12047,雨水,27.35205437326727,0.366
12048,雨水,48.446220661815666,0.206
12049,雨水,2.1775640059392267,1.0
12050,雨水,25.404986931081954,0.394
12051,雨水,7.5431527323062175,1.0
12052,雨水,42.465547045465655,0.235
12053,雨水,44.69143463966548,0.224
12054,雨水,38.31562299174081,0.261
12055,雨水,47.428204481683665,0.211
12056,雨水,93.57282333241895,0.107
12057,雨水,27.4939814446311,0.364
12058,雨水,39.60717003220526,0.252
12061,雨水,12.238200741092152,0.817
12063,雨水,25.979288192766045,0.385
12064,雨水,38.794854932371976,0.258
12065,雨水,55.47479163823235,0.18
12066,雨水,50.554267377369406,0.198
12067,雨水,71.06895871950204,0.141
12068,雨水,36.962063454237736,0.271
12069,雨水,56.14478810497839,0.178
12070,雨水,90.26556491645242,0.111
12071,雨水,24.237848038893734,0.413
12072,雨水,31.687833316312105,0.316
12073,雨水,46.654359638298544,0.214
12074,雨水,51.7187834187256,0.193
12076,雨水,42.305145547740494,0.236
12077,雨水,29.158066518728376,0.343
12078,雨水,29.067345051843784,0.344
12079,雨水,33.77541384475005,0.296
12080,雨水,27.180144649368565,0.368
12081,雨水,49.728418976067246,0.201
12082,雨水,16.268527257468214,0.615
12083,雨水,72.10266047565388,0.139
12084,雨水,51.82223741734105,0.193
12085,雨水,50.0754837868922,0.2
12086,雨水,49.92324429961747,0.2
12087,雨水,7.855632501287182,1.0
12088,雨水,16.985259055973497,0.589
12089,雨水,47.80345435801654,0.209
12090,雨水,47.385512956936395,0.211
12091,雨水,12.114324584154796,0.825
12092,雨水,48.25209903952555,0.207
12093,雨水,49.91506217199975,0.2
12094,雨水,8.484412197619905,1.0
12096,雨水,50.24384916322281,0.199
12097,雨水,11.050754682024204,0.905
12098,雨水,50.27983431713085,0.199
12099,雨水,49.38843511988807,0.202
12100,雨水,8.71204451802483,1.0
12101,雨水,29.84190785289426,0.335
12102,雨水,25.721391599150888,0.389
12103,雨水,11.59086313433835,0.863
12104,雨水,69.52624801146855,0.144
12105,雨水,98.09189673085432,0.102
12106,雨水,70.00189928644588,0.143
12107,雨水,22.848618416764488,0.438
12108,雨水,63.53701093679983,0.157
12109,雨水,35.98544560225419,0.278
12110,雨水,78.65047970805057,0.127
12111,雨水,76.31663717244533,0.131
12112,雨水,73.33141440227614,0.136
12113,雨水,2.476416909267041,1.0
12114,雨水,50.68403989812035,0.197
12115,雨水,31.625779973850655,0.316
12116,雨水,21.297963627148278,0.47
12117,雨水,6.826190390684067,1.0
12118,雨水,22.468045421195832,0.445
12119,雨水,64.71890336369665,0.155
12121,雨水,19.32579267199012,0.517
12122,雨水,11.241804735678297,0.89
12123,雨水,28.858621968527665,0.347
12124,雨水,45.276733278526045,0.221
12125,雨水,21.113049873947865,0.474
12126,雨水,31.876093017688675,0.314
12128,雨水,39.01888811402435,0.256
12129,雨水,67.15909915562558,0.149
12130,雨水,17.629138188084223,0.567
12131,雨水,45.3848017863886,0.22
12132,雨水,51.172750511668326,0.195
12133,雨水,57.94952009729949,0.173
12134,雨水,22.918580555741915,0.436
12135,雨水,27.326943145168233,0.366
12136,雨水,27.386631728728442,0.365
12137,雨水,49.1758604724277,0.203
12138,雨水,51.33185502625894,0.195
12139,雨水,40.4581721225659,0.247
12140,雨水,30.79901475392794,0.325
12141,雨水,17.134620199710028,0.584
12142,雨水,32.54314187085897,0.307
12143,雨水,15.260836561740117,0.655
12144,雨水,14.088585942417488,0.71
12145,雨水,26.30048303795529,0.38
12146,雨水,15.550746647785259,0.643
12148,雨水,14.59334907540563,0.685
12149,雨水,20.56955665235225,0.486
12150,雨水,19.541536020864967,0.512
12151,雨水,20.49571576850174,0.488
12152,雨水,34.140493863260545,0.293
12153,雨水,9.714130843262197,1.0
12154,雨水,48.09715667546932,0.208
12155,雨水,15.688304851398584,0.637
12156,雨水,48.96826646798975,0.204
12157,雨水,46.195361552948874,0.216
12158,雨水,106.24073628523095,0.094
12159,雨水,118.78698224754014,0.084
12160,雨水,21.160376382748673,0.473
12161,雨水,32.05522408091045,0.312
12162,雨水,50.0072079385806,0.2
12163,雨水,14.09199824545949,0.71
12164,雨水,39.526196102108436,0.253
12165,雨水,40.96213927040769,0.244
12166,雨水,90.15578987805033,0.111
12167,雨水,39.08229809676062,0.256
12168,雨水,39.91209518265285,0.251
12169,雨水,39.05025148099157,0.256
12170,雨水,64.54475997971747,0.155
12171,雨水,90.65173007685243,0.11
12172,雨水,74.82444062108551,0.134
12173,雨水,44.249738919632044,0.226
12174,雨水,70.6349949666371,0.142
12175,雨水,31.189218405332568,0.321
12176,雨水,38.973320175336596,0.257
12177,雨水,39.057971432018704,0.256
12178,雨水,305.90993121395195,0.033
12179,雨水,32.18418897243921,0.311
4416,汚水,9.799078180458604,1.0
4417,汚水,29.942117004108017,0.334
4418,汚水,4.223520706632165,1.0
4419,汚水,7.234138286420109,1.0
4420,汚水,26.411774917648962,0.379
4421,汚水,4.489486704003853,1.0
4422,汚水,14.640545626768438,0.683
4423,汚水,20.706958517360505,0.483
4424,汚水,9.565869900416454,1.0
4425,汚水,6.007053279778052,1.0
4426,汚水,9.623503988972486,1.0
4427,汚水,3.924397951882625,1.0
4428,汚水,18.553006720139287,0.539
4429,汚水,52.436016905704385,0.191
4430,汚水,18.90487637070543,0.529
4431,汚水,31.34948311928268,0.319
4432,汚水,8.751577770174343,1.0
4433,汚水,10.304889635937268,0.97
4434,汚水,3.515641832458973,1.0
4435,汚水,25.18021618853024,0.397
4436,汚水,6.724557605352195,1.0
4437,汚水,56.8264954847424,0.176
4438,汚水,26.18662896027956,0.382
4439,汚水,22.44735849059168,0.445
4440,汚水,21.94792407984794,0.456
4441,汚水,38.83130262528649,0.258
4442,汚水,26.900813949839424,0.372
4443,汚水,35.75304920212658,0.28
4444,汚水,14.866790444505321,0.673
4445,汚水,18.155490295911378,0.551
4446,汚水,29.29746271875238,0.341
4447,汚水,33.550113283821396,0.298
4448,汚水,59.38197713511171,0.168
4449,汚水,14.316928062598958,0.698
4450,汚水,17.49324347156551,0.572
4451,汚水,13.217391892764319,0.757
4452,汚水,16.70875442473224,0.598
4453,汚水,42.74741221385415,0.234
4454,汚水,144.69328359612592,0.069
4455,汚水,54.569225531802815,0.183
4456,汚水,9.308653051558148,1.0
4457,汚水,19.45118429324952,0.514
4458,汚水,9.357524649928978,1.0
4459,汚水,28.904709173265683,0.346
4460,汚水,19.83258391706023,0.504
4461,汚水,3.8221888667112194,1.0
4462,汚水,31.978518504701167,0.313
4463,汚水,4.45166178036441,1.0
4464,汚水,15.427492603706385,0.648
4465,汚水,72.65544296951666,0.138
4466,汚水,74.58335772785138,0.134
4467,汚水,42.13244309228539,0.237
4468,汚水,72.07619311933414,0.139
4469,汚水,94.93392358662197,0.105
4470,汚水,5.2547585002733985,1.0
4471,汚水,34.80228498589923,0.287
4472,汚水,32.384848839469264,0.309
4473,汚水,22.21879233853943,0.45
4474,汚水,50.99498205710604,0.196
4475,汚水,21.50929477795817,0.465
4476,汚水,36.16212420643841,0.277
4477,汚水,51.373405039610475,0.195
4478,汚水,27.72525481043072,0.361
4479,汚水,41.43978535613532,0.241
4480,汚水,5.8213461804834,1.0
4481,汚水,29.773727305702767,0.336
4482,汚水,36.48762480404324,0.274
4483,汚水,99.97306677374809,0.1
4484,汚水,24.419179901865782,0.41
4485,汚水,54.92014809562127,0.182
4486,汚水,87.66194441934125,0.114
4487,汚水,5.4657953213168575,1.0
4488,汚水,22.896247220264804,0.437
4489,汚水,15.102302920318932,0.662
4490,汚水,43.3167641776524,0.231
4491,汚水,64.83618032999762,0.154
4492,汚水,5.548948150844139,1.0
4493,汚水,38.22636550343966,0.262
4494,汚水,53.33594963183479,0.187
4495,汚水,37.64911154918147,0.266
4496,汚水,43.888919808400935,0.228
4497,汚水,25.372959099526945,0.394
4498,汚水,27.535159684951296,0.363
4499,汚水,43.45845164508237,0.23
4500,汚水,45.01462001039943,0.222
4501,汚水,28.272421306628367,0.354
4503,汚水,54.74730167440409,0.183
4504,汚水,5.210770518353692,1.0
4505,汚水,17.744109860031788,0.564
4506,汚水,37.37729770659764,0.268
4507,汚水,68.0630609829962,0.147
4508,汚水,99.79575843435937,0.1
4509,汚水,100.6102747885259,0.099
4510,汚水,100.82816370584598,0.099
4511,汚水,17.703619053229303,0.565
4512,汚水,2.708245644192507,1.0
4513,汚水,4.657851572168043,1.0
4514,汚水,17.63662123913871,0.567
4515,汚水,7.419066931656539,1.0
4516,汚水,21.664472485063563,0.462
4517,汚水,12.492360349556483,0.8
4518,汚水,29.56997639025082,0.338
4519,汚水,26.966951856499684,0.371
4520,汚水,5.611263091673405,1.0
4521,汚水,80.73198336677638,0.124
4522,汚水,26.600665731868464,0.376
4523,汚水,19.046930063172045,0.525
4524,汚水,6.828051586753574,1.0
4525,汚水,10.614864485262661,0.942
4526,汚水,4.998560347737399,1.0
4527,汚水,10.12995551226476,0.987
4528,汚水,11.31346624009481,0.884
4529,汚水,3.8262465271754733,1.0
4530,汚水,41.86378560079401,0.239
4531,汚水,27.352475268211506,0.366
4532,汚水,32.015686564911896,0.312
4533,汚水,24.341517578879152,0.411
4534,汚水,39.40912574879949,0.254
4535,汚水,20.981257105342888,0.477
4536,汚水,45.34415171556423,0.221
4537,汚水,12.974898888695845,0.771
4538,汚水,38.626452072445915,0.259
4539,汚水,30.412027794470088,0.329
4540,汚水,6.600733538105982,1.0
4541,汚水,37.68982948705957,0.265
4542,汚水,8.12368135182576,1.0
4543,汚水,7.1402354506615335,1.0
4544,汚水,7.8276927377576015,1.0
4545,汚水,26.234088066629763,0.381
4546,汚水,25.102113331655385,0.398
4547,汚水,50.9449710933486,0.196
4548,汚水,55.946204269536494,0.179
4549,汚水,12.0867469603472,0.827
4550,汚水,50.28839835262434,0.199
4551,汚水,6.484940944326551,1.0
4552,汚水,13.051901755671407,0.766
4553,汚水,22.241807317147853,0.45
4555,汚水,3.6676270367649177,1.0
4556,汚水,11.26143873520299,0.888
4557,汚水,29.744583631628817,0.336
4558,汚水,48.95488886114578,0.204
4559,汚水,20.13898159820791,0.497
4560,汚水,11.066074693156121,0.904
4562,汚水,14.158639138789022,0.706
4563,汚水,71.30932531433182,0.14
4564,汚水,31.30827512702134,0.319
4565,汚水,25.215164686965764,0.397
4566,汚水,21.911086443261613,0.456
4567,汚水,18.99067162511676,0.527
4568,汚水,11.816592897967988,0.846
4569,汚水,19.80855359837977,0.505
4570,汚水,21.718344945792115,0.46
4571,汚水,22.804185430137196,0.439
4572,汚水,3.166205078031493,1.0
4573,汚水,14.97343568464818,0.668
4575,汚水,25.985357614883934,0.385
4576,汚水,69.00811334263103,0.145
4577,汚水,10.89238214473523,0.918
4578,汚水,31.944195651405693,0.313
4579,汚水,14.488933471301298,0.69
4580,汚水,26.69864922613461,0.375
4581,汚水,43.800497259662656,0.228
4582,汚水,24.296626576991496,0.412
4583,汚水,46.759044451358456,0.214
4584,汚水,46.47180276484746,0.215
4586,汚水,23.156609243097293,0.432
4587,汚水,34.50220558859968,0.29
4588,汚水,18.80359032719663,0.532
4589,汚水,10.85303519253183,0.921
4590,汚水,20.15458612014628,0.496
4591,汚水,19.195951028544187,0.521
4592,汚水,16.42154913459042,0.609
4593,汚水,32.7443443076303,0.305
4594,汚水,10.475044901227182,0.955
4595,汚水,9.559903922759352,1.0
4596,汚水,8.694425623138168,1.0
4597,汚水,6.3285585860678255,1.0
4598,汚水,12.674036778417042,0.789
4599,汚水,4.359199760161787,1.0
4600,汚水,57.91202131641711,0.173
4602,汚水,32.44146139414855,0.308
4603,汚水,42.492634087921495,0.235
4604,汚水,24.087203204057918,0.415
4605,汚水,35.700352949466755,0.28
4606,汚水,6.742241046762959,1.0
4607,汚水,83.5147021074183,0.12
4608,汚水,11.536790615722806,0.867
4609,汚水,4.95375588273102,1.0
4610,汚水,41.720585727275875,0.24
4611,汚水,86.35015367818364,0.116
4613,汚水,51.665229745576504,0.194
4614,汚水,51.745124055294944,0.193
4615,汚水,34.92034025061501,0.286
4616,汚水,7.605261044869114,1.0
4617,汚水,8.390193587093439,1.0
4618,汚水,69.80930925550506,0.143
4619,汚水,41.43116936197506,0.241
4620,汚水,59.21223270470965,0.169
4621,汚水,69.53279085612094,0.144
4622,汚水,44.089201828546834,0.227
4623,汚水,54.690344563240025,0.183
4624,汚水,54.56827802854629,0.183
4625,汚水,32.447767308142936,0.308
4626,汚水,38.63398547799947,0.259
4627,汚水,59.452249969649316,0.168
4628,汚水,37.4413569494976,0.267
4629,汚水,25.476740323160307,0.393
4630,汚水,14.512558737352794,0.689
4631,汚水,46.13003587339583,0.217
4632,汚水,4.525959545815459,1.0
4633,汚水,50.333906606767904,0.199
4634,汚水,5.024992204260775,1.0
4635,汚水,21.881423575158877,0.457
4636,汚水,19.67713524066377,0.508
4637,汚水,38.16020048250914,0.262
4638,汚水,14.336867401447938,0.698
4639,汚水,33.783554022149254,0.296
4640,汚水,63.7749697797952,0.157
4641,汚水,39.817372393904144,0.251
4642,汚水,31.42198208585458,0.318
4643,汚水,20.103613227213025,0.497
4644,汚水,46.66426832154298,0.214
4645,汚水,33.979353877070054,0.294
4646,汚水,50.09958485423149,0.2
4647,汚水,27.943003865049807,0.358
4648,汚水,24.599087820903456,0.407
4650,汚水,23.59821191739084,0.424
4651,汚水,35.721769970835645,0.28
4652,汚水,49.171151739829206,0.203
4654,汚水,11.280003172665893,0.887
4656,汚水,17.318381513491605,0.577
4658,汚水,4.536003302429493,1.0
4659,汚水,38.92641595139044,0.257
4661,汚水,16.258565599978855,0.615
4662,汚水,37.79889175920859,0.265
4663,汚水,37.50483708852429,0.267
4664,汚水,20.151072355914565,0.496
4666,汚水,19.85664419819887,0.504
4667,汚水,15.443900807866644,0.648
4668,汚水,13.077175067149794,0.765
4669,汚水,3.593699720217845,1.0
4670,汚水,3.7594999847701303,1.0
4671,汚水,7.915136170410172,1.0
4672,汚水,19.60478884948833,0.51
4673,汚水,10.973017224494502,0.911
4674,汚水,38.51380878805714,0.26
4675,汚水,40.413015487576146,0.247
4676,汚水,14.59415658610427,0.685
4677,汚水,15.95367186726004,0.627
4678,汚水,21.818966409485498,0.458
4679,汚水,34.13440748076962,0.293
4680,汚水,11.779764282236119,0.849
4681,汚水,16.141135592330798,0.62
4682,汚水,25.04736047316018,0.399
4683,汚水,51.99511815045822,0.192
4684,汚水,8.650028956745924,1.0
4685,汚水,36.92765316234427,0.271
4686,汚水,49.80935080670682,0.201
4687,汚水,10.473067156040608,0.955
4688,汚水,24.938414483177894,0.401
4689,汚水,22.050110458748904,0.454
4690,汚水,12.150897007466655,0.823
4691,汚水,33.09117301198119,0.302
4692,汚水,37.96120561064436,0.263
4693,汚水,18.100313496196463,0.552
4694,汚水,23.509058037159964,0.425
4695,汚水,9.853575359248905,1.0
4696,汚水,39.15748740683217,0.255
4697,汚水,56.15345469897024,0.178
4698,汚水,25.28764897150131,0.395
4699,汚水,43.40386422638847,0.23
4700,汚水,47.19738006001934,0.212
4701,汚水,38.20374484108828,0.262
4702,汚水,15.28443553013891,0.654
4703,汚水,43.05474759958982,0.232
4704,汚水,42.11074138408994,0.237
4705,汚水,201.13881579756114,0.05
4706,汚水,38.35241450493473,0.261
4707,汚水,54.881283068785876,0.182
4708,汚水,32.87182651733394,0.304
4709,汚水,43.654908461747276,0.229
4711,汚水,19.94066295663158,0.501
4712,汚水,62.02341940960398,0.161
4713,汚水,25.802806119155896,0.388
4714,汚水,44.80150072207808,0.223
4715,汚水,7.351530566816418,1.0
4716,汚水,36.50157769413764,0.274
4717,汚水,43.80444252031489,0.228
4718,汚水,45.82158242923867,0.218
4719,汚水,45.85517688836356,0.218
4720,汚水,26.601397531763205,0.376
4721,汚水,29.83773319163884,0.335
4722,汚水,33.8535295352059,0.295
4724,汚水,9.600330886872644,1.0
4725,汚水,48.30638880969486,0.207
4727,汚水,6.85893577750488,1.0
4728,汚水,51.875049445527665,0.193
4730,汚水,43.57473064290337,0.229
4731,汚水,39.42801502756602,0.254
4732,汚水,18.363007418286294,0.545
4733,汚水,52.70183590683165,0.19
4734,汚水,126.82377956372166,0.079
4735,汚水,23.684945888239625,0.422
4736,汚水,75.09156447218477,0.133
4737,汚水,148.40771009172042,0.067
12180,雨水,114.37609709760389,0.087
12181,雨水,77.15466359503628,0.13
12182,雨水,63.919372499584135,0.156
12183,雨水,62.83932774180919,0.159
12184,雨水,85.81437343267412,0.117
12185,雨水,41.94457414677768,0.238
12186,雨水,22.43321493997219,0.446
12187,雨水,6.869419527082897,1.0
12192,雨水,65.27340331998798,0.153
12193,雨水,23.057498466710506,0.434
12194,雨水,30.896205977312544,0.324
12196,雨水,4.976643117203455,1.0
12197,雨水,150.72609669520264,0.066
12198,雨水,34.96507936763204,0.286
12199,雨水,68.70059539483407,0.146
12202,雨水,14.509655792421036,0.689
12203,雨水,35.54333997788379,0.281
12204,雨水,84.58940998665669,0.118
12205,雨水,9.06264108762609,1.0
12206,雨水,47.4784388981543,0.211
12207,雨水,33.89698872975297,0.295
12208,雨水,27.223644136975498,0.367
12209,雨水,5.636281963315598,1.0
12210,雨水,6.098976739191745,1.0
12212,雨水,64.65210019374831,0.155
12213,雨水,8.284386547611042,1.0
12214,雨水,28.090732747044765,0.356
12215,雨水,28.119955458656577,0.356
12216,雨水,28.25589609156294,0.354
12217,雨水,18.184100248222382,0.55
12218,雨水,97.74160814715248,0.102
12219,雨水,142.6111673951049,0.07
12220,雨水,137.80403723065683,0.073
12222,雨水,42.96902005127328,0.233
12223,雨水,23.11034251781175,0.433
12224,雨水,36.527983501040545,0.274
12225,雨水,17.938647453804922,0.557
12226,雨水,63.44299752316979,0.158
12227,雨水,16.77831576768302,0.596
12228,雨水,22.886339066413974,0.437
12229,雨水,60.849496390743795,0.164
12230,雨水,53.98333731513965,0.185
12232,雨水,26.920301872548837,0.371
12233,雨水,89.79220972447818,0.111
12234,雨水,5.583646550907782,1.0
12235,雨水,6.161107815935136,1.0
12236,雨水,65.09263895740065,0.154
12237,雨水,67.94053707429727,0.147
12238,雨水,20.51723999865852,0.487
12239,雨水,59.50787570473065,0.168
12240,雨水,4.217823115226574,1.0
12241,雨水,71.93442563249138,0.139
12242,雨水,77.45048955710008,0.129
12243,雨水,17.809339501140883,0.562
12244,雨水,40.93109679668332,0.244
12245,雨水,19.634103233757564,0.509
12246,汚水,31.050855110726335,0.322
12247,汚水,39.609143351106944,0.252
12248,汚水,31.8371286306534,0.314
12250,汚水,8.838860259962559,1.0
12251,汚水,32.83431153829636,0.305
12252,汚水,7.854148629428005,1.0
12253,汚水,14.038649053080913,0.712
12254,汚水,17.190020088951744,0.582
12255,汚水,15.09407869738482,0.663
12256,汚水,17.254136991598603,0.58
12257,汚水,4.365900925518323,1.0
12258,汚水,15.085916896960171,0.663
12259,汚水,5.364021328117214,1.0
12260,汚水,19.386703097930212,0.516
12261,汚水,67.534461338808,0.148
12262,汚水,20.164099952653693,0.496
12263,汚水,15.88547537059427,0.63
12264,汚水,14.669647324885787,0.682
12265,汚水,50.05719386460654,0.2
12266,汚水,22.53951476737989,0.444
12267,汚水,10.747934346991023,0.93
12268,汚水,10.121153002215879,0.988
12269,汚水,9.97050171139319,1.0
12270,汚水,26.934354447333654,0.371
12271,汚水,8.53161510517432,1.0
12272,汚水,8.991076193922057,1.0
12273,汚水,8.574389025870419,1.0
12274,汚水,5.268740941355834,1.0
12275,汚水,13.030374446369425,0.767
12276,汚水,12.640450016485175,0.791
12277,汚水,46.20213458026109,0.216
12278,汚水,13.639752637612592,0.733
12279,汚水,15.164744516503246,0.659
12280,汚水,1.5733569038749922,1.0
12281,汚水,11.993855503574354,0.834
12282,汚水,13.304295419031178,0.752
12283,汚水,17.783948992122326,0.562
12284,汚水,11.547885155027664,0.866
12285,汚水,7.7915292568223755,1.0
12286,汚水,22.611186191620234,0.442
12287,汚水,15.045805764965271,0.665
12288,汚水,14.109054086591536,0.709
12289,汚水,10.277642806924671,0.973
12290,汚水,15.357923437794106,0.651
12291,汚水,6.012388317865434,1.0
12292,汚水,11.038964685720682,0.906
12293,汚水,5.4328545000860196,1.0
12294,汚水,6.0191503813281635,1.0
12295,汚水,16.497596825048728,0.606
12296,雨水,85.33868712527236,0.117
12297,汚水,18.227821242033087,0.549
12298,汚水,17.034969162302144,0.587
12299,汚水,16.027422437775215,0.624
12300,汚水,12.07514675062031,0.828
12301,汚水,12.173233768461145,0.821
12302,汚水,7.679147166042227,1.0
12303,汚水,6.0843028492571865,1.0
12304,汚水,12.97885038822641,0.77
12305,汚水,7.8264848042857444,1.0
12306,汚水,9.502470713045822,1.0
12307,汚水,15.15437775237844,0.66
12308,汚水,18.81187574695805,0.532
12309,汚水,3.041222482192946,1.0
12311,汚水,4.872405259927198,1.0
12312,汚水,6.632819871438625,1.0
12313,汚水,7.219797775017186,1.0
12314,汚水,4.451000000000931,1.0
12315,汚水,7.333351272717646,1.0
12316,汚水,21.37547283284996,0.468
12317,汚水,19.04359502546839,0.525
12318,汚水,23.76571956071465,0.421
12319,汚水,36.340198642603944,0.275
12321,汚水,7.165755654024364,1.0
12322,汚水,18.653809019530048,0.536
12323,汚水,38.91399547514551,0.257
12324,汚水,1.6067044986762495,1.0
12325,汚水,8.816101773654983,1.0
12326,汚水,2.378785043323228,1.0
12327,汚水,29.199044811935877,0.342
12328,汚水,13.5487154965086,0.738
12329,汚水,24.841930563953976,0.403
12330,汚水,24.903885819275153,0.402
12332,汚水,26.86622774331769,0.372
12333,汚水,26.034900504019333,0.384
12335,汚水,17.168112684190397,0.582
12336,汚水,16.865681792183008,0.593
12337,汚水,34.4461745460691,0.29
12338,汚水,46.73411927460244,0.214
12342,汚水,63.280166652509216,0.158
12343,汚水,28.734834222738417,0.348
12344,汚水,37.00979676017251,0.27
12345,汚水,2.640175425095628,1.0
12346,汚水,19.893020825689224,0.503
12347,汚水,45.78020083701523,0.218
12348,汚水,8.02300164609107,1.0
12349,汚水,46.97031618933006,0.213
12350,汚水,34.8760003725789,0.287
12351,汚水,28.044767535097098,0.357
12352,汚水,51.49647596269542,0.194
12353,汚水,44.668481247097056,0.224
12354,汚水,37.83633855334102,0.264
12355,汚水,66.73744995966494,0.15
12356,汚水,42.8918309989397,0.233
12357,汚水,34.83384590642305,0.287
12358,汚水,45.29299317771704,0.221
12359,汚水,27.547787897471622,0.363
12360,汚水,82.44632932859977,0.121
12361,汚水,34.64468501207475,0.289
12362,汚水,17.423846291824294,0.574
12363,汚水,19.0435292218843,0.525
12364,汚水,25.95479746559504,0.385
12365,汚水,7.58678269872977,1.0
12366,汚水,13.321218620226162,0.751
12367,汚水,35.605763434648104,0.281
12368,汚水,37.068125847966556,0.27
12369,汚水,40.35136322705733,0.248
12370,汚水,32.969889424762805,0.303
12371,汚水,28.154323754811976,0.355
12372,汚水,38.82148031709053,0.258
12373,汚水,12.057858149256873,0.829
12374,汚水,36.1520908430117,0.277
12375,汚水,16.1663639112709,0.619
12376,汚水,7.898831085287696,1.0
12377,汚水,79.50846222602883,0.126
12378,汚水,48.43687807103007,0.206
12379,汚水,18.38659411661729,0.544
12380,汚水,6.786199578532968,1.0
12381,汚水,9.07017204908533,1.0
12382,汚水,21.667891819639593,0.462
12384,汚水,29.440372523082594,0.34
12385,汚水,18.829075772132285,0.531
12386,汚水,3.2761307737350793,1.0
12388,汚水,13.682758228126147,0.731
12389,汚水,13.305318600016065,0.752
12390,汚水,7.51800529281526,1.0
12391,汚水,14.117269281853776,0.708
12392,汚水,7.2486858242792085,1.0
12393,汚水,26.7196646759493,0.374
12394,汚水,19.818754786482973,0.505
12395,汚水,22.184669126746975,0.451
12396,汚水,14.037618101780051,0.712
12397,汚水,25.183698454415676,0.397
12398,汚水,10.825547036425537,0.924
12399,汚水,5.526030174237452,1.0
12400,汚水,26.90028044211521,0.372
12401,汚水,20.63832223331144,0.485
12402,汚水,29.44245300575893,0.34
12403,汚水,45.59598787978525,0.219
12404,汚水,14.958995270393327,0.668
12405,汚水,48.357229701284005,0.207
12406,汚水,7.118658079926456,1.0
12407,汚水,19.258099373115794,0.519
12408,汚水,22.634224085708965,0.442
12409,汚水,12.624750516002138,0.792
12410,汚水,11.108037422704315,0.9
12411,汚水,24.95879104127492,0.401
12412,汚水,24.413836733957815,0.41
12413,汚水,9.886950518790941,1.0
12414,汚水,12.820855049086124,0.78
12415,汚水,30.346174617304836,0.33
12416,汚水,21.273603194962824,0.47
12417,汚水,21.51649298968115,0.465
12418,汚水,37.632289817934954,0.266
12419,汚水,37.99300187465063,0.263
12420,汚水,43.22001984081152,0.231
12421,汚水,17.366062756648365,0.576
12422,汚水,21.56622419582291,0.464
12424,汚水,13.476193595589615,0.742
12425,汚水,9.5039444003593,1.0
12426,汚水,16.455579928448124,0.608
12427,雨水,45.698765874223156,0.219
12428,汚水,3.605551275463989,1.0
12432,汚水,29.143783236478967,0.343
12433,汚水,30.190107927544116,0.331
12434,汚水,44.19863208828033,0.226
12435,汚水,43.076859983800944,0.232
12436,汚水,42.94373547341395,0.233
12437,汚水,46.4070758767582,0.215
12438,汚水,2.8404305980750535,1.0
12439,汚水,38.420733751097984,0.26
12440,汚水,4.85888000396607,1.0
12441,汚水,6.630015898228935,1.0
12442,汚水,20.308277517250616,0.492
12443,汚水,44.5728341439845,0.224
12445,汚水,39.08795153446983,0.256
12446,汚水,5.150342859906278,1.0
12447,汚水,41.70373036206182,0.24
12448,汚水,5.726618029066637,1.0
12449,汚水,34.1276367272331,0.293
12450,汚水,41.31218320380087,0.242
12451,汚水,64.45196730026689,0.155
12452,汚水,25.95186551122537,0.385
12453,汚水,26.592044312105735,0.376
12454,汚水,45.84513625444179,0.218
12455,汚水,45.80618667847048,0.218
12456,汚水,5.350254093941519,1.0
12457,汚水,42.716379886365814,0.234
12458,汚水,5.461670458948584,1.0
12459,汚水,27.799524274282884,0.36
12460,汚水,17.10983835485887,0.584
12461,汚水,22.531051813923114,0.444
12462,汚水,4.484480428081574,1.0
12463,汚水,48.14102297737667,0.208
12464,汚水,49.37579799042458,0.203
12465,汚水,43.70317379759343,0.229
12466,汚水,45.46876588080824,0.22
12467,汚水,99.73326595727607,0.1
12468,汚水,17.86487620245127,0.56
12469,汚水,15.70553314148584,0.637
12470,汚水,13.489925800820417,0.741
12471,汚水,15.944145757831203,0.627
12472,汚水,19.08677365223835,0.524
12474,汚水,9.990583079047408,1.0
12475,汚水,3.353186737454816,1.0
12477,汚水,7.78051461155557,1.0
12478,汚水,15.867218363962204,0.63
12479,汚水,16.671522833063094,0.6
12480,汚水,20.399339048253136,0.49
12481,汚水,29.395265024070703,0.34
12482,汚水,22.137021724159577,0.452
12483,汚水,88.06450793486604,0.114
12484,汚水,54.61129900470179,0.183
12485,汚水,4.964392062787078,1.0
12486,汚水,52.558610865508236,0.19
12487,汚水,37.017556034172095,0.27
12488,汚水,78.34270941507532,0.128
12489,汚水,52.25065142642415,0.191
12490,汚水,70.88794632231868,0.141
12491,汚水,43.67072008951501,0.229
12492,汚水,13.44330684444685,0.744
12493,汚水,4.616018881027063,1.0
12494,汚水,42.72627546652992,0.234
12495,汚水,22.020536998693085,0.454
12496,汚水,68.60336492177629,0.146
12497,汚水,50.25017745215865,0.199
12498,汚水,86.22464310839975,0.116
12499,汚水,46.977487836852326,0.213
12500,汚水,71.71504328204044,0.139
12501,汚水,14.088749607888676,0.71
12502,汚水,22.071272370041573,0.453
4738,汚水,9.541922337836558,1.0
4739,汚水,36.504979123930724,0.274
4740,汚水,65.57887946427819,0.152
4741,汚水,37.49963584011815,0.267
4742,汚水,48.38325748947694,0.207
4743,汚水,28.945559215609997,0.345
4744,汚水,4.234305741991784,1.0
4745,汚水,42.30381495474572,0.236
4746,汚水,36.54186823721234,0.274
4747,汚水,47.703300407615004,0.21
4748,汚水,46.20274638856179,0.216
4749,汚水,47.005030659644355,0.213
4750,汚水,5.482949940060214,1.0
4751,汚水,3.6505164916573722,1.0
4752,汚水,5.401153601640338,1.0
4753,汚水,101.18537295185907,0.099
4754,汚水,3.1185072125523616,1.0
4755,汚水,33.69904498988896,0.297
4756,汚水,41.95706882356034,0.238
4757,汚水,32.22512448152314,0.31
4758,汚水,21.144298797055377,0.473
4759,汚水,45.187786850896124,0.221
4760,汚水,44.59726566916145,0.224
4761,汚水,13.700102458586898,0.73
4762,汚水,21.150067112294593,0.473
4763,汚水,9.12452857878098,1.0
4764,汚水,50.4470923834656,0.198
4765,汚水,45.92419222050807,0.218
4766,汚水,50.14795406955843,0.199
4767,汚水,17.304895902411314,0.578
4768,汚水,3.9033024082880776,1.0
4769,汚水,4.046210371508183,1.0
4770,汚水,51.78277801265476,0.193
4771,汚水,47.04976135798289,0.213
4772,汚水,5.467275608582036,1.0
4773,汚水,5.758055556607962,1.0
4774,汚水,2.0120068716679302,1.0
4775,汚水,50.43170273011346,0.198
4776,汚水,17.636156146959486,0.567
4777,汚水,52.51988570260437,0.19
4778,汚水,46.1275289565071,0.217
4779,汚水,105.22242253725098,0.095
4780,汚水,2.5056187022859664,1.0
4781,汚水,11.44099025904732,0.874
4782,汚水,10.93372768876319,0.915
4783,汚水,39.03146761328604,0.256
4784,汚水,36.177236888811095,0.276
4785,汚水,19.980590464642255,0.5
4786,汚水,10.781987684428604,0.927
4787,汚水,7.140203137386832,1.0
4788,汚水,22.272395674954367,0.449
4789,汚水,21.526800682099335,0.465
4790,汚水,3.8160844654685113,1.0
4791,汚水,12.454417441948163,0.803
4792,汚水,25.73599773417664,0.389
4793,汚水,5.310955988430442,1.0
4794,汚水,10.514870738605055,0.951
4795,汚水,14.947247702177561,0.669
4796,汚水,13.590467718971919,0.736
4797,汚水,23.83212200120778,0.42
4798,汚水,37.35809833162241,0.268
4799,汚水,38.972522773811264,0.257
4800,汚水,3.8680100388549024,1.0
4801,汚水,45.04650058785161,0.222
4802,汚水,16.07521120242135,0.622
4803,汚水,6.57499999999709,1.0
4804,汚水,2.6184441967867595,1.0
4805,汚水,14.782057252276042,0.676
4806,汚水,16.550717630655807,0.604
4807,汚水,27.848188092191783,0.359
4808,汚水,4.95088480102497,1.0
4809,汚水,5.419005946149705,1.0
4810,汚水,10.734059608015896,0.932
4811,汚水,11.041541357040918,0.906
4812,汚水,29.947891454951435,0.334
4813,汚水,34.39919492502838,0.291
4814,汚水,29.03917342375925,0.344
4815,汚水,26.877853667033076,0.372
4816,汚水,25.914075954127476,0.386
4817,汚水,32.01550720915092,0.312
4818,汚水,35.719924680806784,0.28
4819,汚水,13.829555775294974,0.723
4820,汚水,21.403817588544367,0.467
4821,汚水,5.9850335366511604,1.0
4822,汚水,8.80525452392075,1.0
4823,汚水,3.254708531176818,1.0
4824,汚水,21.181359761099753,0.472
4825,汚水,32.63921067380371,0.306
4826,汚水,29.92763340587755,0.334
4827,汚水,7.825040130365286,1.0
4828,汚水,21.967319763660683,0.455
4829,汚水,122.33400097782895,0.082
4830,汚水,27.049127501636388,0.37
4831,汚水,27.205231692129857,0.368
4832,汚水,9.584551652081718,1.0
4833,汚水,27.836128290817435,0.359
4834,汚水,46.914876147818205,0.213
4835,汚水,49.099063096314545,0.204
4836,汚水,7.575041373971231,1.0
4837,汚水,39.070494449858145,0.256
4838,汚水,9.220392572922979,1.0
4839,汚水,117.96635470506834,0.085
4840,汚水,37.93583795543776,0.264
4841,汚水,34.118062783059294,0.293
4842,汚水,8.862949817960569,1.0
4844,汚水,41.11487752715749,0.243
4845,汚水,48.81742401550073,0.205
4846,汚水,12.746691448503515,0.785
4847,汚水,2.5961512848843364,1.0
4848,汚水,24.217285309490784,0.413
4849,汚水,7.197265110157328,1.0
4850,汚水,40.26209511062973,0.248
4852,汚水,57.22002027726663,0.175
4854,汚水,36.9939371526038,0.27
4855,汚水,8.86907613534062,1.0
4856,汚水,21.287112217700667,0.47
4857,汚水,7.0794160682725975,1.0
4859,汚水,17.230414427159975,0.58
4860,汚水,34.70108078951482,0.288
4861,汚水,12.807639438491343,0.781
4862,汚水,19.532045390592554,0.512
4863,汚水,29.76191731144586,0.336
4864,汚水,13.489989871832652,0.741
4865,汚水,7.413248894852256,1.0
4866,汚水,33.886085214586004,0.295
4867,汚水,19.62134028451182,0.51
4868,汚水,23.018308455178403,0.434
4869,汚水,24.656237135681618,0.406
4870,汚水,24.80426843590568,0.403
4871,汚水,42.72561243709029,0.234
4872,汚水,11.496195260363601,0.87
4873,汚水,3.341601907453378,1.0
4874,汚水,22.934213476169397,0.436
4875,汚水,32.90161425413912,0.304
4876,汚水,17.688432007484103,0.565
4877,汚水,44.06820065424562,0.227
4878,汚水,28.840905119528802,0.347
4879,汚水,24.709537659126877,0.405
4880,汚水,15.849966349297437,0.631
4881,汚水,26.41350754892376,0.379
4882,汚水,9.021398528347554,1.0
4883,汚水,5.361086787109575,1.0
4884,汚水,21.62938991960157,0.462
4885,汚水,66.64224983171276,0.15
4886,汚水,24.974613222705898,0.4
4887,汚水,6.74416091752211,1.0
4888,汚水,18.22910203581365,0.549
4889,汚水,12.910627055435999,0.775
4890,汚水,9.65116610532772,1.0
4891,汚水,9.27614990260426,1.0
4892,汚水,4.0670211303290795,1.0
4893,汚水,10.399501570992587,0.962
4894,汚水,3.0054119489128643,1.0
4895,汚水,8.186391468624155,1.0
4896,汚水,8.330103625316895,1.0
4897,汚水,10.213839375852777,0.979
4898,汚水,7.561284868107107,1.0
4899,汚水,21.403591118025375,0.467
4900,汚水,15.04787952852881,0.665
4901,汚水,22.15854241402214,0.451
4902,汚水,61.69489500169116,0.162
4903,汚水,4.695743019348101,1.0
4904,汚水,4.225665801769134,1.0
4905,汚水,10.246493502453314,0.976
4906,汚水,6.627313336015746,1.0
4907,汚水,4.220328736852838,1.0
4908,汚水,3.8309393812584913,1.0
4909,汚水,6.374727315143748,1.0
4910,汚水,19.117312229792166,0.523
4911,汚水,11.928028872383884,0.838
4912,汚水,37.45011918001716,0.267
4913,汚水,7.645245556513268,1.0
4914,汚水,2.764254808859481,1.0
4915,汚水,4.786244141588763,1.0
4916,汚水,16.9743677498515,0.589
4917,汚水,21.24314642790211,0.471
4918,汚水,12.401041678746482,0.806
4919,汚水,61.367306523351445,0.163
4920,汚水,13.877252603361299,0.721
4921,汚水,9.709434040491782,1.0
4922,汚水,11.44623341752106,0.874
4923,汚水,15.934632437572592,0.628
4924,汚水,9.659516089776384,1.0
4925,汚水,10.483684058631017,0.954
4926,汚水,14.752902352410874,0.678
4927,汚水,22.508532390657106,0.444
4929,汚水,30.772892541814375,0.325
4930,汚水,33.64172466580296,0.297
4931,汚水,14.50734314368978,0.689
4932,汚水,12.254846587625355,0.816
4933,汚水,21.510929912972195,0.465
4934,汚水,6.427723262745713,1.0
4935,汚水,36.57758920723935,0.273
4936,汚水,58.45824325264741,0.171
4937,汚水,28.428578661088686,0.352
4938,汚水,36.79767934784036,0.272
4939,汚水,27.865760382404947,0.359
4940,汚水,19.97525041401541,0.501
4941,汚水,7.034309057903438,1.0
4942,汚水,12.13623930683611,0.824
4943,汚水,38.33135216748107,0.261
4944,汚水,36.14760894321503,0.277
4945,汚水,48.00904294174799,0.208
4946,汚水,17.101631622293702,0.585
4947,汚水,27.45924676840945,0.364
4948,汚水,7.01866270338218,1.0
4951,汚水,42.248132828248146,0.237
4954,汚水,11.39706678378422,0.877
4955,汚水,26.478021818606425,0.378
4956,汚水,8.070820001793965,1.0
4957,汚水,29.966271102375025,0.334
4958,汚水,52.451482378091846,0.191
4959,汚水,28.77587712983212,0.348
4960,汚水,17.095240672940708,0.585
4961,汚水,20.899079027023603,0.478
4962,汚水,14.575000256537653,0.686
4963,汚水,19.593545681530205,0.51
4964,汚水,13.258040229761933,0.754
4965,汚水,42.323993329999354,0.236
4966,汚水,27.0596682837315,0.37
4967,汚水,29.31051591282474,0.341
4968,汚水,38.84958197221496,0.257
4969,汚水,33.97087935491244,0.294
4970,汚水,47.17225303785097,0.212
4971,汚水,40.14493488072058,0.249
4972,汚水,48.61568962334126,0.206
4973,汚水,29.801567441034592,0.336
4974,汚水,4.349497551520288,1.0
4975,汚水,13.609969082566082,0.735
4976,汚水,18.388516174987128,0.544
4977,汚水,13.10558122292969,0.763
4978,汚水,17.173854067732233,0.582
4979,汚水,4.31856491717847,1.0
4980,汚水,20.570733610929274,0.486
4981,汚水,13.113286854112063,0.763
4982,汚水,7.150223261654889,1.0
4983,汚水,13.690274404729209,0.73
4984,汚水,4.718315395204044,1.0
4985,汚水,15.258850109312423,0.655
4986,汚水,5.548085256217143,1.0
4987,汚水,32.83838028424785,0.305
4988,汚水,44.741490996720806,0.224
4989,汚水,17.758102002743765,0.563
4990,汚水,21.031095473181978,0.475
4991,汚水,4.849549158996444,1.0
4992,汚水,6.210726618330707,1.0
4993,汚水,30.5546927286529,0.327
4994,汚水,8.807702976904592,1.0
4995,汚水,14.150353723234224,0.707
4996,汚水,13.420218445990304,0.745
4997,汚水,10.2546649972961,0.975
4998,汚水,3.8745970549388438,1.0
4999,汚水,6.48045138153052,1.0
5000,汚水,26.931208816188104,0.371
5001,汚水,36.34793122751707,0.275
5002,汚水,40.933899377268794,0.244
5003,汚水,15.421854275230249,0.648
5004,汚水,41.50726188121022,0.241
5005,汚水,6.00421728838829,1.0
5006,汚水,12.302464185866876,0.813
5007,汚水,23.860626860039716,0.419
5008,汚水,18.06164887334755,0.554
5009,汚水,13.849955523815003,0.722
5010,汚水,7.453398697253549,1.0
5011,汚水,30.619745143387743,0.327
5013,汚水,51.72037370897073,0.193
5015,汚水,8.257546630152563,1.0
5016,汚水,30.565821070042002,0.327
5017,汚水,23.969682970172794,0.417
5018,汚水,14.484754654468388,0.69
5019,汚水,9.84330419615119,1.0
5020,汚水,25.41713287469148,0.393
5021,汚水,39.88318782815149,0.251
5022,汚水,32.35789129819625,0.309
5023,汚水,17.463673101286314,0.573
5024,汚水,31.501509835506873,0.317
5025,汚水,45.9328045280809,0.218
5026,汚水,11.905179592712955,0.84
5027,汚水,14.540568273045086,0.688
5028,汚水,5.904500664101307,1.0
5029,汚水,9.031507461153545,1.0
5031,汚水,16.06193389414206,0.623
5033,汚水,8.477397002052108,1.0
5034,汚水,24.91924589793502,0.401
5035,汚水,47.52595016125208,0.21
5036,汚水,5.902406841871148,1.0
5037,汚水,14.793284533025053,0.676
5038,汚水,17.17165933118765,0.582
5040,汚水,10.9338072801371,0.915
5041,汚水,24.298092859502802,0.412
5042,汚水,12.24288906553775,0.817
5043,汚水,21.286779733372057,0.47
5044,汚水,7.106133366431464,1.0
5045,汚水,14.422875291557986,0.693
5046,汚水,5.255045538656043,1.0
5047,汚水,13.988663000006952,0.715
5048,汚水,21.009389477740964,0.476
5049,汚水,9.266307538156251,1.0
5050,汚水,4.550068709865771,1.0
5051,汚水,10.215217682665395,0.979
5053,汚水,10.307309506425183,0.97
5055,汚水,8.986726436354418,1.0
5056,汚水,13.98581871748869,0.715
5057,汚水,15.926962277701694,0.628
5058,汚水,2.904522918936274,1.0
5059,汚水,33.723664142286424,0.297
12503,汚水,37.81330988375727,0.264
12504,汚水,18.750191804200536,0.533
12505,汚水,21.31979454447825,0.469
12506,汚水,41.19265681446129,0.243
12507,汚水,22.793460653359112,0.439
12508,汚水,24.155822979209812,0.414
12509,汚水,30.187317547611062,0.331
12510,汚水,14.696313191301309,0.68
12511,汚水,68.55748386497686,0.146
12512,汚水,46.83837503240448,0.214
12513,汚水,2.8729699008424983,1.0
12514,汚水,22.428414506578708,0.446
12515,汚水,29.142906985547523,0.343
12516,汚水,84.1960552783297,0.119
12517,汚水,31.147048629473176,0.321
12518,汚水,21.204490734748273,0.472
12519,汚水,83.326925683195,0.12
12520,汚水,77.0124951742585,0.13
12521,汚水,47.97347207825649,0.208
12522,汚水,85.12783390724582,0.117
12523,汚水,48.15868473288027,0.208
12524,汚水,33.68774447283025,0.297
12525,汚水,45.782974562619735,0.218
12526,汚水,36.46129850554761,0.274
12527,汚水,36.49252680911893,0.274
12528,汚水,5.09795417918205,1.0
12529,汚水,5.016648796354918,1.0
12530,汚水,21.449037811805635,0.466
12531,汚水,39.273546760835856,0.255
12532,汚水,8.5530613420069,1.0
12533,汚水,6.73028282321213,1.0
12534,汚水,48.68844335999546,0.205
12535,汚水,72.70441523806669,0.138
12536,汚水,35.38442615266371,0.283
12537,汚水,33.61780966218506,0.297
12538,汚水,73.01839791750811,0.137
12539,汚水,57.66862662867041,0.173
12540,汚水,39.036388199625506,0.256
12541,汚水,41.47609907900582,0.241
12542,汚水,92.71495051154206,0.108
12543,汚水,7.751164829758791,1.0
12544,汚水,79.65495153418576,0.126
12545,汚水,96.96798142989057,0.103
12546,汚水,66.25367277821657,0.151
12547,汚水,59.27215300849921,0.169
12548,汚水,28.387553701110846,0.352
12549,汚水,92.31722766650444,0.108
12550,汚水,95.04835121687331,0.105
12551,汚水,38.8868118607294,0.257
12552,汚水,33.90995282987983,0.295
12553,汚水,85.25137953852368,0.117
12554,汚水,46.9827990400409,0.213
12555,汚水,62.04458247057426,0.161
12556,汚水,60.7435584810835,0.165
12557,汚水,46.216783519287894,0.216
12558,汚水,24.17962704683097,0.414
12559,汚水,51.19371234168783,0.195
12560,汚水,35.53483335737323,0.281
12561,汚水,48.153632306001235,0.208
12562,汚水,8.636845813962545,1.0
12563,汚水,76.2465685583123,0.131
12564,汚水,37.415913806977564,0.267
12565,汚水,83.11639347748175,0.12
12566,汚水,88.9621765980458,0.112
12567,汚水,98.67068535586347,0.101
12568,汚水,93.60979305095881,0.107
12569,汚水,78.5412647268231,0.127
12570,汚水,50.727663687600725,0.197
12571,汚水,41.013950834765055,0.244
12572,汚水,3.877537711747311,1.0
12573,汚水,25.14339868818485,0.398
12574,汚水,30.40173759557988,0.329
12575,汚水,51.09601233125711,0.196
12576,汚水,71.98453702078349,0.139
12577,汚水,44.44308882026314,0.225
12578,汚水,45.106257939157956,0.222
12579,汚水,42.81329120791733,0.234
12580,汚水,36.56411409469821,0.273
12581,汚水,15.445657891401439,0.647
12582,汚水,67.853495349922,0.147
12583,汚水,60.594477531672155,0.165
12584,汚水,33.708063916913936,0.297
12585,汚水,76.18196735660842,0.131
12586,汚水,13.753715405981719,0.727
12587,汚水,71.44492576821463,0.14
12588,汚水,53.1073546915208,0.188
12589,汚水,5.972148507384865,1.0
12590,汚水,43.17540568601123,0.232
12591,汚水,3.0818731151537957,1.0
12592,汚水,3.7764123321620477,1.0
12593,汚水,46.77405534845423,0.214
12594,汚水,43.566973098109486,0.23
12595,汚水,47.00431216002352,0.213
12596,汚水,4.481623646659168,1.0
12597,汚水,6.282646249039275,1.0
12598,汚水,11.763954502566648,0.85
12599,汚水,50.18171773560693,0.199
12600,汚水,2.2616796701274615,1.0
12601,汚水,33.67376981452888,0.297
12602,汚水,6.609848233666576,1.0
12603,汚水,43.058656617986756,0.232
12604,汚水,29.507406532877308,0.339
12605,汚水,36.065485500402794,0.277
12606,汚水,4.5618354238057055,1.0
12607,汚水,21.44202696075244,0.466
12608,汚水,28.22092992581411,0.354
12609,汚水,28.883444009679604,0.346
12610,汚水,34.997053942464845,0.286
12611,汚水,6.643029094176659,1.0
12612,汚水,52.78902960922267,0.189
12614,汚水,20.559781159840796,0.486
12615,汚水,27.17232816906899,0.368
12616,汚水,19.277605869923846,0.519
12617,汚水,16.04878136374505,0.623
12619,汚水,42.191610985901555,0.237
12620,汚水,85.08460976898989,0.118
12621,汚水,12.22357338040343,0.818
12622,汚水,33.01208452246778,0.303
12623,汚水,35.84842849764845,0.279
12624,汚水,47.1355552484371,0.212
12625,汚水,33.01323625666007,0.303
12626,汚水,32.83225259999088,0.305
12627,汚水,30.52398044195976,0.328
12628,汚水,32.97902458322593,0.303
12629,汚水,15.245724895467953,0.656
12630,汚水,27.14447965072672,0.368
12631,汚水,13.626202039738173,0.734
12632,汚水,9.043921961713917,1.0
12634,汚水,26.765643723651927,0.374
12635,汚水,12.002761756338657,0.833
12636,汚水,8.280124005653647,1.0
12637,汚水,35.89651983920296,0.279
12638,汚水,50.43759349910369,0.198
12640,汚水,102.91716245417064,0.097
12641,汚水,31.905835556223874,0.313
12642,汚水,8.967400605818804,1.0
12643,汚水,6.011696284099432,1.0
12644,汚水,10.157061487947775,0.985
12645,汚水,3.139034420963995,1.0
12646,汚水,5.130811308514002,1.0
12647,汚水,2.8460948773061694,1.0
12648,汚水,18.60693634674267,0.537
12649,汚水,2.278071389430223,1.0
12650,汚水,2.5428019045710837,1.0
12651,汚水,17.194175351368926,0.582
12652,汚水,38.00720522769483,0.263
12653,汚水,2.623069286855189,1.0
12654,汚水,31.713358207133258,0.315
12655,汚水,19.003812520299235,0.526
12656,汚水,14.353064140460296,0.697
12657,汚水,9.908310128166862,1.0
12658,汚水,8.819200726835481,1.0
12659,汚水,2.6197285085434774,1.0
12660,汚水,23.245267317067146,0.43
12661,汚水,16.22047060213916,0.617
12662,汚水,28.002611591575043,0.357
12663,汚水,14.181848386188454,0.705
12664,汚水,11.753241736418827,0.851
12665,汚水,12.24466019288687,0.817
12666,汚水,17.98200985428721,0.556
12667,汚水,16.498999653279107,0.606
12668,汚水,11.029506388101549,0.907
12669,汚水,3.032063123166953,1.0
12670,汚水,22.292198864304197,0.449
12671,汚水,4.00393680476831,1.0
12672,汚水,11.735813862302077,0.852
12673,汚水,5.243996346475263,1.0
12674,汚水,13.138892966495805,0.761
12675,汚水,23.625556337888877,0.423
12676,汚水,7.19310586407953,1.0
12677,汚水,3.5441279455460037,1.0
12678,汚水,29.80592577546846,0.336
12679,汚水,22.197322148361156,0.451
12680,汚水,6.513363046011897,1.0
12681,汚水,48.10702193404056,0.208
12682,汚水,5.046478978823215,1.0
12683,汚水,6.315419252679296,1.0
12684,汚水,70.11227256049395,0.143
12685,汚水,57.309389453716726,0.174
12686,汚水,2.804973956033021,1.0
12687,汚水,79.55553238958191,0.126
12688,汚水,2.8251705517935126,1.0
12689,汚水,6.722959397554479,1.0
12690,汚水,8.526128562533804,1.0
12691,汚水,18.735716721668798,0.534
12692,汚水,27.534816453663666,0.363
12693,汚水,10.25383600484358,0.975
12694,汚水,9.197752701938334,1.0
12695,汚水,53.69654832984172,0.186
12696,汚水,4.974747989257463,1.0
12697,汚水,8.776919070646624,1.0
12698,汚水,23.13625434915049,0.432
12699,汚水,4.95186412166656,1.0
12700,汚水,4.163333952238661,1.0
12701,汚水,4.999099583161408,1.0
12702,汚水,41.08949517123878,0.243
12703,汚水,4.751742229864499,1.0
12704,汚水,11.800143192021757,0.847
12705,汚水,22.48549993958399,0.445
12706,汚水,26.80655760789736,0.373
12707,汚水,23.921177838142246,0.418
12708,汚水,5.317950104211556,1.0
12709,汚水,26.628021387485962,0.376
12710,汚水,9.956393977506837,1.0
12711,汚水,8.339957850621813,1.0
12712,汚水,6.182929637251423,1.0
12713,汚水,13.55723060438847,0.738
12714,汚水,42.32770023622355,0.236
12715,汚水,16.878188167070228,0.592
12716,汚水,2.2276970230612205,1.0
12717,汚水,20.167107222303038,0.496
12718,汚水,35.9152340774635,0.278
12719,汚水,11.921678346250793,0.839
12720,汚水,25.082533586808015,0.399
12721,汚水,33.25768430435095,0.301
12722,汚水,5.699833946046815,1.0
12723,汚水,13.152007595702262,0.76
12724,汚水,25.01102833313932,0.4
12725,汚水,32.84722996679098,0.304
12726,汚水,27.57215913840983,0.363
12727,汚水,28.541429099889466,0.35
12728,汚水,3.8624217072721985,1.0
12729,汚水,39.354836806105034,0.254
12730,汚水,72.25919389728166,0.138
12731,汚水,105.4494674808576,0.095
12732,汚水,7.469310863035086,1.0
12733,汚水,18.05723375379103,0.554
12734,汚水,4.110687299953746,1.0
12735,汚水,23.719096611455424,0.422
12736,汚水,7.565859713377562,1.0
12737,汚水,29.563259425434747,0.338
12738,汚水,58.76697871367701,0.17
12739,汚水,56.228661040386406,0.178
12740,汚水,25.513143693652868,0.392
12741,汚水,42.611317703841195,0.235
12742,汚水,62.730536233356446,0.159
12743,汚水,6.943398601052056,1.0
12744,汚水,14.705556025485905,0.68
12745,汚水,24.275194331124034,0.412
12746,汚水,19.0998611807322,0.524
12747,汚水,17.356651724691854,0.576
12748,汚水,5.890747078209194,1.0
12749,汚水,7.989280097455397,1.0
12750,汚水,65.27638142205353,0.153
12751,汚水,39.11256579392705,0.256
12752,汚水,50.845511746446796,0.197
12753,汚水,39.78605564441943,0.251
12754,汚水,80.26338288929924,0.125
12755,汚水,91.33056201541693,0.109
12756,汚水,36.52869910651707,0.274
12757,汚水,14.320692535170123,0.698
12758,汚水,35.83146480064318,0.279
12759,汚水,82.73567183447852,0.121
12760,汚水,90.10326359337859,0.111
12761,汚水,105.0274198661138,0.095
12762,汚水,48.268016142491504,0.207
12763,汚水,45.5342393578318,0.22
12764,汚水,41.55277209897642,0.241
12765,汚水,56.05565266020486,0.178
12766,汚水,27.9088802240731,0.358
12768,汚水,56.354913731815365,0.177
12769,汚水,56.98205225397006,0.175
12770,汚水,47.617646660633504,0.21
12771,汚水,25.89727953221069,0.386
12772,汚水,44.163099472588364,0.226
12773,汚水,16.60994326648802,0.602
12774,汚水,14.492889603136351,0.69
12775,汚水,33.82709950074871,0.296
12776,汚水,27.874999273937476,0.359
12777,汚水,39.04923863820769,0.256
12778,汚水,42.04938676346216,0.238
12779,汚水,4.616979381483665,1.0
12780,汚水,39.29201923271104,0.255
12781,汚水,35.41058659308926,0.282
12783,汚水,31.956631928790866,0.313
12784,汚水,30.54225051853013,0.327
12785,汚水,46.906796139911464,0.213
12786,汚水,47.6729489167998,0.21
12787,汚水,47.73768464349891,0.209
12788,汚水,15.602399219830971,0.641
12789,汚水,3.5803388435372225,1.0
12790,汚水,40.11048644591143,0.249
12791,汚水,29.858255361192107,0.335
12792,汚水,24.258104200394946,0.412
12793,汚水,46.44836826196131,0.215
12794,汚水,48.90147888276741,0.204
12796,汚水,46.99976968245272,0.213
12797,汚水,25.570996419109672,0.391
12798,汚水,36.56543233038957,0.273
12799,汚水,17.11964316185741,0.584
12800,汚水,55.233938355840294,0.181
12801,汚水,6.126450407225515,1.0
12802,汚水,55.38681787222125,0.181
12803,汚水,13.058720017198398,0.766
12804,汚水,36.95942100042641,0.271
12805,汚水,26.395001732768012,0.379
12806,汚水,6.252349024361269,1.0
12807,汚水,12.256731005932537,0.816
12808,汚水,59.42499204313212,0.168
12809,汚水,15.18733838188366,0.658
12810,汚水,25.633772844275267,0.39
12811,汚水,28.90037508036304,0.346
12812,汚水,35.12524525151429,0.285
12813,汚水,12.214401771934059,0.819
12814,汚水,26.097428670463508,0.383
12815,汚水,25.634724031016344,0.39
12816,汚水,49.61072345534492,0.202
12817,汚水,33.18132025123026,0.301
12818,汚水,28.884322131385336,0.346
12819,汚水,40.31043158731039,0.248
12820,汚水,10.66701607135521,0.937
12821,汚水,25.584180988286928,0.391
12822,汚水,51.18150478032412,0.195
12823,汚水,34.13525182535034,0.293
12824,汚水,6.755007585204325,1.0
5061,汚水,24.84784362882364,0.402
5062,汚水,21.17180716595796,0.472
5063,汚水,9.199433253290014,1.0
5064,汚水,16.515145216578095,0.606
5065,汚水,12.976576721318827,0.771
5066,汚水,3.995148441875636,1.0
5067,汚水,15.327776524788424,0.652
5068,汚水,11.642897023159403,0.859
5069,汚水,14.044771095736225,0.712
5071,汚水,15.694316136404298,0.637
5072,汚水,10.969722718946562,0.912
5073,汚水,9.902453148310592,1.0
5074,汚水,11.127014153154777,0.899
5075,汚水,8.861744756703727,1.0
5076,汚水,36.24971504421468,0.276
5077,汚水,31.039451628588083,0.322
5078,汚水,9.464619891946109,1.0
5079,汚水,39.75698613576362,0.252
5080,汚水,30.427922086460065,0.329
5081,汚水,31.49693758933013,0.317
5082,汚水,3.543401513399835,1.0
5083,汚水,35.53790279508866,0.281
5084,汚水,17.46629533985183,0.573
5085,汚水,44.47953564619517,0.225
5086,汚水,6.161761848249182,1.0
5087,汚水,14.089678051836593,0.71
5088,汚水,18.12825759432208,0.552
5089,汚水,13.415629910095566,0.745
5090,汚水,4.324567710029963,1.0
5091,汚水,14.720612925899019,0.679
5092,汚水,9.418557666680156,1.0
5093,汚水,9.319161680157762,1.0
5094,汚水,6.424121056241631,1.0
5095,汚水,10.342853821123137,0.967
5097,汚水,50.5756336377391,0.198
5098,汚水,24.002735799306684,0.417
5099,汚水,48.1468891110101,0.208
5100,汚水,21.388979732415283,0.468
5101,汚水,30.111600632376707,0.332
5102,汚水,27.241786986306614,0.367
5103,汚水,12.527551862840031,0.798
5104,汚水,94.26813530532604,0.106
5105,汚水,65.23253670486868,0.153
5106,汚水,20.457721062064593,0.489
5107,汚水,21.96635818145386,0.455
5108,汚水,49.839562181271745,0.201
5110,汚水,56.976985482864904,0.176
5111,汚水,50.258295728665274,0.199
5112,汚水,47.79982539808473,0.209
5113,汚水,45.5004582719985,0.22
5114,汚水,9.006830703898174,1.0
5115,汚水,46.75637747931018,0.214
5117,汚水,14.517065655370118,0.689
5118,汚水,65.08281258354351,0.154
5119,汚水,38.298218490260695,0.261
5120,汚水,66.52471635680396,0.15
5122,汚水,32.87569537538257,0.304
5123,汚水,25.11685834341754,0.398
5124,汚水,46.9485975187267,0.213
5125,汚水,46.748776947048874,0.214
5126,汚水,36.20218072432131,0.276
5127,汚水,40.94200335676578,0.244
5128,汚水,32.031985557507674,0.312
5129,汚水,26.15170417615201,0.382
5130,汚水,14.363217592297051,0.696
5131,汚水,13.975634782909463,0.716
5133,汚水,14.613248812485011,0.684
5134,汚水,11.278462136583512,0.887
5135,汚水,17.15199667773469,0.583
5136,汚水,38.628416329800054,0.259
5137,汚水,6.174517310493584,1.0
5138,汚水,7.56612546344632,1.0
5139,汚水,16.427141081497187,0.609
5140,汚水,49.62774919874862,0.202
5141,汚水,19.38968575735855,0.516
5142,汚水,15.616237502436007,0.64
5143,汚水,61.16749350043811,0.163
5144,汚水,51.26460805620631,0.195
5145,汚水,15.374996599729402,0.65
5146,汚水,24.529849260199104,0.408
5147,汚水,34.43259333085737,0.29
5148,汚水,25.92810937290903,0.386
5149,汚水,33.0042095594883,0.303
5150,汚水,31.450705029569637,0.318
5151,汚水,40.86713866091742,0.245
5152,汚水,46.99767234385445,0.213
5153,汚水,48.647849104095194,0.206
5154,汚水,43.44173381496409,0.23
5155,汚水,12.819196330025568,0.78
5157,汚水,32.976347519109595,0.303
5158,汚水,20.275214104841996,0.493
5159,汚水,8.513750523921587,1.0
5160,汚水,7.644894562177696,1.0
5161,汚水,41.02339192059784,0.244
5162,汚水,44.974642343473164,0.222
5163,汚水,40.50567535017571,0.247
5164,汚水,34.67494622929389,0.288
5165,汚水,43.57570595387039,0.229
5166,汚水,36.77659068735012,0.272
5167,汚水,40.05140791154905,0.25
5168,汚水,57.853969937006596,0.173
5169,汚水,163.78307932471353,0.061
5170,汚水,29.941416647449934,0.334
5171,汚水,13.944570067615286,0.717
5172,汚水,11.200515450228767,0.893
5174,汚水,53.80235745764905,0.186
5175,汚水,12.304626974705561,0.813
5176,汚水,15.1836645215219,0.659
5178,汚水,56.555753162907834,0.177
5179,汚水,37.82674928954238,0.264
5180,汚水,28.910173377298698,0.346
5181,汚水,17.84899999999834,0.56
5182,汚水,3.378497875042923,1.0
5183,汚水,20.585090222734348,0.486
5184,汚水,11.768328226489643,0.85
5185,汚水,1.5846697501901121,1.0
5186,汚水,158.63651038401824,0.063
5187,汚水,69.71777992570526,0.143
5188,汚水,3.386306331295679,1.0
5189,汚水,40.84981872784813,0.245
5190,汚水,21.57603048776047,0.463
5191,汚水,36.89800000000105,0.271
5192,汚水,1.8452453521915486,1.0
5193,汚水,41.12060410020017,0.243
5194,汚水,13.375657876513621,0.748
5195,汚水,47.70913110996155,0.21
5196,汚水,6.308932284071106,1.0
5197,汚水,18.48177464200512,0.541
5198,汚水,11.955182897289244,0.836
5199,汚水,53.52741242354277,0.187
5200,汚水,3.5509868664503497,1.0
5201,汚水,44.867943149323644,0.223
5202,汚水,49.639538883350326,0.201
5203,汚水,30.064840397883046,0.333
5204,汚水,49.3500996531705,0.203
5205,汚水,59.155844516139524,0.169
5206,汚水,14.926182020661482,0.67
5207,汚水,56.425083164658716,0.177
5208,汚水,43.201770858237516,0.231
5208,汚水,26.098159697716394,0.383
5209,汚水,34.300320130552294,0.292
5210,汚水,20.137172810990897,0.497
5211,汚水,39.82909400805001,0.251
5212,汚水,31.90440084556169,0.313
5213,汚水,66.32660490976315,0.151
5214,汚水,6.779142117640417,1.0
5215,汚水,35.72943191617401,0.28
5216,汚水,48.516109028222466,0.206
5217,汚水,44.25423577954222,0.226
5218,汚水,11.798679153531141,0.848
5220,汚水,35.93846140893891,0.278
5221,汚水,60.44394300169999,0.165
5222,汚水,13.153850524470478,0.76
5223,汚水,41.654351407174985,0.24
5224,汚水,15.727609678998293,0.636
5225,汚水,31.42549320349425,0.318
5226,汚水,16.47188895528992,0.607
5228,汚水,37.64524454711342,0.266
5229,汚水,13.225213173325548,0.756
5230,汚水,58.0289059966804,0.172
5231,汚水,36.817199599590886,0.272
5232,汚水,66.05740948716176,0.151
5233,汚水,1.5941646337809305,1.0
5234,汚水,19.433075925856844,0.515
5235,汚水,26.450117221389824,0.378
5236,汚水,40.90458353254152,0.244
5237,汚水,38.85840165347665,0.257
5238,汚水,28.851618687129953,0.347
5239,汚水,14.852497938939633,0.673
5240,汚水,65.22879220600738,0.153
5241,汚水,24.252435128709955,0.412
5242,汚水,41.19988395767921,0.243
5243,汚水,39.40061556481034,0.254
5244,汚水,5.364006857286792,1.0
5245,汚水,20.50462615180656,0.488
5246,汚水,20.387390525860372,0.49
5247,汚水,28.330757584260986,0.353
5248,汚水,25.173085442830697,0.397
5249,汚水,11.268566174796069,0.887
5250,汚水,12.50011363577669,0.8
5251,汚水,15.506808259551516,0.645
5252,汚水,65.31902642810574,0.153
5253,汚水,62.48003341295153,0.16
5254,汚水,35.846046941833755,0.279
5255,汚水,15.602216345552867,0.641
5256,汚水,34.77723325125437,0.288
5257,汚水,18.97567035205831,0.527
5258,汚水,34.6693501881208,0.288
5259,汚水,63.130968805541436,0.158
5260,汚水,49.926355660396425,0.2
5261,汚水,6.801441737370141,1.0
5262,汚水,37.40675855335337,0.267
5263,汚水,36.37703695464853,0.275
5264,汚水,13.746665499700558,0.727
5267,汚水,45.116292459721414,0.222
5268,汚水,39.29319601816151,0.254
5269,汚水,29.149386025097424,0.343
5270,汚水,34.691604286253025,0.288
5271,汚水,35.522719919515964,0.282
5272,汚水,8.48413251348626,1.0
5273,汚水,6.60303048149951,1.0
5274,汚水,27.3745596260329,0.365
5275,汚水,5.221410584175549,1.0
5276,汚水,24.656338357625454,0.406
5277,汚水,30.813088372072144,0.325
5278,汚水,29.09906561158741,0.344
5279,汚水,34.600141796279495,0.289
5280,汚水,34.43416891356625,0.29
5281,汚水,25.476484303443293,0.393
5282,汚水,60.15000070479458,0.166
5283,汚水,48.82376895037737,0.205
5284,汚水,5.567596193396362,1.0
5285,汚水,5.437668757193812,1.0
5286,汚水,35.282767056577754,0.283
5287,汚水,8.162085153330457,1.0
5288,汚水,5.905327432057362,1.0
5289,汚水,14.803144083800078,0.676
5290,汚水,49.90029151704625,0.2
5291,汚水,45.16279726489798,0.221
5292,汚水,44.88974038189661,0.223
5293,汚水,45.256119809065424,0.221
5294,汚水,39.827489669166496,0.251
5295,雨水,76.43717068470339,0.131
5296,雨水,16.09185851296585,0.621
5297,雨水,18.54834073249195,0.539
5298,雨水,58.674155517071696,0.17
5299,雨水,18.570968438424746,0.538
5300,雨水,59.162405884571555,0.169
5302,雨水,14.184415177745075,0.705
5303,雨水,54.18614982345768,0.185
5304,雨水,45.53577951968903,0.22
5305,雨水,9.8921837641743,1.0
5306,雨水,61.17389189148773,0.163
5307,雨水,5.517596689283632,1.0
5308,雨水,104.70337858643654,0.096
5310,雨水,97.94892842328082,0.102
5311,雨水,28.10337365635942,0.356
5312,雨水,93.59717441240487,0.107
5313,雨水,10.27710492058193,0.973
5315,雨水,3.726960610480919,1.0
5316,雨水,40.344364431695766,0.248
5317,雨水,50.86547706195293,0.197
5318,雨水,47.76423390665125,0.209
5319,雨水,90.11667553521964,0.111
5320,雨水,11.552615434484746,0.866
5321,雨水,55.137981623585475,0.181
5322,雨水,70.00842137835436,0.143
5323,雨水,28.14896932559765,0.355
5324,雨水,20.181196679835498,0.496
5325,雨水,13.875792102279291,0.721
5326,雨水,22.964100290283497,0.435
5327,雨水,30.36308746755724,0.329
5328,雨水,30.09299999999348,0.332
5329,雨水,30.718169454023727,0.326
5330,雨水,19.858120903911146,0.504
5331,雨水,18.97919349937903,0.527
5332,雨水,18.93875821146564,0.528
5333,雨水,44.56123239273433,0.224
5334,雨水,45.050606484177905,0.222
5335,雨水,80.99631835106244,0.123
5336,雨水,81.95732615060957,0.122
5337,雨水,12.412967651410353,0.806
5338,雨水,9.030664574599912,1.0
5339,雨水,21.752208077006692,0.46
5340,雨水,46.47774636174596,0.215
5341,雨水,44.804444989427544,0.223
5342,雨水,10.246605518932444,0.976
5343,雨水,34.29104739160541,0.292
5344,雨水,28.938728490543006,0.346
5345,雨水,40.10794634685772,0.249
5346,雨水,57.63720436917462,0.173
5347,雨水,26.9860002697303,0.371
5348,雨水,46.23367198798707,0.216
5349,雨水,45.77615546384649,0.218
5350,雨水,42.620970328792694,0.235
5351,雨水,43.941387378257396,0.228
5352,雨水,48.252696922323366,0.207
5353,雨水,46.398620086509915,0.216
5354,雨水,56.3901113772254,0.177
5355,雨水,34.89779750295931,0.287
5356,雨水,23.644132542513006,0.423
5357,雨水,30.20096076222401,0.331
5358,雨水,87.65404832613031,0.114
5359,雨水,17.292438708274425,0.578
5360,雨水,13.244178021051368,0.755
5361,雨水,34.00470956535935,0.294
5362,雨水,46.44826358727349,0.215
5363,雨水,46.60284552385451,0.215
5364,雨水,36.28318596530212,0.276
5365,雨水,37.40459953854312,0.267
5366,雨水,14.526955696196389,0.688
5367,雨水,50.43273401054494,0.198
5368,雨水,63.233392776675466,0.158
5369,雨水,42.162234363599055,0.237
5370,雨水,1.8786636895749886,1.0
5371,雨水,46.43475770257899,0.215
5372,雨水,40.86445033001524,0.245
5373,雨水,4.892927387479185,1.0
5374,雨水,51.94228728887996,0.193
5376,雨水,50.44169061817542,0.198
5377,雨水,47.30178375112917,0.211
5378,雨水,44.01466363529453,0.227
5379,雨水,53.248336636556225,0.188
5380,雨水,52.05995442092432,0.192
12825,汚水,14.736616103533935,0.679
12826,汚水,49.70639045107515,0.201
12827,汚水,21.074973966460792,0.474
12828,汚水,15.104674094760275,0.662
12829,汚水,34.89397101052594,0.287
12830,汚水,33.066714990195635,0.302
12831,汚水,32.79135044033076,0.305
12832,汚水,39.27658728337864,0.255
12833,汚水,5.368950340819912,1.0
12834,汚水,23.937654513801093,0.418
12835,汚水,14.067454810560449,0.711
12836,汚水,26.123403929601164,0.383
12837,汚水,38.409039786483916,0.26
12838,汚水,18.213823307913525,0.549
12839,汚水,30.01778309283818,0.333
12840,汚水,34.01161720085087,0.294
12841,汚水,38.070993135168806,0.263
12842,汚水,39.6232164203272,0.252
12843,汚水,19.989503803129157,0.5
12844,汚水,28.029617710654342,0.357
12845,汚水,11.008836004959393,0.908
12846,汚水,45.16387493515598,0.221
12847,汚水,47.283349855852066,0.211
12848,汚水,14.815491298552224,0.675
12849,汚水,31.057671065674114,0.322
12850,汚水,14.910617901515128,0.671
12851,汚水,32.61410242897646,0.307
12852,汚水,6.124846524646616,1.0
12853,汚水,14.226974575702648,0.703
12854,汚水,42.04188089165377,0.238
12855,汚水,4.553296097958283,1.0
12856,汚水,27.21137488513483,0.367
12857,汚水,31.2586164122373,0.32
12858,汚水,50.827536074712036,0.197
12859,汚水,22.263140405976195,0.449
12860,汚水,5.104666568411933,1.0
12861,汚水,2.5256115716112006,1.0
12862,汚水,4.813008586390313,1.0
12864,汚水,40.016832608948626,0.25
12865,汚水,49.60624745236796,0.202
12866,汚水,39.22689058676589,0.255
12867,汚水,5.4381227759139055,1.0
12868,汚水,77.58249608194832,0.129
12869,汚水,23.876349512897875,0.419
12870,汚水,14.854096954220934,0.673
12871,汚水,34.049596485453854,0.294
12872,汚水,6.2441991359081985,1.0
12873,汚水,37.014199141957896,0.27
12874,汚水,14.140028591038432,0.707
12875,汚水,10.510445998669962,0.951
12876,汚水,31.73597830399558,0.315
12877,汚水,28.871885987328355,0.346
12878,汚水,13.29101882790109,0.752
12879,汚水,23.987517892071924,0.417
12880,汚水,17.469791192854206,0.572
12881,汚水,20.721212059488085,0.483
12882,汚水,15.954698827713255,0.627
12883,汚水,26.62246998010753,0.376
12884,汚水,8.09980545670319,1.0
12885,汚水,43.303169092548345,0.231
12886,汚水,47.397310662165324,0.211
12887,汚水,22.374829658995054,0.447
12889,汚水,7.9247743158552755,1.0
12891,汚水,24.95929145985912,0.401
12892,汚水,26.92633681771708,0.371
12893,汚水,33.12161806561984,0.302
12894,汚水,33.15104897233718,0.302
12895,汚水,8.461244564384314,1.0
12896,汚水,5.2846445167426,1.0
12897,汚水,2.2210559517281636,1.0
12898,汚水,15.59215548812887,0.641
12899,汚水,17.07372836648784,0.586
12900,汚水,18.310779908480953,0.546
12901,汚水,22.58869503024104,0.443
12902,汚水,16.476297551402105,0.607
12903,汚水,14.690295725006898,0.681
12904,汚水,8.459495259757704,1.0
12905,汚水,5.554441644753449,1.0
12906,汚水,19.151926268823445,0.522
12907,汚水,23.909531450511242,0.418
12908,汚水,25.548019087601038,0.391
12909,汚水,7.9888651659366845,1.0
12910,汚水,43.855317783546354,0.228
12911,汚水,27.25089707156925,0.367
12912,汚水,28.959223429723522,0.345
12913,汚水,4.718798951940446,1.0
12914,汚水,37.17883914115289,0.269
12915,汚水,27.78714040939029,0.36
12916,汚水,26.53573384327789,0.377
12917,汚水,9.360041152092615,1.0
12918,汚水,26.801624758897248,0.373
12919,汚水,28.09271517720165,0.356
12920,汚水,47.772995453812186,0.209
12921,汚水,18.841523559026875,0.531
12922,汚水,5.562924498793251,1.0
12923,汚水,12.859252765068383,0.778
12924,汚水,37.76367076079505,0.265
12926,汚水,18.21786904423474,0.549
12927,汚水,21.502203286014204,0.465
12928,汚水,36.86566150834657,0.271
12929,汚水,17.51273319669773,0.571
12930,汚水,15.618996377089449,0.64
12931,汚水,4.903094433392685,1.0
12932,汚水,23.17910833041541,0.431
12933,汚水,18.856209229877603,0.53
12934,汚水,14.966809483686355,0.668
12935,汚水,5.2530867728792225,1.0
12936,汚水,20.40236314667169,0.49
12937,汚水,20.63592265864175,0.485
12938,汚水,29.0645013108763,0.344
12939,汚水,48.89739817030556,0.205
12940,汚水,23.447908531379152,0.426
12941,汚水,43.32057640486924,0.231
12942,汚水,7.427840735125579,1.0
12943,汚水,37.876186065528664,0.264
12944,汚水,23.08190583647727,0.433
12945,汚水,8.71359870206802,1.0
12947,汚水,26.966780168459305,0.371
12948,汚水,32.245453125726385,0.31
12949,汚水,21.152285195312277,0.473
12950,汚水,38.90160254977024,0.257
12951,汚水,30.088668098000834,0.332
12952,汚水,9.193684642280672,1.0
12953,汚水,39.248657287358114,0.255
12954,汚水,30.81914029743965,0.324
12955,汚水,15.634078502714074,0.64
12956,汚水,28.81973919712144,0.347
12957,汚水,62.891951280374904,0.159
12958,汚水,28.447967482623273,0.352
12959,汚水,32.70827573177339,0.306
12960,汚水,92.82740354100021,0.108
12962,汚水,32.3167650659653,0.309
12963,汚水,9.334713036379334,1.0
12964,汚水,9.20717853692219,1.0
12965,汚水,17.060986054995716,0.586
12966,汚水,8.138611702819567,1.0
12967,汚水,11.116425025433907,0.9
12968,汚水,19.110618548133267,0.523
12969,汚水,28.3728460507912,0.352
12970,汚水,60.506460719525194,0.165
12971,汚水,4.590642692644301,1.0
12972,汚水,30.687813546083856,0.326
12974,汚水,39.94359092774284,0.25
12975,汚水,9.128605032979996,1.0
12977,汚水,31.098999063981726,0.322
12978,汚水,11.70927819671182,0.854
12979,汚水,7.549284139369841,1.0
12980,汚水,24.74884549474441,0.404
12981,汚水,19.149319746776552,0.522
12982,汚水,7.758867232846296,1.0
12983,汚水,2.9615498486260026,1.0
12984,汚水,4.67759204933305,1.0
12985,汚水,19.437382748951794,0.514
12986,汚水,32.61686001134595,0.307
12987,汚水,25.471622012610183,0.393
12988,汚水,15.062385976552202,0.664
12989,汚水,18.03818286364596,0.554
12990,汚水,27.6111978613508,0.362
12991,汚水,31.05545641220088,0.322
12992,汚水,2.8643136041951482,1.0
12993,汚水,17.506759942493623,0.571
12994,汚水,31.07528719470986,0.322
12995,汚水,4.703302278065945,1.0
12996,汚水,32.68156186113455,0.306
12997,汚水,36.81423510785044,0.272
12998,汚水,5.001305817565913,1.0
12999,汚水,17.878778829894983,0.559
13000,汚水,38.09506732761785,0.263
13001,汚水,11.115876232783519,0.9
13002,汚水,10.083815428370244,0.992
13003,汚水,18.822295006282637,0.531
13005,汚水,21.961414512862763,0.455
13007,汚水,49.68691231880384,0.201
13009,汚水,35.044716163052485,0.285
13011,汚水,56.297652016450414,0.178
13012,汚水,56.916520755425225,0.176
13014,汚水,50.98278523582202,0.196
13015,汚水,3.992274267318606,1.0
13016,汚水,10.475552616080446,0.955
13017,汚水,23.7760841717672,0.421
13018,汚水,36.865125561234144,0.271
13019,汚水,56.65545508890916,0.177
13020,汚水,7.621128165029936,1.0
13021,汚水,26.77281019558472,0.374
13022,汚水,53.59729435250297,0.187
13023,汚水,33.950153126119964,0.295
13024,汚水,21.347775695108524,0.468
13025,汚水,26.266571431979017,0.381
13026,汚水,63.013764833414726,0.159
13027,汚水,13.706776575390236,0.73
13028,汚水,48.1875178614948,0.208
13029,汚水,52.927498962767366,0.189
13030,汚水,49.56232549382816,0.202
13033,汚水,49.10639152764658,0.204
13034,汚水,50.663853955899015,0.197
13035,汚水,48.13375603357036,0.208
13036,汚水,34.38900476431207,0.291
13037,汚水,44.45904838833676,0.225
13038,汚水,50.29375345858463,0.199
13039,汚水,47.077053801684976,0.212
13040,汚水,4.050960102485379,1.0
13041,汚水,31.31008205717326,0.319
13042,汚水,26.696729397469564,0.375
13043,汚水,33.98579143868648,0.294
13045,汚水,40.52552488248963,0.247
13046,汚水,39.33469311343053,0.254
13047,汚水,40.5101617889013,0.247
13048,汚水,45.994469085023916,0.217
13049,汚水,45.611052039678036,0.219
13050,汚水,29.724884187944763,0.336
13051,汚水,28.986093438537328,0.345
13053,汚水,34.75957968026749,0.288
13054,汚水,23.165252156211835,0.432
13055,汚水,21.92126109641614,0.456
13056,汚水,31.14641481158515,0.321
13057,汚水,26.18022620407238,0.382
13058,汚水,26.491950694369827,0.377
13059,汚水,40.26230993637348,0.248
13061,汚水,27.216034985834654,0.367
13062,汚水,30.512370582402323,0.328
13064,汚水,46.1356662144363,0.217
13066,汚水,32.036591658793235,0.312
13067,汚水,35.688669246384784,0.28
13068,汚水,33.11409746701284,0.302
13069,汚水,37.545868412453345,0.266
13072,汚水,75.1486651324666,0.133
13073,汚水,28.180630514618233,0.355
13074,汚水,30.003083528823897,0.333
13075,汚水,50.42507783154316,0.198
13076,汚水,41.90864687723763,0.239
13077,汚水,46.119451238730385,0.217
13078,汚水,42.180708962550916,0.237
13079,汚水,38.26880186795267,0.261
13081,汚水,38.964761345727425,0.257
13082,汚水,40.94185519580876,0.244
13083,汚水,44.80263759892077,0.223
13084,汚水,45.965140861197526,0.218
13085,汚水,41.30385448024648,0.242
13086,汚水,39.490844605715544,0.253
13087,汚水,25.783400569384668,0.388
13088,汚水,47.836817508966384,0.209
13089,汚水,50.03187305693124,0.2
13090,汚水,49.903777593471276,0.2
13091,汚水,46.10831162151995,0.217
13092,汚水,47.03849377327577,0.213
13093,汚水,45.769978923775064,0.218
13094,汚水,49.968486067517524,0.2
13096,汚水,48.45567275480238,0.206
13097,汚水,43.150799457236644,0.232
13098,汚水,43.15560155330854,0.232
13099,汚水,43.064061346648536,0.232
13100,汚水,6.458489635075479,1.0
13101,汚水,31.83343960476782,0.314
13102,汚水,31.490626207570646,0.318
13103,汚水,39.95924513263122,0.25
13104,汚水,5.369406931870297,1.0
13105,汚水,39.31803087578326,0.254
13106,汚水,35.08823892572264,0.285
13107,汚水,35.04603919455327,0.285
13108,汚水,38.066922467504284,0.263
13109,汚水,37.22672028972649,0.269
13110,汚水,42.15455220817263,0.237
13111,汚水,37.241400338318364,0.269
13113,汚水,41.27436402101003,0.242
13114,汚水,35.965334897889775,0.278
13115,汚水,42.88365555816173,0.233
13116,汚水,28.196124638956114,0.355
13117,汚水,50.94566497056128,0.196
13118,汚水,35.12940230208023,0.285
13119,汚水,49.20276421769368,0.203
13121,汚水,28.91000321351723,0.346
13122,汚水,34.567237001532,0.289
13123,汚水,28.834030796215178,0.347
13124,汚水,25.614762393467906,0.39
13125,汚水,57.366933201600126,0.174
13126,汚水,39.701081602918585,0.252
13127,汚水,12.335222819230138,0.811
13128,汚水,16.490133842623596,0.606
13131,汚水,28.11214025453637,0.356
13132,汚水,27.85578012167916,0.359
13133,汚水,40.24932757433817,0.248
13134,汚水,28.31533376111078,0.353
13135,汚水,27.98580056703135,0.357
13136,汚水,13.180906420773434,0.759
13137,汚水,28.02235465663362,0.357
13139,汚水,41.48617824566736,0.241
13140,汚水,50.081412120728736,0.2
13141,汚水,34.96689129496846,0.286
13142,汚水,22.351091917531065,0.447
13143,汚水,28.801933676102788,0.347
13144,汚水,24.94022844839617,0.401
13145,汚水,33.00233977589598,0.303
13146,汚水,34.15352621830402,0.293
5382,雨水,4.9053870787072125,1.0
5383,雨水,18.06587076065845,0.554
5384,雨水,21.379723917885936,0.468
5385,雨水,36.567668906284126,0.273
5386,雨水,53.72077450363013,0.186
5387,雨水,2.782469950468423,1.0
5388,雨水,68.25560382479459,0.147
5389,雨水,39.28612077439173,0.255
5390,雨水,64.33034781979462,0.155
5391,雨水,55.11330016896738,0.181
5392,雨水,2.7886982546992285,1.0
5393,雨水,61.56501173438092,0.162
5394,雨水,3.3882201369081812,1.0
5395,雨水,5.32256265801081,1.0
5396,雨水,25.290580150427576,0.395
5397,雨水,5.3145687156487815,1.0
5398,雨水,68.52617910906766,0.146
5399,雨水,67.59164799077995,0.148
5400,雨水,34.96945742428888,0.286
5401,雨水,1.883572154556434,1.0
5402,雨水,54.64912850069156,0.183
5403,雨水,50.16632857418191,0.199
5404,雨水,96.76081942301249,0.103
5405,雨水,187.21071322792906,0.053
5406,雨水,46.66984433680742,0.214
5407,雨水,30.183993249252307,0.331
5408,雨水,30.499647593239498,0.328
5409,雨水,74.58800275381735,0.134
5410,雨水,47.271642848332746,0.212
5411,雨水,34.51979711088189,0.29
5412,雨水,81.76495144196798,0.122
5413,雨水,20.832977208677185,0.48
5414,雨水,38.36943738003919,0.261
5415,雨水,15.349922859330743,0.651
5417,雨水,59.87281033909759,0.167
5418,雨水,43.079863147453544,0.232
5419,雨水,33.69455872978861,0.297
5420,雨水,48.85597108991582,0.205
5421,雨水,11.418989121571087,0.876
5422,雨水,11.88353682868662,0.842
5423,雨水,40.22842636714006,0.249
5424,雨水,2.448690758682112,1.0
5425,雨水,2.2926207147916657,1.0
5426,雨水,30.17110976058075,0.331
5427,雨水,8.321719405982156,1.0
5428,雨水,60.96224218971135,0.164
5429,汚水,49.53656168408787,0.202
5430,汚水,26.6597453696351,0.375
5431,汚水,33.04477676784151,0.303
5432,汚水,33.35529775785362,0.3
5433,汚水,27.30452579924595,0.366
5434,汚水,28.97949005651344,0.345
5435,汚水,4.18221015494103,1.0
5436,汚水,28.283705319091638,0.354
5437,汚水,31.813731242486313,0.314
5438,汚水,34.92337544765162,0.286
5439,汚水,22.147382950550764,0.452
5440,汚水,26.657259183425875,0.375
5441,汚水,30.8458608766504,0.324
5442,汚水,5.5987497052997615,1.0
5443,汚水,32.290219312331445,0.31
5444,汚水,39.21177524631368,0.255
5445,汚水,28.767998828627753,0.348
5446,汚水,36.24816402065225,0.276
5447,汚水,20.114481771715425,0.497
5448,汚水,32.708263896185464,0.306
5449,汚水,19.333715690722887,0.517
5450,汚水,49.7457694086623,0.201
5451,汚水,20.862231780394023,0.479
5452,汚水,4.904507263622596,1.0
5453,汚水,35.67612139050184,0.28
5454,汚水,11.67226301446697,0.857
5455,汚水,20.54215145998544,0.487
5456,汚水,17.62563993650744,0.567
5457,汚水,40.030805356414696,0.25
5458,汚水,15.514735569950357,0.645
5460,汚水,16.364804106238605,0.611
5461,汚水,28.920853367370146,0.346
5462,汚水,7.478262629053246,1.0
5463,汚水,5.075073737939557,1.0
5466,汚水,14.383236311267565,0.695
5467,汚水,4.37614284753278,1.0
5468,汚水,14.771615790803532,0.677
5469,汚水,35.024255468439975,0.286
5470,汚水,29.582902941183868,0.338
5471,汚水,17.62074689308914,0.568
5472,汚水,40.20460623506181,0.249
5473,汚水,9.60006542570476,1.0
5474,汚水,38.37969626223884,0.261
5475,汚水,38.90442457956824,0.257
5476,汚水,18.585015794869435,0.538
5477,汚水,23.998150518312915,0.417
5478,汚水,4.126515386542406,1.0
5479,汚水,27.348424614515196,0.366
5480,汚水,27.436458186352173,0.364
5481,汚水,30.079480417151956,0.332
5482,汚水,28.103581159050954,0.356
5483,汚水,29.75885727381614,0.336
5484,汚水,28.505949781128635,0.351
5485,汚水,48.9293209072441,0.204
5486,汚水,20.096350959778064,0.498
5487,汚水,62.9374886863371,0.159
5488,汚水,33.05740854584987,0.303
5489,汚水,27.8691808939147,0.359
5490,汚水,33.12149045079583,0.302
5491,汚水,33.17455817254178,0.301
5492,汚水,8.699105210122841,1.0
5493,汚水,9.950659581625507,1.0
5494,汚水,17.46519546164124,0.573
5495,汚水,26.60762344230579,0.376
5496,汚水,26.07954182086594,0.383
5497,汚水,8.25077045442276,1.0
5498,汚水,9.920393440830306,1.0
5499,汚水,26.429174760021215,0.378
5500,汚水,8.887452268257672,1.0
5501,汚水,7.9264197640205545,1.0
5502,汚水,30.082146006513554,0.332
5503,汚水,16.5030209687722,0.606
5504,汚水,38.411262413957736,0.26
5505,汚水,32.95445722266982,0.303
5506,汚水,37.27795966087598,0.268
5507,汚水,2.8289796491436006,1.0
5508,汚水,14.41442421342736,0.694
5510,汚水,21.24419639559491,0.471
5511,汚水,28.062708940317016,0.356
5512,汚水,27.167317498607225,0.368
5513,汚水,28.696137692242143,0.348
5514,汚水,13.574424482353768,0.737
5515,汚水,32.783985117563695,0.305
5516,汚水,23.09294728752883,0.433
5517,汚水,12.40722296413066,0.806
5518,汚水,12.130797823812491,0.824
5519,汚水,7.1478744578402855,1.0
5520,汚水,26.05112828379746,0.384
5521,汚水,18.48865484974653,0.541
5522,汚水,8.105939287790578,1.0
5523,汚水,48.4829265491385,0.206
5525,汚水,45.104742963481144,0.222
5526,汚水,30.580599490865144,0.327
5527,汚水,11.661529174211442,0.858
5529,汚水,35.310940325440946,0.283
5531,汚水,82.21141638337214,0.122
5532,汚水,99.69919356019481,0.1
5533,汚水,109.78598934089364,0.091
5535,汚水,30.296527401599548,0.33
5536,汚水,2.6136873381673267,1.0
5537,汚水,17.23905823705995,0.58
5538,汚水,10.6745382120563,0.937
5539,汚水,3.1428022624663914,1.0
5540,汚水,18.704195444149878,0.535
5541,汚水,14.39024793560783,0.695
5542,汚水,2.913819133040227,1.0
5543,汚水,36.402480527283565,0.275
5544,汚水,47.50276643360124,0.211
5545,汚水,38.37487813200291,0.261
5546,汚水,37.602719266777704,0.266
5547,汚水,30.576686240207383,0.327
5548,汚水,4.777245059087277,1.0
5549,汚水,49.90661003477296,0.2
5551,汚水,22.535420847201998,0.444
5552,汚水,49.82933335393442,0.201
5553,汚水,32.17594967035139,0.311
5554,汚水,3.5979250993015506,1.0
5556,汚水,16.225912816713443,0.616
5557,汚水,9.082907955562787,1.0
5561,汚水,10.247974363790041,0.976
5562,汚水,31.543695596744275,0.317
5563,汚水,39.31151004361322,0.254
5564,汚水,19.04954421478972,0.525
5565,汚水,7.4917755056580315,1.0
5566,汚水,17.545426766628935,0.57
5567,汚水,25.111043818296935,0.398
5569,汚水,25.954124473229914,0.385
5570,汚水,13.851619335280859,0.722
5571,汚水,7.754864078635288,1.0
5572,汚水,16.891129792633247,0.592
5573,汚水,16.85892075311408,0.593
5574,汚水,41.835956900302776,0.239
5576,汚水,50.276182108192145,0.199
5578,汚水,30.711269435053524,0.326
5579,汚水,22.902286510611596,0.437
5580,汚水,34.83054488188147,0.287
5581,汚水,30.184156337150135,0.331
5582,汚水,13.993359889070119,0.715
5583,汚水,29.65870571417033,0.337
5584,汚水,5.9078727469480485,1.0
5585,汚水,33.86190202507247,0.295
5586,汚水,10.891977091017706,0.918
5587,汚水,40.125529293956404,0.249
5588,汚水,84.7010140131788,0.118
5589,汚水,39.94326138051344,0.25
5590,汚水,28.917464033281504,0.346
5591,汚水,32.166669897099716,0.311
5592,汚水,50.13524416178507,0.199
5593,汚水,43.71506092512386,0.229
5594,汚水,42.81401384680613,0.234
5595,汚水,42.860068788862876,0.233
5596,汚水,30.03545542969213,0.333
5597,汚水,25.76645713982573,0.388
5598,汚水,5.601219330883945,1.0
5599,汚水,25.20943839308171,0.397
5600,汚水,48.37646141719611,0.207
5601,汚水,32.95389023947867,0.303
5602,汚水,49.28677323109904,0.203
5603,汚水,28.390230374927544,0.352
5604,汚水,30.775045332535598,0.325
5605,汚水,42.36146313099573,0.236
5606,汚水,8.029413786861777,1.0
5607,汚水,9.464211223582792,1.0
5608,汚水,50.29207665804309,0.199
5609,汚水,20.15057372906477,0.496
5610,汚水,20.263558900828574,0.493
5611,汚水,32.766663633152454,0.305
5612,汚水,37.77054591539179,0.265
5613,汚水,42.95409751968536,0.233
5614,汚水,11.748429324956103,0.851
5615,汚水,10.154112310264454,0.985
5616,汚水,35.16176774754817,0.284
5617,汚水,13.005588959844562,0.769
5618,汚水,69.0445354953216,0.145
5619,汚水,47.40233257204335,0.211
5620,汚水,4.157567240168826,1.0
5621,汚水,9.011910762015097,1.0
5622,汚水,21.089286226235004,0.474
5623,汚水,18.791974311724047,0.532
5624,汚水,32.07433446275461,0.312
5625,汚水,4.784675239943576,1.0
5626,汚水,26.941377067806187,0.371
5627,汚水,45.90177452397727,0.218
5628,汚水,40.89815404274829,0.245
5629,汚水,7.804767896331427,1.0
5630,汚水,42.59295237687689,0.235
5631,汚水,10.956276792508788,0.913
5632,汚水,50.32883532409021,0.199
5633,汚水,6.570489538107655,1.0
5634,汚水,28.15240950087384,0.355
5635,汚水,25.723716598739202,0.389
5636,汚水,5.4009060658404255,1.0
5637,汚水,50.7490000160687,0.197
5638,汚水,34.60671091291995,0.289
5639,汚水,28.5526747073891,0.35
5640,汚水,26.699125725195255,0.375
5641,汚水,22.512722528490347,0.444
5642,汚水,24.15828291988196,0.414
5643,汚水,21.859326964021157,0.457
5644,汚水,32.430142013064064,0.308
5645,汚水,48.08413478143878,0.208
5646,汚水,90.60026349106114,0.11
5647,汚水,30.873087262736817,0.324
5648,汚水,41.119334395319974,0.243
5649,汚水,38.78430865566936,0.258
5650,汚水,5.403860263928625,1.0
5651,汚水,8.310803793268194,1.0
5652,汚水,7.120491969013557,1.0
5653,汚水,83.12273836590124,0.12
5654,汚水,49.16027110315874,0.203
5655,汚水,26.123068285920624,0.383
5656,汚水,48.151203694828126,0.208
5657,汚水,32.2651930584751,0.31
5658,汚水,32.60811591065541,0.307
5659,汚水,36.23363567816972,0.276
5660,汚水,19.375437669704347,0.516
5661,汚水,25.5311837311451,0.392
5662,汚水,30.586948363392796,0.327
5663,汚水,32.82171996903983,0.305
5664,汚水,20.89501748374107,0.479
5665,汚水,29.806483190047874,0.335
5666,汚水,32.80190459606975,0.305
5667,汚水,11.22163251114385,0.891
5668,汚水,18.17738312026866,0.55
5670,汚水,4.370722961408297,1.0
5671,汚水,50.55787428310264,0.198
5672,汚水,42.340010322013526,0.236
5673,汚水,55.00669590685575,0.182
5674,汚水,54.94486758275695,0.182
5675,汚水,4.862646368776414,1.0
5677,汚水,4.2816918466136045,1.0
5679,汚水,10.309919511747347,0.97
5680,汚水,32.43578961373584,0.308
5681,汚水,35.112567370370016,0.285
5682,汚水,6.700484680112633,1.0
5683,汚水,22.239896646255147,0.45
5684,汚水,117.79599387708178,0.085
5685,汚水,19.746718106985174,0.506
5686,汚水,27.865709324205145,0.359
5687,汚水,23.966456471003667,0.417
5688,汚水,20.142238507984207,0.496
5689,汚水,27.163922501192097,0.368
5690,汚水,15.15238133594983,0.66
5691,汚水,34.42680411974383,0.29
5692,汚水,23.028244404284827,0.434
5693,汚水,14.537001683646466,0.688
5694,汚水,9.14220629548923,1.0
5695,雨水,29.6344174237381,0.337
5696,雨水,73.68767657924592,0.136
5697,雨水,58.20473830362405,0.172
5698,雨水,12.405346092312824,0.806
5699,雨水,59.774865911535514,0.167
5700,雨水,36.676986021230036,0.273
5701,雨水,38.40185563141516,0.26
5702,雨水,14.370290625172524,0.696
5703,雨水,56.410965072185334,0.177
13148,汚水,31.608267676279535,0.316
13149,汚水,30.97390081243322,0.323
13150,汚水,31.133761103819445,0.321
13151,汚水,40.843466535752526,0.245
13152,汚水,32.16435461629433,0.311
13153,汚水,35.87266934360942,0.279
13154,汚水,39.194120659523335,0.255
13155,汚水,38.82951581234069,0.258
13157,汚水,27.175833341615203,0.368
13158,汚水,27.37951904652939,0.365
13159,汚水,9.23406449141387,1.0
13160,汚水,19.411772148507975,0.515
13161,汚水,13.289333390420786,0.752
13162,汚水,40.84451462067855,0.245
13163,汚水,35.127430485437344,0.285
13164,汚水,27.800120949843606,0.36
13165,汚水,47.741042733909445,0.209
13166,汚水,50.175563660889665,0.199
13169,汚水,10.976376316394807,0.911
13170,汚水,22.25580917985466,0.449
13171,汚水,21.544764802453233,0.464
13172,汚水,16.198551640698664,0.617
13173,汚水,19.295256146818684,0.518
13174,汚水,16.16691044955624,0.619
13175,汚水,7.368305691367293,1.0
13176,汚水,29.61820897664268,0.338
13177,汚水,16.20444791788411,0.617
13178,汚水,4.97454147299444,1.0
13179,汚水,42.48391658341994,0.235
13180,汚水,17.40123731318245,0.575
13181,汚水,34.99458260595414,0.286
13182,汚水,17.06228554988377,0.586
13183,汚水,8.675648401229404,1.0
13184,汚水,8.483109340016677,1.0
13185,汚水,39.44728817041743,0.254
13186,汚水,10.707248663940728,0.934
13187,汚水,35.16581274886633,0.284
13188,汚水,11.468827234743483,0.872
13189,汚水,41.50581709732942,0.241
13190,汚水,10.106857086223913,0.989
13192,汚水,54.37713898052629,0.184
13193,汚水,55.56195192872367,0.18
13194,汚水,31.682200574967094,0.316
13195,汚水,20.034026431412638,0.499
13196,汚水,77.52282704182717,0.129
13197,汚水,41.76526913942816,0.239
13198,汚水,56.49586300624552,0.177
13199,汚水,6.215615345661967,1.0
13200,汚水,45.06078807477524,0.222
13201,汚水,44.80938612747743,0.223
13202,汚水,55.456508723591014,0.18
13203,汚水,3.384058887153501,1.0
13204,汚水,63.14762430171397,0.158
13205,汚水,57.1413982393043,0.175
13206,汚水,44.30748840974888,0.226
13207,汚水,4.972865238236853,1.0
13208,汚水,47.70543276031081,0.21
13209,汚水,33.460293088975064,0.299
13210,汚水,43.67065871524334,0.229
13211,汚水,38.9869866682617,0.256
13212,汚水,48.034932714758504,0.208
13213,汚水,83.4012581560511,0.12
13214,汚水,27.87030071426411,0.359
13215,汚水,30.560526240043764,0.327
13216,汚水,53.892569578210725,0.186
13217,汚水,31.611257785149576,0.316
13218,汚水,57.47853789373311,0.174
13219,汚水,37.79011235406118,0.265
13220,汚水,23.060621254869698,0.434
13221,汚水,48.09236173681539,0.208
13222,汚水,5.846534067371266,1.0
13223,汚水,63.64818514601989,0.157
13224,汚水,16.294969451449113,0.614
13225,汚水,48.089864511531054,0.208
13226,汚水,39.98465026785986,0.25
13227,汚水,19.9567188126808,0.501
13228,汚水,39.80042369205967,0.251
13230,汚水,54.834956588738976,0.182
13231,汚水,40.91226307350589,0.244
13232,汚水,8.850795251905982,1.0
13233,汚水,66.4230258080158,0.151
13234,汚水,71.47052138953094,0.14
13235,汚水,80.84426001423876,0.124
13236,汚水,79.2024945308731,0.126
13237,汚水,94.97486310411342,0.105
13238,汚水,101.65083322458787,0.098
13239,汚水,69.7883330008691,0.143
13240,汚水,80.48906294557273,0.124
13241,汚水,79.80069063298214,0.125
13242,汚水,4.045513220670591,1.0
13243,汚水,19.80436298019669,0.505
13244,汚水,40.05391710067521,0.25
13245,汚水,31.882289175752277,0.314
13247,汚水,36.82315814435388,0.272
13248,汚水,22.970930366459257,0.435
13249,汚水,36.47001209731447,0.274
13251,汚水,16.59357593858828,0.603
13252,汚水,29.775271707987063,0.336
13253,汚水,36.994073261474604,0.27
13254,汚水,42.73330079027817,0.234
13256,汚水,39.768265876749254,0.251
13262,汚水,31.661347005897134,0.316
13264,汚水,40.56815777194005,0.246
13265,汚水,21.716821567498762,0.46
13266,汚水,39.78120282431429,0.251
13267,汚水,38.16478925529402,0.262
13268,汚水,44.37130339863674,0.225
13269,汚水,24.634528780786226,0.406
13270,汚水,24.7232359623721,0.404
13271,汚水,22.0270397572446,0.454
13272,汚水,45.200466290339975,0.221
13275,汚水,22.340938394832754,0.448
13276,汚水,25.86893210207544,0.387
13282,汚水,23.212092194179654,0.431
13283,汚水,45.88580549466487,0.218
13284,汚水,26.92324998412565,0.371
13285,汚水,43.903828426343686,0.228
13286,汚水,33.740397562399174,0.296
13287,汚水,34.19459546908029,0.292
13289,汚水,36.00349688596482,0.278
13290,汚水,46.385075807251404,0.216
13291,汚水,49.41845296485042,0.202
13292,汚水,28.415746972621488,0.352
13293,汚水,51.17603438793017,0.195
13294,汚水,27.575525927789926,0.363
13295,汚水,29.883506612516832,0.335
13296,汚水,42.29513552183567,0.236
13297,汚水,32.69528694305311,0.306
13298,汚水,8.323282603050247,1.0
13300,汚水,50.492574618732064,0.198
13301,汚水,34.12248416157146,0.293
13302,汚水,32.76962066968639,0.305
13303,汚水,42.103050647454786,0.238
13304,汚水,25.23393511963556,0.396
13305,汚水,22.29548590686735,0.449
13306,汚水,7.422990923332442,1.0
13307,汚水,25.284006656640223,0.396
13308,汚水,30.104903430901416,0.332
13309,汚水,30.172375829410548,0.331
13310,汚水,43.15062683520689,0.232
13311,汚水,42.31681675838656,0.236
13313,汚水,45.81382553433844,0.218
13314,汚水,27.87407620763162,0.359
13315,汚水,33.946935837567935,0.295
13317,汚水,47.89311898699659,0.209
13318,汚水,26.984662563927706,0.371
13320,汚水,25.824344153136703,0.387
13321,汚水,48.22072425082734,0.207
13322,汚水,29.71492088264526,0.337
13323,汚水,22.553880540257353,0.443
13324,汚水,31.61685735633537,0.316
13325,汚水,54.65621941445934,0.183
13326,汚水,36.476953427976895,0.274
13327,汚水,40.939985806697955,0.244
13328,汚水,28.058388425656872,0.356
13329,汚水,54.42035554325037,0.184
13330,汚水,97.93148353734664,0.102
13331,汚水,88.24549404103276,0.113
13332,汚水,92.46304982485013,0.108
13333,汚水,14.501219463360854,0.69
13334,汚水,61.503035108001185,0.163
13335,汚水,11.888557761223131,0.841
13336,汚水,29.929411820403903,0.334
13337,汚水,52.21875654365574,0.192
13338,汚水,63.10321378144022,0.158
13339,汚水,35.218623421880515,0.284
13340,汚水,58.77227549899322,0.17
13341,汚水,43.97636694919091,0.227
13342,汚水,26.21795158147266,0.381
13343,汚水,30.87699469092085,0.324
13344,汚水,49.50494293438021,0.202
13345,汚水,65.54200075867413,0.153
13346,汚水,37.66839398273003,0.265
13347,汚水,21.25081214286213,0.471
13348,汚水,51.490045763787634,0.194
13349,汚水,40.964804586002145,0.244
13350,汚水,32.68069651201091,0.306
13351,汚水,19.45336524766669,0.514
13352,汚水,76.78031187693217,0.13
13353,汚水,55.702576211173955,0.18
13354,汚水,68.94867764019143,0.145
13355,汚水,44.87663386798461,0.223
13356,汚水,42.877687166350384,0.233
13357,汚水,53.61736052156329,0.187
13358,汚水,46.15481793317662,0.217
13359,汚水,8.553780362396322,1.0
13360,汚水,67.72443378438929,0.148
13361,汚水,41.95801187606,0.238
13362,汚水,10.483864168109847,0.954
13363,汚水,32.587600913375866,0.307
13364,汚水,5.057002727066461,1.0
13365,汚水,24.30326174775795,0.411
13366,汚水,54.440399447174,0.184
13367,汚水,64.26761704308792,0.156
13368,汚水,43.147033980062474,0.232
13369,汚水,69.09054358519714,0.145
13370,汚水,20.172618322261822,0.496
13371,汚水,67.77482413439472,0.148
13372,汚水,84.41727074368289,0.118
13373,汚水,56.699853534540466,0.176
13374,汚水,19.085912345638384,0.524
13375,汚水,40.70767782654391,0.246
13376,汚水,36.063026897749275,0.277
13377,汚水,89.39826011052416,0.112
13378,汚水,6.938971945958416,1.0
13379,汚水,83.40023504079345,0.12
13380,汚水,2.027001135771384,1.0
13381,汚水,4.677634337837437,1.0
13382,汚水,8.40281541464098,1.0
13383,汚水,52.92889078648674,0.189
13384,汚水,79.68628196457941,0.125
13385,汚水,5.1910528989787075,1.0
13386,汚水,41.004889932249306,0.244
13387,汚水,49.68769589015226,0.201
13388,汚水,5.78331141629085,1.0
13389,汚水,6.4992770239669095,1.0
13390,汚水,6.294437893572025,1.0
13392,汚水,16.820351364010605,0.595
13393,汚水,30.10459593006853,0.332
13394,汚水,24.748672725636187,0.404
13395,汚水,7.566003841955647,1.0
13396,汚水,22.05239494581955,0.453
13397,汚水,29.42209476778405,0.34
13398,汚水,21.473273009637175,0.466
13399,汚水,6.609982342516501,1.0
13401,汚水,49.0695672081981,0.204
13402,汚水,49.118877521783325,0.204
13404,汚水,42.50723876727125,0.235
13405,汚水,40.71639815836934,0.246
13406,汚水,11.569040644106186,0.864
13407,汚水,20.67096067050133,0.484
13408,汚水,21.054795376078,0.475
13409,汚水,33.109811674900044,0.302
13410,汚水,22.5028626677564,0.444
13411,汚水,15.32447454168904,0.653
13413,汚水,22.58613518647237,0.443
13414,汚水,24.228182855522782,0.413
13415,汚水,22.578134114088076,0.443
13416,汚水,26.2075082801485,0.382
13418,汚水,26.897596308754096,0.372
13420,汚水,47.50094678471055,0.211
13421,汚水,41.07252630438046,0.243
13422,汚水,26.533362791076527,0.377
13423,汚水,24.60401444032757,0.406
13424,汚水,42.474916188454486,0.235
13425,汚水,37.47569152355325,0.267
13426,汚水,40.236718471292185,0.249
13427,汚水,36.714103124620095,0.272
13428,汚水,30.52034847354451,0.328
13429,汚水,39.17030158321785,0.255
13430,汚水,4.442331702843586,1.0
13431,汚水,49.16188870836286,0.203
13432,汚水,30.936303272290402,0.323
13433,汚水,28.3052446939312,0.353
13434,汚水,28.27724378959237,0.354
13435,汚水,2.9580958643486457,1.0
13436,汚水,3.412504262996218,1.0
13437,汚水,18.09200983571678,0.553
13438,汚水,46.60781767579754,0.215
13439,汚水,19.97783945751669,0.501
13441,汚水,18.947575263111105,0.528
13442,汚水,18.86641462227193,0.53
13443,汚水,19.459754466084433,0.514
13445,汚水,29.565509758279283,0.338
13446,汚水,30.246794616852245,0.331
13448,汚水,8.64034237460009,1.0
13449,汚水,35.5625629786821,0.281
13450,汚水,25.525134989927253,0.392
13451,汚水,31.052009832681065,0.322
13452,汚水,40.6198270891843,0.246
13453,汚水,22.75545308974654,0.439
13454,汚水,27.53002915682336,0.363
13455,汚水,39.462757153959366,0.253
13456,汚水,22.500977837209852,0.444
13457,汚水,27.6040961162086,0.362
13459,汚水,23.194198509210704,0.431
13460,汚水,23.835295325452563,0.42
13462,汚水,26.28261067134617,0.38
13463,汚水,13.766366644364275,0.726
13465,汚水,22.452554941733997,0.445
13466,汚水,16.02707999573042,0.624
13467,汚水,95.56085016973108,0.105
13468,汚水,19.852278603978142,0.504
5704,雨水,53.100265857008814,0.188
5705,雨水,7.926350515342023,1.0
5706,雨水,47.633237768518875,0.21
5707,雨水,40.62442454483416,0.246
5708,雨水,39.68598723690502,0.252
5709,雨水,7.607843932345415,1.0
5710,雨水,7.95821882106811,1.0
5711,雨水,73.02610711475413,0.137
5712,雨水,62.95521640720782,0.159
5713,雨水,7.9691182329225025,1.0
5714,雨水,20.797945239350582,0.481
5715,雨水,18.499932219349677,0.541
5716,雨水,78.93779066174781,0.127
5717,雨水,24.60011053345574,0.407
5718,雨水,45.64918210163059,0.219
5719,雨水,5.084262090020878,1.0
5720,雨水,39.823111541915225,0.251
5721,雨水,36.64476654905113,0.273
5722,雨水,31.981382072206827,0.313
5723,雨水,9.766885442867682,1.0
5724,雨水,42.4291306096371,0.236
5725,雨水,9.792070799526726,1.0
5726,雨水,46.528481284317074,0.215
5727,雨水,37.446538800121026,0.267
5728,雨水,32.27914189767473,0.31
5729,雨水,18.730268697755452,0.534
5730,雨水,1.014497302850504,1.0
5731,雨水,23.216335721270582,0.431
5732,雨水,41.64332287026996,0.24
5734,雨水,52.937959112414525,0.189
5735,雨水,6.107426665252408,1.0
5736,雨水,23.87411685073787,0.419
5737,雨水,43.82993694697404,0.228
5738,雨水,39.58147639487511,0.253
5739,雨水,133.9404281172009,0.075
5740,雨水,49.898669399143834,0.2
5741,雨水,15.72698467376439,0.636
5742,雨水,15.963436430676886,0.626
5743,雨水,5.193524410217618,1.0
5744,雨水,31.435425465187244,0.318
5745,雨水,3.691033471868484,1.0
5746,雨水,66.90733573516081,0.149
5747,雨水,14.348515136680211,0.697
5748,雨水,66.89980822441822,0.149
5749,雨水,3.817549825797982,1.0
5750,雨水,4.015552533164229,1.0
5751,雨水,9.895585216175558,1.0
5752,雨水,7.366290525651238,1.0
5753,雨水,6.484540648549894,1.0
5754,雨水,96.49944768050405,0.104
5755,雨水,15.565490741787729,0.642
5756,雨水,45.81796239942746,0.218
5757,雨水,7.815229970911985,1.0
5758,雨水,6.929398658082483,1.0
5759,雨水,4.296959911446368,1.0
5760,雨水,41.25679753944667,0.242
5761,雨水,42.832195768893804,0.233
5762,雨水,5.951447775764369,1.0
5763,雨水,35.71993337196416,0.28
5764,雨水,65.03550608432268,0.154
5765,雨水,65.58179463723613,0.152
5766,雨水,12.222904367319028,0.818
5767,雨水,47.435797828867294,0.211
5768,雨水,12.526904983874003,0.798
5771,雨水,36.143490873772166,0.277
5772,雨水,11.177624712143441,0.895
5773,雨水,20.053704049132982,0.499
5774,雨水,38.850946614717465,0.257
5775,雨水,49.75205750822769,0.201
5776,雨水,7.88667288396312,1.0
5777,雨水,7.749801897813246,1.0
5778,雨水,6.294091907714191,1.0
5779,雨水,30.595280403150294,0.327
5780,雨水,8.988961510296587,1.0
5782,雨水,4.412930845934126,1.0
5783,雨水,65.07336810093834,0.154
5784,雨水,5.57677550434264,1.0
5785,雨水,8.083965041793377,1.0
5786,雨水,37.80871969305207,0.264
5787,雨水,8.19624024197365,1.0
5788,雨水,6.291955276769755,1.0
5789,雨水,16.263672631356048,0.615
5790,雨水,21.209838784603626,0.471
5791,雨水,7.856267162540344,1.0
5792,雨水,4.080125653682924,1.0
5793,雨水,12.598865224376803,0.794
5794,雨水,27.617497325016657,0.362
5795,雨水,127.16449114343895,0.079
5796,雨水,19.25966266363289,0.519
5797,雨水,41.93149291190215,0.238
5798,雨水,109.72318733809986,0.091
5799,雨水,34.47887296273312,0.29
5800,雨水,36.50307427576305,0.274
5801,雨水,16.524957458862264,0.605
5802,雨水,11.366000063875964,0.88
5803,雨水,59.95561564946873,0.167
5804,雨水,79.61272351898593,0.126
5805,雨水,4.072192840346308,1.0
5807,雨水,38.452606099269595,0.26
5808,雨水,12.002658092026216,0.833
5809,雨水,76.99140134358325,0.13
5810,雨水,15.553051406103998,0.643
5811,雨水,17.412757450590732,0.574
5812,雨水,13.874089517508379,0.721
5814,雨水,29.461473556921323,0.339
5815,雨水,30.97605002574143,0.323
5816,雨水,18.853320596165613,0.53
5817,雨水,32.165196084639426,0.311
5818,雨水,20.30636935443519,0.492
5819,雨水,122.68884179300349,0.082
5820,雨水,71.48655790374478,0.14
5821,雨水,69.68456491122845,0.144
5822,雨水,90.87212006600217,0.11
5823,雨水,59.29647032171513,0.169
5824,雨水,4.355575947529926,1.0
5825,雨水,45.35001308225738,0.221
5826,雨水,45.432945248514535,0.22
5827,汚水,9.831075760783047,1.0
5828,汚水,56.15930396780693,0.178
5829,汚水,57.77941236495733,0.173
5830,汚水,25.9316952805387,0.386
5831,汚水,22.89468989575014,0.437
5832,汚水,15.302797165430885,0.653
5833,汚水,47.02081572165006,0.213
5834,汚水,32.94900936763238,0.303
5837,汚水,14.833947255130068,0.674
5839,汚水,58.55661675198444,0.171
5841,汚水,59.077936782838385,0.169
5842,汚水,57.39820125907555,0.174
5843,汚水,17.527641237622106,0.571
5844,汚水,59.364986432089495,0.168
5845,汚水,55.70627152291372,0.18
5846,汚水,44.932628409855944,0.223
5847,汚水,49.77803787814747,0.201
5848,汚水,65.29514698409781,0.153
5850,汚水,25.17336917726641,0.397
5851,汚水,39.393791673770856,0.254
5852,汚水,48.63143822955401,0.206
5853,汚水,91.85098899176512,0.109
5854,汚水,43.94012072200884,0.228
5855,汚水,42.08498783980163,0.238
5856,汚水,12.921784271027699,0.774
5857,汚水,69.32226210926258,0.144
5858,汚水,92.75093801952272,0.108
5859,汚水,37.15173396745828,0.269
5860,汚水,16.042103782808557,0.623
5861,汚水,20.982317497654034,0.477
5862,汚水,88.22023921201183,0.113
5863,汚水,52.089338531802305,0.192
5864,汚水,86.33149072948218,0.116
5865,汚水,31.141706503416998,0.321
5866,汚水,42.75249569387002,0.234
5867,汚水,42.07822661724996,0.238
5868,汚水,30.97732129145111,0.323
5869,汚水,22.583288970696916,0.443
5870,汚水,48.40551784749691,0.207
5871,汚水,72.4055206849834,0.138
5872,汚水,3.0749999999970896,1.0
5873,汚水,6.5734738451073795,1.0
5874,汚水,65.33307102180227,0.153
5875,汚水,68.0869461411708,0.147
5876,汚水,60.567620900864426,0.165
5877,汚水,16.26765745643838,0.615
5878,汚水,19.010216621431987,0.526
5879,汚水,18.904857724562692,0.529
5880,汚水,16.71081437171955,0.598
5881,汚水,4.483121916819529,1.0
5882,汚水,25.650300624523116,0.39
5883,汚水,6.820992627950191,1.0
5884,汚水,68.34577338069928,0.146
5886,汚水,40.79112867477177,0.245
5887,汚水,36.081011052271386,0.277
5888,汚水,21.8902359792324,0.457
5889,汚水,22.08907811044537,0.453
5890,汚水,5.450188610975321,1.0
5891,汚水,14.759339519401188,0.678
5892,汚水,36.743398455518474,0.272
5893,汚水,27.267870159928744,0.367
5894,汚水,31.557998794381458,0.317
5895,汚水,35.662322768625195,0.28
5896,汚水,40.942119995578096,0.244
5897,汚水,48.578970587338084,0.206
5899,汚水,20.238227652371485,0.494
5900,汚水,23.850833033025566,0.419
5901,汚水,37.315560719921265,0.268
5902,汚水,9.560885406245962,1.0
5903,汚水,16.92253509566063,0.591
5904,汚水,23.445603945652106,0.427
5905,汚水,3.442838726821707,1.0
5906,汚水,18.836534989570023,0.531
5907,汚水,2.0535765565220445,1.0
5908,汚水,12.95875421510346,0.772
5909,汚水,10.451256894984953,0.957
5910,汚水,26.74000293239088,0.374
5911,汚水,26.37406631778421,0.379
5912,汚水,34.46218025040748,0.29
5914,汚水,2.7573024678486533,1.0
5915,汚水,33.480900531347096,0.299
5916,汚水,37.31690315376983,0.268
5917,汚水,17.673663892519606,0.566
5918,汚水,11.141186088913798,0.898
5919,汚水,22.789684506943903,0.439
5920,汚水,31.75505841567891,0.315
5921,汚水,8.649066155091193,1.0
5922,汚水,18.705465489032353,0.535
5923,汚水,4.724676021084186,1.0
5924,汚水,21.746177955055284,0.46
5925,汚水,58.369917474274715,0.171
5927,汚水,29.609611645778514,0.338
5928,汚水,42.13085362693397,0.237
5929,汚水,12.716415737607983,0.786
5931,汚水,55.948911694712535,0.179
5932,汚水,38.331961688959154,0.261
5933,汚水,26.380872867271457,0.379
5934,汚水,32.103813270876245,0.311
5935,汚水,35.02892090861601,0.285
5936,汚水,8.800213556484286,1.0
5937,汚水,22.877569518152416,0.437
5938,汚水,14.72387458276538,0.679
5939,汚水,21.857171589239783,0.458
5940,汚水,12.254092041622979,0.816
5941,汚水,9.15583026985699,1.0
5942,汚水,16.42757746768548,0.609
5943,汚水,44.89966581744615,0.223
5944,汚水,45.967318513741404,0.218
5945,汚水,13.301675156551749,0.752
5946,汚水,48.89116586067021,0.205
5947,汚水,67.44584796458074,0.148
5948,汚水,101.68705225979758,0.098
5949,汚水,29.668339135564523,0.337
5950,汚水,32.46471694479897,0.308
5951,汚水,18.13446388758297,0.551
5952,汚水,22.4318614728507,0.446
5953,汚水,17.99047442722175,0.556
5954,汚水,8.354723808851857,1.0
5958,汚水,48.79153683107459,0.205
5960,雨水,41.21771439892718,0.243
5961,雨水,43.039598876101685,0.232
5962,雨水,43.74229296396399,0.229
5963,雨水,46.337801177474695,0.216
5964,雨水,19.950529690476923,0.501
5966,雨水,45.416559660578336,0.22
5967,雨水,41.794176885079224,0.239
5968,雨水,19.431354627641337,0.515
5969,雨水,52.29958604809376,0.191
5972,雨水,30.207269837369132,0.331
5973,雨水,34.23699794928258,0.292
5974,雨水,29.454505531624754,0.34
5975,雨水,29.53486120273238,0.339
5976,雨水,40.69799981468151,0.246
5977,雨水,28.726423114419106,0.348
5978,雨水,28.351247714665334,0.353
5979,雨水,11.816698558343665,0.846
5980,雨水,43.54210123949492,0.23
5981,雨水,421.60435106180387,0.024
5982,雨水,31.825331332774223,0.314
5983,雨水,5.460892910247523,1.0
5984,雨水,40.93565662808148,0.244
5986,雨水,11.863666821241642,0.843
5987,雨水,17.88592524033811,0.559
5988,雨水,55.05999791562439,0.182
5989,雨水,10.539681894390345,0.949
5990,雨水,71.28702813094479,0.14
5991,雨水,50.36357289826146,0.199
5992,雨水,69.05595138465651,0.145
5993,雨水,62.95517968755258,0.159
5994,雨水,31.25804334192962,0.32
5996,雨水,34.40280017108059,0.291
5997,雨水,6.560426595429171,1.0
5998,雨水,49.06807509049929,0.204
5999,雨水,57.88008743331732,0.173
6000,雨水,4.927017332868287,1.0
6001,雨水,194.35820959080675,0.051
6002,雨水,77.95293835460905,0.128
6003,雨水,52.25327393483095,0.191
6004,雨水,20.866725487906447,0.479
6005,雨水,13.42727369102105,0.745
6006,雨水,19.057952561041002,0.525
6007,雨水,7.7870047810684655,1.0
6008,雨水,72.52149823913042,0.138
6009,雨水,23.913898954100855,0.418
6010,雨水,9.008718685951807,1.0
6011,雨水,66.7951949429383,0.15
6012,雨水,63.369800777412784,0.158
6013,雨水,54.46643736339664,0.184
6014,雨水,31.33849082444553,0.319
6015,雨水,24.041447068889905,0.416
6016,雨水,46.021878030489695,0.217
6017,雨水,28.737586193045843,0.348
6018,雨水,79.80546728889693,0.125
6020,雨水,26.700213789464286,0.375
6021,雨水,23.976774068334056,0.417
6022,雨水,29.664046238611284,0.337
6023,雨水,31.525225883906995,0.317
6024,雨水,31.512268979847942,0.317
6025,雨水,24.38110722392377,0.41
13469,汚水,21.59774297884318,0.463
13470,汚水,14.252310502268106,0.702
13471,汚水,15.631904855100792,0.64
13472,汚水,14.44822724943816,0.692
13473,汚水,9.568849183365638,1.0
13474,汚水,9.923966370713028,1.0
13475,汚水,8.931685359485824,1.0
13476,汚水,32.22298317073895,0.31
13477,汚水,25.648513955288465,0.39
13478,汚水,35.412600401137595,0.282
13479,汚水,11.051687127263259,0.905
13480,汚水,9.897557364697922,1.0
13481,汚水,4.282083902160319,1.0
13482,汚水,19.425979340179417,0.515
13483,汚水,13.94801085251585,0.717
13484,汚水,4.193060962790365,1.0
13485,汚水,9.702146064310021,1.0
13486,汚水,18.915582451224473,0.529
13487,汚水,23.0448702643916,0.434
13488,汚水,18.39594389505137,0.544
13489,汚水,10.416739351962933,0.96
13490,汚水,11.267490773855132,0.888
13491,汚水,7.053122600329251,1.0
13492,汚水,25.032142639015813,0.399
13493,汚水,8.151584939180827,1.0
13494,汚水,8.648521085327575,1.0
13495,汚水,26.916966776709955,0.372
13496,汚水,8.527394323861047,1.0
13497,汚水,27.66447510373583,0.361
13498,汚水,10.91173549924967,0.916
13499,汚水,27.98671680746258,0.357
13500,汚水,38.62925211110418,0.259
13501,汚水,16.612775656620144,0.602
13502,汚水,50.48033634497051,0.198
13503,汚水,14.340669916338252,0.697
13504,汚水,22.08037969337576,0.453
13505,汚水,38.9319708938372,0.257
13506,汚水,26.980076752013755,0.371
13507,汚水,17.897106754701664,0.559
13508,汚水,14.889114412799533,0.672
13509,汚水,18.73238120477748,0.534
13510,汚水,13.352136157701468,0.749
13511,汚水,17.874836532839257,0.559
13512,汚水,52.83769021565965,0.189
13513,汚水,37.18794380054654,0.269
13514,汚水,15.663888630485467,0.638
13515,汚水,21.08658904309741,0.474
13516,汚水,21.479966800709033,0.466
13517,汚水,16.92194719375234,0.591
13518,汚水,8.490131362105549,1.0
13519,汚水,14.956413119585472,0.669
13520,汚水,18.73317595839772,0.534
13521,汚水,47.19652068375425,0.212
13522,汚水,46.426723476271796,0.215
13523,汚水,12.568578469343597,0.796
13524,汚水,16.105971685674966,0.621
13525,汚水,52.66984077181651,0.19
13526,汚水,34.747012730915024,0.288
13527,汚水,19.41004983040563,0.515
13528,汚水,24.440327117728284,0.409
13529,汚水,5.289730616957729,1.0
13530,汚水,28.649019891739208,0.349
13532,汚水,17.254296165993704,0.58
13533,汚水,25.023392534486657,0.4
13534,汚水,15.105088196300088,0.662
13535,汚水,20.777115076194423,0.481
13536,汚水,69.91179569013788,0.143
13537,汚水,47.89880236342413,0.209
13539,汚水,41.628163121448004,0.24
13540,汚水,14.713013178345383,0.68
13541,汚水,34.93083090003648,0.286
13542,汚水,27.32650911400863,0.366
13544,汚水,16.47763119213277,0.607
13545,汚水,27.18440643448045,0.368
13546,汚水,37.031732609625735,0.27
13547,汚水,12.174345838207007,0.821
13548,汚水,8.919044896768243,1.0
13549,汚水,25.497008490771414,0.392
13550,汚水,32.33498239888716,0.309
13552,汚水,28.279662131585894,0.354
13553,汚水,27.91337819216192,0.358
13554,汚水,11.204866182052054,0.892
13555,汚水,15.678733603492862,0.638
13556,汚水,8.52143616047497,1.0
13558,汚水,12.205775621276652,0.819
13559,汚水,8.319590152608106,1.0
13560,汚水,14.952592259862262,0.669
13562,汚水,35.411458682537365,0.282
13563,汚水,10.332443727568943,0.968
13565,汚水,26.4606883667004,0.378
13566,汚水,5.814730275259575,1.0
13567,汚水,41.21226770078095,0.243
13568,汚水,15.255286926105601,0.656
13569,汚水,44.53062210822884,0.225
13570,汚水,7.1103525468788815,1.0
13571,汚水,14.384364208893365,0.695
13572,汚水,37.196222960606626,0.269
13574,汚水,48.41958541488878,0.207
13576,汚水,40.615196567155124,0.246
13577,汚水,26.862909467918797,0.372
13579,汚水,9.501131568646544,1.0
13580,汚水,40.964011928000254,0.244
13582,汚水,41.02898672204591,0.244
13583,汚水,17.855247898075696,0.56
13586,汚水,20.860913630636222,0.479
13589,汚水,28.9024052958718,0.346
13590,汚水,23.74788746167241,0.421
13591,汚水,48.54498918665849,0.206
13592,汚水,8.42295819935184,1.0
13593,汚水,35.874327467225385,0.279
13595,汚水,36.559732803735045,0.274
13596,汚水,48.06010511734286,0.208
13597,汚水,12.209832613049635,0.819
13598,汚水,28.549700861595234,0.35
13599,汚水,28.57319707567735,0.35
13600,汚水,14.457783519305488,0.692
13601,汚水,9.871490986771573,1.0
13602,汚水,8.023688391164416,1.0
13603,汚水,7.160449146094574,1.0
13604,汚水,45.88810706583436,0.218
13605,汚水,49.856310442941506,0.201
13606,汚水,40.23123237068988,0.249
13607,汚水,23.17390110368579,0.432
13608,汚水,3.1226991256119336,1.0
13609,汚水,30.681000824202975,0.326
13610,汚水,13.282084938928593,0.753
13611,汚水,8.466429831774219,1.0
13612,汚水,36.61192273107568,0.273
13613,汚水,13.833630060400166,0.723
13614,汚水,25.13156331534646,0.398
13615,汚水,24.749629487312085,0.404
13616,汚水,24.990030046946956,0.4
13617,汚水,23.144791841305356,0.432
13618,汚水,33.61620569457967,0.297
13619,汚水,28.150191506056466,0.355
13620,汚水,15.685663900523322,0.638
13622,汚水,11.912448258513969,0.839
13623,汚水,52.61640361705317,0.19
13624,汚水,31.324408285688403,0.319
13626,汚水,31.213708870383687,0.32
13627,汚水,30.24401813005755,0.331
13628,汚水,28.65096375896687,0.349
13629,汚水,21.89204997808151,0.457
13630,汚水,34.37429802805942,0.291
13631,汚水,23.388554368048016,0.428
13632,汚水,53.26460832809991,0.188
13633,汚水,30.115677510183307,0.332
13634,汚水,46.067451807108085,0.217
13635,汚水,52.11341170250985,0.192
13636,汚水,37.43148969317899,0.267
13637,汚水,54.58453894112672,0.183
13639,汚水,33.483358133770835,0.299
13640,汚水,46.20787345594273,0.216
13641,汚水,20.085860339467626,0.498
13642,汚水,35.4855608069927,0.282
13643,汚水,22.030452732044488,0.454
13644,汚水,45.875056068440806,0.218
13645,汚水,23.321770988243628,0.429
13646,汚水,37.21176267360013,0.269
13647,汚水,63.415274178346635,0.158
13648,汚水,22.32702198014202,0.448
13649,汚水,20.940359879964422,0.478
13650,汚水,33.379015904926945,0.3
13651,汚水,28.644147030998894,0.349
13652,汚水,15.468615814227363,0.646
13653,汚水,19.321056726357703,0.518
13654,汚水,6.852992543775864,1.0
13655,汚水,30.14284116946934,0.332
13656,汚水,32.72373678275434,0.306
13657,汚水,30.46907175978393,0.328
13658,汚水,27.704089546167996,0.361
13659,汚水,29.93587592428084,0.334
13660,汚水,34.11465734990847,0.293
13661,汚水,6.159040093246292,1.0
13663,汚水,46.23128228922441,0.216
13664,汚水,6.265989680073115,1.0
13665,汚水,41.62032783295459,0.24
13667,汚水,22.171876579346787,0.451
13668,汚水,23.911461708683504,0.418
13669,汚水,63.418125129251116,0.158
13671,汚水,32.93941519158238,0.304
13672,汚水,46.719572851051794,0.214
13673,汚水,73.4528184582213,0.136
13674,汚水,43.313984737414195,0.231
13675,汚水,24.615446962926367,0.406
13676,汚水,25.5384287522113,0.392
13677,汚水,41.209039060146665,0.243
13678,汚水,7.373008279582752,1.0
13679,汚水,34.692385903018454,0.288
13680,汚水,20.877541639453213,0.479
13681,汚水,11.561084960946522,0.865
13682,汚水,10.120317854731848,0.988
13683,汚水,19.90987218249027,0.502
13684,汚水,28.46443841197659,0.351
13685,汚水,15.193914931875293,0.658
13686,汚水,27.127203899690794,0.369
13687,汚水,59.742482123410134,0.167
13688,汚水,59.153515378518904,0.169
13689,汚水,67.57457322704325,0.148
13691,汚水,72.14656617596718,0.139
13692,汚水,32.75476658195507,0.305
13693,汚水,61.952514299445774,0.161
13695,汚水,68.08063919927113,0.147
13696,汚水,64.71173888363955,0.155
13697,汚水,65.52381019393094,0.153
13698,汚水,14.38232232822396,0.695
13699,汚水,68.94368667987362,0.145
13700,汚水,58.314540636229495,0.171
13701,汚水,9.437883375214387,1.0
13702,汚水,68.97649353211503,0.145
13703,汚水,3.7719942392106924,1.0
13704,汚水,8.092208855657065,1.0
13705,汚水,21.316390407036646,0.469
13706,汚水,17.754834990691496,0.563
13707,汚水,34.732882152966695,0.288
13708,汚水,3.441303632476548,1.0
13709,汚水,29.487004981722393,0.339
13710,汚水,31.97032365577203,0.313
13711,汚水,17.89013847943629,0.559
13712,汚水,21.1389798976417,0.473
13713,汚水,34.1522403460967,0.293
13714,汚水,68.54430124608615,0.146
13715,汚水,49.77009074054601,0.201
13716,汚水,19.514329898750216,0.512
13717,汚水,30.934848499856653,0.323
13718,汚水,56.57147075053317,0.177
13719,汚水,8.802342468261848,1.0
13720,汚水,30.531985628866728,0.328
13721,汚水,31.706239702232754,0.315
13722,汚水,56.61697484206675,0.177
13723,汚水,23.30119308065896,0.429
13724,汚水,58.69506277012934,0.17
13725,汚水,27.522425668454066,0.363
13726,汚水,12.031153839077138,0.831
13727,汚水,14.194455628805159,0.705
13728,汚水,54.45869318490591,0.184
13729,汚水,60.64558629669968,0.165
13730,汚水,5.891255548925661,1.0
13733,汚水,51.04329522657322,0.196
13734,汚水,39.812574040397706,0.251
13736,汚水,50.155447216470286,0.199
13737,汚水,39.12393159266743,0.256
13738,汚水,38.858505059657574,0.257
13740,汚水,45.1224297138846,0.222
13742,汚水,50.09138093818821,0.2
13743,汚水,28.791639396215704,0.347
13744,汚水,28.941775539716055,0.346
13745,汚水,26.571289026248472,0.376
13746,汚水,19.200653112412933,0.521
13747,汚水,7.572759189616343,1.0
13748,汚水,17.06624398128354,0.586
13751,汚水,23.190791004284694,0.431
13752,汚水,14.772874446020158,0.677
13753,汚水,36.20776042560545,0.276
13754,汚水,38.320314294544545,0.261
13755,汚水,71.43864816617618,0.14
13756,汚水,26.57205911282291,0.376
13757,汚水,27.15076806875212,0.368
13758,汚水,22.7969203896503,0.439
13759,汚水,35.897699828877634,0.279
13760,汚水,22.83791856321164,0.438
13761,汚水,16.085764157100844,0.622
13762,汚水,16.037772554179128,0.624
13763,汚水,15.736688553881365,0.635
13764,汚水,16.62387948058855,0.602
13765,汚水,16.14964554155982,0.619
13766,汚水,68.08373211926126,0.147
13767,汚水,53.461943584360775,0.187
13768,汚水,41.9209853826354,0.239
13769,汚水,36.834983462869246,0.271
13770,汚水,43.19910143027149,0.231
13771,汚水,37.47700327808046,0.267
13772,汚水,33.98123964267708,0.294
13773,汚水,17.02822984257284,0.587
13774,汚水,14.221693563635865,0.703
13775,汚水,43.71554828309047,0.229
13776,汚水,30.00671107348039,0.333
13777,汚水,21.16605336296609,0.472
13778,汚水,11.143197436223092,0.897
13779,汚水,13.101470370238449,0.763
13780,汚水,2.25225070469643,1.0
13781,汚水,2.153338261902609,1.0
13782,汚水,14.603779369290127,0.685
13783,汚水,7.009057709290793,1.0
13784,汚水,1.7249999999985448,1.0
13785,汚水,24.74970643175565,0.404
13786,汚水,22.130504302303788,0.452
13787,汚水,4.318079550784457,1.0
13788,汚水,43.65939762703902,0.229
13789,汚水,8.799429317763854,1.0
13790,汚水,17.67685840760141,0.566
6026,雨水,40.62868252860997,0.246
6027,雨水,42.884493918770275,0.233
6028,雨水,72.6983527722973,0.138
6029,雨水,12.75012254843211,0.784
6032,雨水,28.050843599872348,0.356
6033,雨水,21.030271360103235,0.476
6034,雨水,5.703066912702589,1.0
6035,雨水,34.944110066180876,0.286
6037,雨水,46.08656816615893,0.217
6038,雨水,43.5850700861173,0.229
6039,雨水,18.9665336924414,0.527
6040,雨水,6.391931542063746,1.0
6041,雨水,100.44255413925976,0.1
6042,雨水,14.0193060740694,0.713
6043,雨水,102.42990312323606,0.098
6052,雨水,3.0030511776028597,1.0
6053,雨水,18.0076944719614,0.555
6054,雨水,4.325705285852406,1.0
6055,雨水,121.45409688087892,0.082
6057,雨水,49.69524341383801,0.201
6058,雨水,37.999866855545655,0.263
6059,雨水,36.14921280158417,0.277
6060,雨水,84.54407759698485,0.118
6062,雨水,39.94622529580514,0.25
6063,雨水,12.389497344956652,0.807
6064,雨水,42.853109364552914,0.233
6065,雨水,16.335844196790035,0.612
6066,雨水,38.20210906840828,0.262
6067,雨水,65.50302131623515,0.153
6068,雨水,52.39491963842349,0.191
6069,雨水,64.53063021731748,0.155
6070,雨水,61.8878430032391,0.162
6071,雨水,148.70987731637163,0.067
6072,雨水,58.41699554382114,0.171
6073,雨水,71.6195693139818,0.14
6074,雨水,49.564781740872306,0.202
6075,雨水,59.357804673148635,0.168
6076,雨水,61.37899600809745,0.163
6078,雨水,45.52020848618304,0.22
6079,雨水,7.540225261891426,1.0
6080,雨水,6.171185056375691,1.0
6081,雨水,143.75665681246187,0.07
6083,雨水,69.22004674322275,0.144
6084,汚水,44.911448215894595,0.223
6085,雨水,42.4645148497436,0.235
6086,雨水,14.7712661056829,0.677
6089,雨水,52.34664544306489,0.191
6090,雨水,37.379822607249004,0.268
6091,雨水,12.672421457637936,0.789
6092,雨水,22.122840672173574,0.452
6093,雨水,140.5550171889954,0.071
6094,雨水,15.446140044591571,0.647
6095,雨水,4.101491554208145,1.0
6096,雨水,39.030801411661365,0.256
6097,雨水,23.91898470132596,0.418
6098,雨水,112.87300679503079,0.089
6099,雨水,10.130003858787017,0.987
6100,雨水,37.483873191203784,0.267
6101,雨水,22.103238800501984,0.452
6102,雨水,19.10413027648727,0.523
6103,雨水,18.5194921784501,0.54
6104,雨水,6.24988298315383,1.0
6105,雨水,9.028479266987837,1.0
6106,雨水,17.7215005747217,0.564
6107,雨水,9.65152831172438,1.0
6108,雨水,25.345683917492664,0.395
6109,雨水,12.674733786762266,0.789
6110,雨水,6.44288053316666,1.0
6111,雨水,21.736540551519955,0.46
6112,雨水,20.192371720489646,0.495
6113,雨水,31.83988477665691,0.314
6114,雨水,20.791409901690812,0.481
6115,雨水,5.54367543345883,1.0
6116,雨水,72.80045990428538,0.137
6117,雨水,5.232113740984874,1.0
6118,雨水,53.762883704921016,0.186
6119,雨水,181.5686672982439,0.055
6120,雨水,8.926625006130964,1.0
6121,雨水,136.14638639670113,0.073
6122,雨水,77.37436065013539,0.129
6123,雨水,49.71064480614703,0.201
6124,雨水,25.486654140436677,0.392
6126,雨水,40.53680376426632,0.247
6128,雨水,147.37760906810755,0.068
6129,雨水,38.00509019607535,0.263
6130,雨水,52.27511639461346,0.191
6131,雨水,5.3186467301660025,1.0
6132,雨水,98.01022833915415,0.102
6133,雨水,11.91769212369629,0.839
6134,雨水,38.25399438217091,0.261
6135,雨水,55.50515728318474,0.18
6136,雨水,19.50860002654173,0.513
6137,雨水,50.51636941797582,0.198
6138,雨水,120.73704416519024,0.083
6140,雨水,39.688779138651945,0.252
6141,雨水,39.49729442026328,0.253
6142,雨水,40.397264500043214,0.248
6146,雨水,80.53597078005033,0.124
6147,雨水,37.92432843447303,0.264
6148,雨水,42.5400063205037,0.235
6149,雨水,43.66389223458138,0.229
6150,雨水,42.63963002591081,0.235
6151,雨水,43.6869070488246,0.229
6152,雨水,26.326152404010006,0.38
6153,雨水,40.48003237817873,0.247
6154,雨水,39.48703057877102,0.253
6155,雨水,18.01089282327788,0.555
6156,雨水,82.91185857632395,0.121
6157,雨水,63.3372964905705,0.158
6158,雨水,6.609429216594046,1.0
6159,雨水,27.676991344790242,0.361
6160,雨水,34.3314838573105,0.291
6161,雨水,53.82920614613808,0.186
6162,雨水,50.861001196176964,0.197
6163,雨水,54.32814601124029,0.184
6165,雨水,35.831004457043875,0.279
6166,雨水,13.7511718500906,0.727
6167,雨水,43.622807170485906,0.229
6168,雨水,79.16750593201267,0.126
6169,雨水,60.2730483665782,0.166
6170,雨水,70.87706921484548,0.141
6171,雨水,43.30968617384436,0.231
6172,雨水,93.73367010451692,0.107
6173,雨水,70.74821399025588,0.141
6174,雨水,65.07785383550463,0.154
6175,雨水,66.54642432893934,0.15
6176,雨水,67.54305937970915,0.148
6177,雨水,44.8577898481951,0.223
6178,雨水,54.305686560071116,0.184
6179,雨水,55.92655899379569,0.179
6180,雨水,4.390575575202739,1.0
6181,雨水,78.20427418013574,0.128
6182,雨水,5.297459768601599,1.0
6183,雨水,4.437816580250441,1.0
6184,雨水,180.8684322840401,0.055
6185,雨水,51.48358561716731,0.194
6187,雨水,57.79018661469141,0.173
6188,雨水,81.54193771683273,0.123
6189,雨水,12.002783261872048,0.833
6190,雨水,57.46691331470026,0.174
6191,雨水,5.295157710992534,1.0
6192,雨水,44.2162661117573,0.226
6194,雨水,46.77612702702198,0.214
6195,雨水,45.959461029363126,0.218
6197,雨水,132.51627740366888,0.075
6200,雨水,16.62384870342176,0.602
6201,雨水,61.09955306871987,0.164
6202,雨水,82.92173122767429,0.121
6203,雨水,88.05376196241133,0.114
6204,雨水,59.28739298718496,0.169
6205,雨水,147.48612087377487,0.068
6206,雨水,4.728398039133,1.0
6207,雨水,65.45213920394534,0.153
6208,汚水,5.685042585262046,1.0
6209,汚水,133.25115508511576,0.075
6210,汚水,48.38858304910118,0.207
6211,汚水,60.968789205125994,0.164
6212,汚水,52.16416178358705,0.192
6213,汚水,49.1473352803895,0.203
6214,汚水,41.56075028191801,0.241
6215,汚水,6.01782789299052,1.0
6216,汚水,27.60421920129695,0.362
6217,汚水,99.19924643644174,0.101
6218,汚水,76.45879827424417,0.131
6219,汚水,16.450125904682317,0.608
6220,汚水,58.2614936091476,0.172
6221,汚水,21.55093137689833,0.464
6222,汚水,16.840553856701135,0.594
6223,汚水,5.835795869338167,1.0
6224,汚水,20.978180534267352,0.477
6225,汚水,9.44550784968269,1.0
6226,汚水,24.710983937187628,0.405
6227,汚水,72.16091036489016,0.139
6228,汚水,17.05558627886176,0.586
6229,汚水,29.28070164989012,0.342
6230,汚水,8.02412120681092,1.0
6231,汚水,9.2458996642626,1.0
6232,汚水,29.40949744132998,0.34
6233,汚水,21.563760849608094,0.464
6234,汚水,7.6525019073065135,1.0
6235,汚水,14.945723169679358,0.669
6236,汚水,12.495737148439346,0.8
6237,汚水,38.55505475666706,0.259
6238,汚水,24.390053440703646,0.41
6240,汚水,14.794374398344736,0.676
6241,汚水,7.876468536974917,1.0
6242,汚水,19.94194734027761,0.501
6243,汚水,19.24168757770023,0.52
6244,汚水,14.530100537859159,0.688
6245,汚水,14.914743481453073,0.67
6246,汚水,33.02632943735513,0.303
6247,汚水,4.79005083623716,1.0
6248,汚水,30.22893371329467,0.331
6249,汚水,2.9121584602965536,1.0
6250,汚水,66.2669267590747,0.151
6251,汚水,12.762857500277319,0.784
6252,汚水,13.101461677032667,0.763
6253,汚水,7.804870732349523,1.0
6254,汚水,13.573724584555237,0.737
6255,汚水,41.34157424010349,0.242
6256,汚水,5.788126599816485,1.0
6257,汚水,35.557882193458184,0.281
6258,汚水,75.02583870596337,0.133
6259,汚水,8.253045184113159,1.0
6260,汚水,26.159532187543675,0.382
6261,汚水,15.703615552784926,0.637
6262,汚水,34.03187526740553,0.294
6263,汚水,72.79512710979547,0.137
6264,汚水,73.07080487393763,0.137
6265,汚水,45.08920570565693,0.222
6266,汚水,39.82340110314335,0.251
6267,汚水,65.70589124700753,0.152
6268,汚水,51.453442786034486,0.194
6269,汚水,41.6103809405469,0.24
6270,汚水,27.19463108314221,0.368
6271,汚水,42.03880662874593,0.238
6273,汚水,4.5449646232572904,1.0
6274,汚水,39.77655055221112,0.251
6276,汚水,39.487161728285116,0.253
6277,汚水,30.49607797684401,0.328
6278,汚水,71.53025494457282,0.14
6279,汚水,48.9419868945097,0.204
6280,汚水,13.541757997379975,0.738
6281,汚水,33.513967779789745,0.298
6282,汚水,76.92359111778578,0.13
6283,汚水,53.88840798209997,0.186
6284,汚水,9.082906476081712,1.0
6285,汚水,38.3704890715847,0.261
6286,汚水,16.68696009106433,0.599
6287,汚水,42.38988839293312,0.236
6288,汚水,49.32155071496842,0.203
6289,汚水,49.020095252600555,0.204
6290,汚水,56.215364986786,0.178
6291,汚水,36.521348495750516,0.274
6292,汚水,12.677240321653256,0.789
6293,汚水,19.510082163582833,0.513
6294,汚水,12.374784461275258,0.808
6295,汚水,16.022702144828518,0.624
6296,汚水,3.1235599837566457,1.0
6297,汚水,21.629925802597516,0.462
6298,汚水,20.264544808574485,0.493
6299,汚水,16.957916012531836,0.59
6300,汚水,17.9135398898745,0.558
6301,汚水,4.050941801316954,1.0
6302,汚水,33.47433229660809,0.299
6303,汚水,10.17516776892171,0.983
6304,汚水,17.89479441818742,0.559
6305,汚水,50.29222839167854,0.199
6306,汚水,40.715491208786275,0.246
6307,汚水,10.099588186293357,0.99
6308,汚水,35.26973802076807,0.284
6309,汚水,7.306591903625956,1.0
6310,汚水,10.64494608658626,0.939
6311,汚水,33.14813031023363,0.302
6312,汚水,41.57174325868694,0.241
6313,汚水,39.78028907544529,0.251
6314,汚水,5.8966295472153885,1.0
6315,汚水,14.770999193851136,0.677
6316,汚水,6.9939151670587565,1.0
6317,汚水,27.2787862599209,0.367
6318,汚水,27.0282727318292,0.37
6319,汚水,76.64513439401196,0.13
6320,汚水,34.622696853014475,0.289
6321,汚水,7.316697794792258,1.0
6322,汚水,40.56657747562538,0.247
6323,汚水,51.755629973103765,0.193
6324,汚水,24.288578438732166,0.412
6325,汚水,7.926835715014108,1.0
6326,汚水,37.616292233987096,0.266
6327,汚水,31.609103328034067,0.316
6328,汚水,7.507788848719782,1.0
6329,汚水,32.08002045258939,0.312
6330,汚水,4.220944482588396,1.0
6331,汚水,35.59655280538789,0.281
6332,汚水,20.01367812679764,0.5
6333,汚水,8.636008117919015,1.0
6334,汚水,23.612895089398446,0.423
6335,汚水,26.60320471361598,0.376
6336,汚水,28.564783333841927,0.35
6337,汚水,84.03081315898976,0.119
6338,汚水,23.34737531243907,0.428
6339,汚水,51.95920080776048,0.192
6340,汚水,10.577337721525435,0.945
6341,汚水,5.655116052780805,1.0
6342,汚水,26.96536553435675,0.371
6343,汚水,6.223176585530128,1.0
6344,汚水,27.435618103105497,0.364
6345,汚水,8.112674900751953,1.0
6346,汚水,40.409486972640174,0.247
6347,汚水,9.77567749352103,1.0
13791,汚水,36.17803611571893,0.276
13792,汚水,13.481829215646364,0.742
13793,汚水,55.85817703904422,0.179
13794,汚水,34.05597245920705,0.294
13795,汚水,10.155277292713567,0.985
13796,汚水,17.38863616077395,0.575
13797,汚水,27.63409303866632,0.362
13798,汚水,28.36020314542125,0.353
13799,汚水,3.9671498671249763,1.0
13800,汚水,9.153447034485081,1.0
13801,汚水,13.073131978708386,0.765
13802,汚水,16.695403818414597,0.599
13803,汚水,3.882405441318534,1.0
13804,汚水,17.603590462391885,0.568
13805,汚水,23.025904743488866,0.434
13806,汚水,30.03940067910007,0.333
13807,汚水,45.02180962646826,0.222
13808,汚水,28.825420073746265,0.347
13809,汚水,29.544381296073915,0.338
13810,汚水,27.150057707495463,0.368
13811,汚水,38.684916088122456,0.258
13812,汚水,49.873068289326,0.201
13813,汚水,21.959089204482172,0.455
13814,汚水,10.844782215380047,0.922
13815,汚水,19.301631975740925,0.518
13816,汚水,17.751990520291233,0.563
13817,汚水,7.945518531417529,1.0
13818,汚水,17.696996245741367,0.565
13819,汚水,33.71415259404193,0.297
13820,汚水,24.33957658741558,0.411
13821,汚水,19.150533456199412,0.522
13822,汚水,20.841051547590205,0.48
13823,汚水,4.7566031097867585,1.0
13824,汚水,8.95234715485574,1.0
13825,汚水,14.253383661201942,0.702
13826,汚水,15.207287733956369,0.658
13827,汚水,33.80112437046469,0.296
13828,汚水,22.55459163552179,0.443
13829,汚水,35.213399134194404,0.284
13830,汚水,19.41242225842573,0.515
13832,汚水,27.992799843330268,0.357
13834,汚水,36.573690823597005,0.273
13836,汚水,48.44640294816294,0.206
13837,汚水,20.679873547892107,0.484
13838,汚水,24.755854314297757,0.404
13839,汚水,12.714409872231247,0.787
13840,汚水,12.795311975385465,0.782
13841,汚水,39.84392564097853,0.251
13842,汚水,21.525887123775306,0.465
13843,汚水,6.560360669048967,1.0
13844,汚水,18.482513540850263,0.541
13845,汚水,24.637958570136213,0.406
13846,汚水,82.72413569634028,0.121
13847,汚水,8.199481282837066,1.0
13848,汚水,2.75756883544182,1.0
13849,汚水,23.48634980530289,0.426
13850,汚水,15.279675833066324,0.654
13851,汚水,51.7683561111253,0.193
13852,汚水,17.840999739602605,0.561
13853,汚水,2.712556160994473,1.0
13854,汚水,54.17317119648284,0.185
13855,汚水,54.80844499538651,0.182
13856,汚水,53.228112417070975,0.188
13857,汚水,5.81769585538046,1.0
13858,汚水,75.27139865327932,0.133
13859,汚水,74.57989064141685,0.134
13860,汚水,11.385540765048654,0.878
13861,汚水,39.28731349744194,0.255
13862,汚水,6.000597773488296,1.0
13863,汚水,39.51854038240718,0.253
13864,汚水,22.743598006719346,0.44
13865,汚水,85.77319444328454,0.117
13866,汚水,24.14148335500553,0.414
13867,汚水,41.80775416729755,0.239
13869,汚水,28.1132157674438,0.356
13870,汚水,27.996147243707327,0.357
13871,汚水,26.81241666989882,0.373
13872,汚水,28.01075229709702,0.357
13873,汚水,4.988248268685881,1.0
13874,汚水,28.609797215486505,0.35
13875,汚水,26.167647404504454,0.382
13876,汚水,24.992244846837476,0.4
13877,汚水,36.49526703899287,0.274
13878,汚水,46.20937670296529,0.216
13879,汚水,5.325069628083014,1.0
13880,汚水,36.637227643434215,0.273
13881,汚水,32.658186122202046,0.306
13882,汚水,7.953939795350156,1.0
13883,汚水,41.003352349483414,0.244
13884,汚水,5.963748528401484,1.0
13885,汚水,9.873105304809583,1.0
13886,汚水,14.974883988436932,0.668
13887,汚水,14.293358189070085,0.7
13888,汚水,24.743013897018578,0.404
13889,汚水,49.017468282324,0.204
13890,汚水,19.504412866337,0.513
13891,汚水,30.75553066733625,0.325
13892,汚水,30.005497560502903,0.333
13893,汚水,26.583372090946924,0.376
13895,汚水,71.17709058398464,0.14
13896,汚水,4.020044642455636,1.0
13897,汚水,14.834906008520534,0.674
13898,汚水,4.232916665283652,1.0
13899,汚水,36.94828124379207,0.271
13900,汚水,4.0751213563701665,1.0
13901,汚水,18.93821612246329,0.528
13902,汚水,4.283180416938231,1.0
13903,汚水,32.45868562072931,0.308
13904,汚水,16.376178355878277,0.611
13905,汚水,24.879853248171603,0.402
13906,汚水,12.028237815402623,0.831
13907,汚水,10.395130616839747,0.962
13908,汚水,32.4604788182153,0.308
13909,汚水,40.2801285686469,0.248
13910,汚水,10.940950380761912,0.914
13912,汚水,38.5921104394266,0.259
13913,汚水,36.24523235243095,0.276
13914,汚水,33.60986342072485,0.298
13915,汚水,29.807313220184728,0.335
13916,汚水,15.440213039445869,0.648
13917,汚水,4.010428581682266,1.0
13918,汚水,14.855600873368694,0.673
13919,汚水,3.871998809924497,1.0
13920,汚水,13.947984795093616,0.717
13922,汚水,20.520271870222647,0.487
13923,汚水,30.55725727702834,0.327
13924,汚水,37.8538280021059,0.264
13925,汚水,36.79600150058745,0.272
13927,汚水,12.00308164367965,0.833
13928,汚水,35.39750215377368,0.283
13929,汚水,44.2749121100714,0.226
13930,汚水,19.466121403864026,0.514
13931,汚水,37.508458369494576,0.267
13932,汚水,36.09349219706843,0.277
13933,汚水,36.24153798818435,0.276
13934,汚水,22.24456710956565,0.45
13935,汚水,29.57622587320182,0.338
13936,汚水,32.923530326450255,0.304
13937,汚水,31.42052657419984,0.318
13938,汚水,25.967895923619473,0.385
13939,汚水,28.899195426947816,0.346
13940,汚水,22.09187543699813,0.453
13941,汚水,15.293608212908518,0.654
13942,汚水,17.14855009332902,0.583
13943,汚水,33.65609947444887,0.297
13944,汚水,29.00619877998354,0.345
13945,汚水,16.749652898648037,0.597
13946,汚水,65.11187448555373,0.154
13947,汚水,28.957538529767955,0.345
13948,汚水,44.7879776910764,0.223
13949,汚水,45.17041454364713,0.221
13950,汚水,41.25323162210618,0.242
13952,汚水,40.477199554269966,0.247
13953,汚水,37.411982714723045,0.267
13954,汚水,11.365143888025807,0.88
13955,汚水,29.666618088039208,0.337
13956,汚水,45.385676155146164,0.22
13957,汚水,27.450726333486845,0.364
13958,汚水,43.180001068404756,0.232
13959,汚水,21.141248748667564,0.473
13960,汚水,21.855912443884595,0.458
13961,汚水,3.4532704296780445,1.0
13963,汚水,62.36075880816385,0.16
13964,汚水,38.11753082229596,0.262
13965,汚水,36.87885117321353,0.271
13968,汚水,15.087828818354055,0.663
13969,汚水,32.221168200954146,0.31
13970,汚水,28.12115877444459,0.356
13971,汚水,43.88226164682366,0.228
13972,汚水,10.500312537620395,0.952
13974,汚水,25.806321564512633,0.388
13975,汚水,23.387972711129997,0.428
13976,汚水,29.925301323688107,0.334
13977,汚水,12.168853130412327,0.822
13978,汚水,7.678738979262211,1.0
13981,汚水,25.572704723875223,0.391
13982,汚水,34.59989900457213,0.289
13983,汚水,20.090743025714414,0.498
13984,汚水,44.14814864578103,0.227
13985,汚水,29.134969553522275,0.343
13986,汚水,31.824244918773267,0.314
13987,汚水,40.69727082290972,0.246
13988,汚水,30.48952777642609,0.328
13989,汚水,4.728150748192713,1.0
13990,汚水,37.08756837905916,0.27
13991,汚水,18.79544936971594,0.532
13992,汚水,47.6630348637648,0.21
13993,汚水,47.23439537771929,0.212
13994,汚水,11.332046697651899,0.882
13995,汚水,46.589471724967986,0.215
13996,汚水,41.11417887987447,0.243
13998,汚水,30.843581311538955,0.324
13999,汚水,43.00482643515934,0.233
14000,汚水,32.28114527349551,0.31
14002,汚水,34.840270991933586,0.287
14003,汚水,46.36300835860299,0.216
14004,汚水,48.93951408685297,0.204
14006,汚水,37.10338162084562,0.27
14008,汚水,45.10622967375932,0.222
14009,汚水,5.977201948191398,1.0
14010,汚水,20.729405967488557,0.482
14012,汚水,76.05766515579789,0.131
14013,汚水,8.477360440206473,1.0
14014,汚水,42.297684380121105,0.236
14015,汚水,3.541571892761758,1.0
14016,汚水,43.35953986516197,0.231
14017,汚水,50.59076488822521,0.198
14018,汚水,54.82499601053796,0.182
14019,汚水,41.9918223966662,0.238
14021,汚水,49.68176557720019,0.201
14023,汚水,31.87888700017436,0.314
14024,汚水,39.44433329196749,0.254
14025,汚水,44.18838217666804,0.226
14026,汚水,39.201028344918576,0.255
14027,汚水,46.72485441614467,0.214
14028,汚水,43.415050562367675,0.23
14029,汚水,47.7217899471455,0.21
14030,汚水,37.04662790198381,0.27
14031,汚水,32.209685910815395,0.31
14032,汚水,45.704859608890885,0.219
14033,汚水,56.74428542954362,0.176
14034,汚水,7.143389791294409,1.0
14035,汚水,66.60178815242197,0.15
14036,汚水,3.5164911746105494,1.0
14039,汚水,52.76859774042476,0.19
14040,汚水,63.023755613411375,0.159
14042,汚水,28.998968346173527,0.345
14043,汚水,42.42180061230664,0.236
14044,汚水,44.573137741963876,0.224
14046,汚水,10.09870073890616,0.99
14047,汚水,35.844843483779265,0.279
14048,汚水,3.9052342668155093,1.0
14049,汚水,4.0572885405023476,1.0
14050,汚水,47.86137181147635,0.209
14051,汚水,17.802824964979905,0.562
14052,汚水,28.3161135327221,0.353
14053,汚水,6.2775873581567065,1.0
14054,汚水,28.130508170572288,0.355
14055,汚水,27.141020506949626,0.368
14056,汚水,26.617659465952244,0.376
14057,汚水,37.19316702797715,0.269
14058,汚水,25.757488804171963,0.388
14059,汚水,5.653550480957163,1.0
14060,汚水,14.109124958816462,0.709
14061,汚水,40.78570913181419,0.245
14062,汚水,6.392506523267646,1.0
14063,汚水,32.01694618965349,0.312
14064,汚水,28.471334687308417,0.351
14065,汚水,13.425823306353964,0.745
14066,汚水,29.59888178757104,0.338
14067,汚水,47.638904459188204,0.21
14068,汚水,44.94211112522661,0.223
14069,汚水,50.4670548536495,0.198
14070,汚水,5.030835736757923,1.0
14071,汚水,41.82135402827581,0.239
14072,汚水,35.761761592665444,0.28
14073,汚水,5.717815330976459,1.0
14074,汚水,47.04813530691723,0.213
14075,汚水,46.465537619995104,0.215
14076,汚水,44.78213191261744,0.223
14078,汚水,41.80943265743546,0.239
14080,汚水,55.65206688565529,0.18
14081,汚水,56.15431518302657,0.178
14082,汚水,31.513624533086755,0.317
14083,汚水,37.93977934298848,0.264
14084,汚水,93.9349255742727,0.106
14085,汚水,90.96825315181384,0.11
14086,汚水,87.43720308478416,0.114
14087,汚水,88.49452042063099,0.113
14088,汚水,71.62073582184239,0.14
14089,汚水,28.9110404323622,0.346
14090,汚水,62.20090869024028,0.161
14091,汚水,80.1445125968442,0.125
14092,汚水,43.77705253151755,0.228
14093,汚水,46.29177010408696,0.216
14094,汚水,36.324216584765004,0.275
14095,汚水,19.42737605424315,0.515
14096,汚水,34.531189794891404,0.29
14097,汚水,38.322213566609896,0.261
14098,汚水,31.16595538981284,0.321
14099,汚水,19.173155589387182,0.522
14100,汚水,11.964307783716592,0.836
14101,汚水,35.30633834841642,0.283
14102,汚水,7.644054432195718,1.0
14103,汚水,20.772088502894306,0.481
14104,汚水,14.700905543067522,0.68
14106,汚水,6.274394816488692,1.0
14107,汚水,67.2232074667539,0.149
14108,汚水,23.628769570969908,0.423
14109,汚水,65.98263118877662,0.152
14110,汚水,41.814050083694426,0.239
14111,汚水,35.25743309385186,0.284
14112,汚水,27.642092136735503,0.362
6348,汚水,2.559165686126986,1.0
6349,汚水,13.061522714364097,0.766
6350,汚水,27.382012354584152,0.365
6351,汚水,4.400824429757452,1.0
6352,汚水,54.76203638658858,0.183
6353,汚水,43.02570380633239,0.232
6354,汚水,10.51865431793577,0.951
6355,汚水,60.60242454268351,0.165
6356,汚水,5.232327587249327,1.0
6357,汚水,19.669751511840943,0.508
6358,汚水,14.929505440648766,0.67
6359,汚水,54.88590832981326,0.182
6360,汚水,27.627785976741983,0.362
6362,汚水,36.722341378661284,0.272
6363,汚水,59.84692629441487,0.167
6364,汚水,44.04560870614664,0.227
6365,汚水,7.693950195341376,1.0
6366,汚水,63.0707894481411,0.159
6368,汚水,17.21704299675989,0.581
6369,汚水,42.75443526141984,0.234
6370,汚水,30.580462102694185,0.327
6371,汚水,90.04311041805148,0.111
6372,汚水,55.87690276102232,0.179
6373,汚水,67.77799398191641,0.148
6374,汚水,64.51676005303446,0.155
6375,汚水,38.7431100378759,0.258
6376,汚水,35.50147497530977,0.282
6377,汚水,63.571477232259774,0.157
6378,汚水,29.531596725678902,0.339
6379,汚水,2.7850686120864347,1.0
6381,汚水,16.639499346430018,0.601
6383,汚水,24.84311955043294,0.403
6384,汚水,20.59655157377618,0.486
6385,汚水,10.075624267201032,0.992
6386,汚水,13.986542688620345,0.715
6387,汚水,33.9586832859101,0.294
6388,汚水,5.2306245974303085,1.0
6389,汚水,3.2218478424051695,1.0
6390,汚水,6.758081946081248,1.0
6391,汚水,2.977142311545398,1.0
6392,汚水,20.194623901744656,0.495
6393,汚水,11.313128386636933,0.884
6395,汚水,27.010639869356787,0.37
6396,汚水,72.37147592032596,0.138
6397,汚水,3.477152218303503,1.0
6398,汚水,21.888507995252922,0.457
6399,汚水,9.803769407388941,1.0
6400,汚水,10.687800340360361,0.936
6401,汚水,40.04364220630369,0.25
6402,汚水,80.96114926177573,0.124
6403,汚水,82.68998911095993,0.121
6404,汚水,83.97474883821884,0.119
6405,汚水,8.501146719463684,1.0
6406,汚水,56.929434227851246,0.176
6407,汚水,12.754158643237291,0.784
6408,汚水,20.79606085587297,0.481
6409,汚水,6.039301296536279,1.0
6410,汚水,29.10873586083234,0.344
6411,汚水,22.30941236609223,0.448
6412,汚水,26.590366885319654,0.376
6413,汚水,49.239627971442204,0.203
6414,汚水,4.93294620422747,1.0
6415,汚水,12.602027267845967,0.794
6416,汚水,13.04251913023004,0.767
6417,汚水,8.265894473115594,1.0
6418,汚水,22.37049356136288,0.447
6419,汚水,22.301860637863413,0.448
6420,汚水,39.690687645670316,0.252
6421,汚水,15.708103767178356,0.637
6422,汚水,18.10557086919169,0.552
6423,汚水,13.953355415944326,0.717
6424,汚水,10.58483255156074,0.945
6425,汚水,18.52271823198475,0.54
6426,汚水,2.9658363833828525,1.0
6427,汚水,10.016897640148011,0.998
6428,汚水,12.48649024722831,0.801
6429,汚水,58.56134117703599,0.171
6430,汚水,49.820543420705064,0.201
6431,汚水,19.138927438625835,0.522
6432,汚水,16.675318072037623,0.6
6433,汚水,16.00847358916938,0.625
6434,汚水,21.819337602978845,0.458
6435,汚水,13.985158238701736,0.715
6436,汚水,10.043474174280382,0.996
6437,汚水,44.951243443180594,0.222
6438,汚水,20.028804645663826,0.499
6439,汚水,1.923318277718899,1.0
6440,汚水,8.655667413111301,1.0
6441,汚水,15.58871326361017,0.641
6442,汚水,13.427103988645877,0.745
6443,汚水,17.432308944290515,0.574
6444,汚水,29.956918535885727,0.334
6445,汚水,12.91160973410121,0.774
6446,汚水,10.281246290467955,0.973
6447,汚水,13.821757704979778,0.723
6448,汚水,20.047763897378307,0.499
6449,汚水,8.03154200455426,1.0
6450,汚水,12.056003008413004,0.829
6451,汚水,4.898461678256066,1.0
6452,汚水,18.094209745035638,0.553
6454,汚水,31.009782924877022,0.322
6455,汚水,25.135908005394434,0.398
6456,汚水,11.602585352897691,0.862
6457,汚水,4.045956459387672,1.0
6458,汚水,59.9479777613117,0.167
6459,汚水,8.629978368146189,1.0
6460,汚水,14.585191987156586,0.686
6461,汚水,2.951351763388028,1.0
6462,汚水,20.72325829294595,0.483
6463,汚水,23.81128001988027,0.42
6464,汚水,4.552375830971612,1.0
6465,汚水,11.77882353259653,0.849
6466,汚水,15.420496021136868,0.648
6467,汚水,17.27816617976287,0.579
6468,汚水,9.596419390542145,1.0
6469,汚水,48.948960527610716,0.204
6470,汚水,3.539387321628193,1.0
6471,汚水,66.72100498248544,0.15
6472,汚水,50.71423712689212,0.197
6473,汚水,5.885610242733485,1.0
6474,汚水,29.690867077286217,0.337
6475,汚水,3.9458633837813295,1.0
6476,汚水,12.940506371068981,0.773
6477,汚水,28.937601018338764,0.346
6478,汚水,4.592654728984915,1.0
6479,汚水,13.617851545931076,0.734
6480,汚水,13.252306989157098,0.755
6482,汚水,20.583470588696233,0.486
6483,汚水,12.611595613175908,0.793
6484,汚水,36.258479135386295,0.276
6485,汚水,83.74198459485007,0.119
6486,汚水,81.52088948479744,0.123
6487,汚水,32.79517845676635,0.305
6488,汚水,63.12622172078598,0.158
6489,汚水,64.4418549709197,0.155
6490,汚水,95.46989357801651,0.105
6491,汚水,58.13212480700161,0.172
6492,汚水,61.03590050930768,0.164
6493,汚水,33.957895173157375,0.294
6494,汚水,42.00387921466216,0.238
6495,汚水,21.502330265292983,0.465
6496,汚水,30.802222633418108,0.325
6497,汚水,98.44605392830867,0.102
6498,汚水,42.004132498574435,0.238
6499,汚水,55.58512184151356,0.18
6500,汚水,17.04946977648757,0.587
6501,汚水,14.82172243538562,0.675
6502,汚水,20.287052384883296,0.493
6503,汚水,45.33341367965372,0.221
6504,汚水,18.556303790108736,0.539
6505,汚水,31.088347637385088,0.322
6506,汚水,19.839389111773496,0.504
6507,汚水,8.92239921816314,1.0
6508,汚水,15.451479927845595,0.647
6509,汚水,5.508513059740994,1.0
6510,汚水,49.49907824585115,0.202
6511,汚水,9.949018539965369,1.0
6512,汚水,40.25067236904223,0.248
6513,汚水,96.65551252168491,0.103
6514,汚水,98.97741575007635,0.101
6515,汚水,3.985101207344786,1.0
6516,汚水,10.299484694267509,0.971
6517,汚水,5.169188955951944,1.0
6518,汚水,4.12509574388996,1.0
6519,汚水,8.881515237042441,1.0
6520,汚水,3.2225615602924877,1.0
6521,汚水,12.144697296249426,0.823
6522,汚水,2.724059969748989,1.0
6523,汚水,13.83151884504053,0.723
6524,汚水,13.309929839127198,0.751
6525,汚水,7.060573985907507,1.0
6526,汚水,7.963847012294094,1.0
6527,汚水,6.827287823876445,1.0
6528,汚水,8.349138480092481,1.0
6529,汚水,8.430141599820995,1.0
6530,汚水,29.8327336755319,0.335
6531,汚水,17.37455897133368,0.576
6532,汚水,22.888673473810297,0.437
6533,汚水,23.211798350201803,0.431
6534,汚水,12.79123387353279,0.782
6535,汚水,11.68310910905557,0.856
6536,汚水,29.401104556665366,0.34
6537,汚水,11.750505207700943,0.851
6538,汚水,30.45253342508607,0.328
6539,汚水,22.359213314603984,0.447
6540,汚水,13.508269190624436,0.74
6541,汚水,11.803010288795777,0.847
6542,汚水,49.781811387243195,0.201
6543,汚水,27.627608098175923,0.362
6544,汚水,34.400357578613956,0.291
6545,汚水,9.01116890714072,1.0
6546,汚水,7.235973874916922,1.0
6547,汚水,6.758850133145315,1.0
6548,汚水,3.4601171921611407,1.0
6549,汚水,20.02387465773509,0.499
6550,汚水,10.76466505367818,0.929
6551,汚水,17.586133584394133,0.569
6552,汚水,5.884066812867229,1.0
6553,汚水,15.933901624799246,0.628
6554,汚水,4.124637915411524,1.0
6555,汚水,11.169256971892334,0.895
6556,汚水,5.755757260943336,1.0
6557,汚水,6.846919297555747,1.0
6558,汚水,6.178219693445779,1.0
6559,汚水,14.16870593272243,0.706
6560,汚水,13.025704043282353,0.768
6561,汚水,14.092645899646914,0.71
6562,汚水,18.316833397755595,0.546
6563,汚水,6.248149034151117,1.0
6564,汚水,3.392576987622401,1.0
6565,汚水,11.651082850356902,0.858
6566,汚水,2.2466319692832473,1.0
6567,汚水,22.436064769781694,0.446
6568,汚水,24.779108125590273,0.404
6569,汚水,48.63430257528548,0.206
6570,汚水,21.15877016703522,0.473
6571,汚水,20.176390215835855,0.496
6572,汚水,39.1078561358741,0.256
6573,汚水,14.367527698952003,0.696
6574,汚水,6.670305771226787,1.0
6575,汚水,8.286968231180085,1.0
6576,汚水,7.017257010927778,1.0
6577,汚水,15.200684300573103,0.658
6578,汚水,6.4118280360140805,1.0
6579,汚水,9.220175156660556,1.0
6580,汚水,2.0538075720695876,1.0
6581,汚水,4.03239013780143,1.0
6582,汚水,6.28642416958771,1.0
6583,汚水,10.038193205102104,0.996
6584,汚水,9.110366533696794,1.0
6585,汚水,8.799368322065284,1.0
6586,汚水,6.476992528936627,1.0
6587,汚水,4.641218087073413,1.0
6588,汚水,11.227744737622597,0.891
6589,汚水,3.784622158815841,1.0
6590,汚水,107.95133929768402,0.093
6591,汚水,47.38165944197003,0.211
6592,汚水,32.137460430655494,0.311
6593,汚水,17.611537540795283,0.568
6594,汚水,36.51913732076434,0.274
6595,汚水,73.54757486587586,0.136
6596,汚水,6.763852496994889,1.0
6597,汚水,6.877724796512847,1.0
6598,汚水,11.461852130212838,0.872
6599,汚水,53.99263711167306,0.185
6600,汚水,51.27202271799716,0.195
6601,汚水,11.050683434634061,0.905
6602,汚水,33.80808331678575,0.296
6603,汚水,10.045783814716197,0.995
6604,汚水,22.229330413903245,0.45
6605,汚水,32.99180054523973,0.303
6606,汚水,15.222703829803608,0.657
6607,汚水,32.58747050241875,0.307
6608,汚水,21.765216776946666,0.459
6609,汚水,8.318514466976465,1.0
6610,汚水,2.5572990591462865,1.0
6611,汚水,16.962767699571287,0.59
6612,汚水,2.640462569818523,1.0
6613,汚水,21.949942925459546,0.456
6614,汚水,20.431166833132114,0.489
6615,汚水,42.33424921971499,0.236
6616,汚水,27.671476546229098,0.361
6617,汚水,7.222454434837097,1.0
6618,汚水,52.716465338452146,0.19
6619,汚水,35.25855894246128,0.284
6620,汚水,18.38561823624464,0.544
6621,汚水,15.78368632055017,0.634
6622,汚水,34.075334568421695,0.293
6623,汚水,10.329822624817496,0.968
6624,汚水,6.347272700223863,1.0
6625,汚水,2.226818845556258,1.0
6626,汚水,10.85303938152589,0.921
6627,汚水,17.095580900913248,0.585
6628,汚水,22.799612135436806,0.439
6629,汚水,21.207436122205433,0.472
6630,汚水,10.057376823682027,0.994
6631,汚水,5.532175392428106,1.0
6632,汚水,9.081036075972053,1.0
6633,汚水,23.514809294218463,0.425
6634,汚水,12.113819903994663,0.826
6635,汚水,99.15932448113412,0.101
6636,汚水,15.017940895866534,0.666
6637,汚水,19.326410319007703,0.517
6638,汚水,9.036076609239952,1.0
6639,汚水,32.73949063322594,0.305
6640,汚水,43.73807911795604,0.229
6641,汚水,6.076640634307285,1.0
6642,汚水,2.495999999999185,1.0
6643,汚水,5.415993102759925,1.0
6644,汚水,14.278129878666746,0.7
6645,汚水,8.224596630408392,1.0
6646,汚水,58.479765796973474,0.171
6647,汚水,74.09258809902519,0.135
6648,汚水,80.72027096831017,0.124
6649,汚水,5.115343180869449,1.0
6650,汚水,3.343282442446981,1.0
6651,汚水,12.368786380003002,0.808
6652,汚水,10.698583944965922,0.935
6653,汚水,38.094097739307905,0.263
6654,汚水,4.909399967772671,1.0
6655,汚水,18.611227774286878,0.537
6656,汚水,20.741363125795363,0.482
6658,汚水,6.8379668731399805,1.0
6659,汚水,12.358982562489086,0.809
6660,汚水,8.315148699336167,1.0
6661,汚水,7.612915597812438,1.0
6662,汚水,15.100083780177327,0.662
6663,汚水,7.549347275053588,1.0
6664,汚水,17.622116599261748,0.567
6665,汚水,4.386755920932628,1.0
6666,汚水,6.00644316807491,1.0
6667,汚水,15.36093557321555,0.651
6668,汚水,17.84506387714938,0.56
6669,汚水,79.39570666706551,0.126
14113,汚水,52.89332772989757,0.189
14114,汚水,45.78398006513135,0.218
14115,汚水,39.2790428583758,0.255
14116,汚水,5.235509886888428,1.0
14117,汚水,27.081514551303734,0.369
14118,汚水,25.02137522948273,0.4
14119,汚水,87.52275989255034,0.114
14120,汚水,6.227732224228459,1.0
14121,汚水,28.103511477905535,0.356
14122,汚水,9.287556516605784,1.0
14123,汚水,9.522004602645426,1.0
14124,汚水,24.634836701089508,0.406
14125,汚水,15.809847667786125,0.633
14126,汚水,54.23692233366625,0.184
14127,汚水,10.24602604317564,0.976
14129,汚水,19.407521760000986,0.515
14130,汚水,10.64316473415652,0.94
14131,汚水,31.705980540341876,0.315
14132,汚水,7.123488828236026,1.0
14133,汚水,5.588333279218653,1.0
14134,汚水,13.539140114948603,0.739
14135,汚水,6.386989916405307,1.0
14136,汚水,14.591007361487618,0.685
14137,汚水,3.2135926986337195,1.0
14138,汚水,22.898053137485714,0.437
14139,汚水,4.0789843098795195,1.0
14140,汚水,81.63857873298689,0.122
14141,汚水,79.05226095764203,0.126
14142,汚水,36.48951915591127,0.274
14143,汚水,6.994316700104115,1.0
14144,汚水,29.789738235463947,0.336
14145,汚水,16.021996582618424,0.624
14146,汚水,34.1986713251361,0.292
14147,汚水,8.620982458565292,1.0
14148,汚水,14.62203957570383,0.684
14149,汚水,35.92454988898989,0.278
14150,汚水,21.60913610388433,0.463
14151,汚水,12.420414622887668,0.805
14152,汚水,8.9369224921508,1.0
14153,汚水,5.668576150906599,1.0
14154,汚水,5.457035049216122,1.0
14155,汚水,3.965725758141978,1.0
14156,汚水,8.26331315789181,1.0
14157,汚水,6.536960474640524,1.0
14158,汚水,9.974889044245016,1.0
14159,汚水,4.941158411200445,1.0
14160,汚水,27.894950182343848,0.358
14161,汚水,18.263069212524083,0.548
14162,汚水,6.487973274874803,1.0
14163,汚水,7.118393330984676,1.0
14164,汚水,5.96292340317376,1.0
14165,汚水,7.36699123937609,1.0
14166,汚水,3.896609862712813,1.0
14167,汚水,7.115674045381274,1.0
14168,汚水,3.4277820869894757,1.0
14169,汚水,16.64590556076756,0.601
14170,汚水,2.067642353336944,1.0
14171,汚水,14.311767822220366,0.699
14173,汚水,11.055325286202825,0.905
14174,汚水,13.344179481836166,0.749
14176,汚水,19.84188263631903,0.504
14177,汚水,24.188503800486274,0.413
14178,汚水,4.13239921852597,1.0
14179,汚水,54.948254074945694,0.182
14180,汚水,4.4854119799923104,1.0
14181,汚水,23.710364633669307,0.422
14182,汚水,21.63858422249618,0.462
14183,汚水,76.2364756158302,0.131
14184,汚水,40.64121519339054,0.246
14185,汚水,6.455763150341733,1.0
14186,汚水,7.5828168619540905,1.0
14187,汚水,30.25176662680975,0.331
14188,汚水,58.698764076617906,0.17
14189,汚水,4.285214526538929,1.0
14190,汚水,97.360285757803,0.103
14191,汚水,10.237138365045471,0.977
14192,汚水,55.67327629995136,0.18
14193,汚水,10.050121333066404,0.995
14194,汚水,52.13659685050538,0.192
14195,汚水,17.158155038632547,0.583
14196,汚水,20.66663966207504,0.484
14197,汚水,26.915690754718252,0.372
14198,汚水,51.22952593723976,0.195
14199,汚水,12.993039075021976,0.77
14200,汚水,28.13867724963591,0.355
14201,汚水,10.804401272260751,0.926
14202,汚水,5.540387009914395,1.0
14203,汚水,8.791608063322055,1.0
14204,汚水,41.439081634009675,0.241
14205,汚水,7.096593081721677,1.0
14206,汚水,52.35997274524463,0.191
14207,汚水,7.702719916521159,1.0
14208,汚水,65.82812307244286,0.152
14209,汚水,24.19997025796358,0.413
14210,汚水,36.45730274938335,0.274
14211,汚水,35.377962237021016,0.283
14212,汚水,4.541450901984141,1.0
14213,汚水,20.93491828891635,0.478
14214,汚水,17.37012157259695,0.576
14215,汚水,17.542411482134867,0.57
14216,汚水,12.037380198093523,0.831
14217,汚水,12.744502139711896,0.785
14218,汚水,13.0429017329128,0.767
14219,汚水,32.84224901084098,0.304
14220,汚水,63.18993458491858,0.158
14221,汚水,47.46134308853938,0.211
14222,汚水,94.88426832934131,0.105
14223,汚水,43.8894470771795,0.228
14224,汚水,47.776118399585926,0.209
14225,汚水,17.02508054648139,0.587
14226,汚水,8.478521519044639,1.0
14227,汚水,5.661518126406923,1.0
14228,汚水,28.92657964922607,0.346
14229,汚水,25.685999867290413,0.389
14230,汚水,19.598766420692762,0.51
14231,汚水,21.094831722394524,0.474
14232,汚水,22.99086158777135,0.435
14233,汚水,23.899152161373145,0.418
14234,汚水,17.406817100895562,0.574
14235,汚水,13.090612889641259,0.764
14236,汚水,8.709781344408928,1.0
14237,汚水,12.131207179679661,0.824
14238,汚水,10.61066146281898,0.942
14239,汚水,9.942884538599175,1.0
14240,汚水,4.840599405146217,1.0
14241,汚水,22.122558499885958,0.452
14242,汚水,6.270311668402927,1.0
14243,汚水,19.017787313155253,0.526
14244,汚水,14.830294411838752,0.674
14245,汚水,27.399890727799004,0.365
14246,汚水,11.80643438920839,0.847
14247,汚水,17.92431396873727,0.558
14248,汚水,26.60697804481501,0.376
14249,汚水,26.063664057820443,0.384
14250,汚水,40.23250838540379,0.249
14251,汚水,39.50382812004289,0.253
14252,汚水,32.22647255376673,0.31
14253,汚水,47.80954253647949,0.209
14254,汚水,51.27739674893334,0.195
14255,汚水,29.060232088553743,0.344
14256,汚水,28.05691476257073,0.356
14257,汚水,48.18577606229159,0.208
14258,汚水,16.602657194172092,0.602
14259,汚水,10.677002705481254,0.937
14260,汚水,4.128400962085638,1.0
14261,汚水,5.391098460813205,1.0
14262,汚水,46.33348653479614,0.216
14263,汚水,35.306342818200285,0.283
14264,汚水,35.02647635636018,0.285
14265,汚水,34.55020583225589,0.289
14266,汚水,4.352002420998598,1.0
14267,汚水,39.51904492641061,0.253
14268,汚水,48.57442113352024,0.206
14269,汚水,2.968164720379782,1.0
14270,汚水,13.478809216105974,0.742
14271,汚水,39.34471034854498,0.254
14272,汚水,34.573842696583164,0.289
14273,汚水,8.271448647204004,1.0
14274,汚水,31.3528846165833,0.319
14275,汚水,31.727652769509774,0.315
14276,汚水,33.6281199091497,0.297
14277,汚水,42.0602241130346,0.238
14278,汚水,41.58440910546175,0.24
14279,汚水,39.72783619183015,0.252
14281,汚水,33.67776368100022,0.297
14283,汚水,40.11655983427372,0.249
14284,汚水,55.265036135004394,0.181
14285,汚水,44.720452973499846,0.224
14287,汚水,46.13075273757255,0.217
14288,汚水,40.95678638938269,0.244
14289,汚水,41.96200757819823,0.238
14291,汚水,29.06419057980621,0.344
14292,汚水,33.945528026231415,0.295
14293,汚水,32.73671327363266,0.305
14294,汚水,16.80049641199756,0.595
14295,汚水,32.98222336452632,0.303
14297,汚水,36.764486085156896,0.272
14300,汚水,34.70309339760575,0.288
14301,汚水,34.60974535460522,0.289
14302,汚水,26.423422041352435,0.378
14303,汚水,10.91179773415973,0.916
14304,汚水,35.72489672190943,0.28
14305,汚水,4.498004769574107,1.0
14306,汚水,7.527280063318469,1.0
14307,汚水,6.662062848880619,1.0
14308,汚水,9.62820054378399,1.0
14309,汚水,8.047901310062597,1.0
14310,汚水,40.49142896586847,0.247
14311,汚水,34.56909758595386,0.289
14312,汚水,34.59467353848506,0.289
14313,汚水,31.85059765966001,0.314
14314,汚水,6.2527890748234585,1.0
14315,汚水,10.23678990114896,0.977
14316,汚水,42.57407758228871,0.235
14317,汚水,7.051613148293262,1.0
14318,汚水,27.319597455375636,0.366
14319,汚水,4.912444276059923,1.0
14320,汚水,45.75378432664968,0.219
14321,汚水,4.421093259538954,1.0
14322,汚水,20.740306738546302,0.482
14323,汚水,9.421404561860925,1.0
14324,汚水,16.382322424553628,0.61
14325,汚水,4.851237314652547,1.0
14326,汚水,56.728380762990156,0.176
14327,汚水,25.558445662932925,0.391
14328,汚水,13.681037103850612,0.731
14329,汚水,47.98511201633363,0.208
14330,汚水,22.34668983411479,0.447
14331,汚水,28.725054208057625,0.348
14332,汚水,32.20177540668245,0.311
14333,汚水,20.268934107000252,0.493
14334,汚水,4.709166694790056,1.0
14335,汚水,21.39980508280666,0.467
14336,汚水,6.721613043476607,1.0
14337,汚水,39.322272419259136,0.254
14338,汚水,43.95485733844862,0.228
14339,汚水,6.3851039971223,1.0
14341,汚水,29.748317284815894,0.336
14342,汚水,17.252907862624305,0.58
14343,汚水,11.130444420197616,0.898
14344,汚水,12.76737354865795,0.783
14345,汚水,10.718033459411885,0.933
14346,汚水,3.6755746367329416,1.0
14347,汚水,9.753197702158344,1.0
14348,汚水,5.148336706733431,1.0
14349,汚水,22.19488460141945,0.451
14350,汚水,24.51766134830398,0.408
14351,汚水,13.088825557903434,0.764
14352,汚水,12.886230736720343,0.776
14353,汚水,38.836262584027295,0.257
14354,汚水,12.205438281584025,0.819
14355,汚水,16.492247543511652,0.606
14356,汚水,44.5623546898582,0.224
14357,汚水,26.879242006872882,0.372
14359,汚水,15.988777763372735,0.625
14360,汚水,28.99219711444339,0.345
14361,汚水,13.224448567958856,0.756
14362,汚水,5.355954731084884,1.0
14363,汚水,27.04964385269771,0.37
14364,汚水,26.99901682901512,0.37
14365,汚水,5.848360370508603,1.0
14366,汚水,16.174460278164887,0.618
14367,汚水,13.038662968781788,0.767
14368,汚水,30.56350786732121,0.327
14369,汚水,24.730564132718747,0.404
14370,汚水,26.647936382831816,0.375
14371,汚水,26.669480247004852,0.375
14372,汚水,29.337289622578574,0.341
14373,汚水,41.09555875703224,0.243
14374,汚水,6.994800296958652,1.0
14375,汚水,27.079193835760375,0.369
14376,汚水,28.911386769557552,0.346
14377,汚水,29.17046291969424,0.343
14378,汚水,6.037672653080039,1.0
14379,汚水,16.676633822187462,0.6
14380,汚水,27.04452581308786,0.37
14381,汚水,21.400799623668203,0.467
14382,汚水,5.433741541668807,1.0
14383,汚水,47.86099760522136,0.209
14384,汚水,21.79463692803695,0.459
14385,汚水,37.5107407651082,0.267
14386,汚水,29.834524122465393,0.335
14387,汚水,38.27695436967391,0.261
14388,汚水,34.713082819552135,0.288
14389,汚水,32.423714785265716,0.308
14390,汚水,33.914772117305354,0.295
14391,汚水,33.363881319074046,0.3
14392,汚水,18.43293759852481,0.543
14393,汚水,34.35953583721759,0.291
14394,汚水,62.5207645511648,0.16
14395,汚水,62.646174514457016,0.16
14397,汚水,4.75173305623882,1.0
14398,汚水,2.8802130452573094,1.0
14399,汚水,29.682441499146776,0.337
14400,汚水,8.144646346816474,1.0
14401,汚水,12.618282602520644,0.793
14402,汚水,16.89650281973301,0.592
14403,汚水,15.873874535492739,0.63
14404,汚水,21.360735842039283,0.468
14405,汚水,38.66859833677699,0.259
14406,汚水,35.92989200758048,0.278
14407,汚水,35.07014057246377,0.285
14408,汚水,34.721888733884114,0.288
14409,汚水,57.17101003628967,0.175
14410,汚水,5.876334239713498,1.0
14411,汚水,21.780992535908858,0.459
14412,汚水,24.07126943774112,0.415
14413,汚水,8.8896443082172,1.0
14414,汚水,33.8879702205435,0.295
14416,汚水,18.87607883834304,0.53
14417,汚水,14.66621582239995,0.682
14418,汚水,13.100076355457606,0.763
14419,汚水,10.093850022296282,0.991
14420,汚水,5.326682762324243,1.0
14422,汚水,5.492623992160842,1.0
14423,汚水,4.193174957727648,1.0
14424,汚水,4.11550493791842,1.0
14425,汚水,7.318983841165266,1.0
14426,汚水,3.585135643208576,1.0
14427,汚水,17.838607741585328,0.561
14429,汚水,58.19644829946759,0.172
14430,汚水,39.5858244511262,0.253
14431,汚水,43.058540618974476,0.232
14432,汚水,33.442534945747745,0.299
14433,汚水,31.412965860973344,0.318
14434,汚水,9.333836855728103,1.0
6670,汚水,7.407092857597047,1.0
6671,汚水,5.159002437096029,1.0
6672,汚水,14.645171479756828,0.683
6673,汚水,2.8046580753382684,1.0
6674,汚水,10.444019227730898,0.957
6675,汚水,16.077929789771463,0.622
6676,汚水,14.79959841666645,0.676
6677,汚水,12.779526620459173,0.783
6678,汚水,4.545812987237345,1.0
6679,汚水,14.449735028827739,0.692
6680,汚水,2.8622348847535797,1.0
6681,汚水,9.0433047317529,1.0
6682,汚水,7.552930986369576,1.0
6683,汚水,16.11252951210728,0.621
6684,汚水,31.95942712333939,0.313
6685,汚水,24.411120336748382,0.41
6686,汚水,11.355594303536563,0.881
6687,汚水,19.369002084346167,0.516
6688,汚水,9.444160576460215,1.0
6689,汚水,14.810490007633865,0.675
6690,汚水,10.403576512963829,0.961
6691,汚水,3.499637781041565,1.0
6692,汚水,6.220822890452193,1.0
6693,汚水,18.054707271754822,0.554
6694,汚水,17.930467929231934,0.558
6695,汚水,21.948693180779692,0.456
6696,汚水,20.468922487491906,0.489
6697,汚水,4.260608765506204,1.0
6698,汚水,27.997544165461036,0.357
6699,汚水,22.05290156475291,0.453
6700,汚水,9.932167099841005,1.0
6701,汚水,13.770764311936158,0.726
6702,汚水,21.99377944053287,0.455
6703,汚水,4.69739579354722,1.0
6704,汚水,8.469834013254863,1.0
6705,汚水,8.340588740128538,1.0
6706,汚水,14.951831701674914,0.669
6707,汚水,9.29401918862212,1.0
6708,汚水,7.292260224459119,1.0
6709,汚水,14.406835602887368,0.694
6710,汚水,16.11053296888182,0.621
6711,汚水,15.828043569778622,0.632
6712,汚水,26.257056316047453,0.381
6713,汚水,33.388708109167425,0.3
6714,汚水,21.584141308817312,0.463
6715,汚水,23.945370234986544,0.418
6716,汚水,23.40278331884951,0.427
6717,汚水,3.1610334395980586,1.0
6718,汚水,15.136126431244397,0.661
6719,汚水,43.12577672172382,0.232
6720,汚水,8.237611857663463,1.0
6721,汚水,7.063920075974156,1.0
6722,汚水,20.48532478134686,0.488
6723,汚水,5.35116755470165,1.0
6724,汚水,16.195761435454223,0.617
6725,汚水,15.563095633385563,0.643
6726,汚水,11.512809841208348,0.869
6727,汚水,3.473061252711968,1.0
6728,汚水,6.677270799985704,1.0
6729,汚水,24.091036892875895,0.415
6730,汚水,32.09734143519799,0.312
6731,汚水,9.408928463466816,1.0
6732,汚水,24.375207822890967,0.41
6733,汚水,19.847119404467392,0.504
6734,汚水,5.160503103139521,1.0
6735,汚水,5.332610388402488,1.0
6736,汚水,15.664890846409596,0.638
6737,汚水,12.280742296111148,0.814
6738,汚水,17.122554055810397,0.584
6739,汚水,12.00471263110103,0.833
6740,汚水,24.776011465240458,0.404
6741,汚水,10.109678634466926,0.989
6742,汚水,16.920475868090577,0.591
6743,汚水,25.160661655385084,0.397
6744,汚水,24.541810087857435,0.407
6745,汚水,17.865543401421302,0.56
6746,汚水,9.89518175884621,1.0
6747,汚水,28.064811638314378,0.356
6748,汚水,18.930816499966053,0.528
6749,汚水,18.02070502124764,0.555
6750,汚水,18.0734545245634,0.553
6751,汚水,18.10684066839476,0.552
6752,汚水,29.90963272325446,0.334
6753,汚水,27.6968075143813,0.361
6754,汚水,22.989763363412777,0.435
6755,汚水,20.624699011826934,0.485
6756,汚水,26.930216171345226,0.371
6757,汚水,29.936630494191487,0.334
6758,汚水,18.14623366505901,0.551
6759,汚水,17.864437188598508,0.56
6760,汚水,17.558797977625005,0.57
6761,汚水,17.081725202690084,0.585
6762,汚水,29.714487154222457,0.337
6763,汚水,30.406196692480776,0.329
6764,汚水,21.577082372357463,0.463
6765,汚水,24.67186436998495,0.405
6766,汚水,14.696834137251804,0.68
6767,汚水,21.21287531532651,0.471
6768,汚水,21.699484664739835,0.461
6769,汚水,14.160109664179046,0.706
6770,汚水,4.738425454078828,1.0
6771,汚水,19.70477555381239,0.507
6772,汚水,19.08320051683032,0.524
6773,汚水,22.022044630195364,0.454
6774,汚水,14.365735232948088,0.696
6775,汚水,25.149911097510458,0.398
6776,汚水,24.742403756012624,0.404
6777,汚水,17.532073047587772,0.57
6778,汚水,16.54200093456383,0.605
6779,汚水,28.19998878458451,0.355
6780,汚水,25.42693543970978,0.393
6781,汚水,12.99748861654293,0.769
6782,汚水,12.810408166201201,0.781
6783,汚水,12.664602311774152,0.79
6784,汚水,13.665512577004886,0.732
6785,汚水,18.641151777475116,0.536
6786,汚水,18.437154612820613,0.542
6787,汚水,22.90617938029522,0.437
6788,汚水,22.071065864336514,0.453
6789,汚水,22.028412112706224,0.454
6790,汚水,21.33711532134257,0.469
6791,汚水,14.498040998702447,0.69
6792,汚水,16.111743035678195,0.621
6793,汚水,17.78784107703702,0.562
6794,汚水,28.328294000654164,0.353
6795,汚水,22.510767500799307,0.444
6796,汚水,21.68827619598239,0.461
6797,汚水,31.01383418725911,0.322
6798,汚水,29.800652074390445,0.336
6799,汚水,24.442743690900187,0.409
6800,汚水,101.03880438772552,0.099
6801,汚水,104.28283111354774,0.096
6802,汚水,57.98018260991954,0.172
6803,汚水,37.77020339473456,0.265
6804,汚水,4.512209617057517,1.0
6805,汚水,38.99328173915673,0.256
6806,汚水,49.09683119347647,0.204
6807,汚水,4.513011281927543,1.0
6808,汚水,48.91278586343014,0.204
6809,汚水,60.431937213815736,0.165
6810,汚水,37.98754325068115,0.263
6811,汚水,7.933680104643076,1.0
6812,汚水,28.10129707362104,0.356
6813,汚水,77.6269019046269,0.129
6814,汚水,50.42974342685856,0.198
6815,汚水,24.81844190224564,0.403
6816,汚水,60.21595422298204,0.166
6817,汚水,33.34004647908139,0.3
6818,汚水,5.200043631851206,1.0
6819,汚水,59.46420396179963,0.168
6820,汚水,61.120389509316695,0.164
6821,汚水,16.792070844953592,0.596
6822,汚水,49.77130672985787,0.201
6823,汚水,44.36631821801705,0.225
6824,汚水,6.000908505474283,1.0
6825,汚水,8.832927463482536,1.0
6826,汚水,25.342390896851896,0.395
6827,汚水,42.045636346544725,0.238
6828,汚水,41.9060438323733,0.239
6829,汚水,42.209801109037215,0.237
6830,汚水,5.421106812415062,1.0
6831,汚水,67.34403763647325,0.148
6832,汚水,3.8513666459887252,1.0
6833,汚水,79.08900277692075,0.126
6834,汚水,54.33900436942424,0.184
6835,汚水,53.39539927867885,0.187
6836,汚水,74.91496841862742,0.133
6837,汚水,46.35279387025808,0.216
6838,汚水,48.8048696538001,0.205
6839,汚水,78.04761754518991,0.128
6840,汚水,43.78773182127526,0.228
6841,汚水,57.232259609397566,0.175
6842,汚水,46.78845318351541,0.214
6843,汚水,31.21891833443572,0.32
6844,汚水,36.76094996041075,0.272
6845,汚水,8.311883128329022,1.0
6846,汚水,55.32796594952352,0.181
6847,汚水,66.37744147128103,0.151
6848,汚水,58.57041965167976,0.171
6849,汚水,49.151719590593764,0.203
6850,汚水,63.7212250368691,0.157
6851,汚水,53.22746158401899,0.188
6852,汚水,55.0324713789483,0.182
6853,汚水,52.19319774259191,0.192
6854,汚水,7.809315435098529,1.0
6855,汚水,52.38255109203268,0.191
6856,汚水,26.042856892904496,0.384
6857,汚水,84.24887430808079,0.119
6858,汚水,53.008652153370306,0.189
6859,汚水,97.65441697826921,0.102
6860,汚水,3.587203723920997,1.0
6861,汚水,31.5600389575259,0.317
6862,汚水,10.517399409368899,0.951
6863,汚水,40.92820338233336,0.244
6864,汚水,25.922962473437394,0.386
6865,汚水,51.85401138770722,0.193
6866,汚水,52.577339968071776,0.19
6867,汚水,6.687120017305793,1.0
6868,汚水,78.8456207187485,0.127
6869,汚水,36.64234680285635,0.273
6870,汚水,55.24545632573956,0.181
6871,汚水,68.0747130830806,0.147
6872,汚水,39.771351221728665,0.251
6873,汚水,70.6828310116541,0.141
6874,汚水,66.92359199556178,0.149
6875,汚水,59.13573714940653,0.169
6876,汚水,30.19644620540267,0.331
6877,汚水,30.487194850566972,0.328
6878,汚水,20.042253840229726,0.499
6879,汚水,47.20846595778664,0.212
6880,汚水,41.34546602269452,0.242
6881,汚水,33.407970252560034,0.299
6882,汚水,16.85615091454265,0.593
6883,汚水,9.000792024476262,1.0
6884,汚水,14.522377172463964,0.689
6885,汚水,16.832158588297517,0.594
6887,汚水,32.14950448212385,0.311
6888,汚水,5.568968935443392,1.0
6889,汚水,55.66331352854889,0.18
6890,汚水,5.999188304649831,1.0
6891,汚水,9.750674418624172,1.0
6892,汚水,5.768399834948135,1.0
6893,汚水,5.521072012083255,1.0
6894,汚水,49.63973111332303,0.201
6895,汚水,55.64153764760893,0.18
6896,汚水,15.668855000667532,0.638
6897,汚水,15.790752560606965,0.633
6898,汚水,35.088492064455274,0.285
6899,汚水,32.52844374831659,0.307
6900,汚水,35.19614636643465,0.284
6901,汚水,15.331258419150233,0.652
6902,汚水,23.558834619307877,0.424
6903,汚水,17.876280920661447,0.559
6904,汚水,22.14087755221833,0.452
6905,汚水,31.52697478982981,0.317
6906,汚水,4.802305076531268,1.0
6907,汚水,36.054097360336904,0.277
6908,汚水,60.81734964572801,0.164
6909,汚水,10.127752558475606,0.987
6910,汚水,4.838392011514591,1.0
6911,汚水,87.96743261521513,0.114
6912,汚水,6.75408375065209,1.0
6913,汚水,14.965583267059277,0.668
6914,汚水,83.37519520021405,0.12
6915,汚水,55.32690846604493,0.181
6916,汚水,41.953044974432906,0.238
6917,汚水,26.58084837879273,0.376
6918,汚水,29.613506678644317,0.338
6919,汚水,6.0691672662155325,1.0
6920,汚水,60.777875465361284,0.165
6921,汚水,18.16728755448287,0.55
6922,汚水,15.069140446537292,0.664
6923,汚水,15.482248527955164,0.646
6924,汚水,17.716205711974474,0.564
6925,汚水,30.834396339871265,0.324
6926,汚水,61.475852752838556,0.163
6927,汚水,43.040731788627255,0.232
6928,汚水,43.05030011466973,0.232
6929,汚水,71.8024535745819,0.139
6930,汚水,25.724130925939985,0.389
6931,汚水,6.933240578112906,1.0
6932,汚水,17.412232286330017,0.574
6933,汚水,49.49172878913404,0.202
6934,汚水,45.11341319212725,0.222
6935,汚水,10.301372254684011,0.971
6936,汚水,28.9415753887828,0.346
6937,汚水,28.98239163921556,0.345
6938,汚水,19.95308649323889,0.501
6939,汚水,20.766090392149934,0.482
6940,汚水,6.918326194506299,1.0
6941,汚水,29.440456451415663,0.34
6942,汚水,25.29857221686629,0.395
6943,汚水,24.693087372568634,0.405
6944,汚水,46.92192401473716,0.213
6945,汚水,24.857250319877018,0.402
6946,汚水,30.381147169995486,0.329
6947,汚水,29.587929567970328,0.338
6948,汚水,28.346177482165587,0.353
6949,汚水,25.465740109052863,0.393
6950,汚水,25.63746639000365,0.39
6951,汚水,25.589894024617642,0.391
6952,汚水,25.228324326143508,0.396
6953,汚水,13.83212294140707,0.723
6954,汚水,19.69566370706255,0.508
6955,汚水,18.786612668651404,0.532
6956,汚水,18.294571940970236,0.547
6957,汚水,17.713937894395908,0.565
6958,汚水,25.73498198345187,0.389
6959,汚水,25.574410734812545,0.391
6960,汚水,25.41085782127847,0.394
6961,汚水,25.27945395975338,0.396
6962,汚水,18.37359593407072,0.544
6963,汚水,17.807050309991276,0.562
6964,汚水,26.016923008374114,0.384
6965,汚水,26.215405729938148,0.381
6966,汚水,26.130388623726134,0.383
6967,汚水,24.82761155312933,0.403
6968,汚水,25.15997470098558,0.397
6969,汚水,22.304014296064924,0.448
6970,汚水,29.472541589080436,0.339
6971,汚水,30.251715928027018,0.331
6972,汚水,30.40227063431722,0.329
6973,汚水,29.15994060871333,0.343
6974,汚水,22.4948828504075,0.445
6975,汚水,24.556061772571567,0.407
6976,汚水,24.783876299317356,0.403
6977,汚水,23.71420520894723,0.422
6978,汚水,18.035045243230435,0.554
6979,汚水,17.906119809596962,0.558
6980,汚水,12.91401303253589,0.774
6981,汚水,19.679280121778774,0.508
6982,汚水,18.815080157306777,0.531
6983,汚水,20.119302075124324,0.497
6984,汚水,17.225976289875305,0.581
6985,汚水,18.80481697037549,0.532
6986,汚水,29.029466373264327,0.344
6987,汚水,29.278852633153356,0.342
6988,汚水,26.40581840971782,0.379
6989,汚水,25.938492884493407,0.386
6990,汚水,21.21914317335897,0.471
6991,汚水,20.886734507233683,0.479
6992,汚水,19.800982275681896,0.505
6993,汚水,16.572573205899953,0.603
6994,汚水,19.66515466754803,0.509
6995,汚水,10.59728634276045,0.944
6996,汚水,19.99551453850805,0.5
6997,汚水,20.2497127647089,0.494
6998,汚水,23.595799002754724,0.424
6999,汚水,23.5964384910445,0.424
7000,汚水,24.380978847408183,0.41
7001,汚水,12.799682172937121,0.781
7002,汚水,22.83199807603376,0.438
7003,汚水,7.76326783491383,1.0
7004,汚水,10.073247330906195,0.993
7005,汚水,19.251743917600194,0.519
7006,汚水,25.81928955067521,0.387
7007,汚水,42.74478282221895,0.234
7008,汚水,38.98131943571908,0.257
7009,汚水,40.48055077050945,0.247
7010,汚水,43.66396050223407,0.229
7011,汚水,41.58475083980766,0.24
7012,汚水,41.75750421085658,0.239
7013,汚水,31.93454517362928,0.313
7014,汚水,38.182075946912974,0.262
7015,汚水,41.10770273445046,0.243
7016,汚水,29.09918632596415,0.344
7017,汚水,29.451518169955683,0.34
7018,汚水,36.827815010383766,0.272
7019,汚水,35.81840385038004,0.279
7020,汚水,31.83766500480619,0.314
7021,汚水,29.16757585634625,0.343
7022,汚水,44.172133324780916,0.226
7023,汚水,48.900804299927,0.204
7024,汚水,33.80169710004997,0.296
7025,汚水,28.613583298172106,0.349
7026,汚水,29.288953992468468,0.341
7027,汚水,7.200563012784227,1.0
7028,汚水,27.652664525340988,0.362
7029,汚水,31.26439431947545,0.32
7031,汚水,40.164717182222354,0.249
7032,汚水,43.19746816509182,0.231
7035,汚水,40.45861258467892,0.247
7037,汚水,33.263162799963474,0.301
7038,汚水,39.52376750477957,0.253
7039,汚水,35.22442574194984,0.284
7040,汚水,36.66271262457947,0.273
7041,汚水,10.951137550577338,0.913
7042,汚水,12.061059866037729,0.829
7043,汚水,4.55447375072842,1.0
7045,汚水,14.869135084170809,0.673
7047,汚水,5.668614189580024,1.0
7048,汚水,11.82727114772494,0.846
7049,汚水,36.55532032591998,0.274
7050,汚水,37.54551566290831,0.266
7051,汚水,16.992433133724013,0.588
7052,汚水,18.86485531210086,0.53
7053,汚水,17.572711063667878,0.569
7054,汚水,41.461399369306534,0.241
7055,汚水,41.47708603849181,0.241
7057,汚水,32.68262642320473,0.306
7058,汚水,24.215904236388656,0.413
7059,汚水,36.03326552170669,0.278
7060,汚水,38.256647880310176,0.261
7061,汚水,39.851684819575766,0.251
7062,汚水,40.7852365100851,0.245
7063,汚水,27.211740975452695,0.367
7064,汚水,27.141100761092787,0.368
7065,汚水,29.65470801082541,0.337
7066,汚水,40.55842213684365,0.247
7067,汚水,29.328356885202904,0.341
7068,汚水,39.45649287290744,0.253
7069,汚水,22.56117325754589,0.443
7070,汚水,27.88243495009563,0.359
7071,汚水,27.592971528180414,0.362
7072,汚水,26.004925604397652,0.385
7073,汚水,24.814180536505965,0.403
7074,汚水,35.86129258023123,0.279
7075,汚水,43.63222768501402,0.229
7076,汚水,35.48564642483599,0.282
7077,汚水,25.400269883337707,0.394
7078,汚水,26.53093830333859,0.377
7079,汚水,29.07433002323147,0.344
7080,汚水,29.586847650519427,0.338
7081,汚水,16.01323936053467,0.624
7082,汚水,15.151874436034982,0.66
7083,汚水,53.4503330495448,0.187
7084,汚水,36.142274167849514,0.277
7085,汚水,34.39800999748837,0.291
7086,汚水,28.330654105950035,0.353
7087,汚水,27.345353081095464,0.366
7088,汚水,16.770525359277148,0.596
7089,汚水,36.36111330712726,0.275
7090,汚水,35.643247699155175,0.281
7091,汚水,17.6058012795319,0.568
7092,汚水,16.490087159063535,0.606
7093,汚水,16.179773885587327,0.618
7094,汚水,53.01103259950858,0.189
7095,汚水,36.787242766628204,0.272
7096,汚水,26.882875649864808,0.372
7097,汚水,27.339602272675783,0.366
7098,汚水,37.11126227600037,0.269
7099,汚水,37.3506360672062,0.268
7100,汚水,20.566762335287656,0.486
7101,汚水,38.57878045283254,0.259
7102,汚水,36.325099385430754,0.275
7103,汚水,34.54945362477892,0.289
7104,汚水,13.423963174833952,0.745
7105,汚水,38.55371476429557,0.259
7106,汚水,38.93948145406051,0.257
7107,汚水,29.66232407590727,0.337
7108,汚水,27.61505121780528,0.362
7109,汚水,19.63313835807441,0.509
7110,汚水,20.986837702119548,0.476
7111,汚水,34.204998960986444,0.292
7112,汚水,26.053805990076867,0.384
7113,汚水,14.123853391577429,0.708
7114,汚水,45.97819286632691,0.217
7115,汚水,26.125392342778472,0.383
7116,汚水,36.95173008413266,0.271
7117,汚水,32.37967170094297,0.309
7118,汚水,39.11406992934275,0.256
7119,汚水,3.574000000000524,1.0
7120,汚水,8.052484451000728,1.0
7121,汚水,28.701829385656588,0.348
7122,汚水,36.05299339228578,0.277
7123,汚水,50.80188044648895,0.197
7125,汚水,23.861012669509865,0.419
7126,汚水,18.456733629753796,0.542
7128,汚水,35.89293727739435,0.279
7129,汚水,48.95038453763275,0.204
7130,汚水,14.054635853237771,0.712
7131,汚水,4.637360036719106,1.0
7132,汚水,24.413523849704074,0.41
7133,汚水,19.044701214355047,0.525
7134,汚水,3.4417238617293835,1.0
7135,汚水,10.322875112220814,0.969
7136,汚水,6.586369108944936,1.0
7137,汚水,12.030453167514588,0.831
7138,汚水,7.132445403278533,1.0
7139,汚水,8.780521774328387,1.0
7140,汚水,6.276667816988257,1.0
7141,汚水,37.26073527787582,0.268
7142,汚水,36.74669666389614,0.272
7144,汚水,47.46590945098422,0.211
7145,汚水,7.088053661011515,1.0
7146,汚水,12.93459919905119,0.773
7147,汚水,4.682262561892461,1.0
7148,汚水,43.77605535150872,0.228
7149,汚水,49.00264442047905,0.204
7150,汚水,9.882262328516227,1.0
7151,汚水,9.950067785086611,1.0
7152,汚水,20.236839956135697,0.494
7153,汚水,4.242197286542165,1.0
7154,汚水,17.8440155321328,0.56
7155,汚水,18.122364963800937,0.552
7156,汚水,23.431456905229027,0.427
7157,汚水,47.35042506667317,0.211
7158,汚水,7.536469266208182,1.0
7159,汚水,17.679472233936735,0.566
7160,汚水,48.76560934420363,0.205
7161,汚水,37.09628703428039,0.27
7162,汚水,13.039378124537064,0.767
7163,汚水,21.59813813754879,0.463
7164,汚水,45.9821804156308,0.217
7165,汚水,11.206830013058529,0.892
7166,汚水,7.46575510989497,1.0
7167,汚水,4.510798884815259,1.0
7168,汚水,23.653039760952655,0.423
7169,汚水,37.072057771648396,0.27
7170,汚水,43.944761097894315,0.228
7171,汚水,38.27770302176052,0.261
7172,汚水,37.52539578249194,0.266
7173,汚水,4.4167671342494295,1.0
7174,汚水,25.703514582266248,0.389
7175,汚水,18.32708045778586,0.546
7178,汚水,12.625212999742953,0.792
7179,汚水,11.936210679861546,0.838
7180,汚水,28.894996571812644,0.346
7181,汚水,25.960751332824813,0.385
7182,汚水,16.0767465029898,0.622
7183,汚水,4.85231932849896,1.0
7184,汚水,26.132977293736158,0.383
7185,汚水,23.89253327919724,0.419
7186,汚水,10.732642548139452,0.932
7187,汚水,4.990303435011661,1.0
7188,汚水,13.797191884080924,0.725
7189,汚水,8.114507157385276,1.0
7191,汚水,28.413811498065503,0.352
7192,汚水,10.920843759094367,0.916
7193,汚水,18.898135552663547,0.529
7194,汚水,28.930455871417443,0.346
7195,汚水,18.99920001028893,0.526
7196,汚水,5.727346681858747,1.0
7197,汚水,12.712322117568164,0.787
7198,汚水,35.85728027277078,0.279
7199,汚水,20.893306563651947,0.479
7200,汚水,6.204232620511647,1.0
7201,汚水,61.523763668571526,0.163
7202,汚水,29.50344243316823,0.339
7203,汚水,10.790389283024048,0.927
7205,汚水,3.9725622552428645,1.0
7206,汚水,31.87048694997417,0.314
7207,汚水,6.166543021381744,1.0
7208,汚水,17.35821736075356,0.576
7209,汚水,49.9706593162079,0.2
7210,汚水,9.30658386926315,1.0
7211,汚水,5.453992037337917,1.0
7213,汚水,4.897998664252233,1.0
7214,汚水,5.807523175249461,1.0
7215,汚水,11.165763901773285,0.896
7216,汚水,3.644948230009855,1.0
7217,汚水,41.04240298669191,0.244
7218,汚水,23.8258473205891,0.42
7219,汚水,15.642329013264185,0.639
7220,汚水,8.407616699046168,1.0
7221,汚水,31.94696682338458,0.313
7222,汚水,15.97233751691875,0.626
7223,汚水,11.505487372335727,0.869
7224,汚水,18.505247238686785,0.54
7225,汚水,9.053653210874064,1.0
7226,汚水,23.770313179115863,0.421
7227,汚水,15.890788520149304,0.629
7228,汚水,12.605111583823957,0.793
7230,汚水,5.07126316857393,1.0
7231,汚水,6.818567258927287,1.0
7232,汚水,4.400747664472841,1.0
7233,汚水,14.11132261620548,0.709
7234,汚水,45.395023148240185,0.22
7235,汚水,58.549859354377695,0.171
7236,汚水,4.938328489197186,1.0
7237,汚水,16.62129623816005,0.602
7238,汚水,8.16268305042546,1.0
7239,汚水,3.5659905015592006,1.0
7240,汚水,9.262598575242972,1.0
7241,汚水,5.278929011067493,1.0
7242,汚水,2.7535145947046034,1.0
7243,汚水,9.591368273220528,1.0
7244,汚水,3.7263305652505996,1.0
7245,汚水,13.790574278307556,0.725
7246,汚水,3.7488965043038616,1.0
7247,汚水,6.991630003439375,1.0
7248,汚水,5.6786026452642835,1.0
7249,汚水,12.24781494213579,0.816
7250,汚水,9.021445777346095,1.0
7251,汚水,26.992097874844738,0.37
7252,汚水,6.880199757975126,1.0
7253,汚水,8.17967349619887,1.0
7254,汚水,12.31765425122656,0.812
7255,汚水,13.305508625951651,0.752
7256,汚水,27.219343583885827,0.367
7257,汚水,19.09816426242969,0.524
7258,汚水,3.637179481120911,1.0
7259,汚水,8.831786127970531,1.0
7260,汚水,33.06776448189041,0.302
7262,汚水,24.96608993159907,0.401
7263,汚水,11.841901410796707,0.844
7264,汚水,9.344283053841725,1.0
7265,汚水,8.830947144324771,1.0
7266,汚水,24.92484721119995,0.401
7267,汚水,6.926624724897146,1.0
7268,汚水,43.155765747182365,0.232
7269,汚水,15.572572055582777,0.642
7270,汚水,4.778206034948732,1.0
7271,汚水,19.866641093135637,0.503
7272,汚水,6.267425927509198,1.0
7273,汚水,16.648742787581117,0.601
7274,汚水,12.730350903851832,0.786
7275,汚水,8.14574283208088,1.0
7276,汚水,27.77593440852859,0.36
7277,汚水,12.716623410271088,0.786
7278,汚水,19.009816740320897,0.526
7279,汚水,4.356604537057459,1.0
7280,汚水,4.7292969884151645,1.0
7281,汚水,7.180771989693273,1.0
7282,汚水,11.002272569184692,0.909
7283,汚水,2.157110529780079,1.0
7284,汚水,14.353135698828188,0.697
7285,汚水,42.03533435274283,0.238
7286,汚水,26.717328269427668,0.374
7287,汚水,8.95003493057759,1.0
7288,汚水,29.889325764288838,0.335
7289,汚水,34.19255292661935,0.292
7290,汚水,7.173843310536102,1.0
7291,汚水,19.217596803365343,0.52
7292,汚水,22.460273898793183,0.445
7294,汚水,28.574963795213716,0.35
7295,汚水,12.858193900915671,0.778
7296,汚水,5.648561874773749,1.0
7297,汚水,9.10415436901528,1.0
7299,汚水,9.970269055695555,1.0
7300,汚水,6.602319923153623,1.0
7301,汚水,3.114300700716896,1.0
7302,汚水,19.799033142430908,0.505
7303,汚水,5.89791849198322,1.0
7304,汚水,2.9552708648478916,1.0
7305,汚水,11.342866950088471,0.882
7306,汚水,4.317150059785924,1.0
7307,汚水,48.26577069739046,0.207
7308,汚水,13.34167160680907,0.75
7309,汚水,19.283169563164957,0.519
7310,汚水,7.233818568421939,1.0
7311,汚水,33.61187836020934,0.298
7312,汚水,26.759107503520788,0.374
7313,汚水,16.858809016879412,0.593
14435,汚水,23.034770851443994,0.434
14436,汚水,40.54451447116575,0.247
14437,汚水,69.83750864992535,0.143
14438,汚水,68.68294917597036,0.146
14439,汚水,83.86832604643014,0.119
14440,汚水,43.23755576437657,0.231
14441,汚水,22.20472049707336,0.45
14442,汚水,43.03493556530418,0.232
14443,汚水,29.541400432020257,0.339
14444,汚水,37.289898898762736,0.268
14445,汚水,45.07186636334918,0.222
14446,汚水,10.790906200217428,0.927
14447,汚水,31.206247099034726,0.32
14448,汚水,6.918797833685403,1.0
14449,汚水,12.576477383615204,0.795
14450,汚水,6.152987079967123,1.0
14451,汚水,47.62497562058958,0.21
14452,汚水,39.92260035620768,0.25
14453,汚水,44.67456869789921,0.224
14454,汚水,44.04935987767521,0.227
14455,汚水,43.08373203599929,0.232
14456,汚水,40.149182074667394,0.249
14457,汚水,39.60055265262526,0.253
14458,汚水,10.629587322941848,0.941
14459,汚水,7.031402893073275,1.0
14460,汚水,93.68339214381466,0.107
14461,汚水,37.80401285861688,0.265
14462,汚水,24.099397832177473,0.415
14463,汚水,3.6760442872984074,1.0
14464,汚水,10.188038989930151,0.982
14465,汚水,33.498999999999796,0.299
14466,汚水,31.624420214596302,0.316
14467,汚水,29.094155071647474,0.344
14468,汚水,27.7620919423172,0.36
14469,汚水,6.231422535319286,1.0
14470,汚水,83.81789048515752,0.119
14471,汚水,28.512310050065615,0.351
14472,汚水,44.656014606645755,0.224
14473,汚水,28.889920602105033,0.346
14474,汚水,28.72992838691,0.348
14475,汚水,21.325187039668563,0.469
14476,汚水,19.734132079313063,0.507
14477,汚水,24.745480090267264,0.404
14478,汚水,41.89138499433684,0.239
14479,汚水,11.660833857728583,0.858
14480,汚水,54.066068002056795,0.185
14481,汚水,7.650070440232984,1.0
14482,汚水,5.914647119603712,1.0
14483,汚水,32.0359283534627,0.312
14484,汚水,5.670024351606352,1.0
14485,汚水,35.78607680056064,0.279
14486,汚水,37.28949256316364,0.268
14487,汚水,35.856082548803414,0.279
14488,汚水,17.658745221217817,0.566
14489,汚水,45.29405660420248,0.221
14490,汚水,41.24904575889794,0.242
14491,汚水,30.373958837124768,0.329
14492,汚水,49.89461227894078,0.2
14493,汚水,20.955488566216605,0.477
14494,汚水,45.56951865434429,0.219
14495,汚水,8.23654246664698,1.0
14496,汚水,7.705820124717553,1.0
14497,汚水,29.071619885889902,0.344
14498,汚水,33.308444133363324,0.3
14499,汚水,26.359435945831372,0.379
14500,汚水,6.942937570755325,1.0
14501,汚水,31.132141476917756,0.321
14502,汚水,17.212228429670734,0.581
14503,汚水,17.996607004454567,0.556
14504,汚水,29.749214491524206,0.336
14505,汚水,28.66604995601724,0.349
14506,汚水,34.6513633922416,0.289
14507,汚水,39.82806172263874,0.251
14508,汚水,28.852708231502966,0.347
14509,汚水,22.342099301355187,0.448
14511,汚水,14.789058551369504,0.676
14512,汚水,40.32620602073141,0.248
14513,汚水,2.701908753740727,1.0
14514,汚水,28.672563425338453,0.349
14516,汚水,10.371007812517082,0.964
14517,汚水,8.13735070774505,1.0
14518,汚水,32.39979849514717,0.309
14519,汚水,3.3654763591558376,1.0
14520,汚水,18.937002434723734,0.528
14521,汚水,54.9707176451151,0.182
14522,汚水,55.74190465240985,0.179
14523,汚水,35.57442216527929,0.281
14525,汚水,50.74672893476925,0.197
14526,汚水,36.4782252527053,0.274
14529,汚水,26.571912238931045,0.376
14530,汚水,31.019721965596997,0.322
14531,汚水,53.70459238317265,0.186
14532,汚水,33.15581617515395,0.302
14533,汚水,56.548350757841355,0.177
14534,汚水,34.57443077870606,0.289
14535,汚水,22.82932610217154,0.438
14536,汚水,24.769250499817495,0.404
14537,汚水,8.319445477938388,1.0
14538,汚水,26.114830931077872,0.383
14539,汚水,21.220862719340516,0.471
14540,汚水,9.052659019096208,1.0
14541,汚水,27.20714707972094,0.368
14542,汚水,33.257993266844586,0.301
14543,汚水,14.35762384912842,0.696
14544,汚水,9.495751989331305,1.0
14545,汚水,59.19357251732373,0.169
14546,汚水,34.37716672504176,0.291
14547,汚水,18.027532199380392,0.555
14548,汚水,40.197468145882674,0.249
14549,汚水,31.974713730079454,0.313
14551,汚水,3.3270042330639056,1.0
14552,汚水,26.85002049666303,0.372
14553,汚水,10.022839998482132,0.998
14554,汚水,15.554439405313223,0.643
14555,汚水,59.22892560513544,0.169
14556,汚水,7.627125252065397,1.0
14557,汚水,30.73600213168471,0.325
14558,汚水,53.06346475163018,0.188
14559,汚水,51.829264362040604,0.193
14560,汚水,39.45750682964082,0.253
14561,汚水,65.79662275178033,0.152
14562,汚水,39.855453263410176,0.251
14563,汚水,26.122532792614074,0.383
14565,汚水,59.33424183263312,0.169
14566,汚水,41.28414288116768,0.242
14567,汚水,40.93326022362652,0.244
14568,汚水,2.127829912179239,1.0
14569,汚水,32.67514741804292,0.306
14571,汚水,37.36142632872166,0.268
14575,汚水,42.071182663151696,0.238
14576,汚水,6.181973637284566,1.0
14577,汚水,5.004207075705448,1.0
14578,汚水,46.59183590453257,0.215
14579,汚水,4.158270452020142,1.0
14580,汚水,22.459639112196378,0.445
14581,汚水,44.691590442067046,0.224
14583,汚水,22.62211349344679,0.442
14584,汚水,33.08852604011106,0.302
14585,汚水,46.76519613215924,0.214
14587,汚水,18.524777481350657,0.54
14588,汚水,32.73168478368787,0.306
14589,汚水,31.56204907535289,0.317
14590,汚水,4.5991117108683115,1.0
14591,汚水,45.71614365646349,0.219
14592,汚水,16.188188419202795,0.618
14593,汚水,6.188267720543456,1.0
14594,汚水,10.858948030886618,0.921
14595,汚水,36.43884542992608,0.274
14596,汚水,40.41443637997203,0.247
14597,汚水,39.381303622890655,0.254
14598,汚水,42.91118836331994,0.233
14599,汚水,41.34207046137548,0.242
14600,汚水,40.74634783388618,0.245
14601,汚水,41.266680618867206,0.242
14602,汚水,53.05473651102844,0.188
14603,汚水,7.7127247725314385,1.0
14604,汚水,36.1716090161937,0.276
14605,汚水,4.321354544290061,1.0
14606,汚水,32.560262139644074,0.307
14607,汚水,13.578285139663208,0.736
14608,汚水,41.5647537822368,0.241
14609,汚水,15.110349013489921,0.662
14610,汚水,38.8872473689017,0.257
14611,汚水,11.355928188065533,0.881
14612,汚水,2.8102079807955382,1.0
14613,汚水,29.874937279060415,0.335
14614,汚水,30.19638064195029,0.331
14615,汚水,23.56816963433912,0.424
14616,汚水,26.42664574916942,0.378
14617,汚水,26.728667339694805,0.374
14618,汚水,37.341529620542744,0.268
14619,汚水,1.956630294970974,1.0
14620,汚水,5.733666451262758,1.0
14621,汚水,36.90533712164522,0.271
14622,汚水,4.035114188757671,1.0
14623,汚水,35.4668044733868,0.282
14624,汚水,38.12721431246823,0.262
14625,汚水,37.49606930865197,0.267
14626,汚水,37.8268383051388,0.264
14628,汚水,14.484936900831144,0.69
14629,汚水,21.57720168764589,0.463
14630,汚水,31.15815831265055,0.321
14631,汚水,30.959759136148634,0.323
14632,汚水,22.33740515539667,0.448
14633,汚水,21.82919154268195,0.458
14634,汚水,14.330805717334629,0.698
14635,汚水,45.06169805523255,0.222
14637,汚水,23.589304295919824,0.424
14638,汚水,15.21095850540966,0.657
14639,汚水,6.458440442364072,1.0
14640,汚水,18.30140064003709,0.546
14641,汚水,70.14308149260211,0.143
14642,汚水,86.28719719637954,0.116
14643,汚水,31.13044080902758,0.321
14644,汚水,10.04415764720854,0.996
14645,汚水,45.50159960752788,0.22
14646,汚水,36.33706186321265,0.275
14647,汚水,23.583574962682686,0.424
14648,汚水,23.811765557694713,0.42
14649,汚水,41.88303512853238,0.239
14650,汚水,34.56143168394165,0.289
14651,汚水,25.10805150786264,0.398
14652,汚水,54.52481572927039,0.183
14653,汚水,54.35424148616748,0.184
14654,汚水,85.16741955918972,0.117
14655,汚水,20.98812788093461,0.476
14656,汚水,21.089628491373993,0.474
14657,汚水,36.50987295689535,0.274
14658,汚水,52.03402496592846,0.192
14659,汚水,27.44948268013126,0.364
14660,汚水,38.39549001830837,0.26
14661,汚水,40.634391150466215,0.246
14662,汚水,4.675729425252765,1.0
14663,汚水,31.992054721034776,0.313
14664,汚水,25.547580088029424,0.391
14665,汚水,4.8986351356946845,1.0
14666,汚水,35.29836442925987,0.283
14667,汚水,21.801705768721664,0.459
14668,汚水,21.733115795228645,0.46
14669,汚水,30.655330931527164,0.326
14670,汚水,15.845294111762643,0.631
14671,汚水,17.128375843195908,0.584
14672,汚水,23.146519543326878,0.432
14673,汚水,16.21914375123514,0.617
14674,汚水,23.39176038196434,0.428
14675,汚水,9.487942729636728,1.0
14676,汚水,5.922128773208462,1.0
14677,汚水,25.070013684849343,0.399
14678,汚水,64.20764900678734,0.156
14679,汚水,80.11868156831083,0.125
14680,汚水,72.3394164720257,0.138
14681,汚水,7.401614501187553,1.0
14682,汚水,50.986431347785,0.196
14683,汚水,50.74664345335989,0.197
14684,汚水,11.79669266686157,0.848
14685,汚水,20.67053773080438,0.484
14686,汚水,6.313964200174584,1.0
14687,汚水,20.256326220281537,0.494
14688,汚水,12.223884570703879,0.818
14689,汚水,11.110000470819822,0.9
14690,汚水,73.26412623926805,0.136
14691,汚水,60.09451873015829,0.166
14692,汚水,26.404007991509584,0.379
14693,汚水,30.331519239482038,0.33
14694,汚水,43.97369077787525,0.227
14695,汚水,35.81405999573172,0.279
14696,汚水,30.746523423534338,0.325
14697,汚水,9.649312987488013,1.0
14698,汚水,19.405104034113517,0.515
14699,汚水,21.19621045500472,0.472
14700,汚水,5.101637977249983,1.0
14701,汚水,89.52139792591974,0.112
14702,汚水,61.2165554554882,0.163
14703,汚水,59.32062627945028,0.169
14704,汚水,51.96418374738644,0.192
14705,汚水,30.913354316348354,0.323
14706,汚水,23.866162588921647,0.419
14707,汚水,49.81427448904026,0.201
14708,汚水,43.65538247056686,0.229
14709,汚水,36.22237623739068,0.276
14710,汚水,4.0919724085349465,1.0
14711,汚水,5.438993473084736,1.0
14712,汚水,18.977257297333566,0.527
14713,汚水,29.603551185295693,0.338
14714,汚水,5.021802241816104,1.0
14715,汚水,10.87174233741013,0.92
14716,汚水,8.704903180284068,1.0
14717,汚水,10.868164738162847,0.92
14718,汚水,41.898727925517974,0.239
14719,汚水,9.86966892190165,1.0
14720,汚水,5.740871020121472,1.0
14721,汚水,49.568120413818,0.202
14722,汚水,63.8484540304066,0.157
14723,汚水,26.10490672395768,0.383
14724,汚水,11.257625706028662,0.888
14725,汚水,3.8804942803056006,1.0
14726,汚水,13.07136023205297,0.765
14727,汚水,26.067078693437335,0.384
14728,汚水,47.417176850231805,0.211
14729,汚水,9.34586319895513,1.0
14730,汚水,67.66126334220898,0.148
14731,汚水,55.54534978592477,0.18
14732,汚水,33.490406906326164,0.299
14733,汚水,6.352077896934366,1.0
14734,汚水,7.8922306583467305,1.0
14735,汚水,2.2150481661710737,1.0
14736,汚水,10.285200869530913,0.972
14738,汚水,21.204159261916228,0.472
14740,汚水,9.127922119263467,1.0
14741,汚水,52.265245124961275,0.191
14742,汚水,61.80624996027645,0.162
14743,汚水,6.447880777209935,1.0
14744,汚水,21.80352752459757,0.459
14745,汚水,29.55099268979563,0.338
14746,汚水,15.218966167907402,0.657
14747,汚水,43.061573523276905,0.232
14748,汚水,33.031759056013435,0.303
14749,汚水,6.659910224327615,1.0
14750,汚水,22.58994781015236,0.443
14751,汚水,70.6490964490496,0.142
14752,汚水,9.723514985366426,1.0
14753,汚水,4.513166642231935,1.0
14754,汚水,53.60669936722475,0.187
14755,汚水,71.70943872321297,0.139
14756,汚水,3.885227694087426,1.0
7314,汚水,9.836708462003415,1.0
7315,汚水,5.258624067669358,1.0
7316,汚水,45.43689447830393,0.22
7317,汚水,29.2278230227952,0.342
7318,汚水,48.14995475542914,0.208
7319,汚水,27.94192759283958,0.358
7320,汚水,7.346640758489389,1.0
7321,汚水,10.237004318761832,0.977
7322,汚水,15.412601373065074,0.649
7324,汚水,15.423115776524021,0.648
7325,汚水,20.651453031283793,0.484
7326,汚水,18.78240696246134,0.532
7328,汚水,41.5494810655646,0.241
7329,汚水,46.12376531848263,0.217
7330,汚水,44.30394369921352,0.226
7332,汚水,11.225223018238461,0.891
7333,汚水,4.108680013627319,1.0
7334,汚水,23.303500292771314,0.429
7335,汚水,20.89957094897303,0.478
7336,汚水,13.739086922713113,0.728
7337,汚水,14.143316467414627,0.707
7338,汚水,13.87725226861797,0.721
7339,汚水,19.85771366835418,0.504
7340,汚水,18.889632152966012,0.529
7342,汚水,16.987236060249973,0.589
7343,汚水,42.497623822520595,0.235
7344,汚水,20.874400017595708,0.479
7345,汚水,8.203658189085692,1.0
7346,汚水,15.014534785508616,0.666
7347,汚水,8.680617960528297,1.0
7348,汚水,12.957609222013536,0.772
7350,汚水,158.74615686004782,0.063
7351,汚水,36.78127164716214,0.272
7352,汚水,10.263237864942411,0.974
7353,汚水,34.28536296154118,0.292
7354,汚水,60.630828866309145,0.165
7355,汚水,12.280649287718607,0.814
7356,汚水,12.462142768545608,0.802
7357,汚水,5.366308634708208,1.0
7358,汚水,7.292508180262069,1.0
7359,汚水,8.474434201193569,1.0
7360,汚水,4.500817711003647,1.0
7361,汚水,9.37244370133347,1.0
7362,汚水,8.746184861598845,1.0
7363,汚水,15.255513548092113,0.656
7364,汚水,8.371234770682118,1.0
7365,汚水,33.62674850164413,0.297
7366,汚水,68.4807317519864,0.146
7367,汚水,45.25729588822906,0.221
7368,汚水,44.56880671318364,0.224
7369,汚水,17.612693213118487,0.568
7370,汚水,43.4136978128441,0.23
7371,汚水,8.139298859643077,1.0
7372,汚水,22.270026099453503,0.449
7373,汚水,8.821844262447813,1.0
7374,汚水,12.026473659786983,0.831
7375,汚水,29.74008243895432,0.336
7376,汚水,44.10982976458645,0.227
7377,汚水,21.99691967612216,0.455
7378,汚水,3.938231429398728,1.0
7379,汚水,8.792228753625944,1.0
7380,汚水,3.305402660389085,1.0
7381,汚水,4.838645172558863,1.0
7382,汚水,24.014076946863305,0.416
7383,汚水,12.75717496319822,0.784
7384,汚水,18.57905950916264,0.538
7385,汚水,14.799845780143855,0.676
7386,汚水,3.0640166736945664,1.0
7387,汚水,5.660383169208995,1.0
7388,汚水,10.8449792258672,0.922
7389,汚水,27.348655616835195,0.366
7390,汚水,8.159622092568076,1.0
7391,汚水,16.86952656370287,0.593
7392,汚水,42.67801824592485,0.234
7393,汚水,42.33022530499961,0.236
7394,汚水,20.411503382773887,0.49
7395,汚水,37.30894913388171,0.268
7396,汚水,37.834155098410925,0.264
7397,汚水,24.62124104557475,0.406
7398,汚水,46.65620888458743,0.214
7399,汚水,4.961175862632683,1.0
7400,汚水,7.829817186101441,1.0
7401,汚水,9.928583783152769,1.0
7402,汚水,18.92546508382097,0.528
7403,汚水,30.21433080471344,0.331
7404,汚水,10.298081588592629,0.971
7405,汚水,14.03132821600371,0.713
7406,汚水,2.984249573700121,1.0
7407,汚水,21.96935772060651,0.455
7408,汚水,5.68990127900135,1.0
7409,汚水,8.07898295470864,1.0
7410,汚水,27.569670063039126,0.363
7411,汚水,6.590543835760472,1.0
7412,汚水,9.981088473795312,1.0
7413,汚水,11.816168585564325,0.846
7414,汚水,6.328102512223927,1.0
7415,汚水,37.09259658250443,0.27
7416,汚水,4.395900069181271,1.0
7417,汚水,10.480221829519644,0.954
7418,汚水,2.851205602463949,1.0
7419,汚水,40.78020991037907,0.245
7420,汚水,25.72825196880922,0.389
7421,汚水,13.957182233319777,0.716
7422,汚水,18.618744076760002,0.537
7423,汚水,18.912881671869293,0.529
7424,汚水,3.1020685843042766,1.0
7425,汚水,14.429977335620254,0.693
7426,汚水,13.475975523813723,0.742
7427,汚水,7.651646597491769,1.0
7428,汚水,32.894131418321166,0.304
7429,汚水,36.6854073633193,0.273
7430,汚水,23.185427621711952,0.431
7431,汚水,27.88489309086595,0.359
7432,汚水,7.694542148570677,1.0
7433,汚水,23.006902073405765,0.435
7434,汚水,35.198240690731026,0.284
7435,汚水,46.15408320063336,0.217
7436,汚水,31.33583580533164,0.319
7438,汚水,31.698705992526655,0.315
7441,汚水,44.00292116728634,0.227
7442,汚水,37.236024754150996,0.269
7443,汚水,40.404209076732194,0.247
7444,汚水,29.378924296028767,0.34
7446,汚水,28.513937153868895,0.351
7447,汚水,59.577853782017655,0.168
7448,汚水,57.19878156843492,0.175
7450,汚水,13.674231634723064,0.731
7451,汚水,22.660319420153286,0.441
7452,汚水,19.175176650196903,0.522
7453,汚水,38.87741248819892,0.257
7454,汚水,9.30272146097756,1.0
7455,汚水,33.47845550746762,0.299
7456,汚水,13.50134757298238,0.741
7457,汚水,15.549694963826656,0.643
7458,汚水,34.783462510463636,0.287
7459,汚水,18.02749674350527,0.555
7460,汚水,38.751557009142225,0.258
7461,汚水,10.901665767261553,0.917
7462,汚水,24.776778584076123,0.404
7463,汚水,15.892344975965841,0.629
7464,汚水,42.371691186573734,0.236
7465,汚水,34.90146109512074,0.287
7466,汚水,24.44861824208678,0.409
7467,汚水,40.23941452503889,0.249
7468,汚水,19.16254750407382,0.522
7469,汚水,9.711913033564795,1.0
7470,汚水,33.90148373969282,0.295
7471,汚水,8.071380566826468,1.0
7472,汚水,20.01448962904688,0.5
7473,汚水,17.366231655249365,0.576
7475,汚水,40.21139161481531,0.249
7476,汚水,23.50432744493479,0.425
7477,汚水,22.626790201319157,0.442
7478,汚水,7.057202124350266,1.0
7479,汚水,13.424324947491664,0.745
7480,汚水,14.287451551793726,0.7
7481,汚水,31.630724936800693,0.316
7482,汚水,29.481780469576687,0.339
7483,汚水,33.44535447127427,0.299
7484,汚水,10.140685809653698,0.986
7485,汚水,35.79807944306355,0.279
7486,汚水,38.62312974146086,0.259
7487,汚水,48.09093992434581,0.208
7488,汚水,33.66897860731785,0.297
7489,汚水,34.57115501464249,0.289
7493,汚水,11.758969506316635,0.85
7494,汚水,108.39989749939302,0.092
7495,汚水,95.81829994042351,0.104
7496,汚水,37.44200306722549,0.267
7497,汚水,27.71550926460995,0.361
7498,汚水,46.446604896536556,0.215
7499,汚水,40.81763553645982,0.245
7500,汚水,34.636301727245204,0.289
7501,汚水,15.020753163151957,0.666
7502,汚水,33.67875047627003,0.297
7503,汚水,29.11544953360709,0.343
7504,汚水,5.138263091224043,1.0
7505,汚水,43.04125920432653,0.232
7506,汚水,25.19400364499352,0.397
7507,汚水,25.88305745221332,0.386
7508,汚水,33.45517218246855,0.299
7509,汚水,42.59966874288231,0.235
7510,汚水,9.445899330500964,1.0
7511,汚水,32.845936814323146,0.304
7512,汚水,35.36133203137826,0.283
7513,汚水,20.087752320618435,0.498
7514,汚水,26.90830513474738,0.372
7515,汚水,9.278026391630574,1.0
7516,汚水,26.805099419222696,0.373
7517,汚水,37.086999999999534,0.27
7519,汚水,27.31185211328557,0.366
7520,汚水,30.875516950350956,0.324
7521,汚水,32.426083041106125,0.308
7522,汚水,28.906317712014662,0.346
7523,汚水,42.72900587289306,0.234
7524,汚水,24.00024300012993,0.417
7525,汚水,7.337833261591677,1.0
7526,汚水,9.77025551632681,1.0
7527,汚水,34.68592250015588,0.288
7528,汚水,4.071953013047031,1.0
7529,汚水,48.44580064000214,0.206
7530,汚水,30.37082962740174,0.329
7531,汚水,27.228625830361555,0.367
7532,汚水,25.210438756578426,0.397
7534,汚水,12.769941634583258,0.783
7535,汚水,9.769029904373989,1.0
7536,汚水,26.740814779379043,0.374
7537,汚水,20.325966261957863,0.492
7538,汚水,20.400013479378554,0.49
7539,汚水,33.02529342145286,0.303
7540,汚水,16.446603583753806,0.608
7541,汚水,15.89100406493781,0.629
7542,汚水,41.59240505384688,0.24
7543,汚水,21.578010068682406,0.463
7544,汚水,26.458232187967255,0.378
7546,汚水,23.521355429567826,0.425
7548,汚水,33.75076870349679,0.296
7549,汚水,43.17427819018633,0.232
7550,汚水,21.404631432708296,0.467
7551,汚水,18.521224193596808,0.54
7552,汚水,22.276803856511165,0.449
7553,汚水,13.607737892805943,0.735
7554,汚水,26.195094860540536,0.382
7555,汚水,35.72107969854851,0.28
7556,汚水,2.433384674484978,1.0
7557,汚水,22.120951563942583,0.452
7558,汚水,18.039695381809203,0.554
7559,汚水,19.042600353253984,0.525
7560,汚水,19.418517687137488,0.515
7561,汚水,9.809786246873124,1.0
7562,汚水,20.269773998486055,0.493
7563,汚水,25.8910700219532,0.386
7564,汚水,11.240844568911358,0.89
7566,汚水,33.454647297098916,0.299
7567,汚水,38.741617056144555,0.258
7568,汚水,8.36635920076215,1.0
7569,汚水,7.57832593856883,1.0
7570,汚水,23.30724757184586,0.429
7571,汚水,5.972148585879641,1.0
7572,汚水,100.04630471943905,0.1
7573,汚水,98.79302978947275,0.101
7574,汚水,49.10441559591353,0.204
7577,汚水,12.839750028077587,0.779
7578,汚水,12.436045983532962,0.804
7579,汚水,6.5243279849618485,1.0
7581,汚水,40.127987536178935,0.249
7582,汚水,55.40028000604037,0.181
7583,汚水,17.40620898270248,0.575
7584,汚水,3.241635700013677,1.0
7585,汚水,37.75025062400625,0.265
7586,汚水,48.85168682306429,0.205
7588,汚水,70.9745550574071,0.141
7589,汚水,22.612174498954737,0.442
7590,汚水,10.469738795277312,0.955
7591,汚水,9.425928714596283,1.0
7592,汚水,16.07319138364208,0.622
7593,汚水,16.161257835333224,0.619
7594,汚水,35.63292946989845,0.281
7595,汚水,37.17948297486413,0.269
7596,汚水,23.916768884245858,0.418
7597,汚水,11.376099217458028,0.879
7598,汚水,3.2674533693907355,1.0
7599,汚水,14.395148172612659,0.695
7600,汚水,12.324163840093128,0.811
7601,汚水,10.412882764740504,0.96
7602,汚水,30.54757200458097,0.327
7603,汚水,17.044243898149215,0.587
7604,汚水,14.52153469445769,0.689
7605,汚水,49.755064726948525,0.201
7606,汚水,24.152855571705334,0.414
7607,汚水,14.300022298367713,0.699
7608,汚水,13.107679281262458,0.763
7609,汚水,3.480750664619271,1.0
7610,汚水,10.974455655301817,0.911
7611,汚水,22.009524915203574,0.454
7612,汚水,2.975105172247771,1.0
7613,汚水,6.977195071164551,1.0
7614,汚水,80.3924803512246,0.124
7615,汚水,19.50029832982018,0.513
7617,汚水,48.22637767853421,0.207
7618,汚水,6.5267240109950375,1.0
7619,汚水,19.60841109186837,0.51
7620,汚水,12.336860443057487,0.811
7621,汚水,44.26758987602702,0.226
7622,汚水,37.00347858458811,0.27
7623,汚水,86.68077448374883,0.115
7624,汚水,81.18718733271822,0.123
7625,汚水,42.31382654941076,0.236
7626,汚水,30.063437962419545,0.333
7627,汚水,9.382533513469419,1.0
7628,汚水,9.029073971084282,1.0
7629,汚水,60.90183497641948,0.164
7630,汚水,59.85538577558973,0.167
7631,汚水,35.199171005873154,0.284
7632,汚水,48.97934592800241,0.204
7633,汚水,15.591723247203186,0.641
7634,汚水,34.903614568620256,0.287
7635,汚水,60.10336959791876,0.166
14757,汚水,29.53173573298248,0.339
14758,汚水,38.689002395162284,0.258
14759,汚水,10.771283325372528,0.928
14760,汚水,11.861894714872664,0.843
14761,汚水,56.05707226733174,0.178
14763,汚水,56.038641255284986,0.178
14765,汚水,37.528189252664056,0.266
14766,汚水,6.874881614367855,1.0
14767,汚水,83.75255243450904,0.119
14768,汚水,13.876269434361332,0.721
14769,汚水,49.095257407476055,0.204
14770,汚水,64.09568872464659,0.156
14771,汚水,66.59679523285158,0.15
14772,汚水,52.54582191412738,0.19
14773,汚水,61.39478940979493,0.163
14774,汚水,63.66027086071105,0.157
14775,汚水,59.660266585039494,0.168
14776,汚水,27.28230094821828,0.367
14777,汚水,46.543702874388835,0.215
14778,汚水,57.31301486466611,0.174
14779,汚水,58.69348404136746,0.17
14780,汚水,61.84768285528736,0.162
14781,汚水,97.63607918390434,0.102
14782,汚水,21.08528610968907,0.474
14783,汚水,85.51571662661269,0.117
14784,汚水,53.76284049248125,0.186
14785,汚水,25.82970810430451,0.387
14786,汚水,18.382063464210763,0.544
14787,汚水,69.77628316080057,0.143
14788,汚水,69.97214069585581,0.143
14789,汚水,38.987526294540054,0.256
14790,汚水,41.0717670491694,0.243
14791,汚水,54.3795876396752,0.184
14792,汚水,61.510578483306745,0.163
14793,汚水,4.536807251101285,1.0
14794,汚水,35.002187264131784,0.286
14795,汚水,24.095979961812603,0.415
14796,汚水,28.596569564358205,0.35
14797,汚水,59.16828433207982,0.169
14798,汚水,68.82006223514071,0.145
14799,汚水,88.09170241581747,0.114
14800,汚水,99.99944438088701,0.1
14801,汚水,80.09883111229765,0.125
14802,汚水,73.85360528432588,0.135
14803,汚水,14.002328651218773,0.714
14804,汚水,58.35301976492751,0.171
14805,汚水,49.78518973272991,0.201
14806,汚水,8.265243067588703,1.0
14807,汚水,7.711487678012867,1.0
14808,汚水,54.51136307592842,0.183
14809,汚水,25.73731515648477,0.389
14810,汚水,21.856068739481838,0.458
14811,汚水,32.693280684554125,0.306
14812,汚水,33.53758674376964,0.298
14813,汚水,5.691886621772724,1.0
14814,汚水,11.079657427100651,0.903
14815,汚水,16.251499211377276,0.615
14816,汚水,11.564124842055936,0.865
14817,汚水,2.589707833755701,1.0
14818,汚水,17.97843103306148,0.556
14819,汚水,35.54476201497312,0.281
14820,汚水,5.229711834437795,1.0
14821,汚水,25.54596561063376,0.391
14823,汚水,30.10138736535099,0.332
14824,汚水,38.67889720181616,0.259
14825,汚水,34.24639346089397,0.292
14827,汚水,52.82870506116783,0.189
14828,汚水,9.580591157969465,1.0
14829,汚水,42.885476978135515,0.233
14830,汚水,41.71921710837367,0.24
14832,汚水,36.10383102928038,0.277
14833,汚水,50.61113405219857,0.198
14835,汚水,19.635860744795224,0.509
14836,汚水,7.944531836429735,1.0
14837,汚水,66.41074180316772,0.151
14838,汚水,68.65900869031783,0.146
14841,汚水,55.77231370319644,0.179
14842,汚水,7.037905830398123,1.0
14843,汚水,57.71099928045661,0.173
14844,汚水,27.360275250684825,0.365
14845,汚水,56.0541921883007,0.178
14847,汚水,57.79173520860001,0.173
14848,汚水,49.42168532180154,0.202
14849,汚水,36.210582857935414,0.276
14850,汚水,34.57729399754248,0.289
14851,汚水,26.40829187354146,0.379
14852,汚水,49.41742916793126,0.202
14853,汚水,45.936138907858016,0.218
14854,汚水,42.75052447455213,0.234
14855,汚水,48.72585870161827,0.205
14856,汚水,50.03001539764832,0.2
14857,汚水,39.913093460938875,0.251
14858,汚水,31.208824871219377,0.32
14859,汚水,56.81444709832247,0.176
14861,汚水,4.375000538289265,1.0
14862,汚水,58.19088187138286,0.172
14864,汚水,53.25023149376386,0.188
14865,汚水,31.35615000463903,0.319
14866,汚水,35.26165371898248,0.284
14867,汚水,15.021068618360554,0.666
14868,汚水,64.61631414260869,0.155
14869,汚水,16.7219347954638,0.598
14870,汚水,52.66266275422752,0.19
14871,汚水,38.783001166092426,0.258
14872,汚水,36.8805994241295,0.271
14873,汚水,46.65367448318294,0.214
14874,汚水,45.117424273475756,0.222
14875,汚水,41.886617139587784,0.239
14876,汚水,16.629015450292894,0.601
14877,汚水,22.984041860751393,0.435
14878,汚水,6.798899520042636,1.0
14879,汚水,33.091814954324086,0.302
14880,汚水,33.173628853623164,0.301
14881,汚水,34.75556240101456,0.288
14882,汚水,23.346002360330782,0.428
14883,汚水,24.95733008224057,0.401
14885,汚水,45.56744420299101,0.219
14886,汚水,23.99185213613047,0.417
14887,汚水,27.871359964842014,0.359
14888,汚水,27.154690571910805,0.368
14890,汚水,26.53782844383329,0.377
14891,汚水,21.79436291940555,0.459
14892,汚水,29.00781819796499,0.345
14893,汚水,30.319243789020813,0.33
14894,汚水,29.749999239012954,0.336
14895,汚水,29.793128851883157,0.336
14897,汚水,37.18796709873295,0.269
14898,汚水,47.58475558812049,0.21
14899,汚水,26.752363410426923,0.374
14900,汚水,59.80988228676809,0.167
14901,汚水,32.35658030966977,0.309
14902,汚水,46.86205750781552,0.213
14903,汚水,41.86975498789535,0.239
14904,汚水,29.723026244924668,0.336
14906,汚水,37.663527537633705,0.266
14908,汚水,61.24784320244585,0.163
14910,汚水,63.277453423569376,0.158
14911,汚水,59.97364609185045,0.167
14912,汚水,35.994682698145695,0.278
14913,汚水,13.396293060312864,0.746
14914,汚水,2.17549746667979,1.0
14916,汚水,44.8211012412258,0.223
14917,汚水,14.79073224996641,0.676
14918,汚水,1.7903158616480095,1.0
14919,汚水,13.895691597657644,0.72
14920,汚水,20.845302274251658,0.48
14921,汚水,20.546269969478686,0.487
14922,汚水,30.052660662213867,0.333
14923,汚水,16.127191908802825,0.62
14924,汚水,33.92454883788741,0.295
14925,汚水,34.28024539873968,0.292
14926,汚水,20.071865693171517,0.498
14927,汚水,4.548993042238026,1.0
14928,汚水,35.1966264040238,0.284
14929,汚水,15.044651796692538,0.665
14930,汚水,48.91288519998769,0.204
14931,汚水,49.236549155775656,0.203
14934,汚水,45.09377483592031,0.222
14935,汚水,45.24346963414234,0.221
14936,汚水,5.903100726063167,1.0
14937,汚水,49.772840733449605,0.201
14938,汚水,16.06630723510342,0.622
14939,汚水,36.61262086260525,0.273
14940,汚水,3.5823968417202128,1.0
14941,汚水,22.635531419019287,0.442
14942,汚水,16.949265585821873,0.59
14943,汚水,48.646144717391145,0.206
14944,汚水,20.279246733824944,0.493
14945,汚水,29.801376443729577,0.336
14946,汚水,31.87287350539809,0.314
14947,汚水,36.873057781029104,0.271
14948,汚水,38.76857553517943,0.258
14949,汚水,37.3019919116142,0.268
14950,汚水,34.61590417865707,0.289
14951,汚水,46.55111629474812,0.215
14952,汚水,2.5143668142835987,1.0
14953,汚水,40.82054546766299,0.245
14955,汚水,23.399129633164826,0.427
14956,汚水,3.2280502030670455,1.0
14957,汚水,15.042752700907798,0.665
14958,汚水,40.617558312197225,0.246
14960,汚水,37.43601024908844,0.267
14961,汚水,49.8164406217935,0.201
14962,汚水,49.778194545344824,0.201
14963,汚水,50.17107022998705,0.199
14964,汚水,8.922777100709482,1.0
14965,汚水,43.861482872066176,0.228
14966,汚水,7.4194107582718605,1.0
14967,汚水,41.36869613359884,0.242
14968,汚水,30.70073367969479,0.326
14969,汚水,28.78750040272042,0.347
14970,汚水,3.8052450630743606,1.0
14971,汚水,42.341480339228994,0.236
14972,汚水,35.61779997918012,0.281
14973,汚水,36.81840696223765,0.272
14974,汚水,43.70266618438601,0.229
14975,汚水,6.657330703838512,1.0
14976,汚水,32.2479416173422,0.31
14977,汚水,12.974752468942373,0.771
14978,汚水,27.838314583009343,0.359
14979,汚水,26.034585572629616,0.384
14980,汚水,6.523284924781686,1.0
14981,汚水,36.98387043655911,0.27
14982,汚水,6.508716679328425,1.0
14983,汚水,43.490664645480315,0.23
14984,汚水,11.394211609626263,0.878
14985,汚水,28.360496221854167,0.353
14986,汚水,34.01562049070818,0.294
14987,汚水,37.52167938147372,0.267
14988,汚水,17.240764281817437,0.58
14989,汚水,74.19715564914011,0.135
14990,汚水,25.254327494393277,0.396
14991,汚水,48.489253775681355,0.206
14992,汚水,47.31001950334441,0.211
14993,汚水,4.2241440849879375,1.0
14994,汚水,50.118372561156605,0.2
14995,汚水,42.18560014353879,0.237
14996,汚水,4.419630358660154,1.0
14997,汚水,48.580371452329615,0.206
14998,汚水,58.207891872687235,0.172
14999,汚水,54.283233486670866,0.184
15000,汚水,4.520878421936623,1.0
15001,汚水,72.37907275339907,0.138
15003,汚水,61.92228953532527,0.161
15004,汚水,53.66477221168495,0.186
15005,汚水,6.470410806764611,1.0
15006,汚水,55.46794233301875,0.18
15007,汚水,32.361064819356926,0.309
15008,汚水,51.59774285746423,0.194
15009,汚水,44.18633091411617,0.226
15010,汚水,56.66678382720244,0.176
15012,汚水,2.4373143353631352,1.0
15013,汚水,55.33030917763928,0.181
15014,汚水,80.07153963584038,0.125
15015,汚水,26.094663930493777,0.383
15016,汚水,65.79710488527522,0.152
15017,汚水,66.81136266455955,0.15
15018,汚水,35.997076587485864,0.278
15019,汚水,32.15984814555583,0.311
15020,汚水,40.440110970227046,0.247
15021,汚水,30.379973697777167,0.329
15022,汚水,12.600299274490034,0.794
15023,汚水,14.692694325013921,0.681
15024,汚水,15.340021120072223,0.652
15025,汚水,35.064167179403924,0.285
15026,汚水,9.571069766263951,1.0
15027,汚水,10.069428908975764,0.993
15029,汚水,9.050534222515266,1.0
15030,汚水,21.44710970626657,0.466
15031,汚水,16.10531076144689,0.621
15033,汚水,25.666284559640147,0.39
15034,汚水,27.62265515725593,0.362
15035,汚水,31.838234158587756,0.314
15036,汚水,5.850879116620125,1.0
15037,汚水,12.876252791890154,0.777
15038,汚水,5.127830746117768,1.0
15039,汚水,40.06957591676899,0.25
15040,汚水,14.852588374613164,0.673
15041,汚水,66.12759482386627,0.151
15042,汚水,32.85054372238651,0.304
15043,汚水,16.287588779568637,0.614
15045,汚水,25.85176444599563,0.387
15047,汚水,24.1168987609968,0.415
15048,汚水,11.787846817820725,0.848
15049,汚水,16.973263039085516,0.589
15050,汚水,17.60118382927999,0.568
15051,汚水,21.00284898977361,0.476
15052,汚水,20.019825407357015,0.5
15054,汚水,24.2403372072561,0.413
15055,汚水,3.7353679351960736,1.0
15056,汚水,19.373235864790008,0.516
15058,汚水,34.84684607827731,0.287
15059,汚水,11.752688834882747,0.851
15060,汚水,10.804806022056932,0.926
15061,汚水,22.33306983613974,0.448
15062,汚水,11.120861499890111,0.899
15063,汚水,24.57646998188899,0.407
15064,汚水,16.12444682091271,0.62
15065,汚水,46.16420876040804,0.217
15066,汚水,28.351624461306912,0.353
15067,汚水,29.093956050095226,0.344
15068,汚水,27.68292989171672,0.361
15071,汚水,14.960554844637368,0.668
15073,汚水,20.6281422639083,0.485
15074,汚水,33.38446713060744,0.3
15075,汚水,33.72397192337957,0.297
15076,汚水,23.745510471216903,0.421
15077,汚水,23.957478653380686,0.417
15078,汚水,3.3749999999985447,1.0
7636,汚水,17.85567142386726,0.56
7637,汚水,9.827576046649272,1.0
7638,汚水,38.959388677094374,0.257
7639,汚水,40.01698839156354,0.25
7640,汚水,73.2968084504943,0.136
7641,汚水,45.103511859973736,0.222
7642,汚水,46.62882235645489,0.214
7643,汚水,3.660313777477716,1.0
7644,汚水,19.790064860719294,0.505
7645,汚水,20.35622758207411,0.491
7646,汚水,19.680857013107403,0.508
7647,汚水,19.7194867088653,0.507
7648,汚水,17.99423530725551,0.556
7649,汚水,4.694296830630129,1.0
7650,汚水,7.426812966109826,1.0
7651,汚水,25.527895057691126,0.392
7652,汚水,23.73629452189412,0.421
7653,汚水,43.7976431718336,0.228
7654,汚水,22.56194205874202,0.443
7655,汚水,43.105222019857564,0.232
7656,汚水,21.27883918956302,0.47
7657,汚水,33.26969261085893,0.301
7658,汚水,24.69235431945497,0.405
7659,汚水,46.28191283547991,0.216
7660,汚水,26.030012709906313,0.384
7661,汚水,7.917678268877843,1.0
7662,汚水,4.501984131390669,1.0
7663,汚水,19.316220325166746,0.518
7664,汚水,30.04403557652412,0.333
7666,汚水,5.999095581551151,1.0
7667,汚水,15.019636875438163,0.666
7668,汚水,17.855501536361228,0.56
7669,汚水,4.860059523288694,1.0
7670,汚水,15.920074926456147,0.628
7671,汚水,16.43568472546706,0.608
7673,汚水,17.748533667718316,0.563
7674,汚水,30.92750424527842,0.323
7675,汚水,39.117308958485104,0.256
7677,汚水,16.130794105373624,0.62
7678,汚水,39.87473692316255,0.251
7679,汚水,26.12463401553928,0.383
7680,汚水,16.249521465225648,0.615
7681,汚水,33.41146043626892,0.299
7682,汚水,5.7061380224845415,1.0
7683,汚水,26.132752631017922,0.383
7684,汚水,28.68090204418694,0.349
7685,汚水,34.99329376930024,0.286
7686,汚水,48.84079398703097,0.205
7687,汚水,2.907086623790394,1.0
7688,汚水,38.03526298045705,0.263
7689,汚水,25.479486319226982,0.392
7690,汚水,3.957131468131824,1.0
7691,汚水,29.387774058569807,0.34
7692,汚水,6.038554358761683,1.0
7693,汚水,11.600214659369147,0.862
7694,汚水,18.734980951869403,0.534
7695,汚水,17.790458405012956,0.562
7696,汚水,7.640339310739737,1.0
7697,汚水,5.548274350582261,1.0
7699,汚水,8.12291797352864,1.0
7701,汚水,23.927205136256653,0.418
7702,汚水,10.08541647169808,0.992
7703,汚水,50.065130722106176,0.2
7704,汚水,34.18028570622149,0.293
7706,汚水,43.17699642192304,0.232
7707,汚水,49.57371655003659,0.202
7708,汚水,30.850830350386243,0.324
7710,汚水,29.477923160929798,0.339
7711,汚水,29.827816350578374,0.335
7712,汚水,30.28818552809552,0.33
7713,汚水,3.9750000000058208,1.0
7714,汚水,39.032020841997124,0.256
7716,汚水,43.31105069997857,0.231
7717,汚水,45.32695792118281,0.221
7718,汚水,26.782875786901418,0.373
7719,汚水,41.06822921380723,0.243
7720,汚水,25.03671978217399,0.399
7721,汚水,10.371996432506675,0.964
7722,汚水,50.32341536711391,0.199
7723,汚水,17.058055984565552,0.586
7724,汚水,7.719043454991789,1.0
7725,汚水,26.463466233309532,0.378
7726,汚水,33.484522173703375,0.299
7727,汚水,27.64677005391777,0.362
7728,汚水,40.91228747064338,0.244
7729,汚水,40.66908746674673,0.246
7730,汚水,32.072017289302444,0.312
7731,汚水,27.54599458901449,0.363
7732,汚水,24.055777170374295,0.416
7733,汚水,21.650139577686907,0.462
7734,汚水,19.994560271482694,0.5
7735,汚水,50.26963347911162,0.199
7736,汚水,21.29102873030675,0.47
7737,汚水,29.642225122796635,0.337
7738,汚水,16.375408240359587,0.611
7739,汚水,32.36781212455242,0.309
7740,汚水,29.799823868661793,0.336
7741,汚水,49.10731073081985,0.204
7742,汚水,25.557479144493904,0.391
7743,汚水,47.99863497882558,0.208
7744,汚水,43.965048664665844,0.227
7745,汚水,17.410058641154837,0.574
7746,汚水,23.189643422295973,0.431
7747,汚水,17.929679399321373,0.558
7748,汚水,18.22512098275705,0.549
7749,汚水,27.155082288719914,0.368
7750,汚水,27.296816874155745,0.366
7751,汚水,33.47501239084542,0.299
7752,汚水,29.127800009569278,0.343
7753,汚水,40.098605092770626,0.249
7754,汚水,22.494150986038694,0.445
7755,汚水,36.53237189295842,0.274
7756,汚水,40.73433981961021,0.245
7757,汚水,20.71031973105082,0.483
7758,汚水,20.46615552989157,0.489
7759,汚水,35.82657744864639,0.279
7760,汚水,28.77546721778213,0.348
7761,汚水,48.284435872475136,0.207
7762,汚水,55.715584117258786,0.179
7763,汚水,24.588578592514406,0.407
7764,汚水,30.190374597273127,0.331
7765,汚水,31.67097447993091,0.316
7766,汚水,26.90532516480139,0.372
7767,汚水,17.700423312484244,0.565
7768,汚水,23.541193948266574,0.425
7769,汚水,31.403621402207342,0.318
7770,汚水,27.642208420951118,0.362
7771,汚水,23.030979805390135,0.434
7772,汚水,20.220179684490493,0.495
7773,汚水,19.56843989804903,0.511
7774,汚水,45.5415740990489,0.22
7775,汚水,22.589487112300702,0.443
7776,汚水,28.64985149103221,0.349
7777,汚水,29.42823422725659,0.34
7778,汚水,14.64760191037061,0.683
7779,汚水,27.06661140031179,0.369
7780,汚水,48.68586774668721,0.205
7782,汚水,29.338073610043438,0.341
7783,汚水,22.380926002095773,0.447
7784,汚水,46.50986138049345,0.215
7785,汚水,93.39494451942004,0.107
7787,汚水,22.32516658042519,0.448
7788,汚水,15.245780339974893,0.656
7789,汚水,6.14521947759018,1.0
7790,汚水,44.899690299726885,0.223
7791,汚水,30.038104560012954,0.333
7792,汚水,47.01122092562175,0.213
7793,汚水,8.03196835422697,1.0
7794,汚水,30.934069945401767,0.323
7795,汚水,39.89729601890803,0.251
7796,汚水,42.11739005570884,0.237
7797,汚水,20.450580176681108,0.489
7798,汚水,3.2056515182984535,1.0
7802,汚水,23.411970255557804,0.427
7803,汚水,19.865376461570328,0.503
7804,汚水,48.52427097697804,0.206
7805,汚水,23.921010103421235,0.418
7806,汚水,20.75222252422118,0.482
7807,汚水,28.159114675941638,0.355
7808,汚水,21.19989378941667,0.472
7809,汚水,18.599547842469686,0.538
7810,汚水,17.78780527520169,0.562
7811,汚水,18.137845422266437,0.551
7812,汚水,22.35400550156825,0.447
7813,汚水,23.269712989861233,0.43
7814,汚水,27.190038090121764,0.368
7815,汚水,27.89418420610568,0.358
7816,汚水,26.916612485425134,0.372
7817,汚水,19.08888389227289,0.524
7818,汚水,18.855491145405725,0.53
7819,汚水,19.37527827415789,0.516
7823,汚水,45.90235513813455,0.218
7826,汚水,16.867736584232738,0.593
7827,汚水,17.708428739173442,0.565
7828,汚水,9.78152661766164,1.0
7829,汚水,29.23584515650533,0.342
7830,汚水,34.92337537712047,0.286
7831,汚水,33.15719382882924,0.302
7832,汚水,44.539866284879395,0.225
7833,汚水,43.705923168256845,0.229
7834,汚水,38.84038510225512,0.257
7835,汚水,35.75120229409488,0.28
7836,汚水,29.80906066081684,0.335
7837,汚水,3.0828723225968186,1.0
7838,汚水,26.667916869764905,0.375
7839,汚水,29.940993388455247,0.334
7840,汚水,15.016472781161866,0.666
7841,汚水,20.351076054921734,0.491
7842,汚水,26.224097610448773,0.381
7843,汚水,25.87342940165942,0.386
7844,汚水,27.47382088833338,0.364
7845,汚水,24.594731750105467,0.407
7846,汚水,34.48343668062472,0.29
7847,汚水,26.634698690439215,0.375
7848,汚水,19.60571332496653,0.51
7849,汚水,24.958580973605788,0.401
7850,汚水,10.261088240170611,0.975
7851,汚水,19.20825468186173,0.521
7852,汚水,31.3674321380711,0.319
7853,汚水,33.87563048388606,0.295
7854,汚水,22.288953767809605,0.449
7855,汚水,7.069902030662652,1.0
7856,汚水,29.808500037987994,0.335
7857,汚水,19.396760947877056,0.516
7858,汚水,26.363806601782198,0.379
7859,汚水,17.54426359851265,0.57
7860,汚水,81.971245106974,0.122
7861,汚水,7.5878487936913235,1.0
7862,汚水,41.138530211774025,0.243
7863,汚水,25.990764316926633,0.385
7864,汚水,35.85562694438425,0.279
7866,汚水,15.874925627057378,0.63
7867,汚水,41.97516820328442,0.238
7868,汚水,47.700094327211445,0.21
7869,汚水,36.245359297498496,0.276
7870,汚水,49.919503670217836,0.2
7871,汚水,7.876810174022453,1.0
7872,汚水,17.480157114919077,0.572
7873,汚水,16.402937635317087,0.61
7874,汚水,15.335959783807564,0.652
7875,汚水,7.028871597649468,1.0
7876,汚水,8.56748972495221,1.0
7877,汚水,5.982545973033084,1.0
7878,汚水,18.212338477651713,0.549
7879,汚水,7.656504187130569,1.0
7880,汚水,19.716241574138333,0.507
7881,汚水,6.742281422427675,1.0
7882,汚水,12.979827135658812,0.77
7883,汚水,29.170824937230957,0.343
7885,汚水,39.075477650318284,0.256
7886,汚水,12.325331333106675,0.811
7887,汚水,28.97655230070296,0.345
7888,汚水,37.09838177660098,0.27
7889,汚水,22.553237085746968,0.443
7890,汚水,14.901526662692776,0.671
7891,汚水,13.77739853616899,0.726
7892,汚水,48.83280426296601,0.205
7893,汚水,29.438236227052926,0.34
7894,汚水,14.948927046877975,0.669
7895,汚水,54.40374017746166,0.184
7896,汚水,23.785943840422462,0.42
7897,汚水,25.665779334864872,0.39
7898,汚水,21.530969554965083,0.464
7899,汚水,16.400515292437714,0.61
7900,汚水,48.62503534515254,0.206
7901,汚水,16.24741814091602,0.615
7902,汚水,36.74946882363887,0.272
7903,汚水,29.652307918943766,0.337
7904,汚水,49.71312421914424,0.201
7905,汚水,29.068465196570905,0.344
7906,汚水,18.98095220411599,0.527
7907,汚水,16.22437996724439,0.616
7908,汚水,3.2850904800650786,1.0
7910,汚水,37.99160890114219,0.263
7911,汚水,42.14623716469502,0.237
7912,汚水,15.420449797020975,0.648
7913,汚水,35.434945452824834,0.282
7914,汚水,16.898646054785814,0.592
7915,汚水,13.651623156404138,0.733
7916,汚水,44.080130621440524,0.227
7917,汚水,39.03832379997704,0.256
7918,汚水,14.120703320965024,0.708
7919,汚水,31.88166897196649,0.314
7920,汚水,24.725559392506163,0.404
7921,汚水,12.78539844325896,0.782
7922,汚水,21.030962083738068,0.475
7923,汚水,33.883425385705024,0.295
7924,汚水,33.46932169217615,0.299
7925,汚水,34.39467718052315,0.291
7926,汚水,19.973389220855662,0.501
7927,汚水,9.378170906081392,1.0
7928,汚水,31.142070300356547,0.321
7929,汚水,40.916095799691035,0.244
7930,汚水,22.16005806136033,0.451
7931,汚水,16.734529556876907,0.598
7932,汚水,36.36389941529886,0.275
7933,汚水,17.877611496932346,0.559
7934,汚水,41.92549694257552,0.239
7935,汚水,65.13942415366175,0.154
7936,汚水,5.482585142659335,1.0
7937,汚水,38.74358527284969,0.258
7938,汚水,17.276137016510038,0.579
7939,汚水,18.9191351324055,0.529
7940,汚水,28.069317726255996,0.356
7941,汚水,43.92573641360945,0.228
7942,汚水,42.052502027997456,0.238
7943,汚水,7.4854603872419005,1.0
7944,汚水,13.573107680311814,0.737
7945,汚水,25.100463018954354,0.398
7946,汚水,48.18267502658333,0.208
7947,汚水,12.85875193384675,0.778
7948,汚水,13.42000247055598,0.745
7949,汚水,20.137506684036843,0.497
7951,汚水,20.881148537571715,0.479
7952,汚水,4.540515133909843,1.0
7955,汚水,49.7351575476782,0.201
7956,汚水,23.153809628885696,0.432
7957,汚水,38.0737218112581,0.263
15079,汚水,27.160810150973393,0.368
15080,汚水,32.77470621729889,0.305
15081,汚水,26.55981162205833,0.377
15082,汚水,5.200169765947293,1.0
15083,汚水,43.736136372368584,0.229
15084,汚水,11.378548725679234,0.879
15085,汚水,39.683511986795104,0.252
15086,汚水,8.856539396711506,1.0
15087,汚水,20.532625651014417,0.487
15088,汚水,7.809395388861643,1.0
15089,汚水,27.060571338028762,0.37
15090,汚水,30.956909947174168,0.323
15091,汚水,21.17479948395545,0.472
15092,汚水,13.103338251793534,0.763
15093,汚水,31.873596566487787,0.314
15094,汚水,12.354720522670801,0.809
15095,汚水,18.416785219985517,0.543
15096,汚水,27.82814041446934,0.359
15097,汚水,9.966830828020179,1.0
15098,汚水,2.8816932099781494,1.0
15099,汚水,28.312340729691275,0.353
15100,汚水,27.454280742005096,0.364
15101,汚水,4.018495884917638,1.0
15102,汚水,6.707103150693962,1.0
15105,汚水,23.603555819582915,0.424
15106,汚水,11.93762625914326,0.838
15107,汚水,34.368390484279544,0.291
15108,汚水,42.19575218017975,0.237
15109,汚水,11.441227285798792,0.874
15110,汚水,12.92735934941739,0.774
15111,汚水,16.936675187092717,0.59
15112,汚水,10.035661781809427,0.996
15113,汚水,49.34637265478701,0.203
15114,汚水,8.50698007708954,1.0
15115,汚水,31.48751142177136,0.318
15116,汚水,7.835712272505019,1.0
15117,汚水,22.583843598862433,0.443
15118,汚水,10.516952332391167,0.951
15119,汚水,2.4357136730788023,1.0
15120,汚水,17.00229945183253,0.588
15121,汚水,37.313901626966704,0.268
15122,汚水,14.454192181637708,0.692
15123,汚水,18.575152052140528,0.538
15124,汚水,11.017213533214724,0.908
15125,汚水,12.923754311068343,0.774
15126,汚水,11.853018983082913,0.844
15127,汚水,34.96306729841716,0.286
15128,汚水,3.185612382752391,1.0
15129,汚水,3.9092850032137294,1.0
15130,汚水,4.557237228574079,1.0
15131,汚水,16.812824509620178,0.595
15132,汚水,17.448551136501333,0.573
15133,汚水,13.65180640699681,0.733
15134,汚水,26.179933352545735,0.382
15135,汚水,19.252213837906826,0.519
15136,汚水,31.880609825610122,0.314
15137,汚水,32.002711237345785,0.312
15138,汚水,2.654359922640038,1.0
15139,汚水,17.7805287504414,0.562
15140,汚水,19.88745988532533,0.503
15141,汚水,15.665447760995393,0.638
15142,汚水,21.43906454237047,0.466
15143,汚水,46.06364168145461,0.217
15144,汚水,5.1893221740230056,1.0
15145,汚水,29.19363194958544,0.343
15146,汚水,32.674371689952615,0.306
15147,汚水,28.318682982891783,0.353
15148,汚水,12.122176095315973,0.825
15149,汚水,8.333583727171934,1.0
15150,汚水,22.85330887330624,0.438
15153,汚水,25.77186601268714,0.388
15154,汚水,5.557369593241467,1.0
15155,汚水,13.33021235850197,0.75
15157,汚水,30.116495390641695,0.332
15158,汚水,8.648294565927134,1.0
15159,汚水,7.477013646237681,1.0
15160,汚水,10.147767875375983,0.985
15161,汚水,20.239363943792974,0.494
15162,汚水,4.508325611564138,1.0
15163,汚水,7.201347412973593,1.0
15164,汚水,13.063769754970632,0.765
15165,汚水,34.604892327200915,0.289
15166,汚水,4.510601475680499,1.0
15167,汚水,41.20934338591097,0.243
15168,汚水,4.759558980833069,1.0
15169,汚水,34.15277097460892,0.293
15170,汚水,48.98895842532283,0.204
15171,汚水,4.768405180790954,1.0
15172,汚水,54.06230057237169,0.185
15173,汚水,35.678977275160825,0.28
15174,汚水,14.527129444156067,0.688
15175,汚水,24.924949566248422,0.401
15176,汚水,11.725578482099685,0.853
15177,汚水,19.693768007463202,0.508
15178,汚水,15.033588154012321,0.665
15179,汚水,27.404732333341045,0.365
15180,汚水,20.885715974796955,0.479
15181,汚水,24.082589874598472,0.415
15182,汚水,24.1263851367273,0.414
15183,汚水,10.709434217522608,0.934
15184,汚水,13.423857283549035,0.745
15185,汚水,11.454816563662634,0.873
15186,汚水,21.021822682192518,0.476
15187,汚水,49.02173343777436,0.204
15188,汚水,17.24656404472593,0.58
15189,汚水,33.509612201579756,0.298
15190,汚水,7.239544144681598,1.0
15191,汚水,17.444074213330914,0.573
15192,汚水,12.613936245989278,0.793
15193,汚水,10.62960707126299,0.941
15194,汚水,12.592686132736063,0.794
15195,汚水,15.37646652277319,0.65
15196,汚水,24.21353724017699,0.413
15197,汚水,16.318891268862373,0.613
15198,汚水,11.360020283946659,0.88
15199,汚水,11.504431647476666,0.869
15200,汚水,32.088145115102705,0.312
15201,汚水,11.017434972253087,0.908
15203,汚水,64.71165369512389,0.155
15204,汚水,17.863521094116525,0.56
15205,汚水,50.840966942669,0.197
15206,汚水,49.038519454939895,0.204
15207,汚水,34.98519197120665,0.286
15208,汚水,42.47037127658405,0.235
15209,汚水,37.0693099881164,0.27
15211,汚水,29.32755580909544,0.341
15212,汚水,12.497856340242713,0.8
15213,汚水,9.727905419788806,1.0
15214,汚水,33.05761030662017,0.303
15215,汚水,92.11399030891387,0.109
15216,汚水,8.355029075650322,1.0
15217,汚水,44.62309194789403,0.224
15218,汚水,54.11611324379451,0.185
15219,汚水,28.42328809161535,0.352
15222,汚水,23.811617338662984,0.42
15223,汚水,39.87916278699966,0.251
15224,汚水,48.649545105525235,0.206
15225,汚水,29.149098672324,0.343
15226,汚水,24.1667530973577,0.414
15227,汚水,16.919103205637896,0.591
15228,汚水,22.32699099160425,0.448
15229,汚水,30.05856634134489,0.333
15230,汚水,1.811291364307582,1.0
15231,汚水,17.064681715757516,0.586
15233,汚水,27.067489140656107,0.369
15234,汚水,29.50082108563292,0.339
15235,汚水,38.96514282164362,0.257
15236,汚水,33.642106396830144,0.297
15237,汚水,46.16851718118912,0.217
15238,汚水,41.034045533361855,0.244
15239,汚水,26.242419179318343,0.381
15240,汚水,26.673289447743386,0.375
15241,汚水,46.605577186546846,0.215
15242,汚水,34.748214298733444,0.288
15243,汚水,30.856362459376427,0.324
15244,汚水,50.19311888371813,0.199
15245,汚水,7.5136533953555205,1.0
15246,汚水,15.254674364788546,0.656
15247,汚水,9.896407563653945,1.0
15248,汚水,8.835407766358857,1.0
15249,汚水,4.852943100184918,1.0
15250,汚水,27.30818705718297,0.366
15251,汚水,14.248273997992118,0.702
15252,汚水,19.817746953458546,0.505
15253,汚水,14.657736073372174,0.682
15254,汚水,13.851643836310885,0.722
15255,汚水,30.39110235085714,0.329
15256,汚水,48.1479973111024,0.208
15257,汚水,42.47993003267232,0.235
15258,汚水,3.5987862669437334,1.0
15259,汚水,48.34955613911415,0.207
15260,汚水,42.55410669992882,0.235
15261,汚水,13.32693470448585,0.75
15262,汚水,20.8244099678892,0.48
15263,汚水,25.072333304729657,0.399
15264,汚水,40.33766297316538,0.248
15265,汚水,46.7251391278915,0.214
15266,汚水,35.11857221032151,0.285
15267,汚水,35.04402833440652,0.285
15268,汚水,47.98175301622812,0.208
15269,汚水,5.051832293050076,1.0
15270,汚水,22.395749817157604,0.447
15271,汚水,35.675632479903,0.28
15272,汚水,34.05039895548139,0.294
15273,汚水,45.930306852813295,0.218
15276,汚水,35.923280638435436,0.278
15278,汚水,25.944102621359797,0.385
15279,汚水,26.89610866143495,0.372
15280,汚水,10.89107193067349,0.918
15281,汚水,26.643221072607183,0.375
15283,汚水,16.410118406599892,0.609
15284,汚水,45.437331289640944,0.22
15285,汚水,5.353586496612764,1.0
15286,汚水,56.65697049124994,0.177
15287,汚水,14.344499189379064,0.697
15288,汚水,17.935320015620775,0.558
15289,汚水,31.053503871353,0.322
15290,汚水,14.038198928899451,0.712
15291,汚水,15.038454858880012,0.665
15292,汚水,29.04316389897565,0.344
15293,汚水,32.93295670820453,0.304
15294,汚水,26.4361660994917,0.378
15295,汚水,27.89993389601561,0.358
15296,汚水,4.09384779265006,1.0
15297,汚水,42.057381852660484,0.238
15298,汚水,4.375892356199165,1.0
15299,汚水,6.343667129516563,1.0
15300,汚水,70.57326419460043,0.142
15301,汚水,12.926456104913939,0.774
15302,汚水,16.73557614481985,0.598
15303,汚水,21.707744901459716,0.461
15304,汚水,30.80971754229529,0.325
15305,汚水,21.003925830184492,0.476
15306,汚水,10.782103838180541,0.927
15307,汚水,29.850241693387527,0.335
15309,汚水,38.467332699544365,0.26
15310,汚水,73.42161298686527,0.136
15311,汚水,32.70191524009779,0.306
15312,汚水,23.36720583722397,0.428
15313,汚水,36.25802316741047,0.276
15314,汚水,5.8067157682667325,1.0
15315,汚水,28.948861403852852,0.345
15316,汚水,21.14319988648373,0.473
15317,汚水,38.29627899513118,0.261
15318,汚水,10.848143363577767,0.922
15319,汚水,36.842980468043024,0.271
15320,汚水,34.90077935508215,0.287
15321,汚水,34.85572441933104,0.287
15322,汚水,35.60975704985548,0.281
15324,汚水,16.051143471482302,0.623
15325,汚水,33.85085931167595,0.295
15326,汚水,59.7724749355358,0.167
15327,汚水,23.387657502366004,0.428
15328,汚水,93.63533333894416,0.107
15329,汚水,36.19756019846504,0.276
15330,汚水,35.032245518138325,0.285
15331,汚水,4.271263832736599,1.0
15332,汚水,45.81812043875145,0.218
15333,汚水,33.19705086995291,0.301
15334,汚水,35.57963987293369,0.281
15335,汚水,28.288240664791957,0.354
15336,汚水,31.322251659579457,0.319
15338,汚水,38.987514750265824,0.256
15340,汚水,19.15969209867572,0.522
15341,汚水,10.912335505191653,0.916
15342,汚水,52.88827813470351,0.189
15343,汚水,54.982012848203865,0.182
15344,汚水,32.35412691852247,0.309
15347,汚水,31.180627642043905,0.321
15348,汚水,9.969755076924292,1.0
15349,汚水,39.25123782141887,0.255
15350,汚水,27.837488147266775,0.359
15351,汚水,16.291459002856655,0.614
15352,汚水,4.5785673811205765,1.0
15353,汚水,45.80609263030639,0.218
15354,汚水,66.22869028655451,0.151
15355,汚水,19.82716456757466,0.504
15356,汚水,6.185476476408377,1.0
15357,汚水,42.9389516604384,0.233
15358,汚水,44.16656048512066,0.226
15359,汚水,14.716591378558041,0.68
15360,汚水,12.29275716583907,0.813
15361,汚水,52.80694169879388,0.189
15362,汚水,31.090385104372046,0.322
15364,汚水,30.76153272353265,0.325
15365,汚水,27.003552255674634,0.37
15366,汚水,41.70276730198399,0.24
15367,汚水,23.67988206959697,0.422
15368,汚水,9.305726855994822,1.0
15369,汚水,36.50311585284397,0.274
15370,汚水,36.08111999497571,0.277
15371,汚水,38.111583712184675,0.262
15372,汚水,34.40345169510969,0.291
15373,汚水,42.138549389772336,0.237
15374,汚水,10.720574996524135,0.933
15375,汚水,48.08434112424988,0.208
15376,汚水,33.99837245293626,0.294
15377,汚水,34.92593135398589,0.286
15378,汚水,29.778991026653916,0.336
15379,汚水,19.730712407478546,0.507
15380,汚水,41.00371932424113,0.244
15381,汚水,38.51149747792182,0.26
15382,汚水,2.8435643145586784,1.0
15383,汚水,49.21308275756152,0.203
15384,汚水,61.47848365494357,0.163
15385,汚水,46.588061711219765,0.215
15386,汚水,40.85368144187099,0.245
15387,汚水,40.19591345864269,0.249
15388,汚水,47.86871870846138,0.209
15389,汚水,22.061861669948165,0.453
15390,汚水,35.0402942012065,0.285
15391,汚水,72.02923728421489,0.139
15392,汚水,35.088990476132054,0.285
15393,汚水,19.99020577820485,0.5
15394,汚水,22.94438693420061,0.436
15395,汚水,17.422088496965912,0.574
15397,汚水,14.41517218204397,0.694
15398,汚水,9.277669330338165,1.0
15399,汚水,22.78741922929802,0.439
15400,汚水,19.12044379419324,0.523
15466,汚水,58.75935957014116,0.17
15468,汚水,49.210695322827966,0.203
15469,汚水,49.55949188310155,0.202
15470,汚水,46.57287089255013,0.215
15471,汚水,51.13821235981573,0.196
15472,汚水,3.6764077387138867,1.0
15473,汚水,42.16411663140446,0.237
15474,汚水,42.48768428271047,0.235
15475,汚水,43.14224843487771,0.232
15476,汚水,21.85268379346233,0.458
15477,汚水,37.2598258612089,0.268
15478,汚水,35.86764174190101,0.279
15479,汚水,37.037564671087196,0.27
15480,汚水,17.595552370951033,0.568
15481,汚水,47.021389560679914,0.213
15482,汚水,48.616187474776744,0.206
15483,汚水,41.88370289787982,0.239
15484,汚水,5.406784739494207,1.0
15485,汚水,46.231634796613456,0.216
15486,汚水,62.38981262046855,0.16
15494,汚水,19.472581421528904,0.514
15495,汚水,46.099517888568194,0.217
15496,汚水,45.919719846041986,0.218
15497,汚水,45.722395792332655,0.219
15498,汚水,34.26532923348846,0.292
15499,汚水,42.76855442152537,0.234
15500,汚水,39.4802695304958,0.253
15501,汚水,39.27157724667252,0.255
15502,汚水,37.278082328938716,0.268
15503,汚水,59.88888949467143,0.167
15504,汚水,34.28346141648074,0.292
15506,汚水,41.279377148493374,0.242
15507,汚水,41.026324379259655,0.244
15508,汚水,40.44040059164289,0.247
15509,汚水,49.87609338600704,0.2
17296,汚水,14.249468382815927,0.702
17297,汚水,28.793854802803203,0.347
17298,汚水,49.74930702036404,0.201
17299,汚水,69.90574452178069,0.143
17300,汚水,70.4802278035223,0.142
17301,汚水,8.09250532020768,1.0
17302,汚水,56.87672939859517,0.176
17303,汚水,58.94039934564905,0.17
17304,汚水,53.35377804936496,0.187
17305,汚水,59.49666623060544,0.168
17306,汚水,61.13500616337212,0.164
17307,汚水,35.87444530644453,0.279
17308,汚水,32.234055565118716,0.31
17309,汚水,68.29298818694714,0.146
17310,汚水,7.868402793773628,1.0
17311,汚水,22.1118597081906,0.452
17312,汚水,52.12445393860399,0.192
17313,汚水,7.962858092434108,1.0
17314,汚水,15.784873226616842,0.634
17315,汚水,8.114100931099998,1.0
17316,汚水,13.353030521818132,0.749
17317,汚水,77.95595839985705,0.128
17318,汚水,8.779696582675015,1.0
17319,汚水,37.308398509413905,0.268
17320,汚水,9.94108897737843,1.0
15487,汚水,30.411436605368095,0.329
15488,汚水,30.57237185648197,0.327
15489,汚水,27.25569188483023,0.367
15490,汚水,49.084376302530075,0.204
15491,汚水,33.11882523466102,0.302
15492,汚水,36.756100449461975,0.272
15493,汚水,8.605735422587266,1.0
17321,汚水,23.53901306838522,0.425
17322,汚水,49.56888830650058,0.202
17323,汚水,49.91877677311689,0.2
17324,汚水,9.229959427724216,1.0
17325,汚水,39.61245726224613,0.252
17326,汚水,38.39112010002238,0.26
1,汚水,11.522381314033286,0.868
2,汚水,15.735401202895751,0.636
3,汚水,10.474874826340471,0.955
4,汚水,20.623580807457483,0.485
5,汚水,2.8202827508256254,1.0
6,汚水,8.187454891579234,1.0
7,汚水,27.244682482662977,0.367
8,汚水,19.78579621493224,0.505
9,汚水,20.721522266380365,0.483
10,汚水,21.133255442272883,0.473
11,汚水,30.895733690173405,0.324
12,汚水,29.761238987603555,0.336
13,汚水,25.095089553288055,0.398
14,汚水,25.257584087469585,0.396
15,汚水,24.65179561541331,0.406
16,汚水,17.89395367528046,0.559
17,汚水,18.893214645079322,0.529
18,汚水,13.010308118043405,0.769
19,汚水,13.470893377152622,0.742
20,汚水,26.33750446774252,0.38
21,汚水,26.04622430776306,0.384
22,汚水,14.214380053873121,0.704
23,汚水,14.865629510685578,0.673
24,汚水,29.98557401317608,0.333
25,汚水,23.204737261166823,0.431
26,汚水,7.856733803347983,1.0
27,汚水,28.82311976694626,0.347
28,汚水,28.257207964484177,0.354
29,汚水,30.036251903081585,0.333
30,汚水,20.09498871002268,0.498
31,汚水,19.932381174111473,0.502
32,汚水,30.05769347382842,0.333
33,汚水,29.073229478170976,0.344
34,汚水,28.87129242667845,0.346
35,汚水,26.221677849874165,0.381
36,汚水,26.740462351533786,0.374
37,汚水,26.973050130623164,0.371
38,汚水,9.641098828297938,1.0
39,汚水,9.448360046907013,1.0
40,汚水,8.429840335260923,1.0
41,汚水,5.601455701505438,1.0
42,汚水,7.865662598094691,1.0
43,汚水,7.957999999998719,1.0
44,汚水,8.224502920756976,1.0
45,汚水,7.9585790327793475,1.0
46,汚水,7.958579032793898,1.0
47,汚水,30.5733121337827,0.327
48,汚水,1.6786878872936266,1.0
49,汚水,6.548035992505512,1.0
50,汚水,29.562797293159875,0.338
51,汚水,5.705000682129675,1.0
52,汚水,7.1739979451805445,1.0
53,汚水,13.379722330049974,0.747
54,汚水,28.277763218561073,0.354
55,汚水,26.01923614170092,0.384
56,汚水,12.651855810099812,0.79
57,汚水,16.6021066700243,0.602
58,汚水,15.765215188500585,0.634
59,汚水,2.368697682038363,1.0
60,汚水,22.092856449914557,0.453
61,汚水,10.440446378952267,0.958
62,汚水,9.517853456184678,1.0
63,汚水,11.713369134182143,0.854
64,汚水,64.43064734341957,0.155
65,汚水,105.39836427557331,0.095
66,汚水,41.5881111783373,0.24
67,汚水,52.94832049530231,0.189
68,汚水,15.527381097883644,0.644
69,汚水,15.911749443215907,0.628
70,汚水,38.25497713574885,0.261
71,汚水,41.01364036259989,0.244
72,汚水,9.561539251828359,1.0
73,汚水,38.218540823274374,0.262
74,汚水,58.14808271789496,0.172
75,汚水,73.67979202795112,0.136
76,汚水,39.97349122313412,0.25
77,汚水,29.4805268990945,0.339
78,汚水,31.395249789397678,0.319
79,汚水,44.383510642223854,0.225
80,汚水,34.82952296176324,0.287
81,汚水,41.981388284352164,0.238
82,汚水,49.039733643520584,0.204
83,汚水,65.75811169679258,0.152
84,汚水,40.51482804684151,0.247
85,汚水,45.18255930860307,0.221
86,汚水,21.513846188200528,0.465
87,汚水,32.25776683340516,0.31
88,汚水,13.406136532728823,0.746
89,汚水,51.5914935786413,0.194
90,汚水,37.81961076828948,0.264
91,汚水,23.965021514318206,0.417
92,汚水,47.91722856978821,0.209
93,汚水,48.59532106356389,0.206
94,汚水,59.20817399044116,0.169
95,汚水,17.42946983256681,0.574
96,汚水,7.184981958416162,1.0
97,汚水,10.174959416878863,0.983
98,汚水,58.03625623506297,0.172
99,汚水,21.248963990223825,0.471
100,汚水,28.80004670868101,0.347
101,汚水,8.300484670566206,1.0
102,汚水,7.721154037360411,1.0
103,汚水,76.7233407180728,0.13
104,汚水,28.144618784680716,0.355
105,汚水,23.397013699006454,0.427
106,汚水,15.143177693775659,0.66
107,汚水,16.879167278264784,0.592
108,汚水,21.66728355253218,0.462
109,汚水,44.618360380428754,0.224
110,汚水,26.794767239180725,0.373
111,汚水,48.112055398045335,0.208
112,汚水,22.076716256937264,0.453
113,汚水,61.485534983910256,0.163
114,汚水,6.64975627881868,1.0
115,汚水,7.904196617721495,1.0
116,汚水,22.344002130065405,0.448
117,汚水,21.019191644223127,0.476
118,汚水,49.94196734085041,0.2
119,汚水,26.637497736994177,0.375
120,汚水,42.48784689937116,0.235
121,汚水,55.56383829137153,0.18
122,汚水,126.43403678975749,0.079
123,汚水,4.523875878508816,1.0
124,汚水,31.78624946059906,0.315
125,汚水,32.40850517943543,0.309
126,汚水,52.00749031319705,0.192
127,汚水,34.866202440946246,0.287
128,汚水,46.97287901494686,0.213
129,汚水,29.131605895123,0.343
130,汚水,31.056140592538693,0.322
131,汚水,32.68980952248536,0.306
132,汚水,14.208824380073255,0.704
133,汚水,43.95191382903077,0.228
134,汚水,46.283263769777044,0.216
135,汚水,24.071900489466938,0.415
136,汚水,22.6672955054433,0.441
137,汚水,55.048257906309246,0.182
138,汚水,40.68577613777437,0.246
139,汚水,22.090250513820703,0.453
140,汚水,19.569914664115686,0.511
141,汚水,19.56174912885406,0.511
142,汚水,11.544520539532805,0.866
143,汚水,32.09201379483715,0.312
144,汚水,17.104143363904488,0.585
145,汚水,20.793512040435353,0.481
146,汚水,32.88765118317282,0.304
147,汚水,10.603966003579226,0.943
148,汚水,9.629839135925295,1.0
149,汚水,12.395329641796776,0.807
150,汚水,16.535332955123586,0.605
151,汚水,4.372576894889599,1.0
152,汚水,12.692811947282028,0.788
153,汚水,12.000353683835739,0.833
154,汚水,9.705799539631341,1.0
155,汚水,36.188469761904344,0.276
156,汚水,20.043223884621028,0.499
157,汚水,3.8163687080812894,1.0
158,汚水,22.25277071761859,0.449
160,汚水,33.316314981585045,0.3
161,汚水,10.600607607957052,0.943
162,汚水,54.36956831747395,0.184
163,汚水,8.718305050674974,1.0
165,汚水,13.660910828634504,0.732
166,汚水,10.524804326533143,0.95
168,汚水,84.24626628078921,0.119
169,汚水,25.465052238989408,0.393
170,汚水,28.686823044584187,0.349
171,汚水,55.55302672805305,0.18
172,汚水,106.22592658497244,0.094
173,汚水,101.04460892931345,0.099
174,汚水,42.35975574144632,0.236
175,汚水,13.51478823679128,0.74
176,汚水,48.529620941878605,0.206
177,汚水,5.1970220877941795,1.0
178,汚水,45.02328919728542,0.222
179,汚水,6.786091433761131,1.0
180,汚水,46.95019250625567,0.213
181,汚水,16.3454419006628,0.612
182,汚水,57.56400617389939,0.174
184,汚水,10.466048251401066,0.955
185,汚水,15.779169397587788,0.634
186,汚水,42.218008054848525,0.237
187,汚水,22.334413940030547,0.448
188,汚水,27.595084028032563,0.362
189,汚水,31.203225262229694,0.32
190,汚水,5.2705488329922074,1.0
191,汚水,15.693734612092598,0.637
192,汚水,46.317923680153115,0.216
193,汚水,48.68662686161341,0.205
194,汚水,7.734660595298248,1.0
195,汚水,14.087033247283085,0.71
196,汚水,10.444333947792183,0.957
197,汚水,25.079675682789,0.399
198,汚水,24.82657588130748,0.403
199,汚水,27.222874354240655,0.367
200,汚水,19.60249967870362,0.51
201,汚水,2.7475427971232165,1.0
202,汚水,31.6055419640512,0.316
203,汚水,3.9596850202436076,1.0
204,汚水,36.79640273376154,0.272
205,汚水,15.65050496648114,0.639
206,汚水,7.308477127162755,1.0
207,汚水,13.553159450325893,0.738
208,汚水,34.04088216380945,0.294
209,汚水,4.395712971511837,1.0
210,汚水,23.932623207624918,0.418
211,汚水,20.07697192330593,0.498
212,汚水,18.99581023985095,0.526
213,汚水,7.854579804090841,1.0
214,汚水,17.52913797025127,0.57
215,汚水,19.63324314183938,0.509
216,汚水,24.09429022541798,0.415
217,汚水,24.15940784241047,0.414
218,汚水,3.869203062585334,1.0
219,汚水,14.488548302988217,0.69
220,汚水,9.974765191049766,1.0
221,汚水,28.39101276887125,0.352
222,汚水,39.497438134634685,0.253
223,汚水,28.068266657659603,0.356
224,汚水,41.83731660766227,0.239
225,汚水,18.61080042151808,0.537
226,汚水,3.1222825161506877,1.0
227,汚水,8.915589241594159,1.0
228,汚水,19.58394707078379,0.511
229,汚水,3.982611660465217,1.0
230,汚水,32.30443519087543,0.31
231,汚水,6.820903943899913,1.0
232,汚水,10.807027422722687,0.925
233,汚水,17.520440269456564,0.571
234,汚水,22.589573854906376,0.443
235,汚水,27.50092446637173,0.364
236,汚水,28.013754890827542,0.357
237,汚水,34.314134336684475,0.291
238,汚水,29.46898306181568,0.339
239,汚水,2.9795854318084176,1.0
240,汚水,31.490716942441477,0.318
241,汚水,34.625310568501774,0.289
242,汚水,5.838447855022754,1.0
243,汚水,32.84752551391575,0.304
244,汚水,13.40627592672622,0.746
245,汚水,15.360448801005164,0.651
15401,汚水,26.208666401636076,0.382
15402,汚水,24.858525028999082,0.402
15403,汚水,59.07779059933458,0.169
15404,汚水,8.662943079027155,1.0
15405,汚水,10.988216652969474,0.91
15406,汚水,25.26461699349559,0.396
15407,汚水,8.386240348550112,1.0
15408,汚水,6.913156060171357,1.0
15409,汚水,9.276343712739003,1.0
15410,汚水,16.140850824444968,0.62
15411,汚水,5.8502452342238405,1.0
15412,汚水,21.28913797471814,0.47
15414,汚水,23.909171785784455,0.418
15415,汚水,24.016785954432706,0.416
15416,汚水,24.13364559753455,0.414
15418,汚水,27.929820947332093,0.358
15419,汚水,31.745243287803756,0.315
15420,汚水,23.33907651649162,0.428
15421,汚水,41.229200876232355,0.243
15422,汚水,42.402749922898764,0.236
15423,汚水,42.882839072785906,0.233
15426,汚水,42.50890681267596,0.235
15427,汚水,85.37564339775598,0.117
15428,汚水,18.68088126228999,0.535
15429,汚水,44.40794785895167,0.225
15430,汚水,45.296394364966005,0.221
15431,汚水,27.42260613731087,0.365
15432,汚水,35.23990199225548,0.284
15433,汚水,8.287775054121477,1.0
15434,汚水,21.8073863963043,0.459
15435,汚水,61.7593038291988,0.162
15436,汚水,58.12443496506196,0.172
15437,汚水,40.30909015745829,0.248
15438,汚水,77.1392333519314,0.13
15439,汚水,19.61761450423634,0.51
15440,汚水,90.00675876607858,0.111
15441,汚水,41.36800922343516,0.242
15442,汚水,35.66414119801173,0.28
15444,汚水,32.997612139827595,0.303
15445,汚水,36.54373487121411,0.274
15446,汚水,13.70244323005679,0.73
15447,汚水,33.37885608606643,0.3
15449,汚水,45.17986810297953,0.221
15451,汚水,37.511529208703294,0.267
15453,汚水,68.84182659925813,0.145
15455,汚水,50.70713973131146,0.197
15456,汚水,45.32773784754322,0.221
15457,汚水,57.95279383856836,0.173
15458,汚水,44.541277592370704,0.225
15459,汚水,46.31331339494099,0.216
15460,汚水,43.82269827956457,0.228
15461,汚水,46.144514284628364,0.217
15462,汚水,3.3003031137817254,1.0
15463,汚水,17.42699081082814,0.574
15464,汚水,36.95216637364535,0.271
15512,汚水,35.62990216757797,0.281
15513,汚水,16.019300110805375,0.624
15514,汚水,50.98009674829202,0.196
15515,汚水,57.58580373393194,0.174
15518,汚水,43.60940048316973,0.229
15519,汚水,45.55607747578382,0.22
15520,汚水,41.58386340240947,0.24
15521,汚水,46.946370556836584,0.213
15522,汚水,44.385100407827764,0.225
15523,汚水,45.971235002214144,0.218
15524,汚水,54.58621994674691,0.183
15525,汚水,5.820498604617055,1.0
15526,汚水,50.19291602242785,0.199
15527,汚水,66.9117669217098,0.149
15528,汚水,6.228231819268489,1.0
15529,汚水,63.767211531264195,0.157
15530,汚水,38.656606029082674,0.259
15531,汚水,52.24540268038618,0.191
15532,汚水,12.446228480874531,0.803
15533,汚水,48.91385967929677,0.204
15534,汚水,59.16348261035875,0.169
15535,汚水,37.97450183853876,0.263
15536,汚水,27.12561273448062,0.369
15537,汚水,5.941222563602248,1.0
15538,汚水,62.27136894623334,0.161
15539,汚水,62.37699336686219,0.16
15540,汚水,3.8344015314507875,1.0
15541,汚水,26.2254601240254,0.381
15542,汚水,39.067316995471835,0.256
15543,汚水,35.28489958538679,0.283
15544,汚水,44.75477700225916,0.223
15545,汚水,56.297169535341354,0.178
15546,汚水,62.224122572781326,0.161
15548,汚水,133.57966842747365,0.075
15549,汚水,45.302819206655194,0.221
15550,汚水,48.7757921228152,0.205
15551,汚水,64.9702108877697,0.154
15552,汚水,38.50020516296029,0.26
15553,汚水,59.06678991303215,0.169
15554,汚水,36.532060852098915,0.274
15555,汚水,1.8785248763548377,1.0
15556,汚水,133.8662482125079,0.075
15557,汚水,42.82959367688966,0.233
15558,汚水,2.5554060903801568,1.0
15559,汚水,45.16629811974301,0.221
15560,汚水,58.0299624016819,0.172
15561,汚水,56.44773511632493,0.177
15562,汚水,34.71180748579388,0.288
15563,汚水,43.825668450836616,0.228
15564,汚水,45.35440958667348,0.22
15566,汚水,47.22570163318767,0.212
15568,汚水,25.034760228627047,0.399
15569,汚水,27.017433542318653,0.37
15570,汚水,6.915844241058565,1.0
15571,汚水,33.30752392813942,0.3
15572,汚水,30.83896417537324,0.324
15573,汚水,34.1537847263916,0.293
15574,汚水,5.609336238232681,1.0
15575,汚水,26.929266630903236,0.371
15576,汚水,26.863328970009896,0.372
15577,汚水,6.03342753365788,1.0
15578,汚水,42.120817294143876,0.237
15579,汚水,41.94398199386466,0.238
15580,汚水,42.193060476834184,0.237
15581,汚水,4.36754816406977,1.0
15582,汚水,40.07887180759338,0.25
15583,汚水,42.58816929232092,0.235
15584,汚水,40.12009475251369,0.249
15585,汚水,42.95836649250444,0.233
15586,汚水,31.918207757105378,0.313
15587,汚水,37.505125823039535,0.267
15588,汚水,29.229460270765426,0.342
15589,汚水,27.886160184061325,0.359
15590,汚水,32.08845259205765,0.312
15591,汚水,55.99986138589609,0.179
15593,汚水,36.00393106775842,0.278
15594,汚水,38.14750156907563,0.262
15595,汚水,24.15640025612209,0.414
15597,汚水,13.219214627772915,0.756
15598,汚水,21.984628869351237,0.455
15599,汚水,19.559646463952422,0.511
15600,汚水,30.540448142306342,0.327
15601,汚水,30.96150895575905,0.323
15602,汚水,14.124724318257721,0.708
15603,汚水,18.634506005929637,0.537
15604,汚水,3.631351187955174,1.0
15605,汚水,14.631842216942218,0.683
15606,汚水,11.895517916725105,0.841
15607,汚水,6.040860277207694,1.0
15608,汚水,9.316424665611596,1.0
15609,汚水,10.222178002673953,0.978
15610,汚水,3.4404759796027937,1.0
15611,汚水,4.589172864023395,1.0
15612,汚水,26.22665851114995,0.381
15613,汚水,11.46404668996633,0.872
15614,汚水,3.79132426952483,1.0
15615,汚水,13.328741520745737,0.75
15616,汚水,42.619932303177976,0.235
15617,汚水,34.45634808558761,0.29
15618,汚水,49.736593745472796,0.201
15619,汚水,27.280251358284385,0.367
15620,汚水,65.38890948994748,0.153
15621,汚水,41.25269408821565,0.242
15622,汚水,32.45638150562525,0.308
15623,汚水,19.427687428609325,0.515
15624,汚水,5.869623021170007,1.0
15625,汚水,42.926064934059326,0.233
15626,汚水,10.684678439762092,0.936
15635,汚水,24.53839647910937,0.408
15636,汚水,41.35659047588665,0.242
15637,汚水,62.80739427227518,0.159
15638,汚水,39.690557036502284,0.252
15642,汚水,43.86304751334747,0.228
15643,汚水,41.50736537878815,0.241
15644,汚水,86.1517826101574,0.116
15645,汚水,43.15013292974909,0.232
15646,汚水,31.374434730499495,0.319
15647,汚水,16.60054586456762,0.602
15648,汚水,13.898914451327196,0.719
15649,汚水,33.52834540165037,0.298
15650,汚水,26.995911261766206,0.37
15651,汚水,65.68652046633254,0.152
15652,汚水,44.84156303570053,0.223
15653,汚水,17.590402557034622,0.568
15654,汚水,2.9669573506057425,1.0
15655,汚水,68.55472236971693,0.146
15656,汚水,28.43667540783984,0.352
15657,汚水,29.640434651176488,0.337
15658,汚水,36.77952362820814,0.272
15659,汚水,62.257772532521564,0.161
15660,汚水,6.2265794800506935,1.0
15661,汚水,15.323294062122658,0.653
15662,汚水,71.92806195282111,0.139
15663,汚水,59.02701923545103,0.169
15664,汚水,52.84802282003948,0.189
15665,汚水,20.98098405343684,0.477
15666,汚水,33.684423312403275,0.297
15667,汚水,39.477297019331644,0.253
15668,汚水,40.97286347573824,0.244
15669,汚水,6.245761147965377,1.0
15670,汚水,6.8220670652889,1.0
15671,汚水,32.77708528397317,0.305
15672,汚水,44.8015306075907,0.223
15673,汚水,57.29135395059321,0.175
15674,汚水,23.232809229061687,0.43
15675,汚水,36.48386226293403,0.274
15676,汚水,55.38569370991388,0.181
15677,汚水,6.9892852177996785,1.0
15678,汚水,21.632991596666873,0.462
15679,汚水,33.61971737522958,0.297
15680,汚水,53.20723040068019,0.188
15681,汚水,42.23271352903538,0.237
15682,汚水,52.0589778070575,0.192
15627,汚水,25.969308057271107,0.385
15628,汚水,92.24819872871893,0.108
15629,汚水,56.420312684904715,0.177
15631,汚水,74.22303045605103,0.135
15632,汚水,75.45170555202822,0.133
15633,汚水,35.62894743955358,0.281
15634,汚水,41.691039102309695,0.24
15810,汚水,37.6916168446999,0.265
15811,汚水,33.891175711943895,0.295
15812,汚水,11.266834920867234,0.888
15813,汚水,13.66282831599821,0.732
15814,汚水,22.775261410762305,0.439
15815,汚水,10.106176495388945,0.989
15816,汚水,35.743096729750015,0.28
15818,汚水,17.09096882199354,0.585
15819,汚水,18.13096482660888,0.552
15820,汚水,17.430191130652503,0.574
15821,汚水,17.073626505184887,0.586
15822,汚水,19.67979532946135,0.508
15824,汚水,12.729968186436011,0.786
15826,汚水,29.881457960558365,0.335
15827,汚水,45.3945914240712,0.22
15828,汚水,9.814907482110877,1.0
15829,汚水,10.551129538686197,0.948
15830,汚水,16.20365855347725,0.617
15831,汚水,2.9017469480389737,1.0
15832,汚水,22.415097109059456,0.446
15833,汚水,13.360286776692618,0.748
15834,汚水,16.681897180744343,0.599
15835,汚水,7.776288902820078,1.0
15836,汚水,5.426189523721577,1.0
15837,汚水,12.650403013750234,0.79
15838,汚水,27.852788080399012,0.359
15839,汚水,30.89234234845359,0.324
15840,汚水,18.257524869778198,0.548
15841,汚水,46.26177210117838,0.216
15842,汚水,12.314766782934248,0.812
15843,汚水,12.531810981203598,0.798
15844,汚水,7.554400954957907,1.0
15845,汚水,6.23511779249604,1.0
15846,汚水,15.361906080929122,0.651
15847,汚水,10.409876424407926,0.961
15849,汚水,22.239446673804764,0.45
15850,汚水,47.81797678109767,0.209
15851,汚水,18.172926228323657,0.55
15852,汚水,32.04889444538445,0.312
15853,汚水,39.4355094658185,0.254
15854,汚水,26.518939043430866,0.377
15856,汚水,38.33111755327344,0.261
15857,汚水,48.718565721478036,0.205
15859,汚水,37.47814996548558,0.267
15860,汚水,77.32781678319708,0.129
15861,汚水,49.16112687710307,0.203
15862,汚水,88.18398559238867,0.113
15863,汚水,26.47584962177254,0.378
15864,汚水,31.577200720233208,0.317
15865,汚水,28.622522310332748,0.349
15683,汚水,49.5791176534593,0.202
15684,汚水,31.904225484423705,0.313
15685,汚水,40.3344799170993,0.248
15686,汚水,29.77912477644519,0.336
15687,汚水,60.619107400266664,0.165
15688,汚水,59.99028959142286,0.167
15689,汚水,9.014702530223415,1.0
15690,汚水,44.38168190752349,0.225
15691,汚水,26.54861670255567,0.377
15692,汚水,27.40896576846836,0.365
15693,汚水,13.414129885643781,0.745
15694,汚水,17.599080375963375,0.568
15695,汚水,65.66068463420979,0.152
15696,汚水,16.00874701581054,0.625
15697,汚水,5.247000000003027,1.0
15698,汚水,95.95777700136382,0.104
15699,汚水,37.37306605575573,0.268
15700,汚水,24.99621422160729,0.4
15701,汚水,21.551131967420115,0.464
15702,汚水,34.04546587490148,0.294
15703,汚水,4.8694295785724,1.0
15704,汚水,14.005886466217428,0.714
15705,汚水,16.957518093693082,0.59
15706,汚水,3.8381899282037244,1.0
15707,汚水,3.8148627253940197,1.0
15708,汚水,8.171906231761053,1.0
15709,汚水,5.02034718851986,1.0
15710,汚水,25.92142548332046,0.386
15711,汚水,69.68235270521282,0.144
15712,汚水,24.012552438854865,0.416
7958,汚水,46.199874823096714,0.216
7959,汚水,13.277506905064449,0.753
7960,汚水,40.662827503270336,0.246
7961,汚水,8.851711136657647,1.0
7962,汚水,28.07216196055093,0.356
7963,汚水,29.564455438329116,0.338
7964,汚水,10.389543123583064,0.963
7965,汚水,37.255983550100694,0.268
7966,汚水,22.491394314755716,0.445
7967,汚水,16.384239502479783,0.61
7968,汚水,12.390681462418378,0.807
7969,汚水,48.868637128594,0.205
7970,汚水,39.90252159610365,0.251
7971,汚水,13.202784835141511,0.757
7972,汚水,32.262191508247504,0.31
7973,汚水,33.875966430033024,0.295
7974,汚水,4.016048176605164,1.0
7975,汚水,45.29806750167326,0.221
7976,汚水,42.788965323946854,0.234
7977,汚水,46.09437384472343,0.217
7978,汚水,41.77774267707761,0.239
7979,汚水,49.1763907666522,0.203
7980,汚水,50.400831710998126,0.198
7981,汚水,24.834178383175793,0.403
7982,汚水,44.57462368082959,0.224
7983,汚水,89.5797608622672,0.112
7984,汚水,21.17399999999907,0.472
7985,汚水,17.450283356993715,0.573
7987,汚水,43.775920559185074,0.228
7989,汚水,43.849597728789085,0.228
7991,汚水,22.717290686766145,0.44
7992,汚水,48.107174357365736,0.208
7993,汚水,40.027223407453384,0.25
7994,汚水,50.04894973897702,0.2
7995,汚水,42.29413067207676,0.236
7996,汚水,9.150941432205403,1.0
7997,汚水,48.02624662461594,0.208
7998,汚水,36.72985119284064,0.272
7999,汚水,11.835048068022795,0.845
8000,汚水,36.150583648783794,0.277
8001,汚水,24.051768313337426,0.416
8002,汚水,86.23652902670872,0.116
8003,汚水,34.42457408995671,0.29
8004,汚水,32.25926720266118,0.31
8005,汚水,8.842139146198555,1.0
8006,汚水,11.80027305462143,0.847
8007,汚水,7.249489194702378,1.0
8008,汚水,43.42975832445737,0.23
8009,汚水,26.040401720953785,0.384
8010,汚水,27.501394122918033,0.364
8011,汚水,29.201929103599117,0.342
8012,汚水,5.114028390161741,1.0
8013,汚水,11.072817083560626,0.903
8014,汚水,16.311049170629662,0.613
8015,汚水,12.077142305306095,0.828
8016,汚水,14.576190655399767,0.686
8018,汚水,19.85761169008159,0.504
8019,汚水,24.931062290870557,0.401
8020,汚水,31.629739501902126,0.316
8021,汚水,8.681772400530784,1.0
8022,汚水,19.903394017371042,0.502
8023,汚水,9.792248395050741,1.0
8024,汚水,5.664485236127128,1.0
8027,汚水,8.833039454774651,1.0
8028,汚水,6.584697608015296,1.0
8029,汚水,34.543549515550836,0.289
8030,汚水,60.86010446316696,0.164
8031,汚水,90.66494671478263,0.11
8032,汚水,60.31735450676274,0.166
8033,汚水,22.83262806901777,0.438
8034,汚水,9.081723929369744,1.0
8035,汚水,23.873190041809867,0.419
8036,汚水,26.668182933039823,0.375
8037,汚水,27.870874894627313,0.359
8038,汚水,98.67035034018322,0.101
8039,汚水,16.765882867726233,0.596
8040,汚水,35.94885425124502,0.278
8041,汚水,20.583983387382688,0.486
8042,汚水,20.98507440695117,0.477
8044,汚水,100.54539498314007,0.099
8045,汚水,41.44965224086124,0.241
8046,汚水,53.41379784061846,0.187
8047,汚水,59.94552028157626,0.167
8048,汚水,36.13767081269914,0.277
8049,汚水,54.60696356372671,0.183
8050,汚水,56.563079293748544,0.177
8051,汚水,21.56368115575021,0.464
8052,汚水,99.53123447908638,0.1
8053,汚水,33.717573210870675,0.297
8054,汚水,73.37078387100964,0.136
8055,汚水,15.057659652342307,0.664
8056,汚水,38.91121798808931,0.257
8057,汚水,64.61973888536063,0.155
8058,汚水,56.54504145432174,0.177
8059,汚水,52.370890483264574,0.191
8060,汚水,53.51593186043496,0.187
8061,汚水,53.36233551057522,0.187
8062,汚水,6.039483150873217,1.0
8063,汚水,53.740276551863616,0.186
8064,汚水,5.302330017884978,1.0
8065,汚水,4.7183773896346874,1.0
8066,汚水,134.92017265644182,0.074
8067,汚水,47.351019987063474,0.211
8068,汚水,49.84220872108564,0.201
8069,汚水,69.09221670468081,0.145
8070,汚水,63.9361775614686,0.156
8071,汚水,26.689551371719336,0.375
8072,汚水,55.534591291739346,0.18
8073,汚水,20.230983283834878,0.494
8074,汚水,6.279914209786974,1.0
8075,汚水,59.051870575880805,0.169
8076,汚水,71.56336478314448,0.14
8077,汚水,85.65556803925598,0.117
8078,汚水,50.67755041499297,0.197
8079,汚水,52.87677899668473,0.189
8080,汚水,27.932099678287763,0.358
8081,汚水,77.25724206238169,0.129
8082,汚水,74.29387086903758,0.135
8083,汚水,51.714185468177725,0.193
8084,汚水,33.56125555219391,0.298
8085,汚水,46.910603476264036,0.213
8086,汚水,51.17855356496239,0.195
8087,汚水,82.83609609314823,0.121
8088,汚水,53.71532575639125,0.186
8089,汚水,41.44254643080056,0.241
8090,汚水,15.600495272323972,0.641
8091,汚水,92.6290496121303,0.108
8092,汚水,28.88528089117568,0.346
8093,汚水,45.40094707323724,0.22
8094,汚水,44.942082504702945,0.223
8095,汚水,44.803659802092454,0.223
8096,汚水,33.945022981604566,0.295
8097,汚水,44.7644749683019,0.223
8098,汚水,72.36217696165545,0.138
8099,汚水,44.04930739460382,0.227
8100,汚水,72.15433091296664,0.139
8101,汚水,44.04185594884556,0.227
8102,汚水,44.96926980689288,0.222
8103,汚水,72.49514724025406,0.138
8104,汚水,44.83785054743653,0.223
8105,汚水,19.807702426062455,0.505
8106,汚水,69.48687828014458,0.144
8107,汚水,66.7324107092107,0.15
8108,汚水,24.36999342571065,0.41
8109,汚水,22.21316359428611,0.45
8110,汚水,9.491587148748938,1.0
8111,汚水,35.093002808882986,0.285
8112,汚水,4.687157078578421,1.0
8113,汚水,17.11933721664947,0.584
8114,汚水,9.674355649742989,1.0
8115,汚水,44.3921858282591,0.225
8116,汚水,9.226696180459395,1.0
8117,汚水,9.141842003044436,1.0
8118,汚水,18.88160436619696,0.53
8119,汚水,13.532586079302899,0.739
8120,汚水,37.992462276556154,0.263
8121,汚水,52.07012978226192,0.192
8122,汚水,42.06201230276476,0.238
8123,汚水,23.381884074809662,0.428
8124,汚水,81.31196213554527,0.123
8125,汚水,5.028330008654168,1.0
8126,汚水,84.57744412594577,0.118
8127,汚水,71.04474063233224,0.141
8128,汚水,77.41029573178639,0.129
8129,汚水,4.605641464699349,1.0
8130,汚水,9.193615721206966,1.0
8131,汚水,19.481413803159274,0.513
8132,汚水,29.589896803549067,0.338
8133,汚水,16.823255521097174,0.594
8134,汚水,38.50482211256481,0.26
8135,汚水,10.6895532775575,0.935
8136,汚水,18.74713996130179,0.533
8137,汚水,70.3770463859417,0.142
8138,汚水,18.882533922119443,0.53
8139,汚水,19.724058142255462,0.507
8140,汚水,31.646328931027426,0.316
8141,汚水,58.60280938271776,0.171
8142,汚水,39.738075472314826,0.252
8143,汚水,52.74435835428148,0.19
8144,汚水,60.74551774231165,0.165
8145,汚水,87.81760921618107,0.114
8146,汚水,6.366527840456726,1.0
8147,汚水,64.45459089802725,0.155
8148,汚水,91.15832023078423,0.11
8149,汚水,28.827649438865752,0.347
8150,汚水,5.841351258756652,1.0
8151,汚水,57.303967709928436,0.175
8152,汚水,6.824582859496477,1.0
8153,汚水,46.861606071687824,0.213
8154,汚水,66.0000390067784,0.152
8155,汚水,58.16570564284448,0.172
8156,汚水,36.27285464352747,0.276
8157,汚水,6.431596163867709,1.0
8158,汚水,42.39250469389373,0.236
8159,汚水,18.08575527082034,0.553
8160,汚水,54.953675284808725,0.182
8161,汚水,36.667512182033356,0.273
8162,汚水,34.248221583487506,0.292
8163,汚水,5.004527260007976,1.0
8164,汚水,27.442916484923202,0.364
8165,汚水,26.588953026419986,0.376
8166,汚水,17.90491100066227,0.559
8167,汚水,65.26153303195312,0.153
8168,汚水,6.344435795946915,1.0
8169,汚水,27.928632766199094,0.358
8170,汚水,79.48731796251957,0.126
8171,汚水,42.90703334830438,0.233
8172,汚水,30.84016023022323,0.324
8173,汚水,36.9180972275131,0.271
8174,汚水,5.006879901187915,1.0
8175,汚水,54.07771982948142,0.185
8176,汚水,36.042974628281115,0.277
8177,汚水,33.06806212521262,0.302
8178,汚水,3.426960050390915,1.0
8179,汚水,43.98647673380443,0.227
8180,汚水,57.07436741559957,0.175
8181,汚水,28.430987694412714,0.352
8182,汚水,12.531062221938845,0.798
8183,汚水,5.0665425633047,1.0
8184,汚水,45.6966845331057,0.219
8185,汚水,38.0244816385326,0.263
8186,汚水,7.120156261885881,1.0
8187,汚水,38.368694657721285,0.261
8188,汚水,32.62085414631041,0.307
8189,汚水,32.4342554768327,0.308
8190,汚水,7.976372382898096,1.0
8191,汚水,46.9509111658701,0.213
8192,汚水,66.58699328383157,0.15
8193,汚水,39.03415387462249,0.256
8194,汚水,53.58034005057026,0.187
8195,汚水,37.67830691958223,0.265
8196,汚水,50.90942999220121,0.196
8197,汚水,56.41757072459482,0.177
8198,汚水,60.18789625134914,0.166
8199,汚水,42.978077671332805,0.233
8200,汚水,14.490971470099097,0.69
8201,汚水,44.9272271592881,0.223
8202,汚水,7.309559843191927,1.0
8203,汚水,59.39942241305148,0.168
8204,汚水,6.886034555778488,1.0
8205,汚水,4.4450499431187325,1.0
8206,汚水,6.903893707601152,1.0
8207,汚水,61.317555770290355,0.163
8208,汚水,8.059893875701746,1.0
8209,汚水,105.51695668278148,0.095
8210,汚水,26.777406127909885,0.373
8211,汚水,50.4986280760141,0.198
8213,汚水,44.29323508705848,0.226
8214,汚水,14.724531811774556,0.679
8215,汚水,16.53604092493512,0.605
8216,汚水,20.972288234420258,0.477
8217,汚水,62.67268735842216,0.16
8218,汚水,2.826568848586602,1.0
8219,汚水,5.048040908276743,1.0
8220,汚水,37.86463754779653,0.264
8221,汚水,7.205576057714642,1.0
8222,汚水,23.73969830869646,0.421
8223,汚水,59.92067735392531,0.167
8224,汚水,50.679508224352816,0.197
8225,汚水,35.68038844642155,0.28
8226,汚水,21.017692510327137,0.476
8227,汚水,3.2765575152689967,1.0
8228,汚水,24.077244498068563,0.415
8229,汚水,20.70215974293141,0.483
8230,汚水,74.94390357188327,0.133
8231,汚水,54.3130358856253,0.184
8232,汚水,35.14121602660441,0.285
8233,汚水,26.745993357605364,0.374
8234,汚水,54.60133558713497,0.183
8235,汚水,50.14586538465751,0.199
8236,汚水,53.8046437466119,0.186
8237,汚水,26.688580470068125,0.375
8238,汚水,3.6156555090844194,1.0
8239,汚水,15.181478039165574,0.659
8240,汚水,8.327076180852265,1.0
8241,汚水,5.245172904485274,1.0
8242,汚水,11.446284697540218,0.874
8243,汚水,2.5085323499322887,1.0
8244,汚水,2.225260628200667,1.0
8245,汚水,37.375656953520206,0.268
8246,汚水,28.755936541635663,0.348
8247,汚水,8.72694654610235,1.0
8248,汚水,6.494737572048992,1.0
8249,汚水,9.41710658597293,1.0
8250,汚水,27.022219114729886,0.37
8251,汚水,21.408000124088705,0.467
8252,汚水,5.237375315561301,1.0
8253,汚水,6.483909137229732,1.0
8254,汚水,8.729284345161682,1.0
8255,汚水,12.188682553631052,0.82
8256,汚水,6.318032340298591,1.0
8257,汚水,9.13359899152174,1.0
8258,汚水,9.159829107795321,1.0
8259,汚水,46.32075862877534,0.216
8260,汚水,23.374697450354088,0.428
8261,汚水,27.20907945256113,0.368
8262,汚水,37.88501044347791,0.264
8264,汚水,39.40902511215268,0.254
8265,汚水,22.155868647115888,0.451
8266,汚水,5.120342823317638,1.0
8267,汚水,50.860931956242965,0.197
8268,汚水,61.74437906838932,0.162
8270,汚水,31.735341454771483,0.315
8271,汚水,31.296768922580235,0.32
8272,汚水,32.59507890277881,0.307
8273,汚水,32.20050756250885,0.311
8274,汚水,21.38589492701037,0.468
8275,汚水,7.013390406939016,1.0
8276,汚水,6.367774574445317,1.0
8277,汚水,4.450097380018582,1.0
8278,汚水,44.50126156159504,0.225
8279,汚水,59.374326458919704,0.168
15713,汚水,53.63298877552037,0.186
15714,汚水,6.545453596345519,1.0
15715,汚水,16.29412885890102,0.614
15716,汚水,3.615436639794362,1.0
15717,汚水,15.293217630812562,0.654
15718,汚水,65.11129903676652,0.154
15719,汚水,69.82380721293943,0.143
15720,汚水,98.17568700057302,0.102
15721,汚水,14.551944294219489,0.687
15722,汚水,3.6031248089277272,1.0
15723,汚水,23.797158504096046,0.42
15724,汚水,6.742202061431717,1.0
15725,汚水,4.909090499600091,1.0
15726,汚水,15.268485088385907,0.655
15727,汚水,11.012358140528013,0.908
15728,汚水,9.162402998830022,1.0
15729,汚水,54.38804187703171,0.184
15730,汚水,31.99454219642634,0.313
15731,汚水,4.7319785003879336,1.0
15732,汚水,53.23889493655882,0.188
15733,汚水,21.57023527476333,0.464
15734,汚水,21.422231663445267,0.467
15735,汚水,97.03034299545338,0.103
15736,汚水,30.720821314407324,0.326
15737,汚水,26.21133057656174,0.382
15738,汚水,5.994257885367506,1.0
15739,汚水,7.606057594724655,1.0
15740,汚水,4.561107677587446,1.0
15741,汚水,13.34581759695755,0.749
15742,汚水,6.373006564192355,1.0
15743,汚水,31.929581433454185,0.313
15744,汚水,10.754844866867622,0.93
15745,汚水,85.94510234178902,0.116
15746,汚水,65.29703781933834,0.153
15747,汚水,44.55545370789547,0.224
15748,汚水,57.56811755618457,0.174
15749,汚水,33.132825739969434,0.302
15750,汚水,33.57707957800862,0.298
15751,汚水,47.67904569136191,0.21
15752,汚水,41.809030483113915,0.239
15753,汚水,14.605342019559787,0.685
15754,汚水,29.429405037259887,0.34
15755,汚水,32.38893917011028,0.309
15756,汚水,26.235564339348404,0.381
15757,汚水,31.741419719573802,0.315
15758,汚水,22.614659554450174,0.442
15759,汚水,6.293372939355297,1.0
15760,汚水,11.57752518722838,0.864
15761,汚水,9.448730724183008,1.0
15762,汚水,21.90014807570571,0.457
15763,汚水,9.852754827634365,1.0
15764,汚水,8.602339122449902,1.0
15765,汚水,17.453942712673182,0.573
15766,汚水,16.77516091764763,0.596
15767,汚水,15.282992973255645,0.654
15768,汚水,16.901374944931348,0.592
15769,汚水,3.939543120713566,1.0
15770,汚水,42.51160315927319,0.235
15771,汚水,20.289546565119135,0.493
15772,汚水,28.723059906993495,0.348
15773,汚水,21.540810288010007,0.464
15774,汚水,31.85829786900838,0.314
15775,汚水,33.57517626488404,0.298
15776,汚水,32.07705677995865,0.312
15777,汚水,32.5261042378882,0.307
15778,汚水,31.967014618475122,0.313
15780,汚水,30.120561483882977,0.332
15782,汚水,15.141574612216068,0.66
15783,汚水,30.163179548440482,0.332
15784,汚水,21.016401096616768,0.476
15785,汚水,20.041601513682142,0.499
15786,汚水,19.254049311936306,0.519
15787,汚水,46.08396191882728,0.217
15788,汚水,45.7739202844462,0.218
15789,汚水,41.62361075118432,0.24
15790,汚水,48.6808625733241,0.205
15791,汚水,51.26505592776985,0.195
15792,汚水,100.83015917332098,0.099
15793,汚水,33.19078461790423,0.301
15794,汚水,20.507887600449433,0.488
15795,汚水,19.27986587823836,0.519
15796,汚水,29.1882775063434,0.343
15797,汚水,14.250845497814424,0.702
15798,汚水,32.69966836767023,0.306
15799,汚水,21.773768640891497,0.459
15800,汚水,5.450015014881045,1.0
15801,汚水,25.741549571515513,0.388
15802,汚水,20.228993263477236,0.494
15805,汚水,18.85191273810601,0.53
15806,汚水,11.509903024723236,0.869
15807,汚水,15.406680842399702,0.649
15808,汚水,8.0313372376546,1.0
15866,汚水,42.81712476075245,0.234
15867,汚水,25.475448833916246,0.393
15868,汚水,29.669948597322293,0.337
15869,汚水,48.84803427087368,0.205
15870,汚水,11.41736671567749,0.876
15872,汚水,6.7949579127984,1.0
15873,汚水,40.973726265713815,0.244
15874,汚水,45.26170723952905,0.221
15875,汚水,38.893297237479715,0.257
15876,汚水,39.18233653970549,0.255
15877,汚水,10.25428807539149,0.975
15878,汚水,39.42575683138847,0.254
15879,汚水,47.30277764853428,0.211
15880,汚水,10.748543220589582,0.93
15881,汚水,18.213764575587085,0.549
15882,汚水,5.930752469918957,1.0
15883,汚水,7.625923160809464,1.0
15884,汚水,17.961439454624525,0.557
15885,汚水,11.767804924696804,0.85
15886,汚水,8.150751837192717,1.0
15887,汚水,10.079069930811638,0.992
15888,汚水,2.4241074138247125,1.0
15889,汚水,38.38439129582079,0.261
15890,汚水,9.90860912616888,1.0
15891,汚水,27.536208495799123,0.363
15892,汚水,4.960139120455489,1.0
15893,汚水,6.091568361338711,1.0
15894,汚水,41.160115536240426,0.243
15895,汚水,42.42731539718815,0.236
15896,汚水,31.258326989430948,0.32
15897,汚水,45.20784512943884,0.221
15898,汚水,41.217103915484174,0.243
15899,汚水,40.63033660215581,0.246
15900,汚水,18.115615246105097,0.552
15901,汚水,41.41997249596365,0.241
15902,汚水,19.247132781194697,0.52
15903,汚水,27.08953817808584,0.369
15904,汚水,33.217886759757235,0.301
15905,汚水,33.34375082302178,0.3
15906,汚水,32.864570991945406,0.304
15908,汚水,6.924310041698164,1.0
15909,汚水,31.16593792888185,0.321
15910,汚水,70.11363331028319,0.143
15911,汚水,32.74022825683216,0.305
15912,汚水,66.0643890131248,0.151
15913,汚水,32.42373919392913,0.308
15915,汚水,10.466645574841268,0.955
15916,汚水,11.971799008228647,0.835
15917,汚水,21.874592650753616,0.457
15918,汚水,19.485093666104994,0.513
15919,汚水,29.41166020175252,0.34
15920,汚水,30.09507435048289,0.332
15921,汚水,9.753941042378294,1.0
15922,汚水,6.8901994797675234,1.0
15923,汚水,29.659309308636587,0.337
15924,汚水,19.64144097742915,0.509
15925,汚水,8.064969877752223,1.0
15926,汚水,14.258232243658092,0.701
15927,汚水,17.042701875447197,0.587
15928,汚水,9.027588620679248,1.0
15929,汚水,2.072020331737211,1.0
15930,汚水,31.711308385026964,0.315
15931,汚水,28.007394125369824,0.357
15933,汚水,14.152321588542376,0.707
15935,汚水,13.345885942195405,0.749
15936,汚水,20.141453852725622,0.496
15937,汚水,21.56887454385301,0.464
15938,汚水,25.401336056493715,0.394
15939,汚水,20.036267275935515,0.499
15940,汚水,20.367065065284255,0.491
15941,汚水,27.813098903850943,0.36
15942,汚水,38.783846888647965,0.258
15943,汚水,41.19124849522336,0.243
15944,汚水,48.61578280982688,0.206
15945,汚水,49.00896617798156,0.204
15946,汚水,35.67792141631494,0.28
15947,汚水,5.757629860323837,1.0
15948,汚水,13.969954233765865,0.716
15949,汚水,27.310049416301432,0.366
15950,汚水,35.17498253699435,0.284
15951,汚水,44.06975940616003,0.227
15952,汚水,17.018472528068163,0.588
15953,汚水,18.388972372732194,0.544
15954,汚水,24.380485390346422,0.41
15955,汚水,66.29662443360395,0.151
15956,汚水,8.076788887544204,1.0
15957,汚水,16.614710118658756,0.602
15958,汚水,21.23406528274396,0.471
15959,汚水,2.51238991839758,1.0
15960,汚水,70.48223377442235,0.142
15961,汚水,41.438383498161635,0.241
15962,汚水,6.228855318517679,1.0
15963,汚水,81.62291276564353,0.123
15964,汚水,6.959766088018252,1.0
15966,汚水,5.575833514050001,1.0
15968,汚水,40.934994543662896,0.244
15969,汚水,50.076404862005354,0.2
15970,汚水,48.09275840983618,0.208
15974,汚水,32.697371658367395,0.306
15975,汚水,32.41585725211778,0.308
15976,汚水,52.50024986348592,0.19
15977,汚水,52.79657624094747,0.189
15978,汚水,51.44194270482622,0.194
15979,汚水,37.11693551194143,0.269
15980,汚水,52.56911571467611,0.19
15981,汚水,37.9554219326782,0.263
15982,汚水,43.16235023197212,0.232
15983,汚水,50.151651116105675,0.199
15984,汚水,13.914498941336321,0.719
15985,汚水,45.56191626391855,0.219
15986,汚水,43.55356237947214,0.23
15987,汚水,36.309720262685836,0.275
15988,汚水,67.10619328862605,0.149
15989,汚水,29.025554351315506,0.345
15990,汚水,42.3005199581315,0.236
15992,汚水,49.307297777491456,0.203
15993,汚水,32.66816915084537,0.306
15994,汚水,41.91535184567634,0.239
15997,汚水,57.76057322070379,0.173
15998,汚水,30.2161242985472,0.331
15999,汚水,56.37799966944564,0.177
16000,汚水,51.88230126663246,0.193
16001,汚水,44.71184258943865,0.224
16002,汚水,4.8484173315454715,1.0
16005,汚水,10.732919073975413,0.932
16006,汚水,20.87672141311335,0.479
16007,汚水,11.528905066961068,0.867
16008,汚水,36.227347679659914,0.276
16009,汚水,47.953220494821124,0.209
16010,汚水,10.434562160636068,0.958
16011,汚水,49.20412808656457,0.203
16012,汚水,40.75034816897233,0.245
16013,汚水,32.813420133671436,0.305
16014,汚水,45.265108867037114,0.221
16015,汚水,48.44122815820712,0.206
16017,汚水,52.78243090043565,0.189
16018,汚水,37.970249300030986,0.263
16019,汚水,18.243951658572495,0.548
16020,汚水,37.65732259265306,0.266
16021,汚水,39.92794654135029,0.25
16022,汚水,19.337766462256223,0.517
16023,汚水,5.801487122009659,1.0
16024,汚水,20.476466535377718,0.488
16025,汚水,35.97835298540034,0.278
16026,汚水,4.884250370419091,1.0
16027,汚水,23.63346059975907,0.423
16028,汚水,81.38320313027644,0.123
16030,汚水,58.649959013716014,0.171
16031,汚水,46.194429048080146,0.216
16032,汚水,24.569920825086594,0.407
16033,汚水,12.930765908917712,0.773
16034,汚水,3.5308025607840703,1.0
16035,汚水,5.140722247935989,1.0
16037,汚水,20.616204781276274,0.485
16038,汚水,18.407016009087776,0.543
16039,汚水,28.70120060367287,0.348
16040,汚水,16.6506297886786,0.601
16041,汚水,9.782173633562756,1.0
16042,汚水,11.239237988704813,0.89
16043,汚水,41.2389732079287,0.242
16045,汚水,63.753746132560686,0.157
16046,汚水,60.77512713996043,0.165
16047,汚水,49.80908979856336,0.201
16048,汚水,43.16657021966593,0.232
16049,汚水,39.294710738577784,0.254
16050,汚水,23.95789585799243,0.417
16051,汚水,7.136062544016528,1.0
16052,汚水,33.097512337679696,0.302
16053,汚水,54.082632072877374,0.185
16054,汚水,38.50060105402493,0.26
16055,汚水,41.222472214729734,0.243
16056,汚水,7.120720756840493,1.0
16057,汚水,45.278580526092526,0.221
16058,汚水,11.836641351189037,0.845
16059,汚水,4.847858138503517,1.0
16060,汚水,46.33538407256271,0.216
16061,汚水,34.9795991043512,0.286
16062,汚水,5.5751792202674615,1.0
16063,汚水,22.047910448752166,0.454
16064,汚水,23.188891636041987,0.431
16065,汚水,9.495152373134085,1.0
16066,汚水,6.983422312633256,1.0
16067,汚水,9.1010995516833,1.0
16068,汚水,43.19374547801149,0.232
16069,汚水,4.821166285941347,1.0
16070,汚水,51.094375598077164,0.196
16071,汚水,5.037018631199516,1.0
16072,汚水,31.932129859363343,0.313
16073,汚水,12.231760426786739,0.818
16082,汚水,104.83029575500129,0.095
16083,汚水,5.260746957046335,1.0
16084,汚水,43.742232233763964,0.229
16085,汚水,19.067867019706284,0.524
16086,汚水,7.030435111396067,1.0
16087,汚水,5.105700782334965,1.0
16088,汚水,10.116240671422728,0.989
16089,汚水,51.39419510041096,0.195
16090,汚水,98.1974976922516,0.102
246,汚水,27.930888392055593,0.358
247,汚水,18.86802043365419,0.53
248,汚水,15.633100558897759,0.64
249,汚水,8.29845027613615,1.0
250,汚水,5.784849554865086,1.0
251,汚水,17.05756994859294,0.586
252,汚水,19.471423479416146,0.514
253,汚水,17.505308293060647,0.571
254,汚水,14.934901201887458,0.67
255,汚水,30.222905965158006,0.331
256,汚水,30.743629394599274,0.325
257,汚水,18.806885891922278,0.532
258,汚水,47.1964171071572,0.212
259,汚水,8.523316636112236,1.0
260,汚水,15.026899383856797,0.665
261,汚水,11.171748867125972,0.895
262,汚水,25.761963867842162,0.388
263,汚水,18.93124449462955,0.528
528,汚水,26.027201298369352,0.384
529,汚水,25.535973115964833,0.392
530,汚水,26.992017450872947,0.37
531,汚水,36.68377463735977,0.273
532,汚水,29.045598201311012,0.344
533,汚水,36.92004766902247,0.271
534,汚水,26.058704296194527,0.384
536,汚水,28.00451861451191,0.357
540,汚水,20.63418155997992,0.485
541,汚水,41.174469716739075,0.243
543,汚水,30.833255415954387,0.324
545,汚水,25.779831470380266,0.388
546,汚水,22.863605569067268,0.437
547,汚水,35.311286471310744,0.283
548,汚水,21.711877883234195,0.461
549,汚水,34.43381868859258,0.29
550,汚水,23.40602910505467,0.427
551,汚水,36.677693138764,0.273
552,汚水,33.70943795658675,0.297
553,汚水,32.3275550172282,0.309
554,汚水,37.4147953627758,0.267
555,汚水,36.9908684837511,0.27
556,汚水,37.65590560508646,0.266
557,汚水,21.55816806501282,0.464
264,汚水,10.418910939222577,0.96
265,汚水,16.60048599888475,0.602
266,汚水,15.290103666248138,0.654
267,汚水,12.763911711293392,0.783
268,汚水,10.811384830863515,0.925
269,汚水,25.61441611929927,0.39
270,汚水,26.689976365554045,0.375
271,汚水,24.66916034166871,0.405
272,汚水,6.477903046235577,1.0
273,汚水,13.828182083509944,0.723
274,汚水,4.091992935047926,1.0
275,汚水,45.991671811305864,0.217
276,汚水,9.415654173049655,1.0
277,汚水,17.959271626862613,0.557
278,汚水,19.88278693530564,0.503
279,汚水,16.997506536693606,0.588
280,汚水,8.918374583655977,1.0
281,汚水,7.930336255354484,1.0
282,汚水,17.741657513429814,0.564
283,汚水,11.395059682974537,0.878
284,汚水,8.81758214609445,1.0
285,汚水,9.326396857380482,1.0
286,汚水,6.37918970502457,1.0
287,汚水,36.079394656434495,0.277
288,汚水,35.0701482551801,0.285
289,汚水,43.98482091860036,0.227
290,汚水,4.083348896459117,1.0
291,汚水,50.14668573989376,0.199
292,汚水,43.39358665962029,0.23
293,汚水,38.82707440808427,0.258
294,汚水,5.902274262059407,1.0
295,汚水,27.91267695984503,0.358
296,汚水,27.004894623473266,0.37
297,汚水,35.71892831394624,0.28
298,汚水,3.1602491679248996,1.0
299,汚水,7.800500441410699,1.0
300,汚水,41.301271784713286,0.242
301,汚水,51.39927164751442,0.195
302,汚水,6.415137593853643,1.0
303,汚水,14.980952372261488,0.668
304,汚水,14.875348421219103,0.672
305,汚水,18.261543852554432,0.548
306,汚水,11.359841059118818,0.88
307,汚水,7.014174652466287,1.0
308,汚水,18.207323529045418,0.549
309,汚水,34.99980407591107,0.286
310,汚水,26.487806757980476,0.378
311,汚水,24.691436341967584,0.405
312,汚水,37.92938293505487,0.264
313,汚水,54.06747184168835,0.185
314,汚水,6.245999999999185,1.0
315,汚水,12.213781906001907,0.819
316,汚水,20.049148492130694,0.499
317,汚水,20.24372811904605,0.494
318,汚水,23.730702945699527,0.421
319,汚水,43.12695975431939,0.232
320,汚水,21.486481649994314,0.465
321,汚水,45.48709652239983,0.22
322,汚水,17.96031563690909,0.557
323,汚水,8.28293265993753,1.0
324,汚水,10.653468969467424,0.939
325,汚水,10.558301340092648,0.947
326,汚水,17.842658392368257,0.56
327,汚水,21.212738096876876,0.471
708,汚水,50.09287926742479,0.2
709,汚水,41.599667210730466,0.24
710,汚水,42.301071455478066,0.236
711,汚水,41.72808475230814,0.24
712,汚水,40.15757488130647,0.249
713,汚水,39.81948155381649,0.251
714,汚水,42.0396340375244,0.238
715,汚水,41.007105609765105,0.244
716,汚水,47.59681582961211,0.21
717,汚水,41.399530832911175,0.242
718,汚水,41.06043011828339,0.244
719,汚水,28.038877586601902,0.357
720,汚水,15.069140822148885,0.664
721,汚水,11.36928490747845,0.88
722,汚水,28.84899572973573,0.347
723,汚水,28.921622442601695,0.346
724,汚水,27.67770401607182,0.361
727,汚水,36.012570236090816,0.278
728,汚水,25.163803002774987,0.397
730,汚水,39.76290318958241,0.251
731,汚水,43.126130967419705,0.232
732,汚水,43.161860587778904,0.232
733,汚水,43.983033657519,0.227
734,汚水,26.139298451907717,0.383
735,汚水,26.08513891290392,0.383
736,汚水,28.171549723428672,0.355
737,汚水,24.50284866931036,0.408
738,汚水,28.880186062022887,0.346
739,汚水,5.999755666793805,1.0
740,汚水,2.2003820122866085,1.0
741,汚水,10.203609765511162,0.98
742,汚水,5.079700611131884,1.0
743,汚水,12.158758985441715,0.822
744,汚水,35.6167180730356,0.281
745,汚水,24.2708483361426,0.412
328,汚水,18.15715383683191,0.551
329,汚水,3.827230577774594,1.0
330,汚水,47.061647984305694,0.212
331,汚水,9.126025417771029,1.0
332,汚水,4.011033092092529,1.0
333,汚水,6.791775178254817,1.0
334,汚水,14.884225786213815,0.672
335,汚水,10.042531728408811,0.996
336,汚水,30.886091038908447,0.324
337,汚水,25.459140161866383,0.393
342,汚水,33.36604947074974,0.3
343,汚水,9.099476068114933,1.0
344,汚水,37.11047760772946,0.269
345,汚水,88.13895022183934,0.113
346,汚水,29.72750357596745,0.336
347,汚水,94.27722407475734,0.106
348,汚水,16.32051321413097,0.613
349,汚水,28.025579018564176,0.357
350,汚水,65.34008093850196,0.153
351,汚水,32.84612421279978,0.304
352,汚水,4.691156253904976,1.0
353,汚水,38.43222369872576,0.26
354,汚水,54.72855207776804,0.183
355,汚水,18.047942003785163,0.554
356,汚水,90.55111603603979,0.11
357,汚水,98.05686541494684,0.102
358,汚水,42.441161282007265,0.236
359,汚水,47.53891349782755,0.21
360,汚水,94.77079248155403,0.106
361,汚水,62.22398600908047,0.161
362,汚水,47.17979687783604,0.212
363,汚水,42.63798484377511,0.235
364,汚水,6.124533223097793,1.0
365,汚水,7.106689534583034,1.0
366,汚水,48.29631683408173,0.207
367,汚水,97.40601817905045,0.103
368,汚水,50.25822272915073,0.199
369,汚水,53.874113870715874,0.186
370,汚水,6.16939346606744,1.0
371,汚水,72.627565186681,0.138
373,汚水,73.76534113301744,0.136
374,汚水,40.405375120519224,0.247
375,汚水,91.99192301560733,0.109
376,汚水,27.110604665791072,0.369
377,汚水,2.7148119143045366,1.0
378,汚水,37.119556363767956,0.269
379,汚水,27.09783753670329,0.369
380,汚水,30.426009617729164,0.329
381,汚水,67.03374899474923,0.149
382,汚水,7.182918472704757,1.0
383,汚水,25.96340263984763,0.385
384,汚水,16.1086566756397,0.621
385,汚水,90.98718800271722,0.11
386,汚水,39.24936186048036,0.255
387,汚水,63.175410792302195,0.158
388,汚水,22.887928887424383,0.437
389,汚水,14.390412532337235,0.695
390,汚水,28.78406754881035,0.347
391,汚水,12.887087258193846,0.776
392,汚水,33.489381237746606,0.299
393,汚水,12.418017815460997,0.805
394,汚水,33.024621187041916,0.303
395,汚水,33.61161818485265,0.298
396,汚水,29.838184988769797,0.335
397,汚水,29.665734189523743,0.337
398,汚水,28.28238107000148,0.354
399,汚水,9.77932391243688,1.0
400,汚水,16.98239255839793,0.589
402,汚水,44.913416988660956,0.223
403,汚水,41.11944677499381,0.243
406,汚水,19.580973216088438,0.511
407,汚水,24.69452230724162,0.405
408,汚水,35.85661311388457,0.279
409,汚水,34.78029867117895,0.288
410,汚水,21.7519985267535,0.46
411,汚水,37.77182585188715,0.265
412,汚水,33.64620205429011,0.297
413,汚水,49.22405244492488,0.203
414,汚水,40.43628744222959,0.247
415,汚水,4.791316406039721,1.0
416,汚水,9.78170563607917,1.0
417,汚水,49.64878902935821,0.201
418,汚水,34.78277004599157,0.287
420,汚水,13.194143484728363,0.758
421,汚水,38.550448440834685,0.259
424,汚水,14.031697998062334,0.713
426,雨水,28.19980696814493,0.355
429,汚水,43.890004453787114,0.228
430,汚水,7.630818132212675,1.0
431,汚水,9.653640972680895,1.0
432,汚水,44.14250654521691,0.227
434,汚水,35.096583598016466,0.285
435,汚水,21.24677265177145,0.471
436,汚水,30.225892058422165,0.331
437,汚水,29.82585306747222,0.335
438,汚水,17.64948373888296,0.567
439,汚水,40.87564317856786,0.245
440,汚水,39.275087108039735,0.255
441,汚水,38.968163867149876,0.257
442,汚水,34.80437339529065,0.287
443,汚水,36.6518676886461,0.273
444,汚水,40.203964565495205,0.249
445,汚水,25.82505486603301,0.387
446,汚水,42.183201992741104,0.237
447,汚水,27.606628959535804,0.362
448,汚水,43.501071096448555,0.23
449,汚水,45.75016060356752,0.219
450,汚水,41.20086101246212,0.243
451,汚水,14.64834944782888,0.683
452,汚水,7.596056306011132,1.0
453,汚水,10.948207550527709,0.913
454,汚水,9.63006313734837,1.0
455,汚水,12.96683028664674,0.771
456,汚水,26.00796302982837,0.384
457,汚水,34.103086976321435,0.293
458,汚水,21.53939774506991,0.464
459,汚水,23.87077885501097,0.419
460,汚水,32.83733805082855,0.305
461,汚水,5.718607363113421,1.0
462,汚水,40.07857492736012,0.25
463,汚水,40.5902523640174,0.246
464,汚水,28.326526216446155,0.353
465,汚水,31.56459552185712,0.317
466,汚水,25.123589212025852,0.398
467,雨水,91.24111473194024,0.11
468,汚水,39.42064440654769,0.254
469,汚水,38.601300764804286,0.259
470,汚水,38.830412119974085,0.258
471,汚水,27.61591901171074,0.362
472,汚水,26.87617874194472,0.372
473,汚水,39.779273756113895,0.251
474,汚水,36.80198256787206,0.272
475,汚水,39.69924972826232,0.252
476,汚水,18.318595201840584,0.546
477,汚水,35.17874867465423,0.284
478,汚水,50.0299129760535,0.2
479,汚水,21.55809554907879,0.464
480,汚水,34.15834760492725,0.293
481,汚水,9.329438259414195,1.0
482,汚水,10.028509525910389,0.997
483,汚水,32.85936402553611,0.304
484,雨水,63.59557445648088,0.157
485,汚水,42.5625050651144,0.235
486,汚水,49.95930895069727,0.2
487,汚水,15.941897630904759,0.627
488,汚水,23.166032822612426,0.432
490,汚水,53.10054824869958,0.188
491,汚水,18.22571325554941,0.549
492,汚水,17.3010777020695,0.578
493,汚水,39.810338549102994,0.251
494,汚水,4.257028632269271,1.0
495,汚水,39.11332332358892,0.256
496,汚水,15.069257291405071,0.664
497,汚水,36.93055800934181,0.271
498,汚水,14.855831761307773,0.673
499,汚水,7.1772164520689525,1.0
500,汚水,12.76720462367405,0.783
8280,汚水,34.44480722162373,0.29
8281,汚水,59.03298090961189,0.169
8282,汚水,40.55280081244291,0.247
8283,汚水,31.203385854732336,0.32
8284,汚水,39.82204528247935,0.251
8285,汚水,26.635614732867975,0.375
8286,汚水,6.6338786850211475,1.0
8287,汚水,8.651421165094943,1.0
8288,汚水,42.490530217483744,0.235
8289,汚水,58.047705182634544,0.172
8290,汚水,24.37023174977848,0.41
8291,汚水,76.98812784515789,0.13
8292,汚水,39.06422636688336,0.256
8293,汚水,81.41481930598695,0.123
8294,汚水,6.006448240068191,1.0
8295,汚水,78.97645696964332,0.127
8296,汚水,31.71044445131566,0.315
8297,汚水,93.07498303919654,0.107
8298,汚水,59.91699306289123,0.167
8299,汚水,31.56880912001392,0.317
8300,汚水,71.20994169059213,0.14
8301,汚水,41.98620642863892,0.238
8302,汚水,28.864410986537006,0.346
8303,汚水,59.3537331354533,0.168
8304,汚水,61.11248041211776,0.164
8305,汚水,6.871384169426511,1.0
8306,汚水,11.757263602846638,0.851
8307,汚水,3.6870266648131342,1.0
8308,汚水,27.468650087716796,0.364
8309,汚水,16.75722777682217,0.597
8310,汚水,20.831173366463464,0.48
8311,汚水,11.995697995120459,0.834
8312,汚水,12.302373211847257,0.813
8313,汚水,44.478762554743206,0.225
8314,汚水,35.61483282538108,0.281
8315,汚水,6.218845374762918,1.0
8316,汚水,7.513350703136866,1.0
8317,汚水,40.56565984388169,0.247
8318,汚水,51.22870503171817,0.195
8319,汚水,40.58881871728326,0.246
8320,汚水,49.46373026321237,0.202
8321,汚水,30.770459596601338,0.325
8322,汚水,37.54421844647463,0.266
8323,汚水,42.7514568311383,0.234
8324,汚水,8.648107009390236,1.0
8325,汚水,32.31626832389899,0.309
8326,汚水,52.47694631069685,0.191
8327,汚水,26.26422033484983,0.381
8328,汚水,36.85939217935218,0.271
8329,汚水,34.35875219180562,0.291
8330,汚水,27.76696920263578,0.36
8331,汚水,30.400607237364756,0.329
8332,汚水,13.442755516869651,0.744
8333,汚水,48.354096131709234,0.207
8334,汚水,41.00054416850982,0.244
8335,汚水,57.750865669041886,0.173
8336,汚水,49.084163669119796,0.204
8337,汚水,26.797470372488796,0.373
8338,汚水,29.574100059680614,0.338
8339,汚水,12.04486782363227,0.83
8340,汚水,36.73035233687446,0.272
8341,汚水,5.308985246011826,1.0
8342,汚水,3.8974714932381778,1.0
8343,汚水,35.48082331512091,0.282
8344,汚水,43.53248737371336,0.23
8345,汚水,43.70915186511293,0.229
8346,汚水,32.055223423665524,0.312
8347,汚水,72.99187892680072,0.137
8348,汚水,34.63485547241593,0.289
8349,汚水,42.83314473509918,0.233
8350,汚水,27.139634959794996,0.368
8351,汚水,6.444643841778386,1.0
8352,汚水,2.726497750680244,1.0
8353,汚水,7.822097177545804,1.0
8354,汚水,4.001249596632113,1.0
8355,汚水,12.116897927607877,0.825
8356,汚水,6.183046780801142,1.0
8357,汚水,17.124094663739857,0.584
8358,汚水,27.709191866739165,0.361
8359,汚水,23.84105557526054,0.419
8360,汚水,28.01880327654519,0.357
8361,汚水,20.902531049178194,0.478
8362,汚水,10.800334590281611,0.926
8363,汚水,2.5788014559103543,1.0
8364,汚水,49.07733752643092,0.204
8365,汚水,15.73367012559267,0.636
8366,汚水,63.41558979036821,0.158
8367,汚水,41.832278962357755,0.239
8368,汚水,3.514157328320633,1.0
8369,汚水,124.96166680288984,0.08
8370,汚水,24.5799960788031,0.407
8372,汚水,35.55119370814533,0.281
8373,汚水,47.9733630290917,0.208
8374,汚水,12.751746198267856,0.784
8375,汚水,9.804388740330037,1.0
8376,汚水,48.521629969853635,0.206
8377,汚水,47.610460254142566,0.21
8378,汚水,23.584180878942263,0.424
8379,汚水,42.238901060983885,0.237
8380,汚水,26.027710657810683,0.384
8381,汚水,49.42944193623416,0.202
8382,汚水,48.26519389263544,0.207
8383,汚水,43.67841817206858,0.229
8384,汚水,11.415725756328607,0.876
8385,汚水,17.490198059506397,0.572
8386,汚水,6.179298864895954,1.0
8387,汚水,7.227837280991785,1.0
8388,汚水,49.85720812910182,0.201
8389,汚水,48.30472650651773,0.207
8390,汚水,43.60294031047355,0.229
8391,汚水,40.826902440238115,0.245
8392,汚水,15.355475356464016,0.651
8392,汚水,5.578990054342539,1.0
8393,汚水,39.75724414890603,0.252
8394,汚水,37.39472340283468,0.267
8395,汚水,3.4830406263576044,1.0
8397,汚水,3.0158625147188443,1.0
8398,汚水,12.570288682559845,0.796
8399,汚水,4.058585564343198,1.0
8400,汚水,3.5303180184538467,1.0
8401,汚水,7.524831155688796,1.0
8402,汚水,22.56761969694291,0.443
8403,汚水,37.78682705574831,0.265
8404,汚水,37.85027658390273,0.264
8405,汚水,5.350062827552872,1.0
8406,汚水,39.90814851051297,0.251
8407,汚水,42.02816463307467,0.238
8408,汚水,4.94753514819342,1.0
8409,汚水,45.72706146307091,0.219
8410,汚水,19.182946455951793,0.521
8411,汚水,8.148270931811998,1.0
8412,汚水,34.55360274993248,0.289
8413,汚水,3.0802998456962545,1.0
8414,汚水,13.607111394513552,0.735
8415,汚水,15.932635784642548,0.628
8416,汚水,4.11270806512097,1.0
8417,汚水,22.805680987151458,0.438
8418,汚水,7.866106865118068,1.0
8419,汚水,3.3826251184383476,1.0
8420,汚水,43.98363085142474,0.227
8421,汚水,44.29816758828393,0.226
8422,汚水,6.289541880125738,1.0
8423,汚水,5.168682276708848,1.0
8424,汚水,28.170054149641086,0.355
8425,汚水,10.345522581221298,0.967
8426,汚水,8.116938591189019,1.0
8427,汚水,5.210143479782075,1.0
8428,汚水,7.111570067488879,1.0
8429,汚水,13.162356220644055,0.76
8430,汚水,9.22010149141573,1.0
8431,汚水,9.686168737749975,1.0
8432,汚水,22.613601723784512,0.442
8433,汚水,25.8358240735039,0.387
8434,汚水,30.949682213952332,0.323
8435,汚水,25.445789869520045,0.393
8436,汚水,48.793856965238476,0.205
8437,汚水,10.020062770928694,0.998
8438,汚水,50.1772321395228,0.199
8439,汚水,3.5568457952218964,1.0
8440,汚水,25.050266995159724,0.399
8441,汚水,22.774789877615753,0.439
8442,汚水,9.725567150819437,1.0
8443,汚水,20.269178820656997,0.493
8444,汚水,4.773931515487897,1.0
8447,汚水,3.0839872243998427,1.0
8448,汚水,6.836628218425358,1.0
8449,汚水,51.70936278408451,0.193
8450,汚水,57.909983803134324,0.173
8451,汚水,31.367933783615324,0.319
8452,汚水,13.981937281875808,0.715
8453,汚水,27.968676253609225,0.358
8454,汚水,54.77878634358579,0.183
8455,汚水,4.408851717061944,1.0
8456,汚水,66.81693851287385,0.15
8457,汚水,25.984544851270098,0.385
8458,汚水,52.02216401275337,0.192
8459,汚水,35.61617067637844,0.281
8460,汚水,39.03098091271541,0.256
8462,汚水,2.8551165171250332,1.0
8463,汚水,59.61372024497007,0.168
8464,汚水,21.91382732013706,0.456
8465,汚水,4.364060413584579,1.0
8466,汚水,4.6766509780321135,1.0
8467,汚水,37.32284609710681,0.268
8468,汚水,89.83680971968508,0.111
8469,汚水,23.55531190581526,0.425
8470,汚水,8.374589774199825,1.0
8471,汚水,43.45398893897476,0.23
8472,汚水,78.87531348771026,0.127
8473,汚水,25.577479401593983,0.391
8474,汚水,32.566172348289065,0.307
8475,汚水,3.2117659534039973,1.0
8476,汚水,31.329171250597504,0.319
8477,汚水,41.171660308451706,0.243
8478,汚水,53.15153341112355,0.188
8479,汚水,56.51217792795954,0.177
8480,汚水,57.54194127066403,0.174
8481,汚水,53.63710114608829,0.186
8482,汚水,27.654234985923665,0.362
8483,汚水,49.62320017514559,0.202
8484,汚水,4.598637552220591,1.0
8485,汚水,24.6236322380282,0.406
8486,汚水,5.566505709624658,1.0
8487,汚水,55.39308617583203,0.181
8488,汚水,17.849032431659353,0.56
8489,汚水,6.846439884719573,1.0
8490,汚水,75.55573616334308,0.132
8491,汚水,17.324283922585252,0.577
8492,汚水,18.521129642198247,0.54
8493,汚水,20.683730688733156,0.483
8494,汚水,17.522608344214706,0.571
8495,汚水,32.88845139877299,0.304
8496,汚水,24.041277814403845,0.416
8497,汚水,24.395452697210157,0.41
8498,汚水,62.17174312393196,0.161
8499,汚水,13.077530106635448,0.765
8500,汚水,7.170136305742102,1.0
8501,汚水,17.057536561413954,0.586
8502,汚水,10.557901814561134,0.947
8503,汚水,17.271858191268038,0.579
8504,汚水,16.884369162528067,0.592
8505,汚水,19.023213719175573,0.526
8506,汚水,53.2130002261323,0.188
8507,汚水,27.442326103667483,0.364
8508,汚水,16.137770183326282,0.62
8509,汚水,21.828434252389187,0.458
8510,汚水,5.174772462431301,1.0
8511,汚水,15.320443670196667,0.653
8512,汚水,8.347372977185746,1.0
8513,汚水,8.78099173425081,1.0
8514,汚水,7.633107612312948,1.0
8515,汚水,28.866132145120492,0.346
8516,汚水,3.119741492101548,1.0
8518,汚水,69.9774709528469,0.143
8519,汚水,6.717960435233234,1.0
8520,汚水,13.111742634865735,0.763
8521,汚水,9.781789789944431,1.0
8522,汚水,17.63712134425047,0.567
8523,汚水,7.923022276138686,1.0
8524,汚水,7.676683231553388,1.0
8525,汚水,10.848730969516744,0.922
8526,汚水,19.66910574470478,0.508
8527,汚水,4.670058900484102,1.0
8528,汚水,26.777949279977808,0.373
8529,汚水,26.61081912311399,0.376
8530,汚水,38.80968325401719,0.258
8531,汚水,9.690013234157115,1.0
8532,汚水,70.09609822571296,0.143
8533,汚水,18.975845753769626,0.527
8534,汚水,9.721737972177637,1.0
8535,汚水,32.09625680471489,0.312
8536,汚水,6.423698827082152,1.0
8537,汚水,25.85580496556631,0.387
8538,汚水,15.401841637578386,0.649
8539,汚水,5.929111157592409,1.0
8540,汚水,29.17747778223568,0.343
8541,汚水,5.764870999999249,1.0
8542,汚水,27.216678170887853,0.367
8543,汚水,24.671771045822965,0.405
8544,汚水,15.635494425913274,0.64
8545,汚水,11.458781499898969,0.873
8546,汚水,31.84868175664935,0.314
8547,汚水,27.553203164541674,0.363
8548,汚水,25.394478277017352,0.394
8549,汚水,48.61814338346774,0.206
8550,汚水,8.36094408203878,1.0
8551,汚水,17.694298091605475,0.565
8552,汚水,22.64824701874677,0.442
8553,汚水,19.62769576696412,0.509
8554,汚水,25.026340882975575,0.4
8555,汚水,47.90986396081962,0.209
8556,汚水,45.04854749606713,0.222
8557,汚水,48.54043606856911,0.206
8558,汚水,5.654646771360518,1.0
8559,汚水,8.554755947998713,1.0
8560,汚水,99.78124377135909,0.1
8561,汚水,9.313563582449758,1.0
8562,汚水,89.34726952198747,0.112
8563,汚水,9.573458074269867,1.0
8564,汚水,73.02011985560569,0.137
8565,汚水,5.936401638590026,1.0
8566,汚水,30.301572342469413,0.33
8567,汚水,4.458895479247609,1.0
8568,汚水,58.31458194524003,0.171
8569,汚水,15.674605281808413,0.638
8570,汚水,4.954774418288397,1.0
8571,汚水,14.741643612065834,0.678
8573,汚水,39.47327218151738,0.253
8574,汚水,12.787106347427208,0.782
8575,汚水,43.92663577099619,0.228
8576,汚水,10.526032998009352,0.95
8578,汚水,19.311064962280998,0.518
8579,汚水,27.134254044814426,0.369
8581,汚水,7.233325590656343,1.0
8582,汚水,41.403428220689776,0.242
8585,汚水,21.92249639766898,0.456
8587,汚水,39.138232621295906,0.256
8588,汚水,19.13832880140543,0.523
8589,汚水,22.619794974541623,0.442
8590,汚水,23.990224980054656,0.417
8591,汚水,38.79738478433729,0.258
8592,汚水,12.967354290213834,0.771
8593,汚水,49.660881276291406,0.201
8594,汚水,21.25780565946384,0.47
8595,汚水,45.502800060134504,0.22
8596,汚水,88.88482603173502,0.113
8597,汚水,18.687872924496265,0.535
8598,汚水,41.87194956572314,0.239
8600,汚水,88.71750246417407,0.113
8601,汚水,45.90567822097023,0.218
16091,汚水,102.00354806342415,0.098
16092,汚水,62.27474621789109,0.161
16093,汚水,39.557805001576085,0.253
16094,汚水,74.64727473791166,0.134
16095,汚水,9.368839188240498,1.0
16096,汚水,30.600678852871106,0.327
16097,汚水,44.98468546997355,0.222
16098,汚水,44.6922748020598,0.224
16099,汚水,8.621156392166862,1.0
16100,汚水,4.125587186492044,1.0
16101,汚水,3.1247988323960607,1.0
16102,汚水,98.4666472327652,0.102
16103,汚水,14.559304611716474,0.687
16104,汚水,11.64876012186198,0.858
16105,汚水,12.681328804114827,0.789
16106,汚水,48.28497825628814,0.207
16107,汚水,6.245784669321278,1.0
16108,汚水,36.93275038191614,0.271
16109,汚水,5.562214071147968,1.0
16110,汚水,39.526889763990255,0.253
16111,汚水,5.69195661880734,1.0
16112,汚水,6.670545214081474,1.0
16113,汚水,18.31601567188568,0.546
16114,汚水,2.621870937724804,1.0
16115,汚水,65.63235922832918,0.152
20502,汚水,75.53597714517277,0.132
16117,汚水,41.38405829773178,0.242
16118,汚水,4.8553104860383005,1.0
20493,汚水,45.87377080181271,0.218
16120,汚水,68.75052074126576,0.145
16121,汚水,5.883484882169184,1.0
16122,汚水,5.870595277297131,1.0
16123,汚水,29.117831319715776,0.343
16124,汚水,84.66219982905437,0.118
16126,汚水,30.506712210877602,0.328
16127,汚水,65.381245855852,0.153
16128,汚水,21.025745183467183,0.476
16129,汚水,4.675600925033958,1.0
16130,汚水,61.06645597080703,0.164
16132,汚水,35.85261235612185,0.279
16133,汚水,45.5235686756752,0.22
16134,汚水,16.833348948490627,0.594
16135,汚水,45.743549256892095,0.219
16136,汚水,4.656255525103212,1.0
16138,汚水,30.65787560426281,0.326
16139,汚水,38.14550844804662,0.262
16141,汚水,35.626662133748276,0.281
16142,汚水,4.383397908701777,1.0
16143,汚水,67.66401585571073,0.148
16144,汚水,22.38087318861099,0.447
16145,汚水,17.634718620385268,0.567
16146,汚水,9.501631827905262,1.0
16147,汚水,42.32301261897567,0.236
16148,汚水,12.825098278946317,0.78
16149,汚水,26.281860510626753,0.38
16150,汚水,81.7875142277787,0.122
16151,汚水,87.07247025206087,0.115
16153,汚水,26.36334331314308,0.379
16154,汚水,48.899764599008535,0.204
16155,汚水,41.32765733301774,0.242
16156,汚水,40.190062170728076,0.249
16157,汚水,41.52447062093231,0.241
16158,汚水,40.39445139014348,0.248
16159,汚水,28.903553999729155,0.346
16160,汚水,24.415179134496242,0.41
16161,汚水,32.56821598688626,0.307
16162,汚水,16.99977942458011,0.588
16163,汚水,24.60720864727783,0.406
16165,汚水,40.26133709842644,0.248
16166,汚水,14.201051559216985,0.704
16167,汚水,21.524249902806005,0.465
16168,汚水,39.42809407150871,0.254
16169,汚水,65.60290924874373,0.152
16171,汚水,35.60935032217933,0.281
16172,汚水,28.901845602439685,0.346
16173,汚水,49.89401726676402,0.2
16174,汚水,16.205122525550312,0.617
16175,汚水,22.94267192238682,0.436
16176,汚水,45.700053673080845,0.219
16177,汚水,9.282708008629818,1.0
16178,汚水,36.2854676551831,0.276
16179,汚水,39.81135446632453,0.251
16180,汚水,43.14623488085803,0.232
16181,汚水,44.91710815761696,0.223
16182,汚水,44.964596662773694,0.222
16183,汚水,56.776234533793996,0.176
16184,汚水,24.136757401348913,0.414
16185,汚水,36.676080127413435,0.273
16186,汚水,6.467504352457457,1.0
16187,汚水,2.715822977255817,1.0
16188,汚水,27.00023574616035,0.37
16189,汚水,37.10664505407535,0.269
16190,汚水,39.447124122592115,0.254
16191,汚水,48.17075209587189,0.208
16192,汚水,43.11935280577574,0.232
16193,汚水,47.11036926822314,0.212
16194,汚水,43.50078724072962,0.23
16195,汚水,37.09275380065471,0.27
16196,汚水,48.30384101166265,0.207
16197,汚水,58.67112420464383,0.17
16198,汚水,47.07844428074133,0.212
16199,汚水,39.3364941975747,0.254
16200,汚水,33.07275162778279,0.302
16201,汚水,31.042926817671137,0.322
16202,汚水,38.17763322578595,0.262
16203,汚水,8.496227820995854,1.0
16204,汚水,32.955058726019914,0.303
16205,汚水,46.655535496198965,0.214
16206,汚水,14.243152184636397,0.702
16207,汚水,24.889057700050206,0.402
16208,汚水,8.509484237569549,1.0
16209,汚水,23.843796567043327,0.419
16210,汚水,51.9079122605212,0.193
16211,汚水,38.198513007794304,0.262
16212,汚水,30.943351227456514,0.323
16213,汚水,9.029326249582862,1.0
16214,汚水,4.5084294697897365,1.0
16215,汚水,56.925460569709756,0.176
16216,汚水,33.34572878915663,0.3
16217,汚水,35.00327089986174,0.286
16218,汚水,55.12492878125695,0.181
16219,汚水,68.23100210244274,0.147
16220,汚水,16.003773442056538,0.625
16221,汚水,43.99745347290674,0.227
16222,汚水,42.733239325703984,0.234
16223,汚水,2.839180243551022,1.0
16224,汚水,11.516590308080412,0.868
16225,汚水,33.0873757335061,0.302
16226,汚水,46.53555075110274,0.215
16227,汚水,36.765600087289634,0.272
16228,汚水,21.27269397531363,0.47
16229,汚水,35.28629016706185,0.283
16230,汚水,34.92692630441484,0.286
16231,汚水,44.56645276381316,0.224
16233,汚水,20.64173970583811,0.484
16234,汚水,41.536334056602826,0.241
16236,汚水,47.49643785723839,0.211
16238,汚水,43.138540796020905,0.232
16240,汚水,46.715742187365436,0.214
16242,汚水,34.31572442235685,0.291
16244,汚水,39.54693825892981,0.253
16245,汚水,64.07985114841537,0.156
16246,汚水,65.48073501379486,0.153
16247,汚水,28.960223038774256,0.345
16250,汚水,38.90965207703693,0.257
16251,汚水,11.627715229067363,0.86
16252,汚水,56.361833176220564,0.177
16253,汚水,56.92378012442217,0.176
16254,汚水,58.674189648198436,0.17
16255,汚水,37.57609987692965,0.266
16256,汚水,40.94962183929908,0.244
16257,汚水,53.320876958592045,0.188
16258,汚水,24.64003630430798,0.406
16259,汚水,2.3765787134916225,1.0
16260,汚水,9.207284091553905,1.0
16261,汚水,93.98747529513265,0.106
16262,汚水,51.820847351264774,0.193
16263,汚水,28.300139168078545,0.353
16264,汚水,44.429675244049776,0.225
16265,汚水,19.20768415825723,0.521
16266,汚水,42.82615439944434,0.234
16267,汚水,47.97843189396693,0.208
16268,汚水,66.42078739067112,0.151
16269,汚水,54.240380581290694,0.184
16270,汚水,34.423503046373355,0.29
16271,汚水,34.962750347109676,0.286
16272,汚水,15.7307712369023,0.636
16273,汚水,26.178226592430327,0.382
16275,汚水,44.41978683152809,0.225
16276,汚水,43.13888754391497,0.232
16277,汚水,69.0541835442682,0.145
16278,汚水,49.89787856288338,0.2
16279,汚水,6.538400111587361,1.0
16280,汚水,34.028180394394916,0.294
16281,汚水,96.01269182947904,0.104
16282,汚水,39.95363698583129,0.25
16283,汚水,51.19085830355697,0.195
16284,汚水,54.828334093318325,0.182
16285,汚水,37.89925505215531,0.264
16286,汚水,4.228780366692545,1.0
16287,汚水,62.88846367194774,0.159
16288,汚水,55.4674762326034,0.18
16289,汚水,25.38703491114358,0.394
16291,汚水,25.094848016580794,0.398
16292,汚水,54.436914407160515,0.184
16293,汚水,42.819592922558485,0.234
16294,汚水,46.418562514611054,0.215
16296,汚水,21.8709378169396,0.457
16298,汚水,50.755822628376755,0.197
16299,汚水,47.91200427023077,0.209
16300,汚水,54.45748946438365,0.184
16301,汚水,61.76260249691026,0.162
16302,汚水,65.1380849324284,0.154
16303,汚水,48.14904078398605,0.208
16304,汚水,45.054370638160115,0.222
16305,汚水,62.01502985550157,0.161
16306,汚水,4.161733445148113,1.0
16307,汚水,44.204909650958356,0.226
16308,汚水,51.42210613510279,0.194
16309,汚水,49.445844222511624,0.202
16311,汚水,67.78774110786995,0.148
16312,汚水,70.3239066628242,0.142
16314,汚水,28.923206630748904,0.346
16315,汚水,48.78679951458518,0.205
16316,汚水,49.37271666688891,0.203
16317,汚水,43.072933211496014,0.232
16318,汚水,37.61798422574972,0.266
16319,汚水,64.73648925851556,0.154
16320,汚水,63.02571960137459,0.159
16321,汚水,50.62066405766907,0.198
16322,汚水,51.410093571989776,0.195
16323,汚水,53.04984088925638,0.189
16324,汚水,52.76740748212577,0.19
16325,汚水,5.014043255909589,1.0
16326,汚水,57.496846386756935,0.174
16327,汚水,57.4331198276329,0.174
16328,汚水,58.96586966740427,0.17
16329,汚水,59.03593315710142,0.169
16330,汚水,59.78075418164189,0.167
16331,汚水,53.12999309254543,0.188
16332,汚水,52.96718610436577,0.189
16333,汚水,50.23791315239504,0.199
16334,汚水,4.57749821386007,1.0
16336,汚水,62.679454559246246,0.16
16337,汚水,86.60609978385975,0.115
16338,汚水,43.22558944089588,0.231
16339,汚水,42.70791541620344,0.234
16342,汚水,28.169551709058762,0.355
16343,汚水,29.06929544404222,0.344
16344,汚水,5.068719201103498,1.0
16345,汚水,43.071724396263185,0.232
16346,汚水,8.202536096868375,1.0
16347,汚水,23.850793952391857,0.419
16349,汚水,6.862320262191516,1.0
16350,汚水,50.76992764977015,0.197
16351,汚水,21.49522976212654,0.465
16354,汚水,53.4724535423269,0.187
16355,汚水,48.267421636339044,0.207
16356,汚水,21.453919918820652,0.466
16357,汚水,40.540530753039995,0.247
16359,汚水,33.0774999068005,0.302
16360,汚水,37.68692080509397,0.265
16362,汚水,53.147603051011636,0.188
16363,汚水,39.65962817361088,0.252
16364,汚水,48.57845685113819,0.206
16365,汚水,47.71718007274091,0.21
16366,汚水,50.65035860829329,0.197
16367,汚水,49.79007768870459,0.201
16368,汚水,32.85295214983564,0.304
16369,汚水,35.39661927932628,0.283
16372,汚水,45.4952044091797,0.22
16373,汚水,33.87094366491843,0.295
16374,汚水,27.198615540732906,0.368
16375,汚水,35.06795079880305,0.285
16376,汚水,27.717514847105367,0.361
16377,汚水,41.523307923424994,0.241
16378,汚水,34.49695285785288,0.29
16379,汚水,4.776013611780375,1.0
16380,汚水,2.797466787385709,1.0
16381,汚水,34.37043439216627,0.291
16382,汚水,37.54507526030081,0.266
16383,汚水,3.3587572859005075,1.0
16384,汚水,36.2408588218448,0.276
16388,汚水,38.879460164695615,0.257
16389,汚水,3.0678074014818804,1.0
16390,汚水,36.40690697091515,0.275
16391,汚水,37.66611005738804,0.265
16392,汚水,40.57960430517394,0.246
16393,汚水,3.8209213482352107,1.0
16394,汚水,35.42626713425558,0.282
16395,汚水,37.60823668444948,0.266
16396,汚水,51.232262681036744,0.195
16397,汚水,21.132113923537943,0.473
16398,汚水,49.26328269309794,0.203
16399,汚水,25.17362037898722,0.397
16402,汚水,47.04713065221787,0.213
16404,汚水,44.67532169479756,0.224
16405,汚水,29.181869380308264,0.343
16406,汚水,34.16303108748942,0.293
16407,汚水,29.125780739412356,0.343
16408,汚水,38.42933263342536,0.26
16409,汚水,34.898693947667134,0.287
16410,汚水,44.61066627752705,0.224
16411,汚水,40.84990436395737,0.245
16412,汚水,7.110195248712101,1.0
501,雨水,158.7217665615975,0.063
502,汚水,1.9000000000029105,1.0
503,汚水,31.9824950470463,0.313
504,汚水,38.39965064558243,0.26
505,汚水,32.401253419910056,0.309
506,汚水,20.23984178144819,0.494
507,汚水,38.4054534797169,0.26
508,汚水,12.492609166876402,0.8
509,汚水,15.300566754618467,0.654
510,汚水,18.14650504991758,0.551
511,汚水,32.55000684198781,0.307
512,汚水,34.31081270425576,0.291
513,汚水,32.45663740457336,0.308
514,汚水,32.09965363107318,0.312
515,汚水,51.66976318077856,0.194
516,汚水,26.105957090173145,0.383
517,汚水,31.998112995848423,0.313
518,汚水,2.000006249990246,1.0
519,汚水,5.200011236976552,1.0
520,汚水,38.822446290406134,0.258
521,汚水,39.35375562368241,0.254
522,汚水,28.174629307887784,0.355
523,汚水,29.441003569770547,0.34
524,汚水,35.654276486786635,0.28
525,汚水,34.457268013504695,0.29
526,汚水,46.55525662054179,0.215
527,汚水,27.148575745569023,0.368
562,汚水,21.206829456926833,0.472
563,汚水,21.091412919507718,0.474
564,汚水,34.27868740219792,0.292
565,汚水,34.40632211530056,0.291
566,汚水,25.64595792262946,0.39
567,汚水,38.43341499511386,0.26
568,汚水,40.82661096040536,0.245
569,汚水,44.90111076809525,0.223
570,汚水,38.059165185921266,0.263
572,汚水,38.12696894601109,0.262
576,汚水,24.372603632292403,0.41
577,汚水,37.562794402018326,0.266
578,汚水,39.95693395905891,0.25
579,汚水,28.876362900769248,0.346
580,汚水,30.249103367047642,0.331
581,汚水,47.30925607250287,0.211
583,汚水,39.476241957522085,0.253
584,雨水,42.31506023564517,0.236
585,汚水,23.289697940855508,0.429
586,汚水,39.27320534174328,0.255
587,汚水,40.857058461903975,0.245
588,汚水,28.307641620346907,0.353
589,汚水,30.453138998090203,0.328
590,汚水,24.934129906385554,0.401
591,汚水,34.764897874908016,0.288
592,汚水,25.851209456995925,0.387
593,汚水,30.88189838792556,0.324
594,汚水,28.10004517611906,0.356
595,汚水,29.849396979490958,0.335
596,汚水,29.750180758830908,0.336
597,汚水,27.735614835952077,0.361
598,汚水,25.981510999250187,0.385
599,汚水,47.023814167306945,0.213
600,汚水,41.650160417017005,0.24
601,汚水,25.853151380258353,0.387
602,汚水,24.097638564708205,0.415
603,汚水,19.22224981603543,0.52
604,汚水,54.63423497853564,0.183
606,汚水,12.105820286019668,0.826
608,汚水,11.653870889186072,0.858
610,汚水,29.425168787132506,0.34
611,汚水,18.35557902560206,0.545
612,汚水,47.1607388407868,0.212
614,汚水,31.891419560300836,0.314
615,汚水,37.864157914958675,0.264
747,汚水,34.67312724360502,0.288
748,汚水,4.149663353947887,1.0
749,汚水,44.75701952803894,0.223
750,汚水,38.88426118223399,0.257
751,汚水,46.8291022279759,0.214
752,汚水,3.9440375294398797,1.0
753,汚水,22.021406616349008,0.454
616,汚水,26.354685251020413,0.379
617,汚水,25.904761131783097,0.386
618,汚水,42.881918109313155,0.233
619,汚水,11.572215719187922,0.864
620,汚水,10.267169273369436,0.974
621,汚水,12.556502462948101,0.796
622,汚水,12.018865379061369,0.832
623,汚水,12.23310822649096,0.817
624,汚水,50.64203903414743,0.197
625,汚水,36.120233771278784,0.277
626,汚水,27.44095529234997,0.364
627,汚水,46.16896631967046,0.217
628,汚水,38.14467281395692,0.262
629,汚水,8.012707143970223,1.0
630,汚水,16.129020772920306,0.62
631,汚水,34.90989232347095,0.286
632,汚水,41.839562655255136,0.239
633,汚水,29.479213480326536,0.339
634,汚水,28.41800526743017,0.352
635,汚水,24.846793790317797,0.402
636,汚水,27.01717482775982,0.37
637,汚水,29.530200309115244,0.339
638,汚水,49.79623514839097,0.201
639,汚水,40.35432961582928,0.248
640,汚水,47.30330266059109,0.211
641,汚水,28.490293175523355,0.351
642,汚水,38.496871025429726,0.26
643,汚水,25.264828090828814,0.396
644,汚水,39.5938519030996,0.253
645,汚水,29.224823004472906,0.342
646,汚水,37.24030268664346,0.269
647,汚水,41.04880769937846,0.244
648,汚水,30.237489153091136,0.331
649,汚水,95.6539845173379,0.105
650,汚水,6.280398311218246,1.0
651,汚水,31.73457567796574,0.315
652,汚水,79.07405404008045,0.126
653,汚水,53.20285751798855,0.188
654,汚水,4.262903117356912,1.0
655,汚水,77.87289049657905,0.128
656,汚水,70.35596723530783,0.142
657,汚水,78.60750192788602,0.127
1126,汚水,62.399927168199916,0.16
1127,汚水,51.659470108448126,0.194
1128,汚水,44.49016097464516,0.225
1130,汚水,49.450136170001784,0.202
1131,汚水,38.65510967086189,0.259
1132,汚水,42.74685557072864,0.234
1133,汚水,44.18105631694502,0.226
658,汚水,44.30766579536149,0.226
659,汚水,45.9562650607506,0.218
660,汚水,86.38331476584996,0.116
661,汚水,48.12715906355134,0.208
662,汚水,49.69260674667471,0.201
663,汚水,70.11076934608485,0.143
664,汚水,25.39275401827378,0.394
665,汚水,4.107339831201628,1.0
666,汚水,3.242780692158159,1.0
667,汚水,6.683653958475678,1.0
668,汚水,29.56852660424237,0.338
669,汚水,31.833780288266837,0.314
670,汚水,39.751930830042326,0.252
671,汚水,42.454923981887916,0.236
672,汚水,13.106582488969789,0.763
673,汚水,23.94700579416501,0.418
674,汚水,21.78435011015102,0.459
675,汚水,27.67612697791917,0.361
676,汚水,30.87466123731661,0.324
677,汚水,4.723477934030506,1.0
678,汚水,29.43889550246185,0.34
679,汚水,4.743643949435076,1.0
680,汚水,42.72146018325905,0.234
681,汚水,12.068316618073244,0.829
682,汚水,48.44293546269085,0.206
683,汚水,42.44950076042668,0.236
684,汚水,25.002897077046423,0.4
685,汚水,31.267252291512392,0.32
686,汚水,18.951790744652158,0.528
687,汚水,19.753223122041874,0.506
688,汚水,30.04204392357299,0.333
689,汚水,23.179898506541885,0.431
691,汚水,27.306875740838535,0.366
692,汚水,47.71521589279301,0.21
693,汚水,27.02389428934061,0.37
694,汚水,19.835841971065125,0.504
695,汚水,17.26427092669206,0.579
696,汚水,15.16392715843253,0.659
697,汚水,32.39644649427017,0.309
698,汚水,29.016317023597612,0.345
699,汚水,34.504599710089146,0.29
700,汚水,36.33537919062103,0.275
701,汚水,29.963521156524067,0.334
702,汚水,29.869503190152088,0.335
703,汚水,60.18185097460811,0.166
704,汚水,29.71744493932529,0.337
706,汚水,47.097502840182074,0.212
707,汚水,49.61552052864911,0.202
1212,汚水,18.524029866042273,0.54
1213,汚水,84.47726065410555,0.118
1214,汚水,6.157901247796547,1.0
1215,汚水,6.700905515488127,1.0
1216,汚水,25.314071396359783,0.395
1217,汚水,20.59495681698941,0.486
1218,汚水,33.17335739148707,0.301
1219,汚水,15.013848344782373,0.666
1220,汚水,14.773815550806306,0.677
1221,汚水,31.92309404608657,0.313
1222,汚水,13.600757381023657,0.735
1223,汚水,30.24551620678276,0.331
1224,汚水,32.410998725090685,0.309
1225,汚水,30.21353556222099,0.331
1226,汚水,23.029331949920316,0.434
754,汚水,19.724336008546754,0.507
755,汚水,19.61225360174837,0.51
756,汚水,38.24665287394661,0.261
757,汚水,22.36457291061994,0.447
758,汚水,47.7460389319981,0.209
759,汚水,4.484052353229725,1.0
760,汚水,50.08564220700816,0.2
761,汚水,49.74059407238875,0.201
762,汚水,14.448695208652262,0.692
763,汚水,34.69853015462882,0.288
764,汚水,26.28950003166193,0.38
765,汚水,36.89610458686029,0.271
766,汚水,9.176478703213517,1.0
767,汚水,4.884837789688642,1.0
768,汚水,17.320978165650864,0.577
769,汚水,18.169433960084945,0.55
770,汚水,45.787588191480495,0.218
771,汚水,61.59089943341071,0.162
772,汚水,37.99626507734989,0.263
773,汚水,32.50399903338679,0.308
774,汚水,38.34454723246728,0.261
775,汚水,6.520052918762243,1.0
776,汚水,17.557858592777613,0.57
777,汚水,20.303834149141036,0.493
778,汚水,14.482329270568117,0.69
779,汚水,10.595058423386373,0.944
780,汚水,15.394089756013688,0.65
781,汚水,31.610703088759244,0.316
782,汚水,16.3907571876577,0.61
783,雨水,35.455667549567224,0.282
784,汚水,24.520617055331314,0.408
785,汚水,20.970903986970495,0.477
786,汚水,10.912419703125924,0.916
787,汚水,22.740536847317387,0.44
788,汚水,23.034825888463942,0.434
789,汚水,29.841868239831683,0.335
790,汚水,7.15073469284348,1.0
792,汚水,31.59532950350255,0.317
794,汚水,39.25341195577399,0.255
795,汚水,24.489017195610206,0.408
796,汚水,19.472019947673523,0.514
797,汚水,29.819034457719386,0.335
798,汚水,39.83950447813669,0.251
799,汚水,20.51019783811794,0.488
800,汚水,9.3945691226317,1.0
801,汚水,20.255209371760014,0.494
802,汚水,19.71579957605716,0.507
803,汚水,20.771106018410517,0.481
804,汚水,19.854107507539762,0.504
805,汚水,21.216352731207753,0.471
806,汚水,24.168724383741385,0.414
807,汚水,45.28594352675608,0.221
808,汚水,33.70166319150779,0.297
809,汚水,3.8463535492182372,1.0
810,汚水,9.51534418369834,1.0
811,汚水,34.151887604850124,0.293
812,汚水,19.744319039577483,0.506
813,汚水,20.647641018211925,0.484
814,汚水,20.035944159270006,0.499
816,汚水,36.17550756800107,0.276
817,汚水,21.910138534362222,0.456
818,汚水,31.93475242881883,0.313
819,汚水,28.867929777790195,0.346
820,汚水,21.163194308807117,0.473
821,汚水,20.36637198459034,0.491
822,汚水,19.82472415434819,0.504
823,汚水,18.94287475669818,0.528
824,汚水,39.55902878729785,0.253
825,汚水,36.47817440332656,0.274
826,汚水,38.32290389901409,0.261
827,汚水,33.31315571876761,0.3
828,汚水,17.642385289897476,0.567
829,汚水,30.040108533528773,0.333
830,汚水,1.999751984625383,1.0
831,汚水,22.065760789627625,0.453
832,汚水,17.01392256639524,0.588
833,汚水,17.170992907072794,0.582
834,汚水,117.04606721086158,0.085
835,汚水,17.202531937853806,0.581
836,汚水,29.179828960872666,0.343
837,汚水,29.61525943174603,0.338
838,汚水,29.034462570482216,0.344
839,汚水,25.652597968245175,0.39
840,汚水,20.54227357423017,0.487
841,汚水,19.193444923253697,0.521
842,汚水,16.548184300159424,0.604
843,汚水,18.957512278652068,0.527
844,汚水,16.420120642939217,0.609
845,汚水,31.71579105132308,0.315
846,汚水,18.292287736334373,0.547
847,汚水,19.713025772053534,0.507
848,汚水,18.81214443219407,0.532
849,汚水,5.549703201198432,1.0
850,汚水,31.07231387934056,0.322
851,汚水,30.2430808529374,0.331
852,汚水,28.18201851134801,0.355
853,汚水,5.765872317534358,1.0
854,汚水,30.343593398152517,0.33
855,汚水,23.886778475685517,0.419
856,汚水,3.9812059567924485,1.0
857,汚水,36.82621393953803,0.272
859,汚水,21.704301750024847,0.461
860,汚水,5.770609017139175,1.0
861,汚水,50.018865021914614,0.2
862,汚水,15.66179261164886,0.638
863,汚水,12.09839392625916,0.827
864,汚水,14.124779295807922,0.708
865,汚水,9.37192782485734,1.0
866,汚水,12.104763215844756,0.826
868,汚水,24.30526691225321,0.411
869,汚水,28.108085100910404,0.356
870,汚水,25.76565154365359,0.388
871,汚水,14.400361585217183,0.694
872,汚水,23.01616487809202,0.434
8602,汚水,47.40785310586719,0.211
8603,汚水,44.596256570127196,0.224
8604,汚水,48.657285638044556,0.206
8605,汚水,59.0725366852803,0.169
8606,汚水,39.23095135629522,0.255
8607,汚水,25.892509287168615,0.386
8608,汚水,30.824066150212296,0.324
8609,汚水,45.90225462127677,0.218
8610,雨水,21.256603018150244,0.47
8611,汚水,33.95507183113649,0.295
8612,汚水,4.852652446184416,1.0
8613,汚水,28.672605344709844,0.349
8614,汚水,45.28457177094743,0.221
8615,汚水,36.42480216972399,0.275
8616,汚水,39.70258583091727,0.252
8617,汚水,26.80759824802988,0.373
8618,汚水,40.77285234687764,0.245
8619,汚水,58.90664272680701,0.17
8620,汚水,38.18431268639482,0.262
8621,汚水,54.11082842419977,0.185
8622,汚水,59.88048902916024,0.167
8623,汚水,42.7079804534425,0.234
8624,汚水,17.313305803281445,0.578
8625,汚水,36.51902601524153,0.274
8626,汚水,43.77150195215094,0.228
8627,汚水,23.990386636793335,0.417
8628,汚水,40.002318497910636,0.25
8629,汚水,34.17962896928452,0.293
8630,汚水,12.177096082406091,0.821
8631,汚水,40.639630356047924,0.246
8632,汚水,36.71881736013278,0.272
8633,汚水,46.882453099296725,0.213
8634,汚水,35.255862391884406,0.284
8635,汚水,38.1035132706603,0.262
8636,汚水,22.89363445343534,0.437
8637,汚水,29.48878012167072,0.339
8638,汚水,31.25020941850628,0.32
8639,汚水,43.81591233978631,0.228
8640,汚水,32.14050869567201,0.311
8641,汚水,27.31712239144044,0.366
8642,汚水,32.89711963895976,0.304
8643,汚水,62.3491117504312,0.16
8644,汚水,45.266220337855465,0.221
8645,汚水,44.58069133693337,0.224
8646,汚水,33.6361506494043,0.297
8647,汚水,50.636135542211505,0.197
8648,汚水,38.4206085380018,0.26
8649,汚水,10.482974901412682,0.954
8650,汚水,43.97407447290973,0.227
8651,汚水,39.413265717729985,0.254
8652,汚水,35.24930253579851,0.284
8653,汚水,42.39369928683152,0.236
8654,汚水,43.95456883472588,0.228
8655,汚水,25.23868581645742,0.396
8656,汚水,35.34056983945857,0.283
8657,汚水,43.65333810316785,0.229
8658,汚水,6.973621420957876,1.0
8659,汚水,39.05754444193457,0.256
8660,汚水,57.85929652201369,0.173
8661,汚水,41.462813589488285,0.241
8662,汚水,47.95155305072302,0.209
8663,汚水,30.41326070066459,0.329
8664,汚水,8.024395796567742,1.0
8665,汚水,12.43776385337427,0.804
8666,汚水,16.26565688547088,0.615
8667,汚水,36.28529084258269,0.276
8668,汚水,36.65143593247326,0.273
8669,汚水,18.51254009753229,0.54
8670,汚水,28.65213929706413,0.349
8671,汚水,44.292599460635486,0.226
8672,汚水,39.18018949772623,0.255
8673,汚水,40.05493918577819,0.25
8674,汚水,51.92995282610043,0.193
8675,汚水,43.357267351118765,0.231
8676,汚水,49.06204320615601,0.204
8677,汚水,30.556222433016437,0.327
8678,汚水,35.33480819560067,0.283
8679,汚水,27.986664923996646,0.357
8680,汚水,42.08437788294762,0.238
8681,汚水,40.605835544375935,0.246
8682,汚水,17.025876650812293,0.587
8683,汚水,36.56447874992208,0.273
8684,汚水,41.47714433912599,0.241
8685,汚水,6.310794410108154,1.0
8686,汚水,26.688230679792767,0.375
8687,汚水,31.715457873334742,0.315
8688,汚水,35.423226341937884,0.282
8689,汚水,28.745822685241688,0.348
8690,汚水,16.185610630436152,0.618
8691,汚水,43.4036019489364,0.23
8692,汚水,27.928434794052745,0.358
8693,汚水,12.520942248349382,0.799
8694,汚水,3.915640864441656,1.0
8695,汚水,7.502592594781688,1.0
8696,汚水,27.333970889945167,0.366
8697,汚水,10.253312872444022,0.975
8698,汚水,45.11820613663417,0.222
8699,汚水,30.98705278396811,0.323
8700,汚水,50.21811248470069,0.199
8701,汚水,43.40255928772067,0.23
8702,汚水,27.328551960429195,0.366
8703,汚水,29.831796319306093,0.335
8704,汚水,24.84990435573004,0.402
8705,汚水,19.196470872631867,0.521
8706,汚水,35.44460070913298,0.282
8707,汚水,17.44018348829874,0.573
8708,汚水,80.69619225747631,0.124
8709,汚水,11.182430321218568,0.894
8710,汚水,101.26331156159847,0.099
8711,汚水,20.18965730049445,0.495
8712,汚水,14.000567580255787,0.714
8713,汚水,25.266292848061696,0.396
8714,汚水,35.82497803896845,0.279
8715,汚水,23.176400443605267,0.431
8716,汚水,45.01903094284337,0.222
8717,汚水,72.08053819398454,0.139
8718,汚水,5.500015041514914,1.0
8719,汚水,24.643733004868874,0.406
8720,汚水,76.0597540456369,0.131
8721,汚水,13.189470377048389,0.758
8722,汚水,31.22325165590291,0.32
8723,汚水,41.63845353768292,0.24
8724,汚水,55.89443485154323,0.179
8725,汚水,23.321140524405312,0.429
8726,汚水,9.801921008891739,1.0
8729,汚水,5.777912166169056,1.0
8730,汚水,18.628235799458224,0.537
8731,汚水,9.901438469197616,1.0
8732,汚水,16.604310704873527,0.602
8733,汚水,14.713069996835209,0.68
8734,汚水,52.10266363964235,0.192
8735,汚水,50.31047341847284,0.199
8736,汚水,18.634956633568695,0.537
8737,汚水,9.566385534335732,1.0
8738,汚水,16.866202147654032,0.593
8739,汚水,18.263222675919682,0.548
8740,汚水,87.68367361228213,0.114
8741,汚水,72.49643110172755,0.138
8742,汚水,47.64588229735416,0.21
8743,汚水,27.68210856698826,0.361
8744,汚水,41.84227328892919,0.239
8745,汚水,39.758467069606084,0.252
8746,汚水,25.147027094638403,0.398
8747,汚水,31.093374550837513,0.322
8748,汚水,29.994643313302422,0.333
8749,汚水,30.892262864354688,0.324
8750,汚水,37.87007029407866,0.264
8751,汚水,28.195190362957504,0.355
8752,汚水,37.50574872647145,0.267
8753,汚水,51.844124036160245,0.193
8754,汚水,17.76517745168524,0.563
8755,汚水,15.754618292418781,0.635
8756,汚水,28.84718322783796,0.347
8757,汚水,70.41346084575027,0.142
8758,汚水,26.945029570874162,0.371
8759,汚水,28.54009214993595,0.35
8760,汚水,24.151874750858063,0.414
8761,汚水,53.15341686910647,0.188
8762,汚水,64.44890431708563,0.155
8763,汚水,36.00648905564208,0.278
8764,汚水,28.70111835575158,0.348
8765,汚水,44.05656993898366,0.227
8766,汚水,28.751905527396158,0.348
8767,汚水,48.39848568209315,0.207
8768,汚水,58.613258461970986,0.171
8769,汚水,118.30764590363574,0.085
8770,汚水,8.645507735237638,1.0
8771,汚水,8.057926346152621,1.0
8772,汚水,19.500240870315604,0.513
8773,汚水,107.79407984810312,0.093
8774,汚水,69.00718421770378,0.145
8775,汚水,50.888976023874335,0.197
8776,汚水,56.17231249124141,0.178
8777,汚水,62.775878996073324,0.159
8778,汚水,9.788303611247432,1.0
8779,汚水,34.725781406096694,0.288
8780,汚水,60.95268379011236,0.164
8781,汚水,38.411859809998404,0.26
8782,汚水,52.02805505405092,0.192
8783,汚水,39.09434093416499,0.256
8784,汚水,41.606412978184025,0.24
8785,汚水,22.093763880298546,0.453
8786,汚水,68.38800076807541,0.146
8787,汚水,49.91010017333536,0.2
8788,汚水,63.27590127264443,0.158
8789,汚水,29.45531108713839,0.339
8790,汚水,35.583903336845296,0.281
8791,汚水,73.34144223374184,0.136
8793,汚水,1.4704792538299372,1.0
8794,汚水,17.852633303609274,0.56
8795,汚水,23.219426650692363,0.431
8797,汚水,17.725926181302842,0.564
8799,汚水,5.32248918280271,1.0
8800,汚水,23.23770157422159,0.43
8801,汚水,44.32864731354662,0.226
8803,汚水,62.18619104807056,0.161
8804,汚水,41.88173108269732,0.239
8805,汚水,38.65187306068934,0.259
8806,汚水,66.68036896008921,0.15
8808,汚水,33.39255244079975,0.299
8809,汚水,19.719256518441924,0.507
8812,汚水,18.12995576974086,0.552
8813,汚水,22.89522696414965,0.437
8814,汚水,16.460534014995307,0.608
8815,汚水,16.614759562146677,0.602
8816,汚水,28.649479942994027,0.349
8817,汚水,24.796384567667218,0.403
8819,汚水,23.30236463985295,0.429
8820,汚水,14.789428765240972,0.676
8822,汚水,14.352200470509072,0.697
8824,汚水,67.59043166445592,0.148
8825,汚水,69.29883231317267,0.144
8826,汚水,21.023753765667667,0.476
8828,汚水,7.904281503536457,1.0
8829,汚水,14.994784612563505,0.667
8833,汚水,59.444604146123794,0.168
8834,汚水,51.229579051925796,0.195
8835,汚水,44.90789262662702,0.223
8836,汚水,94.92047923434696,0.105
8837,雨水,33.626544360019246,0.297
8838,雨水,60.048241017746754,0.167
8839,雨水,58.15286571145783,0.172
8840,雨水,20.812439290338933,0.48
8841,雨水,59.13747987662293,0.169
8842,雨水,54.196511509662855,0.185
8843,雨水,50.7406559885474,0.197
8845,雨水,29.338874108030858,0.341
8846,雨水,110.30902224439134,0.091
8847,雨水,50.02439108034014,0.2
8848,雨水,49.12663238716024,0.204
8849,雨水,108.59373794711956,0.092
8850,雨水,57.132663874704754,0.175
8851,雨水,65.9353777511052,0.152
8852,雨水,76.68999067184212,0.13
8853,雨水,57.58148827336948,0.174
8854,雨水,80.5296671143668,0.124
8855,雨水,67.55152661453464,0.148
8856,雨水,49.34612557688475,0.203
8857,雨水,48.16064834666193,0.208
8858,雨水,36.910752963458265,0.271
8859,雨水,68.69834323757054,0.146
8860,雨水,142.17173238175872,0.07
8861,雨水,172.34045134111142,0.058
8862,雨水,40.128318568416326,0.249
8863,雨水,6.502140239664553,1.0
8864,雨水,25.791773669357774,0.388
8865,雨水,27.191758543438564,0.368
8866,雨水,43.595949162865736,0.229
8867,雨水,69.75062984214603,0.143
8868,雨水,58.802568662630335,0.17
8869,雨水,49.64042214000728,0.201
8870,雨水,36.41962565833085,0.275
8871,雨水,24.158206927609577,0.414
8872,雨水,33.07590942248771,0.302
8873,雨水,127.68748136239093,0.078
8876,雨水,31.153379064906222,0.321
8877,雨水,106.38422454858299,0.094
8878,雨水,58.43483261845892,0.171
8879,雨水,96.06743350262612,0.104
8880,雨水,146.86893783257747,0.068
8881,雨水,101.7166461437577,0.098
8882,雨水,30.934018010289265,0.323
8883,雨水,45.04020755398966,0.222
8884,雨水,74.34949913120604,0.134
8885,雨水,96.50538925447242,0.104
8886,雨水,106.28874018025058,0.094
8887,雨水,107.78891533585974,0.093
8888,雨水,71.66002794455824,0.14
8889,雨水,145.59730767302983,0.069
8893,雨水,125.42385522169842,0.08
8894,雨水,76.10517376348717,0.131
8895,雨水,64.00395414804504,0.156
8896,雨水,21.72928150980492,0.46
8897,雨水,107.22684646075795,0.093
8898,雨水,43.76506878042172,0.228
8899,雨水,46.06080995550353,0.217
8900,雨水,54.34561361347211,0.184
8901,雨水,12.41130468224721,0.806
8902,雨水,44.531053417614736,0.225
8903,雨水,23.82419112321648,0.42
8904,雨水,51.0609951216114,0.196
8905,雨水,21.961375890729144,0.455
8906,雨水,43.05318317828432,0.232
8907,雨水,25.523846462858707,0.392
8908,雨水,141.75332572558145,0.071
8909,雨水,45.08639117708339,0.222
8910,雨水,19.452632589598405,0.514
8911,雨水,45.29715978953299,0.221
8913,雨水,39.067320862549586,0.256
8914,雨水,7.588586566931224,1.0
8915,雨水,75.62010413984325,0.132
8917,雨水,69.26238742047886,0.144
8918,雨水,52.261492101175286,0.191
8919,雨水,55.413896040725476,0.18
8922,雨水,4.419350118912672,1.0
8923,雨水,69.80577359896128,0.143
8924,雨水,3.6886935091971527,1.0
8925,雨水,50.366509240579944,0.199
8926,雨水,7.726586019112853,1.0
8927,雨水,33.52463637658748,0.298
8928,雨水,28.427381842443463,0.352
8930,雨水,24.555804737033483,0.407
16413,汚水,47.04198888377754,0.213
16414,汚水,44.81608034301808,0.223
16415,汚水,44.96531961649985,0.222
16416,汚水,7.474908528264853,1.0
16418,汚水,35.10157138324339,0.285
16419,汚水,28.54236204545953,0.35
16420,汚水,44.71927956912239,0.224
16421,汚水,41.12810524453995,0.243
16422,汚水,46.50248328989158,0.215
16423,汚水,16.753189101024603,0.597
16424,汚水,47.277961216925526,0.212
16425,汚水,53.63005908950998,0.186
16426,汚水,36.83260164902235,0.271
16427,汚水,32.896917517802414,0.304
16429,汚水,49.99501998326606,0.2
16430,汚水,41.1851416075749,0.243
16431,汚水,48.40525850171667,0.207
16433,汚水,30.921940366623446,0.323
16434,汚水,29.694644699795077,0.337
16435,汚水,27.005791320390596,0.37
16436,汚水,26.209906375016946,0.382
16437,汚水,39.37062281898784,0.254
16438,汚水,36.00029190156608,0.278
16440,汚水,47.607849216292564,0.21
16443,汚水,39.28068214120771,0.255
16444,汚水,26.373214601601713,0.379
16446,汚水,50.59144011795709,0.198
16447,汚水,50.277386544919274,0.199
16448,汚水,45.002534066589206,0.222
16450,汚水,56.12829192823839,0.178
16451,汚水,3.426464616394907,1.0
16452,汚水,34.05426633990612,0.294
16455,汚水,25.164029983723527,0.397
16457,汚水,24.49083281760934,0.408
16458,汚水,3.3435199160911413,1.0
16459,汚水,32.86491451153688,0.304
16460,汚水,20.02761957630719,0.499
16461,汚水,34.48553091918549,0.29
16462,汚水,15.033992816100351,0.665
16463,汚水,4.57948946475805,1.0
16464,汚水,8.691531620755768,1.0
16465,汚水,5.42727340641723,1.0
16466,汚水,22.975024669295802,0.435
16467,汚水,29.410588052308142,0.34
16468,汚水,35.97759713283101,0.278
16469,汚水,33.9276305507413,0.295
16470,汚水,10.180529081846027,0.982
16471,汚水,19.521201446756837,0.512
16472,汚水,13.656143061487494,0.732
16473,汚水,17.749608587030743,0.563
16474,汚水,5.789631500307398,1.0
16475,汚水,9.110781395782483,1.0
16476,汚水,4.737316549216902,1.0
16477,汚水,16.895429276387667,0.592
16478,汚水,3.1760196587583662,1.0
16479,汚水,18.346599870506896,0.545
16480,汚水,7.6527545770009695,1.0
16481,汚水,20.65006509030646,0.484
16482,汚水,5.520704933782669,1.0
16483,汚水,11.461824724305494,0.872
16484,汚水,6.341030268022891,1.0
16485,汚水,8.230890718877717,1.0
16486,汚水,9.70182158440684,1.0
16487,汚水,15.79600669248162,0.633
16488,汚水,16.00472665544068,0.625
16489,汚水,16.398567924078044,0.61
16490,汚水,12.139837937779696,0.824
16491,汚水,17.90688572338231,0.558
16492,汚水,12.502030007438336,0.8
16493,汚水,21.07650807679934,0.474
16494,汚水,11.42985832489296,0.875
16495,汚水,18.117393904044814,0.552
16496,汚水,12.87869744175715,0.776
16497,汚水,27.142256721970266,0.368
16498,汚水,12.572456201340337,0.795
16499,汚水,24.119076610855508,0.415
16500,汚水,38.751871540500495,0.258
16501,汚水,2.4392503059136432,1.0
16502,汚水,25.147222522602416,0.398
16503,汚水,23.244855911096113,0.43
16504,汚水,20.472005555036663,0.488
16505,汚水,5.203296621556109,1.0
16506,汚水,30.23366868713858,0.331
16507,汚水,11.583748263791943,0.863
16508,汚水,29.974859807858312,0.334
16509,汚水,31.197596443929886,0.321
16510,汚水,26.425885096343197,0.378
16511,汚水,28.801680079560228,0.347
16512,汚水,19.38617606366226,0.516
16513,汚水,41.09880572942456,0.243
16514,汚水,39.797149623994905,0.251
16515,汚水,10.627252531950042,0.941
16516,汚水,23.61038378310586,0.424
16517,汚水,19.647013571531716,0.509
16518,汚水,13.935879229370522,0.718
16519,汚水,8.590918803278562,1.0
16520,汚水,11.693327669215034,0.855
16521,汚水,28.114663952190543,0.356
16522,汚水,9.049956196932921,1.0
16523,汚水,49.93856541398721,0.2
16525,汚水,17.077970799784733,0.586
16526,汚水,31.94395001942853,0.313
16527,汚水,13.471410440787,0.742
16528,汚水,6.05903699162393,1.0
16529,汚水,10.839893245442529,0.923
16530,汚水,19.702532207167813,0.508
16531,汚水,65.78332088292726,0.152
16532,汚水,11.040007123189543,0.906
16533,汚水,14.811590148246257,0.675
16534,汚水,10.510531828527652,0.951
16535,汚水,6.963885111422219,1.0
16536,汚水,5.166176630989883,1.0
16537,汚水,20.329642960707016,0.492
16538,汚水,21.21414497218546,0.471
16539,汚水,25.098431054183543,0.398
16541,汚水,28.61288083751706,0.349
16542,汚水,50.901177936982,0.196
16543,汚水,10.078483384702961,0.992
16545,汚水,74.93104518915607,0.133
16547,汚水,16.707793316739373,0.599
16548,汚水,51.671278177432704,0.194
16549,汚水,51.16822744921042,0.195
16550,汚水,52.70956509970206,0.19
16551,汚水,20.348532100312045,0.491
16552,汚水,32.9256385602256,0.304
16555,汚水,49.901352960562,0.2
16557,汚水,50.11223647692759,0.2
16558,汚水,37.790860125552435,0.265
16559,汚水,29.905130826493767,0.334
16561,汚水,39.93845147358208,0.25
16562,汚水,39.82538285395643,0.251
16563,汚水,22.235382669646608,0.45
16564,汚水,10.261155162510992,0.975
16565,汚水,10.563333020161316,0.947
16566,汚水,30.37478321455011,0.329
16567,汚水,9.433371079112234,1.0
16568,汚水,17.415738884980282,0.574
16569,汚水,18.672530672681308,0.536
16570,汚水,21.67895372253619,0.461
16571,汚水,19.996276611482596,0.5
16572,汚水,6.691924859600937,1.0
16573,汚水,14.326925185837519,0.698
16574,汚水,22.76850536350415,0.439
16575,汚水,23.507672927006833,0.425
16576,汚水,28.88720481724185,0.346
16577,汚水,13.657041307166637,0.732
16578,汚水,32.007268339224254,0.312
16579,汚水,23.641083169420522,0.423
16580,汚水,63.113973833486604,0.158
16581,汚水,36.73266961184784,0.272
16582,汚水,26.217342695918834,0.381
16583,汚水,61.13186286768278,0.164
16584,汚水,32.269607106823265,0.31
16585,汚水,56.40607175796794,0.177
16586,汚水,36.63362593381627,0.273
16587,汚水,17.49123364339372,0.572
16588,汚水,14.797650037038874,0.676
16589,汚水,16.02727313392967,0.624
16590,汚水,24.182413949609586,0.414
16591,汚水,11.484039359403809,0.871
16592,汚水,13.745512550169622,0.728
16593,汚水,24.381723251593222,0.41
16594,汚水,54.19894872167115,0.185
16595,汚水,27.29255055309951,0.366
16596,汚水,45.236242875032204,0.221
16597,汚水,40.241647964172266,0.248
16598,汚水,11.794114638147501,0.848
16599,汚水,6.3996409225748,1.0
16600,汚水,19.288294314444748,0.518
16601,汚水,14.811826265794927,0.675
16602,汚水,23.519542443287335,0.425
16603,汚水,7.145093494498122,1.0
16604,汚水,8.881984071895166,1.0
16605,汚水,16.964744162547703,0.589
16606,汚水,23.901411858174193,0.418
16607,汚水,16.341661726564972,0.612
16608,汚水,25.30601147506903,0.395
16609,汚水,15.259263186361734,0.655
16610,汚水,27.81914497946332,0.359
16611,汚水,43.85219561178336,0.228
16612,汚水,7.005413355972319,1.0
16613,汚水,16.871284826038757,0.593
16614,汚水,31.984995211466522,0.313
16615,汚水,51.137260552833375,0.196
16616,汚水,7.413930481043592,1.0
16617,汚水,46.34260168729732,0.216
16618,汚水,44.183986115465835,0.226
16619,汚水,42.046886085093334,0.238
16620,汚水,29.355450473635454,0.341
16621,汚水,30.393072359206336,0.329
16622,汚水,38.764074649512715,0.258
16623,汚水,11.352979894302699,0.881
16624,汚水,11.739950819204838,0.852
16625,汚水,7.498525148783726,1.0
16626,汚水,29.7710309636083,0.336
16627,汚水,21.570627919939867,0.464
16628,汚水,43.06552407676015,0.232
16629,汚水,42.88912326106618,0.233
16632,汚水,2.6746308867201893,1.0
16633,汚水,34.6153227084372,0.289
16634,汚水,37.95648068331707,0.263
16635,汚水,39.73313849611799,0.252
16636,汚水,39.79560451808525,0.251
16638,汚水,6.31352201285169,1.0
16639,汚水,14.637764872284468,0.683
16640,汚水,11.908354467470721,0.84
16641,汚水,6.292001444662189,1.0
16642,汚水,4.745038399071338,1.0
16643,汚水,36.617975141087186,0.273
16644,汚水,6.663189074990585,1.0
16645,汚水,2.287327372640778,1.0
16646,汚水,13.192519874653605,0.758
16647,汚水,4.809857621008481,1.0
16648,汚水,4.152406686832407,1.0
16649,汚水,9.366678489439645,1.0
16650,汚水,33.68662557027377,0.297
16651,汚水,36.96125870521309,0.271
16652,汚水,45.76947596392913,0.218
16654,汚水,35.23334610347174,0.284
16655,汚水,12.897320134599568,0.775
16656,汚水,6.627636819954899,1.0
16657,汚水,73.23426014684566,0.137
16658,汚水,9.209405843900527,1.0
16659,汚水,26.111224812692797,0.383
16660,汚水,20.619474047451835,0.485
16661,汚水,41.025020749525545,0.244
16662,汚水,51.22865957426906,0.195
16663,汚水,8.458155089452278,1.0
16664,汚水,8.50002017053566,1.0
16665,汚水,23.295039120119622,0.429
16666,汚水,21.490746247624003,0.465
16667,汚水,15.001618419023648,0.667
16668,汚水,33.694700292955346,0.297
16669,汚水,11.123984992402768,0.899
16670,汚水,18.591672867959453,0.538
16671,汚水,16.485962732230426,0.607
16672,汚水,25.71033280278462,0.389
16673,汚水,39.89809212742836,0.251
16674,汚水,20.495075708976078,0.488
16675,汚水,4.391322002099535,1.0
16676,汚水,47.868859399766926,0.209
16678,汚水,15.54649632136278,0.643
16679,汚水,22.82418926004274,0.438
16680,汚水,12.57144614653913,0.795
16681,汚水,24.80196285003357,0.403
16682,汚水,23.28074379329029,0.43
16684,汚水,15.543226474848973,0.643
16686,汚水,36.833442613098974,0.271
16687,汚水,46.96784112170538,0.213
16688,汚水,14.136547825153517,0.707
16689,汚水,23.050384676267218,0.434
16690,汚水,31.37209700831607,0.319
16691,汚水,8.807926241585607,1.0
16692,汚水,38.97350458690491,0.257
16693,汚水,19.579080000672874,0.511
16694,汚水,40.151051217887215,0.249
16695,汚水,54.965426850687734,0.182
16696,汚水,38.55709569249031,0.259
16697,汚水,6.643871391001259,1.0
16698,汚水,5.345996015440858,1.0
16699,汚水,24.222042188635765,0.413
16700,汚水,37.88019712331061,0.264
16701,汚水,5.207978076650758,1.0
16702,汚水,19.118208509392403,0.523
16703,汚水,3.8375066156528264,1.0
16704,汚水,17.747711787560778,0.563
16705,汚水,3.633518056844538,1.0
16706,汚水,21.50641068501891,0.465
16707,汚水,2.7810224809936535,1.0
16708,汚水,6.921058126247541,1.0
16709,汚水,70.41671426470013,0.142
16710,汚水,33.16778549867859,0.301
16711,汚水,14.258408303396141,0.701
16713,汚水,19.25070529120269,0.519
16714,汚水,3.7852982388945584,1.0
16715,汚水,72.46865630636842,0.138
16716,汚水,19.930272756751855,0.502
16717,汚水,20.07996220088332,0.498
16718,汚水,16.028570366907264,0.624
16719,汚水,48.895818011186996,0.205
16720,汚水,16.049390419005807,0.623
16721,汚水,46.88287812619186,0.213
16722,汚水,46.039550917114134,0.217
16723,汚水,79.13656435256769,0.126
16724,汚水,10.044099437431893,0.996
16725,汚水,9.82405230517237,1.0
16727,汚水,15.965852177043253,0.626
16728,汚水,4.103475183959101,1.0
16729,汚水,52.79498772713044,0.189
16730,汚水,14.087010362148474,0.71
16731,汚水,53.169836663222995,0.188
16732,汚水,7.503725423119692,1.0
16733,汚水,5.130569459612805,1.0
16734,汚水,20.16804008330163,0.496
873,汚水,15.755904838443223,0.635
874,汚水,16.855971534259485,0.593
875,汚水,42.748299909818556,0.234
876,汚水,24.36855875207664,0.41
877,汚水,5.291338135542562,1.0
878,汚水,20.66586537430929,0.484
879,汚水,12.481273724610805,0.801
880,汚水,22.297792290987285,0.448
881,汚水,19.67051383246821,0.508
882,汚水,34.863830263968,0.287
883,汚水,35.23726178950823,0.284
884,汚水,154.7437089512651,0.065
885,汚水,34.563607094064956,0.289
886,汚水,39.266381501472004,0.255
887,汚水,19.166657121530957,0.522
888,汚水,19.781465252858297,0.506
889,汚水,41.86542111358042,0.239
890,汚水,29.260107508234388,0.342
891,汚水,28.27443740083684,0.354
892,汚水,37.35955682456432,0.268
893,汚水,37.79075874249812,0.265
895,汚水,34.39994758566674,0.291
896,汚水,34.46565245845533,0.29
897,汚水,35.62545236004778,0.281
898,汚水,44.53046370532659,0.225
899,汚水,31.40988815584926,0.318
900,汚水,39.72520492982884,0.252
901,汚水,47.52910976168925,0.21
902,汚水,24.151904616395285,0.414
903,汚水,26.01017819586724,0.384
904,汚水,39.20268820196581,0.255
905,汚水,38.01684810064703,0.263
906,汚水,42.90292798900313,0.233
907,汚水,8.114501480292187,1.0
908,汚水,41.974046977753105,0.238
909,汚水,43.377715342275756,0.231
910,汚水,42.77973346782824,0.234
912,汚水,32.385832529303514,0.309
913,汚水,42.1363175421439,0.237
915,汚水,54.85648233435944,0.182
916,汚水,42.62543328890748,0.235
917,汚水,43.42346083074209,0.23
918,汚水,19.965798040857845,0.501
919,汚水,19.961176971898947,0.501
920,汚水,14.445514506230655,0.692
921,汚水,9.348467912651543,1.0
922,汚水,46.52520094170783,0.215
923,汚水,7.457588562304814,1.0
924,汚水,43.73084091239945,0.229
925,汚水,32.275101031574586,0.31
926,汚水,31.87924134536381,0.314
927,汚水,31.188040018165406,0.321
928,汚水,32.95409246767227,0.303
929,汚水,44.803170528317175,0.223
930,汚水,16.14690496131047,0.619
931,汚水,11.625493818032272,0.86
932,汚水,21.100405035521632,0.474
934,汚水,20.674016297257833,0.484
935,汚水,32.99346323085809,0.303
936,汚水,36.38092551691863,0.275
937,汚水,46.081256488046684,0.217
938,汚水,32.01184485421533,0.312
939,汚水,28.82083312308976,0.347
940,汚水,45.03799864478771,0.222
941,汚水,40.27080670586953,0.248
943,汚水,14.510530236979262,0.689
944,汚水,15.010517175570644,0.666
945,汚水,9.812333156569439,1.0
946,汚水,32.692204493989664,0.306
947,汚水,35.40864459071466,0.282
948,汚水,38.26698880825007,0.261
949,汚水,14.593101159537461,0.685
950,汚水,36.87903803840754,0.271
951,汚水,4.019406228809345,1.0
952,汚水,9.10869975130269,1.0
953,汚水,15.904500299670019,0.629
954,汚水,10.366669301698806,0.965
955,汚水,21.98603108712234,0.455
956,汚水,23.254829465130076,0.43
957,汚水,16.112163181626563,0.621
958,汚水,27.2190800053164,0.367
959,汚水,6.0490186562746775,1.0
960,汚水,19.494390650550926,0.513
961,汚水,27.47851395317331,0.364
962,汚水,9.535198463132824,1.0
963,汚水,28.322310219254888,0.353
964,汚水,15.214574357140773,0.657
965,汚水,18.850216061283845,0.53
966,汚水,9.745065006943388,1.0
967,汚水,39.13888838522662,0.256
968,汚水,14.160685929712612,0.706
969,汚水,18.215652704997193,0.549
970,汚水,15.318229425386711,0.653
971,汚水,18.19082895876518,0.55
972,汚水,6.666545019378888,1.0
973,汚水,40.24451688787624,0.248
974,汚水,34.948425338841716,0.286
975,汚水,30.584985526974947,0.327
976,汚水,2.3541344675373836,1.0
977,汚水,18.697788257896498,0.535
978,汚水,18.518100748189227,0.54
979,汚水,6.914225128551903,1.0
980,汚水,20.938563821123523,0.478
981,汚水,10.413084383532427,0.96
982,汚水,13.13126056450314,0.762
983,汚水,12.075420687445982,0.828
984,汚水,58.11116792642566,0.172
985,汚水,15.445695570793713,0.647
986,汚水,36.3750805607292,0.275
987,汚水,10.122834892447166,0.988
988,汚水,2.93011184329658,1.0
989,汚水,9.069244173963808,1.0
990,汚水,16.181061930329655,0.618
991,汚水,5.6492040020951935,1.0
992,汚水,5.684572319146971,1.0
993,汚水,3.0517290624655837,1.0
994,汚水,14.22128323087939,0.703
995,汚水,30.40442827627006,0.329
996,汚水,30.836435073091586,0.324
997,汚水,28.026041402687603,0.357
998,汚水,18.13429803919079,0.551
999,汚水,66.65494755566016,0.15
1000,汚水,4.887063374728048,1.0
1001,汚水,24.0747614917187,0.415
1002,汚水,112.66125704199887,0.089
1003,汚水,5.1448636143120945,1.0
1004,汚水,12.399861639349332,0.806
1005,汚水,10.250115505011427,0.976
1006,汚水,4.509466122675352,1.0
1007,汚水,23.826868432767082,0.42
1008,汚水,10.249137419938815,0.976
1009,汚水,21.64933533783264,0.462
1010,汚水,36.14514689707592,0.277
1011,汚水,87.05027840562586,0.115
1012,汚水,15.824831692604151,0.632
1013,汚水,64.2391941702549,0.156
1014,汚水,10.612838026060341,0.942
1015,汚水,12.12133714023103,0.825
1016,汚水,53.45821615449708,0.187
1017,汚水,25.155203463519488,0.398
1018,汚水,27.247299161048243,0.367
1019,汚水,16.15868932263249,0.619
1020,汚水,31.00981650619456,0.322
1021,汚水,26.332681858236548,0.38
1022,汚水,5.565968020617964,1.0
1023,汚水,39.70905126611256,0.252
1024,汚水,44.04226299172009,0.227
1025,汚水,22.400560228954685,0.446
1026,汚水,13.929708630323036,0.718
1027,汚水,33.13515448408539,0.302
1028,汚水,32.97112452842587,0.303
1029,汚水,5.389341590116261,1.0
1030,汚水,9.528263696309413,1.0
1031,汚水,7.3206901826465165,1.0
1032,汚水,5.299528286847482,1.0
1033,汚水,64.08666107919016,0.156
1034,汚水,53.44389877134297,0.187
1035,汚水,54.255175575042486,0.184
1036,汚水,69.4287708804871,0.144
1037,汚水,87.02562649001193,0.115
1038,汚水,90.29904808943037,0.111
1039,汚水,47.230690882465254,0.212
1040,汚水,93.41495202175261,0.107
1041,汚水,5.970083974491974,1.0
1042,汚水,63.09854662555106,0.158
1043,汚水,26.623564648866296,0.376
1044,汚水,77.16402162422958,0.13
1045,汚水,7.654713065266616,1.0
1046,汚水,23.64139423347639,0.423
1047,汚水,23.867360892124818,0.419
1048,汚水,12.264685080577408,0.815
1049,汚水,6.62519139918324,1.0
1050,汚水,86.23032596262773,0.116
1051,汚水,73.6973421076553,0.136
1052,汚水,92.22213251297117,0.108
1053,汚水,99.59727502479382,0.1
1054,汚水,46.45143172375256,0.215
1055,汚水,17.563031803215992,0.569
1056,汚水,10.550282432406714,0.948
1057,汚水,12.317994611217257,0.812
1058,汚水,24.381741008796066,0.41
1059,汚水,46.39807576697053,0.216
1060,汚水,34.34667159111153,0.291
1061,汚水,6.9731499616230215,1.0
1062,汚水,5.332742928454886,1.0
1063,汚水,9.791744147081559,1.0
1064,汚水,64.93085849424573,0.154
1065,汚水,67.04314283533905,0.149
1066,汚水,111.90709742313942,0.089
1067,汚水,59.99375265194907,0.167
1068,汚水,72.11279569054483,0.139
1069,汚水,8.135790497275336,1.0
1070,汚水,6.48401128263045,1.0
1071,汚水,36.78608324881786,0.272
1072,汚水,44.57085013175915,0.224
1073,汚水,51.45545475291008,0.194
1074,汚水,99.050228896901,0.101
1075,汚水,46.4436050409492,0.215
1076,汚水,54.600823187025746,0.183
1077,汚水,67.52287329341586,0.148
1078,汚水,7.2853838317144595,1.0
1079,汚水,20.153903739426994,0.496
1080,汚水,47.47309934381784,0.211
1081,汚水,16.468329965799057,0.607
1082,汚水,6.610348595864542,1.0
1083,汚水,25.335842419336437,0.395
1084,汚水,6.943254334960638,1.0
1085,汚水,76.40880594201339,0.131
1086,汚水,78.284278097672,0.128
1087,汚水,31.145825870133518,0.321
1088,汚水,5.8972512167987965,1.0
1089,汚水,41.11655455120844,0.243
1090,汚水,56.78699103013977,0.176
1091,汚水,7.6101701766433925,1.0
1092,汚水,60.63818654547807,0.165
1093,汚水,12.236794830160617,0.817
1094,汚水,63.884944932255536,0.157
1095,汚水,65.7664418814289,0.152
1096,汚水,43.197809182106425,0.231
1097,汚水,4.093527058030305,1.0
1098,汚水,79.44101762034087,0.126
1099,汚水,38.07640258270485,0.263
1100,汚水,27.886305360587254,0.359
1101,汚水,5.4840498535852875,1.0
1102,汚水,27.84206328696478,0.359
1104,汚水,45.1608890522739,0.221
1105,汚水,5.943552829357929,1.0
1106,汚水,42.746857274485286,0.234
1107,汚水,3.17019332142323,1.0
1108,汚水,43.107267518710714,0.232
1109,汚水,47.585661276798255,0.21
1110,汚水,66.74623538315252,0.15
1111,汚水,47.416118244534,0.211
1112,汚水,75.8677372955731,0.132
1113,汚水,51.39368958633593,0.195
1114,汚水,6.791756096603498,1.0
1115,汚水,46.59254683875313,0.215
1116,汚水,29.900311616998337,0.334
1117,汚水,1.9765484188856561,1.0
1118,汚水,80.16699792826564,0.125
1119,汚水,75.5847071850127,0.132
1120,汚水,36.19963279560898,0.276
1121,汚水,40.32465133922306,0.248
1122,汚水,21.264765242344467,0.47
1123,汚水,53.69700350390109,0.186
1124,汚水,7.327468622994941,1.0
1125,汚水,60.14448518888698,0.166
1135,汚水,25.96360123514016,0.385
1136,汚水,41.69904907131537,0.24
1138,汚水,34.928589196068906,0.286
1140,汚水,8.017832284556563,1.0
1141,汚水,14.15968564039432,0.706
1142,汚水,54.88858591597689,0.182
1143,汚水,14.736295902031141,0.679
1144,汚水,7.719496440289052,1.0
1145,汚水,17.070222648258145,0.586
1146,汚水,4.807226476624486,1.0
1147,汚水,22.52763765577765,0.444
1148,汚水,40.70165855284889,0.246
1149,汚水,45.935266495831264,0.218
1150,汚水,47.649808388138624,0.21
1151,汚水,45.95481870239091,0.218
1154,汚水,62.019231513299275,0.161
1155,汚水,2.090753837629725,1.0
1156,汚水,5.9868913718377685,1.0
1157,汚水,3.758304284938726,1.0
1158,汚水,3.5098121987992954,1.0
1159,汚水,3.737980658693955,1.0
1160,汚水,33.12506683398784,0.302
1161,汚水,23.753356817407866,0.421
1163,汚水,55.65053894376781,0.18
1164,汚水,65.62669949046087,0.152
1165,汚水,4.257713753498759,1.0
1166,汚水,30.227559599411677,0.331
1167,汚水,34.149741233731135,0.293
1169,汚水,23.187327835084123,0.431
1171,汚水,45.65666838816103,0.219
1172,汚水,5.540603341028456,1.0
1173,汚水,15.675519564055284,0.638
1174,汚水,17.020906485745826,0.588
1175,汚水,29.23990120522333,0.342
1176,汚水,15.895931152499088,0.629
1177,汚水,14.204791591038367,0.704
1178,汚水,23.0779009477325,0.433
1179,汚水,9.29092306424165,1.0
1180,汚水,4.0762271659145215,1.0
1181,汚水,15.968445451156304,0.626
1183,汚水,9.108611726370151,1.0
1184,汚水,7.047162824280805,1.0
1185,汚水,25.734459411929983,0.389
1186,汚水,10.477576287507688,0.954
1187,汚水,38.05824468563702,0.263
1188,汚水,26.89194491282322,0.372
1189,汚水,3.461574887386767,1.0
1190,汚水,49.81976130735033,0.201
1191,汚水,3.8484576828031285,1.0
1192,汚水,2.2720077300001216,1.0
1193,汚水,11.798358409835215,0.848
1194,汚水,23.140118354044773,0.432
1195,汚水,36.35553272212456,0.275
1196,汚水,28.79488907308256,0.347
1197,汚水,22.455094120071,0.445
1198,汚水,42.054050085489685,0.238
1199,汚水,16.487955972660785,0.607
1200,汚水,21.19889861605352,0.472
1201,汚水,22.197593908215357,0.45
1202,汚水,15.039065181239021,0.665
16735,汚水,34.40444167617039,0.291
16736,汚水,19.31119226715167,0.518
16737,汚水,9.19160699242492,1.0
16738,汚水,8.638018547405824,1.0
16739,汚水,11.208624712689598,0.892
16740,汚水,15.275049837735041,0.655
16741,汚水,10.084160529280766,0.992
16742,汚水,15.633257771241432,0.64
16743,汚水,4.166847122810405,1.0
16744,汚水,5.500677260809863,1.0
16745,汚水,13.937905026596313,0.717
16746,汚水,8.245121729978843,1.0
16747,汚水,5.711719198765697,1.0
16748,汚水,3.3022790425633164,1.0
16749,汚水,47.35443694399118,0.211
16750,汚水,30.943501068153697,0.323
16751,汚水,26.166569473129854,0.382
16752,汚水,2.570312760478136,1.0
16753,汚水,6.126651784135295,1.0
16754,汚水,37.77269610449417,0.265
16755,汚水,39.336656829715224,0.254
16756,汚水,8.3381093359326,1.0
16757,汚水,46.322327090933875,0.216
16758,汚水,6.1344825834876975,1.0
16759,汚水,48.32517120394966,0.207
16760,汚水,20.374767274216612,0.491
16761,汚水,20.4913970677074,0.488
16762,汚水,15.305177496472083,0.653
16763,汚水,13.117053460036091,0.762
16764,汚水,5.051172757907081,1.0
16765,汚水,40.79370426103213,0.245
16766,汚水,25.432526248085573,0.393
16767,汚水,99.06826444590173,0.101
16768,汚水,4.873146580363088,1.0
16769,汚水,39.00601993857421,0.256
16770,汚水,12.207345750642354,0.819
16771,汚水,17.145871016642243,0.583
16772,汚水,36.59364081258281,0.273
16773,汚水,6.975193563453245,1.0
16774,汚水,6.009326644298432,1.0
16775,汚水,37.40203766489896,0.267
16776,汚水,11.696757812248897,0.855
16777,汚水,34.24259560532253,0.292
16778,汚水,29.990803098393602,0.333
16779,汚水,19.29915981825202,0.518
16780,汚水,40.935886827164936,0.244
16781,汚水,24.784787607119323,0.403
16782,汚水,31.48081423316194,0.318
16783,汚水,24.448104983138872,0.409
16784,汚水,43.28847680137876,0.231
16785,汚水,11.843271702068058,0.844
16786,汚水,6.652609207600671,1.0
16787,汚水,21.43921842893336,0.466
16788,汚水,2.9316067935198626,1.0
16789,汚水,16.945762911396347,0.59
16790,汚水,10.724278226730627,0.932
16791,汚水,11.21316892927816,0.892
16792,汚水,7.9965244437977905,1.0
16793,汚水,23.179816283481426,0.431
16794,汚水,28.71798932107501,0.348
16795,汚水,36.71919158625344,0.272
16796,汚水,2.7530017469119503,1.0
16797,汚水,4.056841119273623,1.0
16798,汚水,9.865375089957942,1.0
16799,汚水,13.652110793332758,0.732
16800,汚水,9.446780921884985,1.0
16801,汚水,15.506917579630747,0.645
16802,汚水,7.741909969762276,1.0
16803,汚水,32.863297495452144,0.304
16804,汚水,16.490375088950813,0.606
16805,汚水,31.52302358293749,0.317
16806,汚水,30.46852454476688,0.328
16807,汚水,31.899939694360956,0.313
16808,汚水,61.318234927951416,0.163
16809,汚水,2.6632171854250153,1.0
16810,汚水,10.826779354254029,0.924
16811,汚水,7.26327271987765,1.0
16812,汚水,19.723215431519318,0.507
16813,汚水,4.748276773483649,1.0
16815,汚水,12.850909674571366,0.778
16816,汚水,4.690429971673979,1.0
16817,汚水,10.830009999483085,0.923
16818,汚水,8.47830558664081,1.0
16819,汚水,2.297617349325363,1.0
16820,汚水,5.2886092047449855,1.0
16822,汚水,42.76219934579158,0.234
16823,汚水,49.34119726281019,0.203
16824,汚水,58.89758091754648,0.17
16825,汚水,33.76468460349052,0.296
16826,汚水,3.4690666508340677,1.0
16827,汚水,10.813240030951565,0.925
16829,汚水,4.324429207473225,1.0
16830,汚水,5.876443061456305,1.0
16831,汚水,2.7428187639700528,1.0
16832,汚水,6.936099135857298,1.0
16833,汚水,5.499016831981183,1.0
16834,汚水,9.320375390163573,1.0
16835,汚水,4.706096852352345,1.0
16836,汚水,10.854134882506244,0.921
16837,汚水,11.85217239737389,0.844
16838,汚水,62.417526280906024,0.16
16839,汚水,16.925206793800587,0.591
16840,汚水,4.212732975086826,1.0
16841,汚水,15.391857731733863,0.65
16842,汚水,7.675434793519338,1.0
16843,汚水,15.16623007372478,0.659
16844,汚水,21.23823608966025,0.471
16845,汚水,12.565587959162485,0.796
16846,汚水,15.496649017958905,0.645
16847,汚水,12.802379170237069,0.781
16848,汚水,10.447097006397774,0.957
16849,汚水,5.755422116725424,1.0
16850,汚水,8.290674133135312,1.0
16851,汚水,7.881463726486525,1.0
16852,汚水,12.901885604487832,0.775
16853,汚水,10.50755273277002,0.952
16854,汚水,4.530012269482496,1.0
16855,汚水,19.296226475880925,0.518
16856,汚水,11.070305269131714,0.903
16857,汚水,7.038196582361248,1.0
16858,汚水,6.725363396194557,1.0
16859,汚水,8.411051134821177,1.0
16860,汚水,6.927220204855967,1.0
16861,汚水,2.6246165302805946,1.0
16862,汚水,7.397089552378684,1.0
16863,汚水,5.330554452143533,1.0
16865,汚水,4.473197002922092,1.0
16866,汚水,6.821853304692768,1.0
16867,汚水,15.12173231933283,0.661
16868,汚水,7.678515566593603,1.0
16869,汚水,22.398904003092074,0.446
16870,汚水,14.151883385957255,0.707
16871,汚水,9.003826097193317,1.0
16872,汚水,4.415266475679961,1.0
16873,汚水,10.870815700766792,0.92
16874,汚水,24.112466818140806,0.415
16875,汚水,37.78948184433856,0.265
16876,汚水,4.035166476656118,1.0
16877,汚水,14.416931305355627,0.694
16878,汚水,14.894020256134146,0.671
16879,汚水,32.021789467968816,0.312
16880,汚水,5.125993120896221,1.0
16881,汚水,19.28226738039653,0.519
16882,汚水,85.93527949875858,0.116
16883,汚水,10.871094266533248,0.92
16884,汚水,27.818389901802632,0.359
16885,汚水,7.841654054025421,1.0
16886,汚水,2.6362524976224955,1.0
16887,汚水,11.819897277045285,0.846
16889,汚水,18.728620607563105,0.534
16890,汚水,2.5566051087487507,1.0
16891,汚水,32.3376914184395,0.309
16892,汚水,2.6737394431215913,1.0
16893,汚水,17.32387975236981,0.577
16894,汚水,2.4853571160347543,1.0
16895,汚水,12.720489226501416,0.786
16896,汚水,14.819453044131192,0.675
16897,汚水,2.3282274192629577,1.0
16898,汚水,5.67264161352654,1.0
16899,汚水,63.51333133001963,0.157
16900,汚水,43.60859472143622,0.229
16901,汚水,3.6076773054238123,1.0
16902,汚水,86.49773990814725,0.116
16903,汚水,41.63883156538087,0.24
16904,汚水,6.466946676132054,1.0
16905,汚水,22.97326678316112,0.435
16906,汚水,8.165964177157027,1.0
16907,汚水,45.01422676329298,0.222
16908,汚水,6.964111573285161,1.0
16909,汚水,40.405561988333965,0.247
16910,汚水,3.591782243832643,1.0
16911,汚水,4.875361243476369,1.0
16912,汚水,48.126680111854334,0.208
16913,汚水,49.94279758139867,0.2
16914,汚水,23.217640871399883,0.431
16915,汚水,2.4835147736780407,1.0
16916,汚水,13.475691034174709,0.742
16917,汚水,62.86699922595547,0.159
16918,汚水,70.74940604567959,0.141
16919,汚水,14.808637857260067,0.675
16920,汚水,15.946122168408069,0.627
16921,汚水,49.870093669700296,0.201
16922,汚水,57.30613112012882,0.175
16923,汚水,8.199850596667858,1.0
16924,汚水,5.274279565062382,1.0
16925,汚水,28.521932428116497,0.351
16926,汚水,26.267998034779787,0.381
16927,汚水,24.510195174579344,0.408
16928,汚水,52.07129556035083,0.192
16929,汚水,51.93249639162241,0.193
16930,汚水,33.05625294680695,0.303
16932,汚水,34.98994081858639,0.286
16933,汚水,6.12820759228816,1.0
16934,汚水,4.799650276505372,1.0
16935,汚水,6.600730611214474,1.0
16936,汚水,15.427082300467406,0.648
16937,汚水,28.74326195287359,0.348
16938,汚水,11.444416107744884,0.874
16939,汚水,16.799660189558235,0.595
16940,汚水,54.54322314096322,0.183
16941,汚水,18.89771800128697,0.529
16942,汚水,4.166741993224521,1.0
16943,汚水,7.648236036712464,1.0
16944,汚水,4.440444747512558,1.0
16945,汚水,7.832777670769812,1.0
16946,汚水,8.519367805225427,1.0
16947,汚水,14.366141100564217,0.696
16948,汚水,6.033041291175321,1.0
16949,汚水,5.038841458680906,1.0
16950,汚水,14.059191127511987,0.711
16951,汚水,8.601404725302416,1.0
16952,汚水,11.197494210673154,0.893
16953,汚水,4.544185845811228,1.0
16954,汚水,10.496233547371721,0.953
16955,汚水,6.317757963445329,1.0
16956,汚水,6.076440524538996,1.0
16957,汚水,6.2789254928301395,1.0
16958,汚水,10.024899298060785,0.998
16959,汚水,11.397781126074431,0.877
16960,汚水,12.247105989068594,0.817
16961,汚水,6.850746418651166,1.0
16962,汚水,1.9735388831413174,1.0
16963,汚水,14.810214906178423,0.675
16964,汚水,20.185562432820895,0.495
16965,汚水,24.183836122724138,0.413
16966,汚水,21.766744291860245,0.459
16967,汚水,62.809017203015486,0.159
16968,汚水,10.23586336432256,0.977
16969,汚水,3.924086073222803,1.0
16970,汚水,4.954703932797713,1.0
16971,汚水,11.311076179087635,0.884
16972,汚水,17.42467641562375,0.574
16973,汚水,10.755041127459908,0.93
16974,汚水,12.869949989503999,0.777
16975,汚水,10.638387210449643,0.94
16976,汚水,3.6080668423625095,1.0
16977,汚水,25.666491305771164,0.39
8832,汚水,54.50820508059796,0.183
8831,汚水,57.050442866261726,0.175
16980,汚水,6.071256399919317,1.0
16981,汚水,12.07754171590294,0.828
16982,汚水,13.501713187140185,0.741
16983,汚水,4.032973277923068,1.0
16984,汚水,5.588808685254997,1.0
16985,汚水,15.42415122666592,0.648
16986,汚水,10.264030220716524,0.974
16987,汚水,3.2353116026138022,1.0
16988,汚水,4.702592414172307,1.0
16989,汚水,3.9453835017879335,1.0
16990,汚水,1.9989416627977625,1.0
16991,汚水,33.94376010673932,0.295
16992,汚水,43.20629246306458,0.231
16993,汚水,5.497869772705309,1.0
16994,汚水,12.06647324252085,0.829
16995,汚水,3.988344976598176,1.0
16996,汚水,19.399342962116286,0.515
16997,汚水,15.909013868994707,0.629
16998,汚水,36.35097153011529,0.275
16999,汚水,5.308969840986542,1.0
17000,汚水,53.417166380817434,0.187
17001,汚水,57.751149913507696,0.173
17002,汚水,40.952753548999574,0.244
17003,汚水,11.66391174547543,0.857
17004,汚水,30.74866540300195,0.325
17005,汚水,11.325877528223838,0.883
17006,汚水,16.591611437326478,0.603
17007,汚水,17.220216920437505,0.581
17008,汚水,3.698846805966803,1.0
17009,汚水,11.95180196149885,0.837
17010,汚水,2.3282119208701832,1.0
17012,汚水,4.9743169038957245,1.0
17013,汚水,5.320925971641906,1.0
17014,汚水,7.645271873247594,1.0
17015,汚水,6.583773700928328,1.0
17016,汚水,4.909825488535277,1.0
17017,汚水,3.7906993136962885,1.0
17018,汚水,12.59226926265823,0.794
17019,汚水,2.0160247602228156,1.0
17020,汚水,5.373555001641952,1.0
17021,汚水,10.436900218772848,0.958
17022,汚水,57.3658901795859,0.174
17023,汚水,3.980875197628185,1.0
17024,汚水,14.00707127145365,0.714
17025,汚水,6.408417189683783,1.0
17026,汚水,2.1843985253041645,1.0
17027,汚水,12.205206199453027,0.819
17028,汚水,2.435418887818048,1.0
17029,汚水,12.872629572823222,0.777
17030,汚水,32.05248541336942,0.312
17031,汚水,21.400705054599136,0.467
17032,汚水,7.171209969534338,1.0
17033,汚水,7.383691028061557,1.0
17034,汚水,11.16966572835871,0.895
17035,汚水,61.70147478556087,0.162
17036,汚水,27.53144821243469,0.363
17037,汚水,5.46798065090468,1.0
17038,汚水,28.900267437956288,0.346
17039,汚水,1.9446920551885,1.0
17040,汚水,4.459760485159942,1.0
17041,汚水,18.19945864600364,0.549
17042,汚水,4.172908067259879,1.0
17043,汚水,7.719125473529024,1.0
17044,汚水,16.928993775965605,0.591
17045,汚水,6.24851468804351,1.0
17046,汚水,4.958238674689537,1.0
17047,汚水,2.6237374741107784,1.0
17048,汚水,4.06646207949166,1.0
17049,汚水,3.1572715495959587,1.0
17050,汚水,6.8382115163776485,1.0
17051,汚水,24.133895212837114,0.414
17052,汚水,3.03597715529959,1.0
17053,汚水,17.124061653631696,0.584
17054,汚水,15.525846297599406,0.644
17055,汚水,19.857054088862004,0.504
17056,汚水,1.930116223291249,1.0
8931,雨水,39.573299323121404,0.253
8932,雨水,17.35518843368493,0.576
8933,雨水,67.54326138995852,0.148
8935,雨水,28.446540205673564,0.352
8936,雨水,25.05211613259843,0.399
8937,雨水,69.23214851671068,0.144
8939,雨水,69.546972102348,0.144
8940,雨水,19.268688224738636,0.519
8941,雨水,68.99097761511419,0.145
8942,雨水,57.554256955322714,0.174
8944,雨水,40.006987083119775,0.25
8945,雨水,2.8724360860576033,1.0
8947,雨水,67.44535523029538,0.148
8948,雨水,35.95712959820996,0.278
8949,雨水,50.270576288555375,0.199
8950,雨水,1214.2861061817646,0.008
8951,雨水,7.264659937013381,1.0
8955,雨水,37.14209750555032,0.269
8956,雨水,34.857354223676275,0.287
8957,雨水,30.809165985480558,0.325
8958,汚水,50.51581012722161,0.198
8959,汚水,64.06624582664298,0.156
8960,汚水,46.26604499835345,0.216
8961,汚水,80.96017585902489,0.124
8962,汚水,10.210618531481684,0.979
8963,汚水,36.878123695462,0.271
8964,汚水,29.160897560577684,0.343
8965,汚水,16.38378849083283,0.61
8966,汚水,8.924775852961965,1.0
8967,汚水,11.550887755241424,0.866
8968,汚水,61.800934742435174,0.162
8969,汚水,63.00490032301478,0.159
8970,汚水,52.10412268051544,0.192
8971,汚水,12.53870362607817,0.798
8972,汚水,6.980577244066239,1.0
8974,汚水,17.11287490972317,0.584
8975,汚水,15.585426285915243,0.642
8976,汚水,21.29847840016073,0.47
8977,汚水,38.800670849370476,0.258
8978,汚水,25.652877258213802,0.39
8979,汚水,25.0250306994759,0.4
8980,汚水,31.89219381690259,0.314
8981,汚水,43.39666033863381,0.23
8982,汚水,20.537309306657946,0.487
8983,汚水,36.42908931867449,0.275
8984,汚水,38.979387860570604,0.257
8985,汚水,53.768049919199754,0.186
8986,汚水,42.529392770528254,0.235
8987,汚水,93.2996933193137,0.107
8988,汚水,46.106214486230556,0.217
8989,汚水,11.084423589523167,0.902
8990,汚水,34.32282614521945,0.291
8991,汚水,34.59550881988723,0.289
8992,汚水,9.089318522896702,1.0
8993,汚水,9.622578662136823,1.0
8994,汚水,41.44476931435803,0.241
8995,汚水,82.20488319720887,0.122
8996,汚水,14.336766404933956,0.698
8997,汚水,19.023466084482546,0.526
8998,汚水,5.312517696166556,1.0
8999,汚水,9.144868922866577,1.0
9000,汚水,8.376405959059788,1.0
9001,汚水,13.568001743427638,0.737
9002,汚水,128.58167421643194,0.078
9003,汚水,131.48022275136378,0.076
9004,汚水,37.627003131100906,0.266
9005,汚水,14.034279348983656,0.713
9006,汚水,19.148421594361142,0.522
9007,汚水,33.8094072342979,0.296
9008,汚水,43.27312705010936,0.231
9009,汚水,36.708227686434284,0.272
9010,汚水,12.769627337712384,0.783
9011,汚水,31.698396710800644,0.315
9013,汚水,25.888650279244555,0.386
9014,汚水,13.741685490684356,0.728
9015,汚水,12.916145462504568,0.774
9016,汚水,38.29690532734561,0.261
9017,汚水,21.295942911713357,0.47
9018,汚水,24.4524802941562,0.409
9019,汚水,19.041192914468926,0.525
9020,汚水,22.011964888393866,0.454
9021,汚水,5.637982076533793,1.0
9022,汚水,116.5799879984601,0.086
9023,汚水,99.74640521109166,0.1
9024,汚水,13.929783863533533,0.718
9025,汚水,56.30214952987208,0.178
9026,汚水,39.10687906717878,0.256
9027,汚水,9.968431691335592,1.0
9028,汚水,11.852722429892392,0.844
9029,汚水,28.228356522324553,0.354
9030,汚水,56.177199459831144,0.178
9031,汚水,48.60701440821471,0.206
9032,汚水,62.17242579738988,0.161
9033,汚水,101.98532405568311,0.098
9034,汚水,42.766131068559055,0.234
9035,汚水,42.818378739319485,0.234
9036,汚水,9.152767733010633,1.0
9037,汚水,47.36348151135995,0.211
9038,汚水,49.99005314428984,0.2
9039,汚水,26.817912228210442,0.373
9040,汚水,11.055598457740944,0.905
9041,汚水,41.81788633188307,0.239
9042,汚水,90.69616613732401,0.11
9043,汚水,68.0829330919242,0.147
9044,汚水,50.303373096626416,0.199
9045,汚水,25.573457809322584,0.391
9046,汚水,31.715081080354466,0.315
9047,汚水,43.02238146479823,0.232
9048,汚水,42.25338459656849,0.237
9049,汚水,25.93715376792666,0.386
9050,汚水,38.69492551648104,0.258
9051,汚水,42.81670392193072,0.234
9052,汚水,33.8122076910755,0.296
9053,汚水,33.21681188660509,0.301
9054,汚水,39.43424011651968,0.254
9055,汚水,72.80363610669959,0.137
9080,汚水,9.259712946929662,1.0
9081,汚水,33.53366661879374,0.298
9082,汚水,34.85566645282607,0.287
9083,汚水,47.93215271780774,0.209
9084,汚水,35.751768233722366,0.28
9085,汚水,15.523008822648531,0.644
9086,汚水,22.53670920018071,0.444
9087,汚水,25.384510949031878,0.394
9088,汚水,1.7090906970086035,1.0
9089,汚水,43.78714382628273,0.228
9090,汚水,33.81511271547466,0.296
9091,汚水,15.919672662345162,0.628
9092,汚水,39.37092214673504,0.254
9093,汚水,38.69973431373727,0.258
9094,汚水,9.68972931016974,1.0
9095,汚水,47.02627884704957,0.213
9096,汚水,50.193344317863286,0.199
9097,汚水,41.30198340192544,0.242
9098,汚水,34.9096074724013,0.286
9099,汚水,17.115679121909636,0.584
9100,汚水,118.10436570194382,0.085
9101,汚水,34.78956774955653,0.287
9102,汚水,25.704093813685503,0.389
9103,汚水,49.558244874358664,0.202
9104,汚水,28.685005269408837,0.349
9105,汚水,23.97520192124451,0.417
9106,汚水,28.550626604257744,0.35
9107,汚水,51.01512039982326,0.196
9108,汚水,20.030538966934362,0.499
9109,汚水,43.77735826174457,0.228
9110,汚水,44.64846012537815,0.224
9111,汚水,10.697396654185798,0.935
9112,汚水,44.3603331685809,0.225
9113,汚水,31.464497403774732,0.318
9114,汚水,21.21434557133506,0.471
9115,汚水,41.66968555051378,0.24
9116,汚水,77.07499988908161,0.13
9117,汚水,32.526129368656775,0.307
9118,汚水,42.309624102009415,0.236
9119,汚水,23.764002210499868,0.421
9120,汚水,26.578648737534177,0.376
9121,汚水,55.95023252193515,0.179
9122,汚水,37.299671082927055,0.268
9123,汚水,71.27088937552202,0.14
9124,汚水,28.756383408467947,0.348
9125,汚水,47.05529353663626,0.213
9126,汚水,13.553628610536911,0.738
9127,汚水,35.1808045288731,0.284
9128,汚水,48.77105506224454,0.205
9129,汚水,17.72586829524206,0.564
9130,汚水,75.82090576761233,0.132
9133,汚水,15.92940166708119,0.628
9134,汚水,24.702988442849392,0.405
9136,汚水,58.054979753522915,0.172
9138,汚水,4.1146311991851,1.0
9139,汚水,74.27227625230573,0.135
9140,汚水,27.391320062195906,0.365
9141,汚水,34.04954423382137,0.294
9142,汚水,41.085459701862,0.243
9143,汚水,31.171061654650412,0.321
9144,汚水,32.95571883622473,0.303
9146,汚水,55.33885388120864,0.181
9147,汚水,48.99705364746134,0.204
9148,汚水,18.609289480603266,0.537
9149,汚水,52.90982232656847,0.189
9150,汚水,46.35347953403012,0.216
9151,汚水,20.66822779354383,0.484
9152,汚水,22.209562454077464,0.45
9153,汚水,26.825553336471792,0.373
9154,汚水,44.378549666838595,0.225
9155,汚水,5.528873831324826,1.0
9156,汚水,26.1888957416236,0.382
9157,汚水,29.62927807770314,0.338
9158,汚水,44.65647203392763,0.224
9159,汚水,16.670803730743447,0.6
9160,汚水,48.9497318192352,0.204
9161,汚水,47.11901473685803,0.212
9162,汚水,27.873826066683705,0.359
9163,汚水,24.12258913659026,0.415
9164,汚水,48.22121849593992,0.207
9165,汚水,59.59949708489894,0.168
9166,汚水,38.50438029506826,0.26
9167,汚水,43.070089547950715,0.232
9168,汚水,42.214730157123945,0.237
9169,汚水,56.80842313253578,0.176
9170,汚水,48.39973724557282,0.207
9171,汚水,28.393318803067093,0.352
9172,汚水,27.029748524569108,0.37
9173,汚水,21.353429825895862,0.468
9174,汚水,127.45572172165642,0.078
9175,汚水,60.65476986049599,0.165
9176,汚水,52.71791585580523,0.19
9177,汚水,28.490893824909392,0.351
9178,汚水,24.084115383412236,0.415
9179,汚水,30.3285198744124,0.33
9180,汚水,30.39001826355814,0.329
9181,汚水,31.64829332648945,0.316
9182,汚水,14.04586686469659,0.712
9183,汚水,42.70584474837677,0.234
9184,汚水,36.14761076297637,0.277
9185,汚水,46.356075408198606,0.216
9186,汚水,44.047759015185335,0.227
9187,汚水,98.45067868247716,0.102
9188,汚水,49.91427623161526,0.2
9189,汚水,45.121268347714945,0.222
9190,汚水,89.06308532816351,0.112
9191,汚水,20.308257792229107,0.492
9192,汚水,36.283749343009944,0.276
9193,汚水,45.38694970311606,0.22
9194,汚水,86.1729799047032,0.116
9195,汚水,22.242478851248624,0.45
9196,汚水,29.245821971243927,0.342
9197,汚水,32.00234340025987,0.312
9198,汚水,61.25458289648011,0.163
9199,汚水,50.8891105045107,0.197
9200,汚水,51.91018882603599,0.193
9201,汚水,64.85043711044702,0.154
9202,汚水,54.2001499825165,0.185
9203,汚水,53.95617093532388,0.185
9204,汚水,75.79214635473959,0.132
9205,汚水,64.90285800871617,0.154
9206,汚水,52.81691173102309,0.189
9207,汚水,74.2714885872741,0.135
9208,汚水,51.73405170241731,0.193
9209,汚水,61.38497346472458,0.163
9210,汚水,17.27612312550877,0.579
9211,汚水,44.97665570642669,0.222
9212,汚水,65.79202067748425,0.152
9213,汚水,70.77445388745569,0.141
9214,汚水,44.837405813223235,0.223
9215,汚水,72.75215593415285,0.137
9216,汚水,39.9582823864404,0.25
9217,汚水,46.69963602406939,0.214
9218,汚水,52.44030251138088,0.191
9219,汚水,59.75226962009859,0.167
9220,汚水,30.33000064756799,0.33
9221,汚水,42.19295804291879,0.237
9222,汚水,36.97214916285362,0.27
9223,汚水,28.18341883760302,0.355
9224,汚水,48.65060751667438,0.206
9225,汚水,2.7821978721836564,1.0
9226,汚水,22.413304953065296,0.446
9227,汚水,45.37272028900391,0.22
9228,汚水,17.769617580978014,0.563
9229,汚水,49.95531161641971,0.2
9230,汚水,16.1369758738073,0.62
9231,汚水,26.43412398683418,0.378
9232,汚水,50.19457947735175,0.199
9233,汚水,52.376244201757935,0.191
9234,汚水,38.712868482033585,0.258
9235,汚水,32.83166498310585,0.305
9236,汚水,49.612821004831986,0.202
9237,汚水,61.87148397811162,0.162
9238,汚水,43.591717713147,0.229
9239,汚水,60.03684000762744,0.167
9240,汚水,40.49637266539605,0.247
9241,汚水,44.77796777288597,0.223
9242,汚水,46.322180218458485,0.216
9243,汚水,41.77289131902447,0.239
9244,汚水,44.85713691927828,0.223
9245,汚水,45.90440662482236,0.218
9246,汚水,43.122690473640176,0.232
9247,汚水,42.00435090603589,0.238
9248,汚水,60.19972556940239,0.166
9249,汚水,16.650701044363082,0.601
9250,汚水,38.59425287948301,0.259
9251,汚水,46.85322783852451,0.213
9252,汚水,95.83287239560444,0.104
9253,汚水,68.92062934481156,0.145
9254,汚水,59.4861573618587,0.168
9255,汚水,47.1355067179602,0.212
9256,汚水,15.843063926499191,0.631
9257,汚水,53.17880437130476,0.188
9258,汚水,53.03443866545077,0.189
9259,汚水,72.40710547707927,0.138
9260,汚水,120.93145735100678,0.083
9261,汚水,5.034130557251376,1.0
9262,汚水,4.220815954055298,1.0
9263,汚水,54.12269548959605,0.185
9264,雨水,41.280078236257616,0.242
9265,雨水,26.359687725110216,0.379
9266,雨水,10.1170752308692,0.988
9267,汚水,132.46088467661374,0.075
9268,汚水,29.65470801082541,0.337
9269,汚水,26.409390227498065,0.379
9270,汚水,6.896906494240506,1.0
9271,汚水,43.965048664665844,0.227
9272,汚水,7.558221992224112,1.0
9273,汚水,10.871212376230432,0.92
9274,汚水,60.660165070572276,0.165
9276,汚水,10.343810663620033,0.967
9277,汚水,32.69703910941571,0.306
9279,汚水,63.515569464425525,0.157
1203,汚水,41.41021285448177,0.241
1204,汚水,41.12078478394177,0.243
1205,汚水,82.94954595931962,0.121
1206,汚水,33.57245621685569,0.298
1207,汚水,67.30538040956907,0.149
1208,汚水,4.223366709269622,1.0
1209,汚水,5.307951998496316,1.0
1210,汚水,7.748420278188718,1.0
1211,汚水,10.694568269269993,0.935
1227,汚水,33.040098937434124,0.303
1228,汚水,3.9300145073887043,1.0
1229,汚水,9.97647744300956,1.0
1230,汚水,19.374638322170433,0.516
1231,汚水,12.287814478496315,0.814
1232,汚水,14.867961104949313,0.673
1233,汚水,45.04171481628146,0.222
1234,汚水,12.372343609320971,0.808
1235,汚水,13.996897640970783,0.714
1236,汚水,5.671254274705525,1.0
1237,汚水,23.84472860495084,0.419
1238,汚水,12.9254026605759,0.774
1240,汚水,23.1122584374597,0.433
1241,汚水,26.277367093600827,0.381
1242,汚水,11.873499235520645,0.842
1243,汚水,7.849920810641827,1.0
1244,汚水,22.246012471172538,0.45
1245,汚水,24.32343933931324,0.411
1246,汚水,48.090013519091094,0.208
1247,汚水,9.692527019612179,1.0
1248,汚水,38.372884112295175,0.261
1249,汚水,4.079689727324094,1.0
1250,汚水,10.446488503561767,0.957
1251,汚水,10.872908852923066,0.92
1252,汚水,8.652716243405337,1.0
1253,汚水,34.75492408974057,0.288
1254,汚水,18.126199440909765,0.552
1255,汚水,8.985405008395118,1.0
1256,汚水,29.424480220191743,0.34
1257,汚水,37.458147517799496,0.267
1258,汚水,41.04392643122214,0.244
1259,汚水,25.119928894547556,0.398
1260,汚水,28.419180238475565,0.352
1261,汚水,3.30340733793355,1.0
1262,汚水,15.547335236297965,0.643
1263,汚水,27.65883736000353,0.362
1265,汚水,22.095050421773156,0.453
1266,汚水,29.93017929269015,0.334
1267,汚水,31.360008437780426,0.319
1268,汚水,8.396429401234322,1.0
1269,汚水,52.43281075191856,0.191
1270,汚水,14.693850322849702,0.681
1271,汚水,14.356755824612122,0.697
1272,汚水,36.909078032000835,0.271
1273,汚水,40.097737596974035,0.249
1274,汚水,5.786622524889327,1.0
1275,汚水,35.4738286488246,0.282
1276,汚水,37.407929009000284,0.267
1277,汚水,15.674004013692594,0.638
1278,汚水,12.264507316497687,0.815
1279,汚水,14.752294432763204,0.678
1280,汚水,26.87374705441748,0.372
1281,汚水,13.76329075172353,0.727
1282,汚水,31.806108223357977,0.314
1283,汚水,48.157346628268336,0.208
1284,汚水,7.796473656257264,1.0
1285,汚水,14.105672888103443,0.709
1286,汚水,48.53601919791841,0.206
1287,汚水,18.255153634335205,0.548
1288,汚水,33.108853606853515,0.302
1289,汚水,11.760633699853011,0.85
1290,汚水,29.082716547848012,0.344
1292,汚水,48.68575746332156,0.205
1293,汚水,9.032488182130503,1.0
1294,汚水,29.644356304417986,0.337
1295,汚水,18.19526908007529,0.55
1296,汚水,25.180134979583247,0.397
1299,汚水,8.916034626278023,1.0
1300,汚水,46.10996612817802,0.217
1301,汚水,30.39879047038745,0.329
1302,汚水,34.52863144977141,0.29
1303,汚水,35.62737679877041,0.281
1304,汚水,45.18504620095205,0.221
1305,汚水,4.593165612549636,1.0
1306,汚水,26.5933071039968,0.376
1307,汚水,26.93163808361734,0.371
1308,汚水,27.010985684140827,0.37
1309,汚水,30.521097172462497,0.328
1310,汚水,13.674185948151399,0.731
1311,汚水,48.85410009511172,0.205
1312,汚水,28.160283994263896,0.355
1313,汚水,7.234341228549886,1.0
1314,汚水,20.094995848673214,0.498
1315,汚水,30.727883386594172,0.325
1316,汚水,37.506174151231534,0.267
1317,汚水,14.554810097316262,0.687
1318,汚水,9.33967720942694,1.0
1319,汚水,6.252903171454452,1.0
1320,汚水,23.21623126999667,0.431
1321,汚水,5.812109618066023,1.0
1322,汚水,19.275249064118558,0.519
1323,汚水,19.218262162507827,0.52
1324,汚水,11.366992355090526,0.88
1325,汚水,3.077329203414944,1.0
1326,汚水,5.524091490851078,1.0
1327,汚水,7.461807246829982,1.0
1328,汚水,27.46600121816961,0.364
1329,汚水,17.372305504502986,0.576
1330,汚水,9.254643418517983,1.0
1333,汚水,4.360998341776256,1.0
1334,汚水,10.426523203461988,0.959
1335,汚水,55.60561930419602,0.18
1336,汚水,67.14282109317884,0.149
1337,汚水,62.985823948566654,0.159
1338,汚水,56.77480536484131,0.176
1339,汚水,27.820141727802717,0.359
1340,汚水,11.787480331191562,0.848
1341,汚水,43.38305484794071,0.231
1342,汚水,13.504390893687086,0.74
1343,汚水,18.76773693460861,0.533
1344,汚水,62.92697770518316,0.159
1345,汚水,33.560497576946545,0.298
1346,汚水,5.237484797747765,1.0
1347,汚水,28.083884735951674,0.356
1348,汚水,42.089106038442296,0.238
1349,汚水,13.534854537553437,0.739
1350,汚水,15.215458645638455,0.657
1351,汚水,20.06042807185824,0.498
1352,汚水,11.8703403718953,0.842
1353,汚水,82.36859953473152,0.121
1354,汚水,72.79398082014802,0.137
1355,汚水,23.965062926497204,0.417
1356,汚水,102.43564938201759,0.098
1357,汚水,94.35159372087725,0.106
1358,汚水,50.65425947415385,0.197
1359,汚水,64.17170866676013,0.156
1360,汚水,40.09385901735151,0.249
1361,汚水,40.195086183653174,0.249
1362,汚水,37.86610938709677,0.264
1363,汚水,44.59425514903107,0.224
1364,汚水,42.97140686030142,0.233
1365,汚水,15.122385371838163,0.661
1366,汚水,22.904864501970053,0.437
1367,汚水,21.174859532885748,0.472
1368,汚水,60.33087341859925,0.166
1369,汚水,56.4658018082941,0.177
1370,汚水,61.46514190344296,0.163
1371,汚水,57.99106570542246,0.172
1372,汚水,14.162766828793952,0.706
1373,汚水,21.04205447382211,0.475
1374,汚水,19.836507438821613,0.504
1375,汚水,36.899904703251096,0.271
1376,汚水,3.9110679169032085,1.0
1377,汚水,9.134573279464798,1.0
1378,汚水,40.97317011660461,0.244
1379,汚水,54.45405171439332,0.184
1380,汚水,59.722259252504436,0.167
1381,汚水,4.018537696579175,1.0
1382,汚水,42.05447557506498,0.238
1383,汚水,28.763751397852946,0.348
1384,汚水,51.030353231776154,0.196
1385,汚水,41.4546110578957,0.241
1386,汚水,22.168363251415325,0.451
1387,汚水,51.221164381646794,0.195
1388,汚水,5.075392728116685,1.0
1389,汚水,39.64987276141091,0.252
1390,汚水,4.020467813272107,1.0
1391,汚水,27.70607336754697,0.361
1392,汚水,31.22220777675518,0.32
1393,汚水,5.035438976150228,1.0
1394,汚水,56.57693852343428,0.177
1395,汚水,54.53520949145764,0.183
1396,汚水,6.29938904831299,1.0
1397,汚水,23.98858529699816,0.417
1398,汚水,23.73067157484119,0.421
1399,汚水,31.800991271116217,0.314
1400,汚水,51.85638106750225,0.193
1401,汚水,5.779632499916817,1.0
1402,汚水,25.4925014576024,0.392
1403,汚水,28.321467234426173,0.353
1404,汚水,21.812117075547267,0.458
1405,汚水,5.1901680166064095,1.0
1406,汚水,62.94198055438348,0.159
1407,汚水,46.00447567889084,0.217
1408,汚水,3.798314567972281,1.0
1409,汚水,7.2455572563752995,1.0
1410,汚水,27.963463228157757,0.358
1411,汚水,38.37886231400792,0.261
1412,汚水,50.79086623081628,0.197
1413,汚水,22.289526836494424,0.449
1414,汚水,20.345760754441937,0.492
1415,汚水,6.723278462650719,1.0
1416,汚水,72.38578635150373,0.138
1417,汚水,29.61815505206722,0.338
1418,汚水,58.216718574740305,0.172
1419,汚水,44.61360665677233,0.224
1420,汚水,41.998156185368536,0.238
1421,汚水,21.04752521033985,0.475
1422,汚水,49.888056720093324,0.2
1423,汚水,10.668257784567684,0.937
1424,汚水,48.9077863980282,0.204
1425,汚水,29.666692796679108,0.337
1426,汚水,24.04631604817017,0.416
1427,汚水,53.899897457129185,0.186
1428,汚水,59.90782267499804,0.167
1429,汚水,48.040924636494886,0.208
1430,汚水,17.926027231495237,0.558
1431,汚水,5.9530558457065625,1.0
1432,汚水,66.33710388279698,0.151
1433,汚水,18.890551219984545,0.529
1434,汚水,7.868037038392748,1.0
1435,汚水,60.94806213342465,0.164
1436,汚水,6.069631666366615,1.0
1437,汚水,54.33808136165199,0.184
1438,汚水,43.100348207232486,0.232
1439,汚水,35.48908060610533,0.282
1440,汚水,20.087538772797238,0.498
1441,汚水,12.303116036705344,0.813
1442,汚水,56.325526493427,0.178
1443,汚水,15.64099637327121,0.639
1444,汚水,5.731954776328158,1.0
1445,汚水,49.55315378118319,0.202
1446,汚水,5.79009232812958,1.0
1447,汚水,45.040586768283006,0.222
1448,汚水,36.704962521954116,0.272
1449,汚水,25.7726858107188,0.388
1450,汚水,49.424709187612244,0.202
1451,汚水,43.71191179746162,0.229
1452,汚水,6.275272625914008,1.0
1453,汚水,15.484211908757896,0.646
1454,汚水,29.1635146259874,0.343
1455,汚水,5.385961442903663,1.0
1456,汚水,56.2492530455762,0.178
1457,汚水,5.593360972618054,1.0
1458,汚水,20.845182632993414,0.48
1459,汚水,12.40650327715942,0.806
1460,汚水,103.41528537573933,0.097
1461,汚水,36.81989949535273,0.272
1462,汚水,31.155203341704215,0.321
1463,汚水,36.300799541596874,0.275
1464,汚水,14.064102691064553,0.711
1465,汚水,30.100799453377146,0.332
1466,汚水,30.111722953640715,0.332
1467,汚水,37.629307078281485,0.266
1468,汚水,9.522588887479747,1.0
1469,汚水,28.62412610954984,0.349
1470,汚水,3.724249713500311,1.0
1471,汚水,23.64953434069068,0.423
1472,汚水,16.57757248447355,0.603
1473,汚水,4.233802700145804,1.0
1474,汚水,14.189596550811695,0.705
1475,汚水,2.1958372169749056,1.0
1476,汚水,23.9324055036733,0.418
1477,汚水,32.81476156205356,0.305
1478,汚水,12.156476011458599,0.823
1479,汚水,50.74071860103567,0.197
1480,汚水,23.230196580867105,0.43
1481,汚水,78.62097596557774,0.127
1482,汚水,6.622903232392603,1.0
1483,汚水,21.642845247431243,0.462
1484,汚水,57.43989845300323,0.174
1485,汚水,24.652092616701218,0.406
1486,汚水,8.655850331067265,1.0
1487,汚水,21.03505090070639,0.475
1488,汚水,5.788747803724682,1.0
1489,汚水,37.971667444151706,0.263
1490,汚水,42.02859830690325,0.238
1491,汚水,6.729506985443494,1.0
1492,汚水,24.845133249500343,0.402
1493,汚水,7.038102796584308,1.0
1494,汚水,74.65088277885616,0.134
1495,汚水,19.09934446812728,0.524
1496,汚水,31.30452109439446,0.319
1497,汚水,52.549553692130736,0.19
1498,汚水,31.27640700296267,0.32
1499,汚水,17.22693238405586,0.58
1500,汚水,3.6314766902922875,1.0
1501,汚水,11.03452933612629,0.906
1502,汚水,96.7669881570216,0.103
1503,汚水,18.50997859492635,0.54
1504,汚水,53.383847863637605,0.187
1505,汚水,37.455549924610494,0.267
1506,汚水,43.5551112141459,0.23
1507,汚水,40.72826231192222,0.246
1508,汚水,39.347493308914565,0.254
1509,汚水,40.00276234556328,0.25
1510,汚水,10.434859774736681,0.958
1511,汚水,19.355581785922496,0.517
1512,汚水,24.23626349459373,0.413
1513,汚水,49.69451505356972,0.201
1514,汚水,54.65655961335255,0.183
1515,汚水,16.69753275928037,0.599
1516,汚水,54.10286382326824,0.185
1517,汚水,31.755975996363343,0.315
1518,汚水,27.362498720773004,0.365
1519,汚水,27.087533068757214,0.369
1520,汚水,59.98304163272321,0.167
1521,汚水,100.32289325896777,0.1
1522,汚水,25.601983299420386,0.391
1523,汚水,38.119467783170464,0.262
1524,汚水,33.00916764732091,0.303
1525,汚水,46.432312435913495,0.215
1526,汚水,86.62888158705701,0.115
1527,汚水,33.311382866901404,0.3
1528,汚水,38.40197069347277,0.26
1529,汚水,3.872749479556297,1.0
1530,汚水,21.970451485337982,0.455
1531,汚水,17.659816496195614,0.566
1532,汚水,5.413023817748685,1.0
1533,汚水,51.04500514523136,0.196
1534,汚水,30.860130505210137,0.324
1535,汚水,50.778328097409705,0.197
1536,汚水,33.87015912301213,0.295
1537,汚水,40.10167158210688,0.249
1538,汚水,11.489768753109171,0.87
1539,汚水,31.27703396844533,0.32
17057,汚水,5.219229129598212,1.0
17058,汚水,5.016214614769296,1.0
17059,汚水,10.457780410239025,0.956
17060,汚水,5.131096903496039,1.0
17061,汚水,10.36358300765201,0.965
17062,汚水,23.831303877663327,0.42
17063,汚水,3.887131883591733,1.0
17064,汚水,25.737312079305408,0.389
17065,汚水,10.20104741957343,0.98
17066,汚水,16.840801056553637,0.594
17067,汚水,3.820998433319188,1.0
17068,汚水,31.4969286178839,0.317
17069,汚水,10.175191928014831,0.983
17070,汚水,38.65226524048766,0.259
17071,汚水,39.328192915139546,0.254
17072,汚水,7.980463664040484,1.0
17073,汚水,61.71473434092571,0.162
17074,汚水,33.04048659997039,0.303
17076,汚水,49.10356167134744,0.204
17077,汚水,5.665140808947078,1.0
17078,汚水,22.884923602745157,0.437
17079,汚水,16.380982356220215,0.61
17080,汚水,27.473137509043383,0.364
17081,汚水,8.520862022279262,1.0
17082,汚水,6.9883918058894245,1.0
17083,汚水,26.50690882617072,0.377
17084,汚水,7.5996872561783935,1.0
17085,汚水,16.91533532141997,0.591
17086,汚水,22.29499735346053,0.449
17087,汚水,20.019952616661953,0.5
17088,汚水,23.070823494300928,0.433
17090,汚水,26.03680031787736,0.384
17091,汚水,18.39099095106244,0.544
17092,汚水,25.436477322987734,0.393
17093,汚水,13.988253272709724,0.715
17094,汚水,27.35045668146134,0.366
17095,汚水,4.845768511763118,1.0
17096,汚水,12.950065357120275,0.772
17097,汚水,6.952385652491451,1.0
17098,汚水,29.698823679390973,0.337
17099,汚水,5.27008972243887,1.0
17100,汚水,16.44068864373729,0.608
17101,汚水,33.5043488698473,0.298
17102,汚水,20.15971570509709,0.496
17103,汚水,10.903640442801093,0.917
17104,汚水,27.404967848076637,0.365
17105,汚水,36.83556624044024,0.271
17106,汚水,15.925775041852793,0.628
17107,汚水,37.09355057906025,0.27
17108,汚水,10.101038249699508,0.99
17109,汚水,11.391974250355764,0.878
17110,汚水,11.615299336437305,0.861
17111,汚水,37.53901835874264,0.266
17112,汚水,70.49362372387726,0.142
17113,汚水,40.33908194193153,0.248
17114,汚水,41.17839419195144,0.243
17115,汚水,8.44631197111205,1.0
17116,汚水,5.539181052752333,1.0
17117,汚水,35.53609647201458,0.281
17118,汚水,34.664039806317504,0.288
17119,汚水,15.143499706118854,0.66
17120,汚水,23.582998225697928,0.424
17121,汚水,15.4510261271409,0.647
17122,汚水,8.603663850756208,1.0
17123,汚水,20.1642110406383,0.496
17124,汚水,31.79565026781468,0.315
17125,汚水,26.015248944208825,0.384
17126,汚水,20.717463667127866,0.483
17127,汚水,42.844580866727306,0.233
17128,汚水,10.241322545295718,0.976
17129,汚水,32.59007787518425,0.307
17130,汚水,13.96559527067474,0.716
17131,汚水,13.36744756381886,0.748
17132,汚水,6.465079759560464,1.0
17133,汚水,15.486167966137868,0.646
17134,汚水,4.081286221533383,1.0
17135,汚水,4.40094085859333,1.0
17136,汚水,26.295100438102406,0.38
17137,汚水,20.870036960937473,0.479
17138,汚水,18.946465529836452,0.528
17139,汚水,21.135892751313605,0.473
17142,汚水,10.865261608740637,0.92
17143,汚水,47.60319256476758,0.21
17144,汚水,33.29841206272281,0.3
17145,汚水,19.800104826304192,0.505
17146,汚水,14.592861609686475,0.685
17147,汚水,18.649213052600402,0.536
17148,汚水,26.030128830110414,0.384
17149,汚水,11.359150398936663,0.88
17150,汚水,25.582840207545136,0.391
17151,汚水,31.057966540188723,0.322
17152,汚水,23.394719560113092,0.427
17153,汚水,4.662558241227309,1.0
17154,汚水,57.12719907452288,0.175
17155,汚水,25.001515166413284,0.4
17157,汚水,44.68898738623688,0.224
17158,汚水,45.49726863910385,0.22
17159,汚水,2.851758710593325,1.0
17160,汚水,34.69284286754252,0.288
17161,汚水,28.27061916254893,0.354
17162,汚水,26.191596350516303,0.382
17163,汚水,37.85130717193361,0.264
17164,汚水,38.12968743561333,0.262
17165,汚水,4.964687129749411,1.0
17166,汚水,3.7584249304570108,1.0
17167,汚水,39.68406744606685,0.252
17168,汚水,63.97932866542211,0.156
17169,汚水,5.5770807010536565,1.0
17170,汚水,21.854672265925686,0.458
17171,汚水,16.83875109777868,0.594
17172,汚水,5.428035360371421,1.0
17173,汚水,60.163948120253245,0.166
17174,汚水,8.285963526090242,1.0
17175,汚水,14.895932145147277,0.671
17176,汚水,55.87676950566638,0.179
17177,汚水,34.58248166121739,0.289
17178,汚水,63.977116127281164,0.156
17180,汚水,16.945238254183476,0.59
17181,汚水,32.919785079222926,0.304
17182,汚水,31.910133508444552,0.313
17184,汚水,7.102839770227332,1.0
17185,汚水,28.727748057610835,0.348
17186,汚水,41.643355120968934,0.24
17187,汚水,28.75018671413081,0.348
17188,汚水,41.70789661328102,0.24
17189,汚水,17.11643583979999,0.584
17190,汚水,11.96425612036375,0.836
17191,汚水,17.49362492769366,0.572
17192,汚水,4.692788548236464,1.0
17193,汚水,15.925210518229932,0.628
17194,汚水,3.0817903473292407,1.0
17195,汚水,15.688811996105771,0.637
17196,汚水,4.981021967140249,1.0
17197,汚水,57.62374661056362,0.174
17198,汚水,62.17374005463751,0.161
17199,汚水,51.3846905265191,0.195
17200,汚水,21.6346108591069,0.462
17201,汚水,24.824030850642327,0.403
17202,汚水,50.52512421701205,0.198
17203,汚水,76.70944814968172,0.13
17204,汚水,60.05394910741928,0.167
17205,汚水,61.01727618367611,0.164
17206,汚水,57.846256252477716,0.173
17207,汚水,60.585152673862275,0.165
17208,汚水,68.9507583561614,0.145
17209,汚水,74.84911369886147,0.134
17210,汚水,63.84139960630733,0.157
17211,汚水,61.049082602575986,0.164
17212,汚水,51.42422598392652,0.194
17213,汚水,58.2621298875872,0.172
17214,汚水,57.86548668208203,0.173
17215,汚水,21.396754102770792,0.467
17216,汚水,25.415339675861745,0.393
17217,汚水,46.26122781171996,0.216
17218,汚水,48.431936611467556,0.206
17219,汚水,52.03685892329567,0.192
17220,汚水,52.17750262735116,0.192
17221,汚水,40.88610412682872,0.245
17222,汚水,44.30570748987172,0.226
17223,汚水,50.397110876804035,0.198
17224,汚水,29.603008779903902,0.338
17225,汚水,29.134574459865416,0.343
17226,汚水,30.945528371080805,0.323
17227,汚水,59.941758290273945,0.167
17228,汚水,27.444793108940747,0.364
17229,汚水,24.896631562709185,0.402
17230,汚水,23.909551347896926,0.418
17231,汚水,46.448540571713096,0.215
17232,汚水,38.79062406903732,0.258
17233,汚水,69.98844771661307,0.143
17234,汚水,46.13532380765466,0.217
17235,汚水,41.57803382385698,0.241
17236,汚水,41.41124012624333,0.241
17237,汚水,51.50968590835455,0.194
17238,汚水,43.74099443809505,0.229
17239,汚水,44.43052453183773,0.225
17240,汚水,46.42344619673728,0.215
17241,汚水,18.948911661580787,0.528
17242,汚水,41.848922668525816,0.239
17243,汚水,49.959719571741566,0.2
17244,汚水,48.03513125103322,0.208
17245,汚水,47.66651133677263,0.21
17246,汚水,66.69949151796555,0.15
17247,汚水,44.33225858828479,0.226
17248,汚水,41.28882943977793,0.242
17249,汚水,46.60659408925423,0.215
17250,汚水,11.03867200264575,0.906
17251,汚水,33.27495865609849,0.301
17252,汚水,6.885561517305961,1.0
17253,汚水,10.070918358482709,0.993
17254,汚水,65.61377885489772,0.152
17255,汚水,35.5956352386685,0.281
17256,汚水,39.763165829069436,0.251
17257,汚水,68.04870716312541,0.147
17258,汚水,29.759024469741778,0.336
17259,汚水,23.734480866592516,0.421
17260,汚水,46.03094882032776,0.217
17261,汚水,6.676168347381961,1.0
17262,汚水,52.80637137100555,0.189
17263,汚水,48.79627164743636,0.205
17264,汚水,53.971682801755094,0.185
17266,汚水,52.57679390913457,0.19
17267,汚水,52.77629265563054,0.189
17268,汚水,53.16106539630064,0.188
17270,汚水,52.67481041966235,0.19
17271,汚水,53.338674299728126,0.187
17273,汚水,46.70549179086705,0.214
17274,汚水,25.524521475955073,0.392
17275,汚水,21.854715220701358,0.458
17276,汚水,27.39754026639148,0.365
17277,汚水,74.09463488262035,0.135
17278,汚水,58.64079377951957,0.171
17279,汚水,53.58862494335932,0.187
17280,汚水,54.19088980172654,0.185
17281,汚水,68.79264274208727,0.145
17282,汚水,64.65202987771649,0.155
17283,汚水,51.87881866013165,0.193
17284,汚水,58.10321151284462,0.172
17285,汚水,48.93227433360402,0.204
17286,汚水,52.009833386470476,0.192
17287,汚水,42.96801383610004,0.233
17288,汚水,53.81704111770374,0.186
17291,汚水,33.29088907960668,0.3
17292,汚水,53.72517161619428,0.186
17293,汚水,54.53939941413864,0.183
17294,汚水,51.269168309489714,0.195
17295,汚水,49.116354503159194,0.204
17327,汚水,8.02149837995504,1.0
17328,汚水,54.089966149771115,0.185
17329,汚水,5.539072679626319,1.0
17330,汚水,68.2319234096994,0.147
17331,汚水,7.7624162978804,1.0
17332,汚水,45.06590921945348,0.222
17333,汚水,9.595637901390987,1.0
17334,汚水,29.574259751686046,0.338
17335,汚水,36.014868719506914,0.278
17336,汚水,61.418091381299334,0.163
17337,汚水,45.063076973521326,0.222
17338,汚水,52.07245129024183,0.192
17339,汚水,56.010848325119284,0.179
17340,汚水,64.68595178475083,0.155
17341,汚水,7.911244817427551,1.0
17342,汚水,44.707534808489,0.224
17343,汚水,43.56799542359155,0.23
17344,汚水,49.32948717825383,0.203
17345,汚水,46.53704991200375,0.215
17346,汚水,42.01877307799848,0.238
17347,汚水,64.64831240344529,0.155
17348,汚水,54.63024973667669,0.183
17349,汚水,53.501521938408686,0.187
17350,汚水,43.05584795100142,0.232
17351,汚水,47.712640760500406,0.21
17353,汚水,133.6624466024119,0.075
17354,汚水,118.21963590916455,0.085
17355,汚水,40.14031628346982,0.249
17357,汚水,57.78899249995341,0.173
17358,汚水,57.869399152111626,0.173
17359,汚水,69.5366344347114,0.144
17361,汚水,50.03039650543085,0.2
17362,汚水,68.78071047006166,0.145
17363,汚水,51.782355558412725,0.193
17364,汚水,52.056930472906565,0.192
17365,汚水,63.87393559561185,0.157
17366,汚水,12.210586276847147,0.819
17367,汚水,55.61823043314551,0.18
17368,汚水,55.609576001662525,0.18
17369,汚水,55.91904150383267,0.179
17372,汚水,48.79810955867604,0.205
17373,汚水,42.147713656015426,0.237
17374,汚水,42.6638824097871,0.234
17375,汚水,6.208243675182855,1.0
17376,汚水,65.16264219191572,0.153
17378,汚水,58.816771374711756,0.17
17379,汚水,53.47159512381791,0.187
17380,汚水,7.217990213110731,1.0
17381,汚水,36.77452018375517,0.272
17382,汚水,39.693710459972614,0.252
17383,汚水,41.23171723653034,0.243
17384,汚水,41.092397707391385,0.243
17385,汚水,36.387970772847524,0.275
17387,汚水,49.708816012139465,0.201
17388,汚水,58.7456471987363,0.17
17389,汚水,58.80746070059996,0.17
17390,汚水,49.35425312104228,0.203
17392,汚水,44.789951140105394,0.223
17393,汚水,41.543421393338505,0.241
17395,汚水,38.73394726849737,0.258
17397,汚水,43.044934183219766,0.232
17399,汚水,72.4114267500996,0.138
17400,汚水,8.663105908566235,1.0
17401,汚水,31.63422478343442,0.316
17402,汚水,74.59600062233007,0.134
17404,汚水,72.0636457575741,0.139
17406,汚水,43.71231020523887,0.229
17407,汚水,51.18146007226524,0.195
17408,汚水,42.91653488428899,0.233
17409,汚水,43.88583070852265,0.228
9280,汚水,43.46408887424089,0.23
9281,汚水,49.52836343715716,0.202
9282,汚水,18.448807273830727,0.542
9283,汚水,44.35092354497637,0.225
9284,汚水,65.42201011409128,0.153
9285,汚水,20.274406883968542,0.493
9286,汚水,9.606227044549797,1.0
9287,汚水,55.039771223081594,0.182
9288,汚水,55.890733199418136,0.179
9289,汚水,47.64560313555769,0.21
9290,汚水,45.96318064439793,0.218
9291,汚水,46.86167378317515,0.213
9292,汚水,71.57287652871781,0.14
9293,汚水,28.35019782007768,0.353
9294,汚水,44.262609361719555,0.226
9295,汚水,5.221651914949874,1.0
9296,汚水,106.00025503224104,0.094
9297,汚水,25.351632766089296,0.394
9298,汚水,15.666374788631591,0.638
9299,汚水,7.8403736450797235,1.0
9300,汚水,20.59299836067593,0.486
9301,汚水,49.124060894960486,0.204
9302,汚水,5.973501962264471,1.0
9303,汚水,34.29076634953623,0.292
9304,汚水,12.879774829355824,0.776
9305,汚水,12.713040396980812,0.787
9306,汚水,12.858632522637794,0.778
9307,汚水,39.58870050422845,0.253
9308,汚水,13.044061700975266,0.767
9309,汚水,30.45567303480813,0.328
9310,汚水,34.31147780335193,0.291
9311,汚水,20.354610788154176,0.491
9312,汚水,19.91808608276631,0.502
9313,汚水,78.76134146516193,0.127
9314,汚水,7.546745943440691,1.0
9315,汚水,68.11256378403675,0.147
9316,汚水,41.02023571724918,0.244
9317,汚水,17.269363766960225,0.579
9318,汚水,29.94335270705005,0.334
9319,汚水,5.324361906592861,1.0
9320,汚水,56.423581249489835,0.177
9321,汚水,39.75262476625752,0.252
9322,汚水,73.28892240103161,0.136
9323,汚水,36.24278437250866,0.276
9324,汚水,71.16304030741018,0.141
9325,汚水,63.5815304864754,0.157
9326,汚水,11.842597314123882,0.844
9327,汚水,60.01186377838531,0.167
9328,汚水,4.959408373840683,1.0
9329,汚水,28.37989433248081,0.352
9330,汚水,18.755969558328577,0.533
9331,汚水,58.37884818059128,0.171
9332,汚水,17.494584977250263,0.572
9333,汚水,11.036400037742098,0.906
9334,汚水,25.15818526413101,0.397
9335,汚水,20.370963237799998,0.491
9336,汚水,26.990797192829323,0.37
9337,汚水,3.6827758172117533,1.0
9338,汚水,36.7039669266847,0.272
9339,汚水,99.78734638986843,0.1
9340,汚水,75.91288010838007,0.132
9341,汚水,49.50806272011334,0.202
9342,汚水,36.044200152284425,0.277
9343,汚水,28.279134152984252,0.354
9344,汚水,28.702492725771595,0.348
9345,汚水,80.67849949293776,0.124
9346,汚水,31.99387521685052,0.313
9347,汚水,42.515418835436115,0.235
9348,汚水,44.60618097435179,0.224
9349,汚水,37.85205687600307,0.264
9350,汚水,30.77034590485945,0.325
9351,汚水,84.49425499374736,0.118
9352,汚水,67.19822705494948,0.149
9353,汚水,57.75306025058451,0.173
9354,汚水,27.38221960476721,0.365
9355,汚水,40.950095973089574,0.244
9356,汚水,1.8305177969916757,1.0
9357,汚水,83.58305663211033,0.12
9358,汚水,17.03792114598704,0.587
9359,汚水,24.509184014621113,0.408
9360,汚水,47.279848212729235,0.212
9361,汚水,56.87387549252302,0.176
9362,汚水,26.198785478655353,0.382
9363,汚水,16.91299385147639,0.591
9364,汚水,9.539102851923307,1.0
9365,汚水,20.670301672657548,0.484
9366,汚水,22.078833460437945,0.453
9367,汚水,14.643732409737055,0.683
9368,汚水,25.173531334795545,0.397
9369,汚水,14.067073063856498,0.711
9370,汚水,24.91928046342301,0.401
9371,汚水,13.46432890104778,0.743
9372,汚水,11.737278748426908,0.852
9373,汚水,4.834025017106719,1.0
9374,汚水,33.92655106037231,0.295
9375,汚水,13.691942607206169,0.73
9376,汚水,12.770835963313699,0.783
9377,汚水,10.84705221981185,0.922
9378,汚水,31.268922918377758,0.32
9379,汚水,10.935901736418778,0.914
9380,汚水,5.686847730836145,1.0
9381,汚水,11.189627286540887,0.894
9382,汚水,8.120288263943042,1.0
9383,汚水,10.38477437126308,0.963
9384,汚水,6.117011921580143,1.0
9385,汚水,11.428819140274783,0.875
9386,汚水,10.423022720604077,0.959
9387,汚水,14.572287692014346,0.686
9388,汚水,16.853413121163623,0.593
9389,汚水,19.844869395490164,0.504
9390,汚水,38.32688972862599,0.261
9391,汚水,13.124606615536823,0.762
9392,汚水,38.645824941161955,0.259
9393,汚水,38.62829335042719,0.259
9394,汚水,29.89175579161492,0.335
9395,汚水,68.5575272309599,0.146
9396,汚水,4.862713408612928,1.0
9397,汚水,64.56788275737746,0.155
9398,汚水,8.702276433687592,1.0
9399,汚水,20.63058165448666,0.485
9400,汚水,28.207555909019508,0.355
9401,汚水,51.50739502992509,0.194
9402,汚水,56.978141491647456,0.176
9403,汚水,17.21465255637615,0.581
9404,汚水,57.939804478136125,0.173
9405,汚水,36.08219916739015,0.277
9406,汚水,88.59719255894444,0.113
9407,汚水,16.553317846034034,0.604
9408,汚水,26.705478349663327,0.374
9409,汚水,37.44914758335908,0.267
9410,汚水,28.55819390354933,0.35
9411,汚水,79.8384231766934,0.125
9412,汚水,6.848618302605754,1.0
9413,汚水,34.68000890599498,0.288
9414,汚水,5.0784571509309595,1.0
9415,汚水,25.30621784859585,0.395
9416,汚水,41.55742265134355,0.241
9417,汚水,3.8148265935518335,1.0
9418,汚水,12.005905976733969,0.833
9419,汚水,7.567436189007678,1.0
9420,汚水,2.9774369383754236,1.0
9421,汚水,3.1871937423499856,1.0
9422,汚水,29.04995060727093,0.344
9423,汚水,3.1782543086501818,1.0
9424,汚水,4.589850176717582,1.0
9425,汚水,12.270966930504333,0.815
9426,汚水,3.1106835226141807,1.0
9427,汚水,13.844498346616009,0.722
9428,汚水,8.407925099334847,1.0
9429,汚水,13.75850422865726,0.727
9430,汚水,10.383010930590736,0.963
9431,汚水,9.930040933251822,1.0
9432,汚水,36.34932311881597,0.275
9433,汚水,21.8059093199737,0.459
9434,汚水,16.119795320814085,0.62
9435,汚水,14.889162108493743,0.672
9436,汚水,7.765501795581711,1.0
9437,汚水,54.81469384326635,0.182
9439,汚水,13.363501412417179,0.748
9440,汚水,4.544980463649349,1.0
9441,汚水,42.93189874767678,0.233
9442,汚水,44.370668183185295,0.225
9443,汚水,9.466943871859721,1.0
9444,汚水,28.375814091423226,0.352
9445,汚水,57.86846279741785,0.173
9446,汚水,29.45045792774468,0.34
9447,汚水,9.971783812464587,1.0
9448,汚水,19.05956150302137,0.525
9449,汚水,31.65950802869553,0.316
9450,汚水,55.0429568139946,0.182
9451,汚水,6.695283946972591,1.0
9452,汚水,59.9704364958834,0.167
9453,汚水,73.02287379723462,0.137
9454,汚水,27.81001054303672,0.36
9455,汚水,33.117531330552545,0.302
9456,汚水,49.150261707344676,0.203
9458,汚水,72.88429157821088,0.137
9459,汚水,46.22546069938383,0.216
9460,汚水,53.285282006391,0.188
9461,汚水,39.491352476311626,0.253
9462,汚水,26.087681491713152,0.383
9463,汚水,8.732364182030974,1.0
9464,汚水,7.716946151482563,1.0
9465,汚水,26.743676292696392,0.374
9466,汚水,5.1723187185945045,1.0
9467,汚水,7.539556397273516,1.0
9468,汚水,54.272576201479374,0.184
9469,汚水,58.5713557753422,0.171
9470,汚水,23.521088675357127,0.425
9471,汚水,15.986006879795504,0.626
9472,汚水,25.31523905064979,0.395
9473,汚水,15.893583877338646,0.629
9474,汚水,42.38740051547073,0.236
9475,汚水,25.93344295854118,0.386
9476,汚水,34.766366862171516,0.288
9477,汚水,59.40218361647848,0.168
9478,汚水,31.616900632314312,0.316
9481,汚水,3.9938661080852853,1.0
9482,汚水,49.655695749119296,0.201
9483,汚水,5.502612931906301,1.0
9484,汚水,5.394938466146887,1.0
9485,汚水,27.731519438995694,0.361
9486,汚水,38.4418803227737,0.26
9487,汚水,53.828970785145,0.186
9488,汚水,7.304208756076089,1.0
9489,汚水,83.85119268833886,0.119
9490,汚水,91.03748213140938,0.11
9491,汚水,7.8040636789770454,1.0
9492,汚水,40.87529217850349,0.245
9493,汚水,82.05848671303215,0.122
9494,汚水,5.681893789149632,1.0
9495,汚水,42.6237560863585,0.235
9496,汚水,46.28389466253224,0.216
9497,汚水,43.770627645998445,0.228
9498,汚水,6.977860305545784,1.0
9499,汚水,17.575231234751357,0.569
9500,汚水,54.804738730258656,0.182
9501,汚水,80.87239808018562,0.124
9502,汚水,6.406775682311193,1.0
9503,汚水,43.23023917765892,0.231
9504,汚水,47.908672004414115,0.209
9505,汚水,20.91653625090255,0.478
9506,雨水,19.70940510598823,0.507
9507,汚水,6.532134131759449,1.0
9508,汚水,69.11828895184927,0.145
9509,汚水,7.427514349820038,1.0
9510,汚水,41.12136649349901,0.243
9511,汚水,7.429077008891033,1.0
9512,汚水,24.228531668904882,0.413
9513,汚水,41.70600023578022,0.24
9514,汚水,31.67944908638881,0.316
9515,汚水,29.915288814291014,0.334
9517,汚水,16.957162127546223,0.59
9518,汚水,2.5585600091118144,1.0
9518,汚水,65.17159322772237,0.153
9519,汚水,73.85516211311074,0.135
9520,汚水,96.31854884614945,0.104
9521,汚水,11.27133756098346,0.887
9522,汚水,12.735721843746623,0.785
9523,汚水,58.55988178291655,0.171
9524,汚水,2.920279891205695,1.0
9525,汚水,99.74337034806662,0.1
9526,汚水,24.298027442603125,0.412
9527,汚水,24.279599441476087,0.412
9528,汚水,13.70219105215094,0.73
9529,汚水,5.811598541934748,1.0
9530,汚水,18.447122395487213,0.542
9531,汚水,50.937141310051814,0.196
9532,汚水,67.41884512607992,0.148
9533,汚水,34.53287117602262,0.29
9534,汚水,3.776971489538594,1.0
9535,汚水,44.344779329505236,0.226
9536,汚水,46.01397352704507,0.217
9537,汚水,83.26975427631764,0.12
9538,汚水,26.096967593349238,0.383
9539,汚水,33.50354303858505,0.298
9540,汚水,86.65405445250721,0.115
9541,汚水,16.832574252359752,0.594
9542,汚水,24.65273733727811,0.406
9543,汚水,46.56235365597985,0.215
9544,汚水,22.117091165243334,0.452
9545,汚水,51.22207914259548,0.195
9546,汚水,23.071027467424013,0.433
9547,汚水,37.061271438150634,0.27
9548,汚水,14.748482652195372,0.678
9549,汚水,22.714562627423895,0.44
9550,汚水,19.171249607969486,0.522
9551,汚水,18.15256392984049,0.551
9552,汚水,2.952277299574073,1.0
9553,汚水,20.08142828312455,0.498
9554,汚水,27.1906114705803,0.368
9555,汚水,24.8532639266486,0.402
9556,汚水,10.255114543077072,0.975
9557,汚水,10.940169099209424,0.914
9558,汚水,7.280875768406202,1.0
9559,汚水,13.124251223019986,0.762
9560,汚水,6.088177409337785,1.0
9561,汚水,10.207109467690007,0.98
9562,汚水,19.603125505293647,0.51
9563,汚水,4.723980270096066,1.0
9564,汚水,15.497708625951471,0.645
9565,汚水,3.6941271702221714,1.0
9566,汚水,6.53824286015204,1.0
9567,汚水,14.121603189978284,0.708
9568,汚水,9.827953063717194,1.0
9569,汚水,7.420304046253293,1.0
9570,汚水,46.9871161285148,0.213
9571,汚水,29.16811897750729,0.343
9572,汚水,12.50940951723816,0.799
9573,汚水,19.086873060179776,0.524
9574,汚水,16.14803634512131,0.619
9575,汚水,9.183745565749728,1.0
9576,汚水,8.0422082782719,1.0
9579,汚水,25.835298129568532,0.387
9580,汚水,23.896423502821133,0.418
9581,汚水,9.798780098165352,1.0
9582,汚水,16.796590399420438,0.595
9583,汚水,27.63677231419941,0.362
9584,汚水,37.92423315652316,0.264
9585,汚水,15.910503171741997,0.629
9586,汚水,20.860424346005097,0.479
9587,汚水,20.784814064125143,0.481
9588,汚水,11.356758363850448,0.881
9589,汚水,22.571454900232958,0.443
9590,汚水,14.657456100501278,0.682
9591,汚水,13.215029309183507,0.757
9592,汚水,40.5580383360228,0.247
9593,汚水,18.84601981330252,0.531
9594,汚水,23.54332417326614,0.425
9595,汚水,43.032857058636246,0.232
9596,汚水,48.32326963511495,0.207
9597,汚水,31.91392151317191,0.313
9598,汚水,15.070141389976657,0.664
9599,汚水,17.018612182237586,0.588
9600,汚水,27.099424642958656,0.369
9601,汚水,23.964443800815218,0.417
1540,汚水,10.500421049227077,0.952
1541,汚水,18.073020464697336,0.553
1542,汚水,37.92729929685784,0.264
1545,汚水,23.650861303431096,0.423
1546,汚水,9.688761839462952,1.0
1547,汚水,27.24890494074248,0.367
1548,汚水,56.17432877718333,0.178
1549,汚水,8.740950035969696,1.0
1550,汚水,40.16036289323827,0.249
1551,汚水,33.02462219063196,0.303
1552,汚水,21.165050439254177,0.472
1553,汚水,6.311854146959115,1.0
1554,汚水,48.284925553917,0.207
1555,汚水,37.31847442662986,0.268
1556,汚水,46.203563415968155,0.216
1557,汚水,28.47438503799534,0.351
1558,汚水,35.55306223986409,0.281
1559,汚水,34.00680759466759,0.294
1560,汚水,11.211027023428729,0.892
1561,汚水,3.95412045619575,1.0
1562,汚水,99.24636274329534,0.101
1563,汚水,31.12281877374813,0.321
1564,汚水,21.688465462101203,0.461
1565,汚水,70.19274639544547,0.142
1566,汚水,47.87307355233615,0.209
1567,汚水,5.275055449944723,1.0
1569,汚水,11.073548251295737,0.903
1570,汚水,41.7708698719983,0.239
1571,汚水,20.7797584722275,0.481
1572,汚水,29.76782226025648,0.336
1573,汚水,19.04208975101401,0.525
1574,汚水,52.66952889942178,0.19
1575,汚水,38.22165132905319,0.262
1576,汚水,42.53200228063522,0.235
1577,汚水,56.07938686949951,0.178
1578,汚水,4.276336977750147,1.0
1579,汚水,70.88962392514982,0.141
1581,汚水,27.82245722825864,0.359
1582,汚水,29.306399154451512,0.341
1583,汚水,7.9953197700168435,1.0
1584,汚水,41.25199068312982,0.242
1585,汚水,38.699677287845994,0.258
1586,汚水,39.243994002725756,0.255
1587,汚水,70.14063238133498,0.143
1588,汚水,9.197622530038313,1.0
1589,汚水,26.943029849099027,0.371
1590,汚水,34.29921017327097,0.292
1591,汚水,31.196111007433434,0.321
1592,汚水,36.38151668120536,0.275
1593,汚水,5.337061946605488,1.0
1594,汚水,24.799603260294592,0.403
1595,汚水,8.456835972889877,1.0
1596,汚水,36.110227417855675,0.277
1597,汚水,93.13194965352596,0.107
1598,汚水,30.919751532288412,0.323
1599,汚水,9.11057135676448,1.0
1600,汚水,50.420613139438416,0.198
1601,汚水,8.267812152945917,1.0
1602,汚水,59.892875766821454,0.167
1603,汚水,91.45034545735591,0.109
1604,汚水,41.324649427513904,0.242
1605,汚水,52.366586385549155,0.191
1606,汚水,77.60028445342633,0.129
1607,汚水,81.48105282868589,0.123
1608,汚水,41.85654744210169,0.239
1609,汚水,81.59820400677212,0.123
1610,汚水,40.39409466631283,0.248
1611,汚水,52.12409299076071,0.192
1612,汚水,5.916963745938569,1.0
1613,汚水,33.760950493877445,0.296
1614,汚水,70.74485282963137,0.141
1615,汚水,52.30596304193882,0.191
1616,汚水,10.28880013217641,0.972
1617,汚水,43.792575436189296,0.228
1618,汚水,48.21209797243527,0.207
1619,汚水,6.706960418966178,1.0
1620,汚水,40.685268091993294,0.246
1621,汚水,5.106265587907781,1.0
1622,汚水,52.09002809710612,0.192
1623,汚水,61.59018045291212,0.162
1624,汚水,8.522394693761639,1.0
1625,汚水,91.01381765185964,0.11
1626,汚水,89.65640364211009,0.112
1627,汚水,31.18563989326328,0.321
1628,汚水,12.980510034431235,0.77
1629,汚水,95.18421065558928,0.105
1630,汚水,5.251879485517495,1.0
1631,汚水,43.891413634862495,0.228
1632,汚水,5.578335297199031,1.0
1633,汚水,41.61581377917372,0.24
1634,汚水,36.81223942402288,0.272
1635,汚水,86.97710429879727,0.115
1636,汚水,7.022755857610162,1.0
1637,汚水,90.03725444662957,0.111
1638,汚水,8.718639588440114,1.0
1639,汚水,6.074707231114308,1.0
1640,汚水,3.523069988548982,1.0
1641,汚水,44.593317330929224,0.224
1642,汚水,3.0142747795359544,1.0
1643,汚水,49.663293570617384,0.201
1644,汚水,42.18253526039455,0.237
1645,汚水,39.53908013530471,0.253
1646,汚水,91.14366483941454,0.11
1647,汚水,89.73406354146206,0.111
1648,汚水,6.073920377335494,1.0
1649,汚水,44.64464079530988,0.224
1650,汚水,41.77290656124398,0.239
1651,汚水,4.368259152118649,1.0
1652,汚水,5.398052383022751,1.0
1653,汚水,35.4731007608052,0.282
1654,汚水,46.643037761051374,0.214
1655,汚水,47.05374260499799,0.213
1656,汚水,30.263290015938765,0.33
1657,汚水,57.54216932609302,0.174
1658,汚水,62.18007412915986,0.161
1659,汚水,4.373448971551596,1.0
1660,汚水,16.971494300173706,0.589
1661,汚水,6.271911551790081,1.0
1662,汚水,28.31254762946925,0.353
1663,汚水,55.18434968826633,0.181
1664,汚水,5.3886912640212445,1.0
1665,汚水,60.73293637671706,0.165
1666,汚水,4.402386166471135,1.0
1667,汚水,53.278422252503546,0.188
1668,汚水,25.91162726510153,0.386
1669,汚水,42.11067035916841,0.237
1670,汚水,15.439764423757353,0.648
1671,汚水,27.445052833089193,0.364
1672,汚水,52.66560394745305,0.19
1673,汚水,53.54489976487206,0.187
1674,汚水,45.56128237794491,0.219
1675,汚水,11.369197780310913,0.88
1676,汚水,49.17062495520232,0.203
1677,汚水,19.76167971317446,0.506
1678,汚水,28.42948991861413,0.352
1679,汚水,21.671328004423817,0.461
1680,汚水,93.53791641391004,0.107
1681,汚水,51.46138678849613,0.194
1682,汚水,51.0507575174325,0.196
1683,汚水,69.04486606736901,0.145
1684,汚水,71.2582662874179,0.14
1685,汚水,16.845438641496425,0.594
1686,汚水,26.462014013809558,0.378
1687,汚水,35.970293164172745,0.278
1688,汚水,6.866590055454075,1.0
1689,汚水,25.875534588154927,0.386
1690,汚水,41.887274445317324,0.239
1691,汚水,41.10570852169386,0.243
1692,汚水,6.986165007240978,1.0
1693,汚水,17.897448563100024,0.559
1694,汚水,46.4497859256597,0.215
1695,汚水,23.533571576494417,0.425
1696,汚水,2.0799220229584114,1.0
1697,汚水,26.668589430782735,0.375
1698,汚水,15.918180775119202,0.628
1699,汚水,8.954953068140712,1.0
1700,汚水,24.884628336081946,0.402
1701,汚水,27.013625419213287,0.37
1702,汚水,69.81415233119033,0.143
1703,汚水,18.0655676569829,0.554
1704,汚水,24.843871736463687,0.403
1705,汚水,42.339830945810625,0.236
1706,汚水,52.30832466397443,0.191
1707,汚水,54.10710824065892,0.185
1708,汚水,46.40262727813013,0.216
1709,汚水,67.70496952019468,0.148
1710,汚水,32.980528652574286,0.303
1711,汚水,11.916459621522979,0.839
1712,汚水,53.682217893792135,0.186
1713,汚水,25.84815276996753,0.387
1714,汚水,68.41937978889018,0.146
1715,汚水,29.720711712988745,0.336
1716,汚水,29.422189822537305,0.34
1717,汚水,15.234295851333014,0.656
1718,汚水,63.892749692496736,0.157
1719,汚水,60.248953729390685,0.166
1720,汚水,59.831816110081434,0.167
1721,汚水,34.728142931652286,0.288
1722,汚水,26.08161799028154,0.383
1723,汚水,44.61144892912295,0.224
1724,汚水,17.771119314278263,0.563
1725,汚水,38.868389717375585,0.257
1726,汚水,25.59293888782287,0.391
1728,汚水,51.99423265568281,0.192
1729,汚水,2.4810736157649287,1.0
1730,汚水,19.07046460966587,0.524
1731,汚水,28.632628691079738,0.349
1732,汚水,43.68235092778356,0.229
1733,汚水,3.0892292954750267,1.0
1734,汚水,39.84644563918727,0.251
1735,汚水,2.9950493426291565,1.0
1736,汚水,20.044299862251712,0.499
1737,汚水,2.4628970566445005,1.0
1738,汚水,20.66233175881495,0.484
1739,汚水,19.02361456031377,0.526
1740,汚水,2.6416301128909403,1.0
1741,汚水,39.724214407845714,0.252
1742,汚水,17.545383376582212,0.57
1743,汚水,20.158684003431315,0.496
1744,汚水,2.968250665864689,1.0
1745,汚水,2.709999999999127,1.0
1746,汚水,25.054667305906907,0.399
1747,汚水,4.785327335554264,1.0
1748,汚水,29.72703719243554,0.336
1749,汚水,21.70150078764962,0.461
1750,汚水,36.01936109475688,0.278
1751,汚水,51.025776329538004,0.196
1752,汚水,38.46793988734861,0.26
1753,汚水,24.503642165139475,0.408
1754,汚水,53.97128528574053,0.185
1755,汚水,42.583927217546574,0.235
1756,汚水,24.965964853771098,0.401
1757,汚水,2.700247531371707,1.0
1758,汚水,49.81382286881538,0.201
1759,汚水,67.6774413479544,0.148
1760,汚水,20.2189914121845,0.495
1761,汚水,1.4704792538299372,1.0
1762,汚水,26.06762352940944,0.384
1763,汚水,3.8493910167359626,1.0
1764,汚水,44.783868060969084,0.223
1765,汚水,52.237017766490844,0.191
1766,汚水,15.39799999999741,0.649
1767,汚水,76.24840953950796,0.131
1768,汚水,39.24950567468982,0.255
1769,汚水,48.6852210094622,0.205
1770,汚水,56.90880507317436,0.176
1771,汚水,23.919682237183967,0.418
1772,汚水,39.19218547452584,0.255
1773,汚水,5.40764411442918,1.0
1774,汚水,84.79200007304244,0.118
1775,汚水,24.843010726585753,0.403
1776,汚水,57.66719836384688,0.173
1777,汚水,60.00572621643047,0.167
1778,汚水,7.550332902378202,1.0
1779,汚水,52.14530846974011,0.192
1780,汚水,42.3620390316445,0.236
1781,汚水,14.595854362600418,0.685
1782,汚水,2.952730103696112,1.0
1783,汚水,20.882393441784938,0.479
1784,汚水,34.547888440239035,0.289
1785,汚水,55.20788462441132,0.181
1786,汚水,5.714821839217104,1.0
1787,汚水,42.382608761303885,0.236
1788,汚水,52.794413594284556,0.189
1789,汚水,29.577637587326752,0.338
1790,汚水,67.62044713992836,0.148
1791,汚水,2.6486307922032615,1.0
1792,汚水,74.04720563932717,0.135
1793,汚水,9.031990768096144,1.0
1794,汚水,28.60598217560036,0.35
1795,汚水,17.183490308212278,0.582
1796,汚水,38.91555003800028,0.257
1797,汚水,27.13999248317713,0.368
1798,汚水,10.624091237988827,0.941
1799,汚水,24.765999024006955,0.404
1800,汚水,10.809148480247881,0.925
1801,汚水,4.018855904072236,1.0
1802,汚水,22.48226299924426,0.445
1803,汚水,1.7709902318165018,1.0
1804,汚水,13.607379638600124,0.735
1805,汚水,24.9079234037455,0.401
1806,汚水,3.3954150998696386,1.0
1807,汚水,17.979245632614195,0.556
1808,汚水,29.983325898543534,0.334
1809,汚水,15.922447412783695,0.628
1810,汚水,18.46688316863906,0.542
1811,汚水,38.31730405449099,0.261
1812,汚水,2.1320191689943404,1.0
1813,汚水,13.166890354945131,0.759
1814,汚水,5.163864824006218,1.0
1815,汚水,41.579519255172706,0.241
1816,汚水,34.92719670258446,0.286
1817,汚水,52.421996925466686,0.191
1818,汚水,10.585352479439258,0.945
1819,汚水,5.3694535745881415,1.0
1820,汚水,24.204402471109063,0.413
1821,汚水,26.088883367321497,0.383
2060,汚水,4.2260564952324975,1.0
2061,汚水,47.35277409327727,0.211
2062,汚水,48.836324213547144,0.205
2063,汚水,6.176742032281828,1.0
2064,汚水,4.875348602854301,1.0
2066,汚水,39.200980186800926,0.255
2067,汚水,35.853652710147685,0.279
2068,汚水,66.59934272706933,0.15
2069,汚水,11.577601263224246,0.864
2070,汚水,27.51743133290482,0.363
2071,汚水,60.48060175652069,0.165
2072,汚水,66.78465986055237,0.15
2073,汚水,58.36853204004893,0.171
2074,汚水,74.72957100203705,0.134
2075,汚水,28.99523045148721,0.345
2076,汚水,19.081897679129163,0.524
2077,汚水,36.795334320468214,0.272
2078,汚水,13.266184853880604,0.754
2079,汚水,32.32694574770886,0.309
2080,汚水,47.478545677067316,0.211
2081,汚水,17.310139482060393,0.578
2082,汚水,58.16487733422934,0.172
2083,汚水,57.38380068985903,0.174
2084,汚水,24.43540882182687,0.409
2085,汚水,22.86993343217123,0.437
2086,汚水,18.6201475402345,0.537
2087,汚水,53.742592392271895,0.186
2088,汚水,38.01071480845333,0.263
2089,汚水,61.045764877422904,0.164
2090,汚水,36.5613786906902,0.274
2091,汚水,11.14770978532643,0.897
2092,汚水,19.090751862563398,0.524
2093,汚水,3.0235298867612874,1.0
2094,汚水,34.69803176437471,0.288
2095,汚水,8.410985489266565,1.0
2096,汚水,21.089421116839844,0.474
2097,汚水,18.48990740359274,0.541
2098,汚水,6.276117482710312,1.0
2099,汚水,33.54710196755928,0.298
2100,汚水,13.355543102039015,0.749
2101,汚水,8.498415286298322,1.0
17410,汚水,62.7692032982461,0.159
17411,汚水,38.11229926515472,0.262
17412,汚水,45.70360116181886,0.219
17414,汚水,27.70214385929408,0.361
17415,汚水,24.087887792046978,0.415
17416,汚水,53.24213630821854,0.188
17418,汚水,63.146169243978385,0.158
17420,汚水,20.990605852243263,0.476
17422,汚水,32.40707601707421,0.309
17423,汚水,16.756684154059734,0.597
17424,汚水,64.01266455151624,0.156
17425,汚水,13.438511690182112,0.744
17426,汚水,18.096096017601745,0.553
17427,汚水,32.1419843864133,0.311
17428,汚水,35.29768743262728,0.283
17429,汚水,32.851970977805394,0.304
17430,汚水,23.782033617692434,0.42
17431,汚水,17.197500385461602,0.581
17432,汚水,21.756131581275564,0.46
17433,汚水,36.21586403851528,0.276
17434,汚水,10.936024179260242,0.914
17435,汚水,6.268353942593083,1.0
17437,汚水,13.140022688487335,0.761
17438,汚水,19.993393440012266,0.5
17439,汚水,15.544781085013213,0.643
17440,汚水,15.874637763759111,0.63
17441,汚水,32.362031458849856,0.309
17442,汚水,47.616611019610154,0.21
17443,汚水,44.93395943194894,0.223
17444,汚水,50.344206775386205,0.199
17445,汚水,47.08180406056844,0.212
17446,汚水,35.65516822286538,0.28
17447,汚水,8.663371438813716,1.0
17448,汚水,35.83934898240372,0.279
17449,汚水,44.23120622058101,0.226
17450,汚水,44.11307544726944,0.227
17451,汚水,45.32401875425654,0.221
17452,汚水,40.4936719823726,0.247
17453,汚水,17.204029717538546,0.581
17454,汚水,24.377418840333583,0.41
17455,汚水,41.45173819787083,0.241
17457,汚水,37.46669800963919,0.267
17458,汚水,9.403915969208727,1.0
17459,汚水,9.481462848599229,1.0
17460,汚水,21.602950582987546,0.463
17461,汚水,29.760300806725933,0.336
17462,汚水,14.644507966810258,0.683
17463,汚水,36.22961912151171,0.276
17464,汚水,24.597683678502055,0.407
17466,汚水,14.695219875580495,0.68
17467,汚水,17.264472477944697,0.579
17468,汚水,13.021519814092896,0.768
17469,汚水,35.1363869218196,0.285
17470,汚水,7.245763124913906,1.0
17471,汚水,4.56494852026116,1.0
17472,汚水,12.74569536937497,0.785
17474,汚水,45.9708654966424,0.218
17476,汚水,44.52131674733863,0.225
17478,汚水,27.267368510740646,0.367
17479,汚水,7.17896997561526,1.0
17481,汚水,39.629733229535844,0.252
17482,汚水,27.28000836676518,0.367
17483,汚水,46.95600274156609,0.213
17484,汚水,6.026699031087304,1.0
17485,汚水,23.12610250852591,0.432
17486,汚水,55.47633869929183,0.18
17487,汚水,5.273508389193947,1.0
17488,汚水,40.84504782769666,0.245
17489,汚水,39.18430739860585,0.255
17490,汚水,50.89320378111474,0.196
17491,汚水,8.332968560790578,1.0
17492,汚水,39.18830692820039,0.255
17493,汚水,16.98300705571819,0.589
17494,汚水,7.949837051730225,1.0
17495,汚水,57.31700793357514,0.174
17496,汚水,18.018004006713547,0.555
17497,汚水,26.10401449211273,0.383
17498,汚水,18.856033019266963,0.53
17499,汚水,6.917719434072323,1.0
17500,汚水,47.379316490692645,0.211
17501,汚水,7.415473202323075,1.0
17502,汚水,69.39502662828869,0.144
17503,汚水,44.9308393992726,0.223
17504,汚水,69.37802669111551,0.144
17505,汚水,50.1753303130309,0.199
17506,汚水,25.833019018621854,0.387
17507,汚水,44.608978489822064,0.224
17508,汚水,10.617934670178341,0.942
17516,汚水,74.26539555804597,0.135
17517,汚水,8.545974724984712,1.0
17518,汚水,21.721167702286134,0.46
17520,汚水,2.5220311592346887,1.0
17521,汚水,4.217589901121891,1.0
17522,汚水,2.030410891329603,1.0
17523,汚水,14.226218410575353,0.703
17524,汚水,22.20266616726502,0.45
17525,汚水,25.751782408812115,0.388
17526,汚水,21.939584936484227,0.456
17527,汚水,3.8303702585404618,1.0
17528,汚水,38.22169464801624,0.262
17529,汚水,50.554021900355764,0.198
17530,汚水,11.48511130561001,0.871
17531,汚水,26.112780966115224,0.383
17532,汚水,11.226032133632671,0.891
17533,汚水,4.217022702219839,1.0
17534,汚水,11.624867771543107,0.86
17535,汚水,31.683650730814374,0.316
17536,汚水,11.762074244941841,0.85
17537,汚水,4.170213536186646,1.0
17538,汚水,9.641297222717554,1.0
17539,汚水,11.555226065979584,0.865
17540,汚水,3.9373233936943026,1.0
17541,汚水,9.536678830177884,1.0
17542,汚水,65.20242274083199,0.153
17543,汚水,50.37200250085967,0.199
17544,汚水,50.21696773343115,0.199
17545,汚水,4.643085769300005,1.0
17546,汚水,62.47620297607476,0.16
17547,汚水,28.509657972509363,0.351
17548,汚水,33.17755590579819,0.301
17549,汚水,4.560855552252189,1.0
17550,汚水,30.371480279784073,0.329
17551,汚水,13.958308839198954,0.716
17552,汚水,30.31641856985467,0.33
17553,汚水,22.801589831179133,0.439
17554,汚水,24.227761912520215,0.413
17555,汚水,47.75368312164388,0.209
17556,汚水,45.919136309506456,0.218
17557,汚水,46.463427078778146,0.215
17509,汚水,71.83507533859105,0.139
17510,汚水,46.3257530482023,0.216
17511,汚水,44.89300960979627,0.223
17513,汚水,46.38251470554977,0.216
17514,汚水,101.3227328515495,0.099
17515,汚水,32.54692795960572,0.307
17678,汚水,62.789855511893606,0.159
17679,汚水,63.8575993128891,0.157
17680,汚水,61.44962145585248,0.163
17681,汚水,62.3825331311848,0.16
17682,汚水,52.82042108215894,0.189
17683,汚水,44.172027656400644,0.226
17684,汚水,42.95649526529377,0.233
17685,汚水,49.794522690485174,0.201
17686,汚水,46.88614387304724,0.213
17687,汚水,64.61263294738248,0.155
17688,汚水,65.21802930014277,0.153
17689,汚水,62.801855303137344,0.159
17690,汚水,62.55148126154371,0.16
17691,汚水,54.52542201079074,0.183
17692,汚水,39.98199986583108,0.25
17693,汚水,46.76840221722901,0.214
17694,汚水,46.8305657902827,0.214
17695,汚水,17.935195102434868,0.558
17696,汚水,25.43025173918933,0.393
17697,汚水,123.13568551115829,0.081
17699,汚水,46.070379567080494,0.217
17700,汚水,6.443848392755062,1.0
17701,汚水,43.82193195038545,0.228
17702,汚水,39.83708610496724,0.251
17703,汚水,39.804879392438046,0.251
17704,汚水,64.05726208635632,0.156
17705,汚水,47.3169480971,0.211
17706,汚水,70.17692689713267,0.142
17707,汚水,70.36514367580902,0.142
17708,汚水,49.92735713234932,0.2
17709,汚水,71.45704059418537,0.14
17710,汚水,69.47808361827512,0.144
17711,汚水,49.72687943935164,0.201
17712,汚水,59.52619312504507,0.168
17713,汚水,42.79616775282539,0.234
17714,汚水,37.0796171038719,0.27
17715,汚水,70.5569211267041,0.142
17716,汚水,11.505279230354772,0.869
17717,汚水,47.631608913074466,0.21
17718,汚水,54.310803015784984,0.184
17719,汚水,45.52694875319721,0.22
17720,汚水,42.81806738918289,0.234
17721,汚水,46.263845911563905,0.216
17722,汚水,65.70831297559498,0.152
17723,汚水,5.938806880028071,1.0
17724,汚水,48.25295122367526,0.207
17725,汚水,71.38787269998662,0.14
17726,汚水,39.84322577264321,0.251
17727,汚水,38.863672752163524,0.257
17728,汚水,3.3562208253720556,1.0
17729,汚水,89.09459835464354,0.112
17730,汚水,45.93412086952412,0.218
17731,汚水,43.63343797668526,0.229
17732,汚水,57.22065669048685,0.175
17733,汚水,40.521112817980644,0.247
17558,汚水,28.532771052437436,0.35
17559,汚水,25.740222859690533,0.388
17560,汚水,21.127880928145444,0.473
17561,汚水,22.795367174590556,0.439
17562,汚水,39.83511424742385,0.251
17563,汚水,11.096026298428729,0.901
17564,汚水,31.26734836553997,0.32
17565,汚水,13.950005569967637,0.717
17566,汚水,14.866710518058923,0.673
17567,汚水,23.062638478508013,0.434
17568,汚水,7.996726360657639,1.0
17570,汚水,46.167348545733056,0.217
17571,汚水,45.86047415078252,0.218
17572,汚水,39.30683962460452,0.254
17573,汚水,5.909153591246281,1.0
17574,汚水,27.074389614829574,0.369
17575,汚水,7.409467355412278,1.0
17576,汚水,13.126900990306783,0.762
17577,汚水,50.26219668204419,0.199
17578,汚水,62.43489540245157,0.16
17579,汚水,49.579083609052354,0.202
17580,汚水,33.87701254360671,0.295
17581,汚水,25.881906432645813,0.386
17582,汚水,4.991460802013997,1.0
17583,汚水,4.125048638900867,1.0
17584,汚水,8.030111035487447,1.0
17585,汚水,21.163310616567845,0.473
17586,汚水,29.55288917446489,0.338
17587,汚水,25.051317046903577,0.399
17588,汚水,12.046132238768191,0.83
17589,汚水,5.732519733000257,1.0
17590,汚水,69.13373831263473,0.145
17591,汚水,22.349951039462304,0.447
17592,汚水,25.499268515089405,0.392
17593,汚水,62.983071504334916,0.159
17594,汚水,20.97311066427821,0.477
17595,汚水,41.7433945508479,0.24
17596,汚水,36.159320772285774,0.277
17597,汚水,22.683277949030696,0.441
17598,汚水,31.087374756095834,0.322
17600,汚水,47.928168747683316,0.209
17601,汚水,17.053340806711,0.586
17602,汚水,27.582071743763482,0.363
17603,汚水,25.93892603106782,0.386
17604,汚水,18.567100734911616,0.539
17605,汚水,20.297349249788997,0.493
17606,汚水,33.5763456100127,0.298
17608,汚水,5.587631713097791,1.0
17609,汚水,19.76534389906464,0.506
17610,汚水,20.096678394567157,0.498
17611,汚水,11.73416108685251,0.852
17612,汚水,35.669108924419774,0.28
17613,汚水,8.782932521110684,1.0
17614,汚水,49.76062155208752,0.201
17615,汚水,32.09940825007185,0.312
17616,汚水,29.148600554702053,0.343
17617,汚水,5.735688841350727,1.0
17618,汚水,24.82066967166268,0.403
17619,汚水,50.22329768205254,0.199
17620,汚水,47.61356183137686,0.21
17621,汚水,17.377158152411283,0.575
17622,汚水,3.469766160282278,1.0
17623,汚水,18.896984671415673,0.529
17624,汚水,66.3646590943723,0.151
17625,汚水,50.136297551924685,0.199
17626,汚水,5.172355089602244,1.0
17627,汚水,45.10777319543272,0.222
17628,汚水,25.563920911941164,0.391
17629,汚水,27.085178581527373,0.369
17630,汚水,61.94484480959234,0.161
17631,汚水,8.31521531634598,1.0
17632,汚水,44.45968014547687,0.225
17633,汚水,53.46862842753632,0.187
17634,汚水,7.497264419068984,1.0
17635,汚水,52.99846607982697,0.189
17636,汚水,44.02716231017871,0.227
17637,汚水,41.89663779431441,0.239
17638,汚水,65.85110602987812,0.152
17639,汚水,34.53439369417608,0.29
17640,汚水,7.476162154269445,1.0
17641,汚水,51.47295655792605,0.194
17642,汚水,31.153812230257774,0.321
17643,汚水,27.038173433132076,0.37
17644,汚水,26.857947465098608,0.372
17645,汚水,59.950560404959774,0.167
17646,汚水,29.544823607113383,0.338
17647,汚水,27.59306801444067,0.362
17648,汚水,46.81160023795018,0.214
17649,汚水,49.917739054828694,0.2
17650,汚水,7.093519043999837,1.0
17651,汚水,54.14562832699549,0.185
17652,汚水,32.948913476884314,0.304
17653,汚水,47.80195452377875,0.209
17654,汚水,47.10897215112234,0.212
17655,汚水,43.01682549346909,0.232
17656,汚水,52.944983584828655,0.189
17657,汚水,3.6765763878710063,1.0
17660,汚水,6.651647615077063,1.0
17661,汚水,70.68307332707207,0.141
17662,汚水,71.37608171643166,0.14
17663,汚水,70.93822713867726,0.141
17664,汚水,51.78843081916219,0.193
17665,汚水,28.14371858721527,0.355
17666,汚水,57.64255353285665,0.173
17667,汚水,64.61107037616486,0.155
17668,汚水,59.49186953540438,0.168
17669,汚水,21.62821444901577,0.462
17670,汚水,43.32293662069686,0.231
17671,汚水,52.50384036318837,0.19
17672,汚水,51.79673303144182,0.193
17673,汚水,51.85657019848619,0.193
17674,汚水,53.444759306388136,0.187
17675,汚水,14.469192299605307,0.691
17676,汚水,8.736503431908442,1.0
17677,汚水,11.847392033738348,0.844
17734,汚水,17.842174448275678,0.56
17735,汚水,53.214259575066684,0.188
17737,汚水,59.37667293177009,0.168
17738,汚水,11.681668591826277,0.856
17739,汚水,52.606243005706496,0.19
17741,汚水,46.38014783620297,0.216
17742,汚水,23.499522942902924,0.426
17743,汚水,75.26359722286652,0.133
17744,汚水,66.78007661912896,0.15
17745,汚水,65.62023324846855,0.152
17746,汚水,51.70318248152773,0.193
17747,汚水,60.84971558937498,0.164
17748,汚水,59.908257224679424,0.167
17753,汚水,46.3627106972723,0.216
17754,汚水,69.74210991782462,0.143
17755,汚水,15.01702491845048,0.666
17756,汚水,54.3926599387918,0.184
17757,汚水,3.591700583965886,1.0
17759,汚水,47.26122640552228,0.212
17760,汚水,47.891325596213655,0.209
17761,汚水,51.669778240765744,0.194
17762,汚水,42.04243274120115,0.238
17763,汚水,34.13855954358336,0.293
17764,汚水,39.80375574763849,0.251
17765,汚水,39.999042425356606,0.25
17766,汚水,4.57897855231105,1.0
17767,汚水,7.934811051206094,1.0
17768,汚水,8.191752134157396,1.0
17769,汚水,5.909558377969306,1.0
17771,汚水,41.16303119436692,0.243
17772,汚水,52.2024177455651,0.192
17773,汚水,2.7527603838849313,1.0
17774,汚水,19.03770485460183,0.525
17775,汚水,7.783412589179306,1.0
17776,汚水,22.0656098098417,0.453
17777,汚水,43.99719458557936,0.227
17778,汚水,19.908061269632128,0.502
17779,汚水,36.0897467853903,0.277
17780,汚水,12.817611268446441,0.78
17781,汚水,12.051107316207826,0.83
17782,汚水,36.97908521823168,0.27
17783,汚水,17.99401829407312,0.556
17784,汚水,9.721257752212,1.0
17785,汚水,28.00448421525241,0.357
17786,汚水,15.986384075582201,0.626
17787,汚水,48.25509632756216,0.207
17788,汚水,38.6732940496009,0.259
17789,汚水,12.121714660272577,0.825
17790,汚水,37.27477309515593,0.268
17791,汚水,42.64919945796076,0.234
17792,汚水,25.694254779147986,0.389
17793,汚水,49.901047668874696,0.2
17794,汚水,18.82295051377548,0.531
17795,汚水,50.24998173851265,0.199
17796,汚水,13.79635697096257,0.725
17797,汚水,20.129623814894735,0.497
17798,汚水,30.8920427020201,0.324
17799,汚水,20.887425507751022,0.479
17801,汚水,45.2335471060847,0.221
17802,汚水,39.36501776956241,0.254
17803,汚水,39.72988091050579,0.252
17804,汚水,4.713399650927044,1.0
17805,汚水,55.173633316237584,0.181
17806,汚水,45.09516322725003,0.222
17807,汚水,39.46211787520786,0.253
17808,汚水,39.71670747247491,0.252
17809,汚水,40.871878008567954,0.245
17810,汚水,42.20727125127322,0.237
17811,汚水,38.51852530343554,0.26
17812,汚水,39.96591316985337,0.25
17813,汚水,50.42433108003075,0.198
17814,汚水,41.93633675211681,0.238
17815,汚水,38.518117754224406,0.26
17816,汚水,39.89009091715368,0.251
17817,汚水,53.08478150837443,0.188
17818,汚水,72.8620357588805,0.137
17819,汚水,49.971823891279,0.2
17820,汚水,72.22493693386588,0.138
17822,汚水,46.98620352834492,0.213
17824,汚水,47.556040599957925,0.21
17826,汚水,17.86072195179216,0.56
17827,汚水,26.970774029801127,0.371
17828,汚水,27.891455321761455,0.359
17829,汚水,17.502515901151508,0.571
17830,汚水,43.435851778131436,0.23
17831,汚水,7.435358965589739,1.0
17832,汚水,31.119642186472817,0.321
17833,汚水,43.81415621611918,0.228
17834,汚水,16.372712955225385,0.611
17835,汚水,36.10241098943341,0.277
17836,汚水,34.757575772237864,0.288
17838,汚水,6.802122341662843,1.0
17839,汚水,22.648971395058492,0.442
17840,汚水,26.99736247081176,0.37
17841,汚水,27.037623496343915,0.37
17842,汚水,26.180044057073463,0.382
17843,汚水,35.61471329215808,0.281
17844,汚水,17.520397084548257,0.571
17846,汚水,47.73491510243309,0.209
17847,汚水,42.653164548234166,0.234
17848,汚水,14.813781604283013,0.675
17849,汚水,21.544521600761843,0.464
17850,汚水,29.2328394498817,0.342
17851,汚水,50.19871197623859,0.199
17863,汚水,37.58747874750426,0.266
17864,汚水,6.154112954183147,1.0
17865,汚水,64.85246576926359,0.154
17866,汚水,45.66061350018677,0.219
17867,汚水,38.14484031582959,0.262
17868,汚水,18.71939926892288,0.534
17869,汚水,20.76829882903051,0.482
17870,汚水,18.366357525122478,0.544
17871,汚水,19.000564473773707,0.526
17872,汚水,6.323810050497122,1.0
17873,汚水,61.740486040442555,0.162
17874,汚水,50.44178381923665,0.198
17875,汚水,29.947538478233916,0.334
17876,汚水,50.800335803167364,0.197
17877,汚水,22.520090728748816,0.444
17878,汚水,4.2254929129637215,1.0
17879,汚水,11.631519437330423,0.86
17880,汚水,26.101898330771043,0.383
17881,汚水,5.7059996331669804,1.0
17882,汚水,37.55185859342026,0.266
17883,汚水,26.29366644742733,0.38
17884,汚水,5.855925023434585,1.0
17885,汚水,18.946705709834454,0.528
17886,汚水,4.810010502148819,1.0
17887,汚水,89.97628156077114,0.111
17888,汚水,97.84403876334277,0.102
17889,汚水,57.13530020542874,0.175
17890,汚水,98.31075788321581,0.102
17891,汚水,23.741854629325342,0.421
17892,汚水,16.576817642603206,0.603
17893,汚水,20.62884712445377,0.485
17894,汚水,8.093974407903273,1.0
17895,汚水,14.778994938867132,0.677
17896,汚水,19.253783478854032,0.519
17897,汚水,18.996767062341974,0.526
17898,汚水,48.25603859538857,0.207
17899,汚水,21.208933513413786,0.471
17900,汚水,11.476060439210276,0.871
17901,汚水,26.266634660381982,0.381
17902,汚水,12.90068952509757,0.775
17903,汚水,14.635200395951438,0.683
17904,汚水,17.99104325642941,0.556
17905,汚水,13.820198495890294,0.724
17906,汚水,4.6010722245174405,1.0
17907,汚水,29.666840539701063,0.337
17908,汚水,25.742710698973994,0.388
17909,汚水,1.3661039491949487,1.0
17910,汚水,4.5395296315639655,1.0
17911,汚水,4.969051624704715,1.0
17912,汚水,28.444690038714977,0.352
17913,汚水,7.711436377141896,1.0
17915,汚水,95.20169954226326,0.105
17917,汚水,50.54055650963017,0.198
17918,汚水,53.527091103501746,0.187
17919,汚水,79.67683020405053,0.126
17920,汚水,33.254409207367,0.301
17921,汚水,28.48452685387832,0.351
17922,汚水,35.2681030601225,0.284
17923,汚水,5.328744050150519,1.0
17924,汚水,34.79509567148108,0.287
17925,汚水,28.120155797847804,0.356
17926,汚水,11.286921919043504,0.886
17927,汚水,20.454419035994178,0.489
17928,汚水,6.479185291411356,1.0
17929,汚水,36.639247162601144,0.273
17930,汚水,56.62290958845023,0.177
17931,汚水,6.120197533267793,1.0
17932,汚水,35.23158464913167,0.284
17933,汚水,23.451821920277943,0.426
17934,汚水,42.68494445134378,0.234
17935,汚水,11.98810767229274,0.834
17936,汚水,15.323026962632314,0.653
17937,汚水,2.6823382065571275,1.0
17938,汚水,16.388278390935486,0.61
17939,汚水,26.135617308965458,0.383
17940,汚水,8.012990726202226,1.0
17941,汚水,36.99684150859776,0.27
17942,汚水,20.264397601453716,0.493
17943,汚水,5.990115556467694,1.0
17944,汚水,7.5047747105307305,1.0
17945,汚水,18.252499616826995,0.548
17946,汚水,20.27221059488774,0.493
17947,汚水,24.208175771063857,0.413
17948,汚水,18.09667318695513,0.553
17949,汚水,41.165302473238114,0.243
17950,汚水,12.180577106100225,0.821
17951,汚水,17.407425208954628,0.574
17952,汚水,23.155525299783964,0.432
17953,汚水,27.20168770971786,0.368
17954,汚水,16.748292751354217,0.597
17955,汚水,21.452752950200235,0.466
17956,汚水,5.496252281601144,1.0
17957,汚水,9.313294558381903,1.0
17958,汚水,28.22876429221878,0.354
17959,汚水,9.922735217581586,1.0
17960,汚水,53.566413454824506,0.187
17961,汚水,23.140992090101292,0.432
17962,汚水,40.10731148916322,0.249
17963,汚水,10.357045523067637,0.966
17964,汚水,21.848735188197743,0.458
17965,汚水,34.46911015966266,0.29
17966,汚水,28.234329407020653,0.354
17967,汚水,33.72213075723156,0.297
17968,汚水,3.8597528358772197,1.0
17969,汚水,5.557606084741007,1.0
17970,汚水,12.626361091750567,0.792
17971,汚水,28.82574782265926,0.347
17972,汚水,9.448591138552665,1.0
17973,汚水,24.963184862627845,0.401
17974,汚水,52.662354293967034,0.19
17975,汚水,9.063870847402027,1.0
17976,汚水,26.827222950763804,0.373
17977,汚水,54.97498307282225,0.182
17978,汚水,24.120348642233548,0.415
17979,汚水,5.936916555934865,1.0
17980,汚水,17.033006753633682,0.587
17981,汚水,54.88768983532124,0.182
17982,汚水,12.855933625683587,0.778
17983,汚水,7.878150286337618,1.0
17984,汚水,60.352862538128285,0.166
17985,汚水,59.165911988327764,0.169
17986,汚水,15.583850048925965,0.642
17988,汚水,17.662539276112188,0.566
17990,汚水,17.535344298490536,0.57
17991,汚水,17.877057056149734,0.559
17992,汚水,6.155686498753381,1.0
17993,汚水,4.607415489131199,1.0
17994,汚水,6.220592121540594,1.0
17995,汚水,60.86047498131384,0.164
17996,汚水,39.30368657496853,0.254
17997,汚水,17.565239650830257,0.569
17998,汚水,2.1577093395857423,1.0
17999,汚水,13.185434318329639,0.758
18001,汚水,9.236691397185428,1.0
18002,汚水,36.669601852534555,0.273
18003,汚水,17.682518288671957,0.566
18004,汚水,4.892043870720575,1.0
18005,汚水,2.0945668375594444,1.0
18006,汚水,30.75034301164679,0.325
18007,汚水,16.770736692468844,0.596
18008,汚水,3.849575852666298,1.0
18009,汚水,27.942207880234967,0.358
18010,汚水,31.974310734488633,0.313
18011,汚水,2.7555953519353507,1.0
18012,汚水,9.245771241121643,1.0
18013,汚水,15.162455363429931,0.66
18014,汚水,57.057357018346956,0.175
18015,汚水,30.054204011926323,0.333
18016,汚水,22.50441185203199,0.444
18017,汚水,44.27001376195035,0.226
18018,汚水,23.122008514698045,0.432
18019,汚水,20.429686883486742,0.489
18020,汚水,14.458423627403747,0.692
18021,汚水,7.843716074686064,1.0
18022,汚水,14.455354906170987,0.692
18023,汚水,18.907096807547283,0.529
18024,汚水,12.95286603551614,0.772
18025,汚水,20.14241293494938,0.496
18026,汚水,26.47370220044629,0.378
18027,汚水,4.764515835832675,1.0
18028,汚水,28.265751035230917,0.354
18029,汚水,17.507840243163336,0.571
18030,汚水,6.142224800902725,1.0
18031,汚水,47.304038269366615,0.211
18032,汚水,25.66516487252955,0.39
18033,汚水,9.496394738782088,1.0
18034,汚水,10.051148305346667,0.995
18035,汚水,15.954659584642798,0.627
18036,汚水,45.8573533349151,0.218
18037,汚水,30.92535023436823,0.323
18038,汚水,26.095882631086216,0.383
18039,汚水,12.815627835522326,0.78
18040,汚水,6.811800362571411,1.0
18041,汚水,17.46656908497494,0.573
18042,汚水,16.805743227190565,0.595
18043,汚水,14.360808580977947,0.696
18044,汚水,34.49311082131562,0.29
18045,汚水,19.109685716754903,0.523
18046,汚水,38.51056190030668,0.26
18047,汚水,2.2296840375091374,1.0
18048,汚水,50.95749044097674,0.196
18049,汚水,21.473305822095686,0.466
18050,汚水,20.869705067059172,0.479
18052,汚水,30.326267785815315,0.33
18053,汚水,17.664306726185885,0.566
9602,汚水,15.094306043850294,0.663
9603,汚水,4.908427197135162,1.0
9604,汚水,23.72686494714353,0.421
9605,汚水,14.990437895475603,0.667
9606,汚水,31.07215593115104,0.322
9607,汚水,31.172007030164544,0.321
9608,雨水,30.98219577027124,0.323
9609,汚水,2.2481535160108606,1.0
9610,汚水,82.61707947722235,0.121
9611,汚水,35.46929355004597,0.282
9612,汚水,31.16246349526461,0.321
9613,汚水,26.303077734544733,0.38
9614,汚水,31.061845472681156,0.322
9615,汚水,30.724168353185995,0.325
9616,汚水,19.01909699152016,0.526
9617,汚水,44.22995860569386,0.226
9618,汚水,19.891392684587906,0.503
9619,汚水,28.28455572700078,0.354
9620,汚水,29.41257841228728,0.34
9621,汚水,35.534135684287875,0.281
9622,汚水,45.47017138740245,0.22
9623,汚水,35.28933627493821,0.283
9624,汚水,23.425937116599556,0.427
9625,汚水,37.076518077810334,0.27
9626,汚水,15.825224471440796,0.632
9627,汚水,41.0062552001086,0.244
9628,汚水,49.10059069766387,0.204
9629,汚水,6.383580174486297,1.0
9630,汚水,39.91815327649863,0.251
9631,汚水,5.022709763347611,1.0
9632,汚水,16.871148691926987,0.593
9633,汚水,11.450070300621007,0.873
9634,汚水,36.40130657703525,0.275
9635,汚水,7.418405278575893,1.0
9636,汚水,13.597105887232702,0.735
9637,汚水,14.34482320692713,0.697
9638,汚水,25.99064509440902,0.385
9639,汚水,2.3416790099878977,1.0
9640,汚水,46.63230928457999,0.214
9641,汚水,3.2408690358562953,1.0
9642,汚水,8.157873658068809,1.0
9643,汚水,31.5848602721737,0.317
9644,汚水,20.97528907521749,0.477
9645,汚水,39.476627277665834,0.253
9646,汚水,11.929273777748413,0.838
9647,汚水,84.77896129781486,0.118
9649,汚水,28.787266520174008,0.347
9650,汚水,14.652081016334623,0.682
9651,汚水,14.997622205618047,0.667
9652,汚水,15.895893329178277,0.629
9653,汚水,20.87120504153057,0.479
9654,汚水,37.19425758038143,0.269
9655,汚水,38.194302572623904,0.262
9656,汚水,16.175429521286237,0.618
9658,汚水,26.96224595336215,0.371
9659,雨水,6.68456184763096,1.0
9660,汚水,17.164146354921623,0.583
9661,汚水,12.25906690721558,0.816
9662,汚水,13.900305935929735,0.719
9664,汚水,78.16534717509118,0.128
9665,汚水,76.81443141289168,0.13
9666,汚水,7.08416084608853,1.0
9667,汚水,15.93214997770072,0.628
9668,汚水,22.922384087702245,0.436
9669,汚水,15.430748613186191,0.648
9670,汚水,8.992541125229048,1.0
9671,汚水,26.279541236471037,0.381
9672,汚水,48.5906567145418,0.206
9673,汚水,49.9651539566235,0.2
9674,汚水,39.39049977839392,0.254
9675,汚水,72.27756396957119,0.138
9676,汚水,93.34206281981288,0.107
9677,汚水,44.04353372585199,0.227
9678,汚水,29.75797624947052,0.336
9679,汚水,57.110197742661924,0.175
9680,汚水,68.31996770847871,0.146
9681,汚水,25.89665837031477,0.386
9682,汚水,25.36596047675243,0.394
9683,汚水,33.34545722646691,0.3
9684,汚水,51.25915154200347,0.195
9685,汚水,41.2208272353002,0.243
9686,汚水,38.87749427650717,0.257
9687,汚水,63.572837875141424,0.157
9688,汚水,28.573937308929338,0.35
9689,汚水,66.34234324836468,0.151
9690,汚水,19.94095882922226,0.501
9691,汚水,26.324083574440643,0.38
9692,汚水,9.657160711548787,1.0
9693,雨水,2.320477968008882,1.0
9694,汚水,17.388981313186633,0.575
9695,汚水,20.863853832750884,0.479
9696,汚水,42.26940798824636,0.237
9697,汚水,34.42892631963298,0.29
9698,汚水,51.67724857049462,0.194
9699,汚水,89.82961345084108,0.111
9700,汚水,25.390763225031574,0.394
9701,汚水,5.924850637437842,1.0
9702,汚水,29.285172240839685,0.341
9703,汚水,3.8210425916962256,1.0
9704,汚水,29.209040750862332,0.342
9705,汚水,31.93197619298124,0.313
9706,汚水,10.334242601056241,0.968
9707,汚水,22.876906342031887,0.437
9708,汚水,5.459265067513247,1.0
9709,汚水,85.2061086006958,0.117
9710,汚水,51.93573256202788,0.193
9711,汚水,21.247829754548892,0.471
9712,汚水,3.278779338810863,1.0
9713,汚水,30.20303855537807,0.331
9714,汚水,20.050268616119638,0.499
9715,汚水,39.84513260580974,0.251
9716,汚水,46.77217449752741,0.214
9717,汚水,58.87920631667412,0.17
9718,汚水,24.053930462691472,0.416
9719,汚水,24.61169811271111,0.406
9720,汚水,89.53502211990015,0.112
9721,汚水,39.42534865465739,0.254
9722,汚水,11.220439766205105,0.891
9723,汚水,64.42086503669495,0.155
9724,汚水,25.83194723425812,0.387
9725,汚水,40.139339650624265,0.249
9726,汚水,10.842444839161931,0.922
9727,汚水,80.04469369658614,0.125
9728,汚水,73.4766032566728,0.136
9729,汚水,71.8945927974083,0.139
9730,汚水,42.67758866162354,0.234
9731,汚水,2.4256372871508463,1.0
9732,汚水,7.5436842157512345,1.0
9733,汚水,58.18760061289196,0.172
9734,汚水,55.91900788558459,0.179
9735,汚水,49.44199670489541,0.202
9736,汚水,53.410916204589974,0.187
9737,汚水,79.02087588259471,0.127
9738,汚水,80.60992047906235,0.124
9739,汚水,3.7667102801118393,1.0
9740,汚水,4.025575794856759,1.0
9741,汚水,49.27753649129682,0.203
9742,汚水,50.02171902028832,0.2
9743,汚水,8.73307012156979,1.0
9744,汚水,9.665010378263506,1.0
9745,汚水,25.8374745021652,0.387
9746,汚水,82.31500333761798,0.121
9747,汚水,45.73665577820101,0.219
9748,汚水,35.80174600454916,0.279
9749,汚水,32.610044942009544,0.307
9750,汚水,37.37421375552961,0.268
9751,汚水,19.013466755511082,0.526
9752,汚水,12.852354258712683,0.778
9753,汚水,27.996049527885766,0.357
9754,汚水,13.310590219897122,0.751
9755,汚水,13.773497849835236,0.726
9756,汚水,18.821362647407526,0.531
9757,汚水,16.57939743374922,0.603
9758,汚水,32.06817211387567,0.312
9759,汚水,14.904047573263576,0.671
9760,汚水,88.89181721621344,0.112
9761,汚水,28.70945359760798,0.348
9762,汚水,66.55892152156905,0.15
9763,汚水,27.86391143847989,0.359
9764,汚水,57.00206962263021,0.175
9765,汚水,20.83011594415972,0.48
9766,汚水,18.04620893457286,0.554
9767,汚水,38.10017970476386,0.262
9768,汚水,21.24798480653369,0.471
9769,汚水,21.166098236832195,0.472
9770,汚水,18.44610792056138,0.542
9771,汚水,11.112254198761073,0.9
9772,汚水,3.5708976289093646,1.0
9773,汚水,8.708659187887337,1.0
9774,汚水,20.66773899636857,0.484
9775,汚水,5.730311410584098,1.0
9776,汚水,22.553686090100264,0.443
9777,汚水,8.562422246178828,1.0
9778,汚水,4.433763784154969,1.0
9779,汚水,9.633446278330686,1.0
9780,汚水,35.90967389510232,0.278
9781,汚水,43.2075304573874,0.231
9782,汚水,72.4079073484924,0.138
9783,汚水,18.426881334228884,0.543
9784,汚水,4.951931673083433,1.0
9785,汚水,2.610579164387528,1.0
9786,汚水,14.032113983507609,0.713
9787,汚水,14.874784596241518,0.672
9788,汚水,77.11562990600513,0.13
9789,汚水,35.33968889249042,0.283
9790,汚水,39.70480204317008,0.252
9791,汚水,36.97259107284545,0.27
9792,汚水,36.23431145783108,0.276
9793,汚水,20.768144587129658,0.482
9794,汚水,79.97371230649794,0.125
9795,汚水,5.652051558300207,1.0
9796,汚水,12.916599665993179,0.774
9797,汚水,93.14104570968114,0.107
9798,汚水,10.043578123488373,0.996
9799,汚水,46.794781269352335,0.214
9800,汚水,44.29196278373196,0.226
9801,汚水,6.811310890106772,1.0
9802,汚水,98.21211908365272,0.102
9803,汚水,97.55490143691098,0.103
9805,汚水,5.432614714581321,1.0
9806,汚水,29.286515330605855,0.341
9807,汚水,5.4113257744676755,1.0
9808,汚水,81.1189531658997,0.123
9809,汚水,41.02546010751238,0.244
9810,汚水,5.429730633156584,1.0
9811,汚水,77.77565451915869,0.129
9812,汚水,71.64163609133827,0.14
9813,汚水,44.438363537696496,0.225
9814,汚水,5.456487635951093,1.0
9815,汚水,64.8340727143365,0.154
9816,汚水,86.57001051807332,0.116
9817,汚水,55.413944202417916,0.18
9818,汚水,66.5477735273826,0.15
9819,汚水,51.530151231438225,0.194
9820,汚水,46.728547298980445,0.214
9821,汚水,89.59788686497585,0.112
9822,汚水,53.08800173899666,0.188
9823,汚水,53.47749486786439,0.187
9824,汚水,97.83828272938497,0.102
9825,汚水,34.822408940309025,0.287
9826,汚水,38.70961397356099,0.258
9827,汚水,46.880631565370216,0.213
9828,汚水,96.76162636006377,0.103
9829,汚水,68.24111012015503,0.147
9830,汚水,42.42485084216726,0.236
9831,汚水,50.753992188269414,0.197
9832,汚水,49.24090298171607,0.203
9833,汚水,7.139839897492186,1.0
9834,汚水,74.74521719656597,0.134
9835,汚水,86.60484291527474,0.115
9836,汚水,81.912255342664,0.122
9837,汚水,69.04873199898913,0.145
9838,汚水,22.984180256594918,0.435
9839,汚水,16.133563326285174,0.62
9840,汚水,72.25641095718869,0.138
9841,汚水,26.559829423677588,0.377
9842,汚水,45.478119184337906,0.22
9843,汚水,26.501569242480638,0.377
9844,汚水,26.797789122379672,0.373
9845,汚水,34.59813712245879,0.289
9846,汚水,51.85878274218767,0.193
9847,汚水,4.8664008973248505,1.0
9848,汚水,8.06257683315524,1.0
9849,汚水,27.903719539138923,0.358
9850,汚水,7.411744163030859,1.0
9851,汚水,7.593580534001571,1.0
9852,汚水,55.83069170760089,0.179
9853,汚水,37.220920284922045,0.269
9854,汚水,6.49774493717735,1.0
9855,汚水,21.98153294574562,0.455
9856,汚水,29.110356818404423,0.344
9857,汚水,31.662000940686536,0.316
9858,汚水,61.83700554928844,0.162
9859,汚水,15.138597087085378,0.661
9860,汚水,29.14362827383616,0.343
9861,汚水,68.60919156506753,0.146
9862,汚水,9.5385341625388,1.0
9863,汚水,5.1679192767601405,1.0
9864,汚水,60.643659083249275,0.165
9865,汚水,3.571287081601969,1.0
9866,汚水,4.066277463541416,1.0
9867,汚水,41.25004330029308,0.242
9868,汚水,33.29218889132138,0.3
9869,汚水,15.679876335545334,0.638
9870,汚水,22.45448480789149,0.445
9871,汚水,21.95642119213009,0.455
9872,汚水,53.708093700722415,0.186
9873,汚水,58.64038640224721,0.171
9874,汚水,90.02471898970958,0.111
9875,汚水,3.805397680766691,1.0
9876,汚水,67.98043831743837,0.147
9877,汚水,47.47220798476165,0.211
9878,汚水,7.801604366882338,1.0
9879,汚水,56.94747561771608,0.176
9880,汚水,51.28056173869333,0.195
9881,汚水,2.9838956754159978,1.0
9882,汚水,9.166700904423749,1.0
9883,汚水,3.280090885612697,1.0
9884,汚水,27.222674760467807,0.367
9885,汚水,25.851461467532218,0.387
9887,汚水,27.55781025891095,0.363
9888,汚水,38.42924437028166,0.26
9889,汚水,53.48518115696228,0.187
9890,汚水,50.884391269547315,0.197
9891,汚水,9.4684809256629,1.0
9892,汚水,54.76343981063137,0.183
9893,汚水,8.105246321655352,1.0
9894,汚水,56.718870926142266,0.176
9895,汚水,94.14196516437684,0.106
9896,汚水,3.780155330066116,1.0
9897,汚水,44.600095573602715,0.224
9898,汚水,53.48055546971105,0.187
9899,汚水,42.06141177019148,0.238
9900,汚水,5.471620358754537,1.0
9901,汚水,71.0142610591707,0.141
9902,汚水,73.65025929525625,0.136
9903,汚水,4.780739409750094,1.0
9904,汚水,63.82346324009124,0.157
9905,汚水,64.88236788703131,0.154
9906,汚水,30.927791857697475,0.323
9907,汚水,8.985390551791035,1.0
9908,汚水,21.302651375009056,0.469
9909,汚水,12.054937575923637,0.83
9910,汚水,18.147186443925545,0.551
9911,汚水,27.7334909633136,0.361
9912,汚水,49.13985560047141,0.204
9913,汚水,40.65871520892754,0.246
9914,汚水,91.84794144481418,0.109
9915,汚水,19.718769460675816,0.507
9916,汚水,18.087600390393757,0.553
9917,汚水,21.616956268743913,0.463
9918,汚水,18.012487479644367,0.555
9919,汚水,22.045174226942496,0.454
9920,汚水,3.3011824280401987,1.0
9921,汚水,5.379471105775681,1.0
9922,汚水,73.32389078616013,0.136
9923,汚水,46.93372993603862,0.213
2102,汚水,15.193945360832977,0.658
2103,汚水,6.119980817869405,1.0
2104,汚水,16.008273553868655,0.625
2105,汚水,13.821972323503251,0.723
2106,汚水,13.098046866461484,0.763
2107,汚水,20.167992499463015,0.496
2108,汚水,63.614572563533805,0.157
2109,汚水,16.914834135781675,0.591
2110,汚水,5.380350474405321,1.0
1822,汚水,38.33705617181851,0.261
1823,汚水,9.197449706512803,1.0
1824,汚水,66.03015376583092,0.151
1825,汚水,7.7858998439973135,1.0
1826,汚水,8.917173139343255,1.0
1827,汚水,17.21769120088118,0.581
1828,汚水,17.93318201035613,0.558
1829,汚水,14.236484020734657,0.702
1830,汚水,25.832308953339883,0.387
1831,汚水,35.68943418376724,0.28
1832,汚水,18.83327154077231,0.531
1833,汚水,18.243167871699615,0.548
1834,汚水,19.89198179252147,0.503
1835,汚水,4.213717919486959,1.0
1836,汚水,9.479572137669301,1.0
1837,汚水,27.082801192681014,0.369
1838,汚水,27.26013823133791,0.367
1839,汚水,28.808033693613226,0.347
1840,汚水,14.096590299631291,0.709
1841,汚水,3.41574389191389,1.0
1842,汚水,12.662627724633692,0.79
1843,汚水,12.74087511497788,0.785
1844,汚水,9.834335791107621,1.0
1845,汚水,36.436604670395255,0.274
1846,汚水,11.823161480253995,0.846
1847,汚水,14.39485616089046,0.695
1848,汚水,14.293587070492034,0.7
1849,汚水,16.256055268239116,0.615
1850,汚水,5.979839585265668,1.0
1851,汚水,37.22670589643052,0.269
1852,汚水,8.65456377539211,1.0
1853,汚水,51.131245029071344,0.196
1854,汚水,13.647429806151155,0.733
1855,汚水,2.802355254217076,1.0
1856,汚水,4.248811156764718,1.0
1857,汚水,4.601602540772459,1.0
1858,汚水,5.458490945089447,1.0
1859,汚水,5.374713030630581,1.0
1860,汚水,16.44598516194939,0.608
1861,汚水,3.0629373485277096,1.0
1862,汚水,20.795021655695688,0.481
1863,汚水,6.086521168983179,1.0
1864,汚水,7.457113467204502,1.0
1865,汚水,31.879993797994754,0.314
1866,汚水,23.14612562117418,0.432
1867,汚水,35.85052450032725,0.279
1868,汚水,6.00119146444437,1.0
1869,汚水,44.371120618895475,0.225
1870,汚水,26.476463164791575,0.378
1871,汚水,11.187822942763372,0.894
1872,汚水,39.28076411003349,0.255
1873,汚水,32.80247315744856,0.305
1874,汚水,54.87439588361412,0.182
1875,汚水,41.70417421703425,0.24
1876,汚水,64.04513489949429,0.156
1877,汚水,35.13607668442634,0.285
1878,汚水,53.74359385530009,0.186
1879,汚水,63.66639512174324,0.157
1880,汚水,43.371916215722614,0.231
1881,汚水,59.93370862703633,0.167
1882,汚水,33.72354655392115,0.297
1883,汚水,37.10672375847188,0.269
1884,汚水,5.229325370533839,1.0
1885,汚水,30.96325061225228,0.323
1886,汚水,34.610369876412655,0.289
1887,汚水,3.0992493583414182,1.0
1888,汚水,42.46317796721106,0.235
1889,汚水,33.435251128705005,0.299
1890,汚水,39.95722446337838,0.25
1891,汚水,29.784583145334896,0.336
1892,汚水,30.9500386005381,0.323
1893,汚水,84.23937323116043,0.119
1894,汚水,95.49878282116713,0.105
1895,汚水,94.64096652738674,0.106
1896,汚水,99.51871481726685,0.1
1897,汚水,53.92026306016598,0.185
1898,汚水,49.69445116040591,0.201
1899,汚水,5.237559529695667,1.0
1900,汚水,47.08975689388868,0.212
1901,汚水,19.060425495221462,0.525
1902,汚水,4.456404663874242,1.0
1903,汚水,19.746558877663293,0.506
1904,汚水,2.7912004884142574,1.0
1905,汚水,20.418827522771405,0.49
1906,汚水,23.251585182121676,0.43
1907,汚水,44.18026973169201,0.226
1908,汚水,22.60509781938264,0.442
1909,汚水,39.43509349309186,0.254
1910,汚水,16.534425550754722,0.605
1911,汚水,47.27509012449535,0.212
1912,汚水,22.35316595686165,0.447
1913,汚水,6.028946892281162,1.0
1914,汚水,7.343792097701755,1.0
1915,汚水,14.082347459372897,0.71
1916,汚水,19.36453162197125,0.516
1917,汚水,14.15997560230665,0.706
1918,汚水,22.894039345000206,0.437
1919,汚水,34.62490698766996,0.289
1920,汚水,2.564142178359787,1.0
1921,汚水,17.432549725865396,0.574
1922,汚水,32.7900672243528,0.305
1923,汚水,31.67019618784832,0.316
1924,汚水,3.180756230694799,1.0
1925,汚水,22.47496630526835,0.445
1926,汚水,24.139269636490383,0.414
1927,汚水,8.020358739373506,1.0
1928,汚水,28.239108656610185,0.354
1929,汚水,24.700448797405368,0.405
1930,汚水,31.468301476621637,0.318
1931,汚水,32.36207467428487,0.309
1932,汚水,3.018021304952841,1.0
1933,汚水,57.26137471987932,0.175
1934,汚水,32.12584551964331,0.311
1935,汚水,15.223202883951334,0.657
1938,汚水,70.51095981406726,0.142
1942,汚水,53.86048716065421,0.186
1943,汚水,85.37672762102518,0.117
1944,汚水,38.887839778069996,0.257
1945,汚水,5.328433540618251,1.0
1946,汚水,6.657514945832845,1.0
1947,汚水,54.15490679759902,0.185
1948,汚水,4.9307599381929865,1.0
1949,汚水,34.294591525939104,0.292
1950,汚水,8.887037972469994,1.0
1951,汚水,62.17051158282189,0.161
1952,汚水,57.94439004857946,0.173
1953,汚水,60.63895815709663,0.165
1954,汚水,22.989102199527203,0.435
1955,汚水,38.52792851574575,0.26
1956,汚水,90.02667507563311,0.111
1957,汚水,5.220300462646049,1.0
1958,汚水,22.173666322838336,0.451
1959,汚水,86.31145455932608,0.116
1960,汚水,118.46812509621628,0.084
1961,汚水,42.2610642148677,0.237
1962,汚水,105.16659923208323,0.095
1963,汚水,74.29883753953378,0.135
1964,汚水,3.4752971211837207,1.0
1965,汚水,36.831949414997794,0.272
1966,汚水,88.18762389048871,0.113
1968,汚水,67.95511051089268,0.147
1969,汚水,38.27609179441771,0.261
1970,汚水,61.55346410769486,0.162
1971,汚水,59.24892350749213,0.169
1972,汚水,55.94963464750552,0.179
1973,汚水,70.50576865522329,0.142
1974,汚水,63.188354990588934,0.158
1975,汚水,69.09861886173583,0.145
1976,汚水,33.53347496767391,0.298
1977,汚水,57.596782275298956,0.174
1978,汚水,70.16845232973579,0.143
1979,汚水,6.253729499600027,1.0
1980,汚水,55.254317976624854,0.181
1981,汚水,50.248231025859496,0.199
1982,汚水,43.52478418161574,0.23
1983,汚水,7.6006475055506515,1.0
1984,汚水,33.403938748834285,0.299
1985,汚水,49.76545133404392,0.201
1986,汚水,59.36312788061439,0.168
1987,汚水,3.249802437977665,1.0
1988,汚水,36.60358032365191,0.273
1989,汚水,120.26430418832669,0.083
1990,汚水,10.412749163697253,0.96
1991,汚水,15.482948056746139,0.646
1992,汚水,13.534756641724156,0.739
1994,汚水,17.15202036581392,0.583
1995,汚水,16.679004261912514,0.6
1996,汚水,15.012599443957562,0.666
1997,汚水,16.570703368428063,0.603
1998,汚水,27.443522876790112,0.364
2000,汚水,10.050706834840991,0.995
2001,汚水,43.53686059996912,0.23
2002,汚水,6.0454567059451625,1.0
2004,汚水,39.42736295731504,0.254
2005,汚水,25.10946194829238,0.398
2006,汚水,22.320957622478623,0.448
2007,汚水,39.57102939433116,0.253
2008,汚水,39.58601107847966,0.253
2009,汚水,11.16039978962078,0.896
2010,汚水,42.91123030769008,0.233
2011,汚水,32.72090343271777,0.306
2012,汚水,26.572361315517238,0.376
2013,汚水,27.232031208128518,0.367
2014,汚水,29.514054570875174,0.339
2015,汚水,48.799077001731646,0.205
2016,汚水,23.246597470519212,0.43
2017,汚水,24.532290779657277,0.408
2019,汚水,23.064179639395096,0.434
2021,汚水,16.6488252326519,0.601
2022,汚水,25.019986448486076,0.4
2023,汚水,18.468540411441868,0.541
2024,汚水,25.69230677526867,0.389
2025,汚水,25.10043088270331,0.398
2026,汚水,4.5138768750525236,1.0
2027,汚水,13.65143537814049,0.733
2028,汚水,13.631604924091524,0.734
2029,汚水,21.46350691773209,0.466
2030,汚水,66.42416522494892,0.151
2031,汚水,59.889290582767465,0.167
2032,汚水,18.24102532620138,0.548
2033,汚水,11.760156608555064,0.85
2034,汚水,17.82361346304172,0.561
2035,汚水,6.192727562241271,1.0
2036,汚水,12.229751146949141,0.818
2037,汚水,19.62680412821189,0.51
2038,汚水,3.6781307389634508,1.0
2039,汚水,7.359884181622048,1.0
2040,汚水,29.401485239973955,0.34
2041,汚水,21.63531735283718,0.462
2042,汚水,18.970391945026925,0.527
2043,汚水,24.453202854397325,0.409
2044,汚水,3.827960532938581,1.0
2045,汚水,10.985542063686344,0.91
2046,汚水,4.136726859206442,1.0
2048,汚水,4.598060266004025,1.0
2049,汚水,30.888314718660226,0.324
2051,汚水,47.75719947923857,0.209
2053,汚水,52.28100451174321,0.191
2054,汚水,52.97718081460122,0.189
2056,汚水,46.230430908437334,0.216
2057,汚水,16.413013531867485,0.609
2058,汚水,5.219725237407123,1.0
2059,汚水,29.774294013459276,0.336
2111,汚水,12.655684556672563,0.79
2112,汚水,3.7906293564574707,1.0
2113,汚水,35.761978622726474,0.28
2114,汚水,31.598977455857955,0.316
2115,汚水,3.115219579922735,1.0
2116,汚水,21.909555074324075,0.456
2117,汚水,8.394637724067715,1.0
2118,汚水,14.488696725004457,0.69
2119,汚水,13.973947457848107,0.716
2120,汚水,14.714746095841944,0.68
2121,汚水,6.259357334087075,1.0
2122,汚水,23.927006357072518,0.418
2123,汚水,14.053182540453568,0.712
2124,汚水,20.83151951484065,0.48
2125,汚水,14.814943685352993,0.675
2128,汚水,25.16162786229281,0.397
2129,汚水,15.553342329137509,0.643
2130,汚水,23.86757732000583,0.419
2131,汚水,60.736028791130835,0.165
2132,汚水,4.360232175133569,1.0
2133,汚水,13.788904765507452,0.725
2134,汚水,15.152918244432689,0.66
2135,汚水,6.31025712064589,1.0
2136,汚水,15.279005766954574,0.654
2137,汚水,19.26807883742474,0.519
2138,汚水,23.694855841294135,0.422
2139,汚水,15.967449402889901,0.626
2140,汚水,27.416058354463626,0.365
2141,汚水,12.263594331522919,0.815
2142,汚水,11.909421382910462,0.84
2143,汚水,12.426708186264362,0.805
2144,汚水,22.727093268219168,0.44
2145,汚水,22.555568054919185,0.443
2146,汚水,7.036457461387263,1.0
2147,汚水,15.078925504714901,0.663
2148,汚水,20.344561999289667,0.492
2149,汚水,41.22943049066592,0.243
2150,汚水,3.3088380368004815,1.0
2151,汚水,11.846680916103656,0.844
2152,汚水,11.618800473330904,0.861
2153,汚水,49.469980753733445,0.202
2154,汚水,14.719455604207534,0.679
2155,汚水,7.773657562676831,1.0
2156,汚水,5.357322137556748,1.0
2157,汚水,105.10917331805747,0.095
2158,汚水,26.619514317991605,0.376
2159,汚水,12.857342317703168,0.778
2160,汚水,22.42418588619942,0.446
2161,汚水,11.604783547304432,0.862
2162,汚水,30.253425654597425,0.331
2163,汚水,18.047090976877787,0.554
2164,汚水,3.562973257116399,1.0
2165,汚水,23.904343013254948,0.418
2166,汚水,9.8968441324589,1.0
2167,汚水,19.621733598846404,0.51
2168,汚水,7.902704982660811,1.0
2169,汚水,7.431970443164367,1.0
2170,汚水,25.76397970422371,0.388
2171,汚水,22.76607481015305,0.439
2172,汚水,4.822269700059044,1.0
2173,汚水,22.499109920560237,0.444
2174,汚水,48.31222591866994,0.207
2175,汚水,65.70194559428043,0.152
2176,汚水,9.24866765482882,1.0
2177,汚水,8.897215887920458,1.0
2178,汚水,16.792876016571753,0.595
2179,汚水,15.530333292382618,0.644
2180,汚水,31.824685457803284,0.314
2181,汚水,15.07824286302779,0.663
2182,汚水,30.25839553922309,0.33
2183,汚水,9.92117845970833,1.0
2184,汚水,8.561865260289022,1.0
2185,汚水,17.801153330833564,0.562
18054,汚水,28.44622733269715,0.352
18055,汚水,26.216080325966594,0.381
18056,汚水,4.331279302701397,1.0
18057,汚水,37.694322184518136,0.265
18058,汚水,50.487090834407816,0.198
18059,汚水,25.312838292551778,0.395
18060,汚水,47.46235675452724,0.211
18061,汚水,4.581156347591648,1.0
18062,汚水,4.185995572578393,1.0
18063,汚水,17.657964439716668,0.566
18064,汚水,10.661449076786493,0.938
18065,汚水,6.663307372804768,1.0
18066,汚水,12.63199327789269,0.792
18067,汚水,26.43493805545642,0.378
18068,汚水,49.84280542652136,0.201
18069,汚水,8.961675271583273,1.0
18070,汚水,17.485483891280882,0.572
18071,汚水,12.676231014599821,0.789
18072,汚水,22.739287193758916,0.44
18073,汚水,34.5999530580731,0.289
18074,汚水,11.339221853331644,0.882
18075,汚水,31.435075831625383,0.318
18076,汚水,2.2875205009728026,1.0
18077,汚水,21.984682221597424,0.455
18078,汚水,28.260898965751196,0.354
18079,汚水,14.744907025904936,0.678
18080,汚水,28.292390937449014,0.353
18081,汚水,15.207579725694806,0.658
18082,汚水,15.964857427489507,0.626
18083,汚水,10.62964172519208,0.941
18084,汚水,8.868489976797306,1.0
18085,汚水,4.076180951568069,1.0
18086,汚水,59.81894897985612,0.167
18087,汚水,26.851089504625964,0.372
18088,汚水,92.70321809765717,0.108
18089,汚水,20.352834873948478,0.491
18090,汚水,8.274978367453008,1.0
18091,汚水,12.483287793726157,0.801
18092,汚水,20.18152817859196,0.496
18093,汚水,29.99715956340282,0.333
18094,汚水,41.993436031532276,0.238
18095,汚水,10.93449173711047,0.915
18096,汚水,25.117847384056752,0.398
18097,汚水,23.30236463985295,0.429
18098,汚水,30.780531029718322,0.325
18099,汚水,84.7920554252777,0.118
18100,汚水,44.844798112272464,0.223
18101,汚水,28.219609534058037,0.354
18102,汚水,6.081112896770584,1.0
18103,汚水,20.49249149803887,0.488
18104,汚水,3.994744933941405,1.0
18105,汚水,6.0898721195297405,1.0
18106,汚水,22.866747319868733,0.437
18107,汚水,20.239875402700243,0.494
18108,汚水,6.892462291915989,1.0
18109,汚水,3.2127567149534197,1.0
18110,汚水,21.27959133633949,0.47
18111,汚水,55.745388923709285,0.179
18112,汚水,1.890666167713505,1.0
18113,汚水,15.149269451973808,0.66
18114,汚水,22.10999256683599,0.452
18115,汚水,12.243064830138264,0.817
18116,汚水,28.562469144162723,0.35
18117,汚水,25.549864296597185,0.391
18118,汚水,2.2824045718645958,1.0
18119,汚水,9.497898514406794,1.0
18120,汚水,10.991684577696919,0.91
18121,汚水,4.182038062419677,1.0
18122,汚水,49.181750989935054,0.203
18123,汚水,19.331963918031708,0.517
18124,汚水,69.83636922002553,0.143
18125,汚水,14.422999755677267,0.693
18126,汚水,11.219760786181261,0.891
18127,汚水,5.349338238612505,1.0
18128,汚水,56.294257697450846,0.178
18129,汚水,32.79901171201173,0.305
18130,汚水,23.67774412122686,0.422
18131,汚水,33.80671001468171,0.296
18132,汚水,60.55321183031632,0.165
18134,汚水,16.185628115931696,0.618
18135,汚水,12.538249568469272,0.798
18136,汚水,27.856924435231875,0.359
18137,汚水,36.781610458489666,0.272
18138,汚水,22.223247882436716,0.45
18139,汚水,8.241224844762247,1.0
18140,汚水,37.18970905536777,0.269
18141,汚水,8.432603154242837,1.0
18142,汚水,14.96955813099924,0.668
18143,汚水,23.17762397411642,0.431
18144,汚水,21.942231490220507,0.456
18145,汚水,6.615068423316595,1.0
18146,汚水,25.217101947645315,0.397
18147,汚水,7.078195050449754,1.0
18148,汚水,9.902608139812692,1.0
18149,汚水,21.225398004296448,0.471
18150,汚水,16.053349131210496,0.623
18151,汚水,7.950463338538164,1.0
18152,汚水,7.726613253034172,1.0
18153,汚水,24.860713126615387,0.402
18154,汚水,37.98927157714528,0.263
18155,汚水,16.757215283362022,0.597
18156,汚水,23.55303542887273,0.425
18157,汚水,23.418132462861816,0.427
18182,汚水,22.168965893634862,0.451
18183,汚水,17.335263019968167,0.577
18184,汚水,3.501509715800358,1.0
18185,汚水,13.474344951390233,0.742
18186,汚水,30.535248076492312,0.327
18187,汚水,62.03038619979375,0.161
18188,汚水,36.45361806591966,0.274
18189,汚水,49.5271447825331,0.202
18190,汚水,22.860523267897225,0.437
18191,汚水,14.576821737921742,0.686
18192,汚水,21.108136376954864,0.474
18193,汚水,31.94013167634946,0.313
18194,汚水,18.677241935311844,0.535
18195,汚水,28.676679058758133,0.349
18196,汚水,29.80160326072224,0.336
18197,汚水,3.7447045993740464,1.0
18260,汚水,8.400901309813921,1.0
18261,汚水,87.61088796352064,0.114
18262,汚水,12.161813417101266,0.822
18264,汚水,11.434796521583484,0.875
18265,汚水,32.55695175413918,0.307
18266,汚水,25.607125509760035,0.391
18267,汚水,40.94194559246329,0.244
18268,汚水,39.44731463464281,0.254
18269,汚水,8.410944751539574,1.0
18270,汚水,6.773674018651838,1.0
18271,汚水,83.56553455854358,0.12
18272,汚水,2.4109036634368843,1.0
18273,汚水,11.364611581151985,0.88
18274,汚水,14.990256882763761,0.667
18275,汚水,45.27768862262064,0.221
18276,汚水,7.625299458995967,1.0
18277,汚水,22.220916777063685,0.45
18278,汚水,6.423045455880811,1.0
18279,汚水,9.99138813429519,1.0
18280,汚水,12.354495562949616,0.809
18281,汚水,23.944781119271312,0.418
18282,汚水,12.3470073551678,0.81
18283,汚水,4.6419240527778225,1.0
18284,汚水,5.991643586121406,1.0
18285,汚水,2.8196875380669923,1.0
18286,汚水,5.585192932555984,1.0
18287,汚水,2.9979130545957826,1.0
18288,汚水,10.429158252020803,0.959
18289,汚水,4.6037812809275485,1.0
18290,汚水,8.125556172919007,1.0
18291,汚水,3.6977066949544715,1.0
18292,汚水,1.9185311437309482,1.0
18293,汚水,22.140757272881757,0.452
18294,汚水,17.76741270049391,0.563
18295,汚水,22.34850703333418,0.447
18296,汚水,85.35260327528485,0.117
18297,汚水,80.9032761670499,0.124
18298,汚水,40.394599278925064,0.248
18299,汚水,14.618709896290673,0.684
18300,汚水,70.98292133184175,0.141
18301,汚水,66.28242389029953,0.151
18302,汚水,49.12780554918476,0.204
18303,汚水,66.70477386681748,0.15
18304,汚水,15.977978305349517,0.626
18305,汚水,10.136661993147401,0.987
18306,汚水,28.964632805104774,0.345
18307,汚水,19.602486407014833,0.51
18308,汚水,6.8304602013801485,1.0
18309,汚水,10.130264763931212,0.987
18310,汚水,3.713696065055372,1.0
18311,汚水,31.76992928281696,0.315
18312,汚水,14.6757712575745,0.681
18313,汚水,5.194006013167991,1.0
18314,汚水,3.8665128513806746,1.0
18315,汚水,28.71614655894487,0.348
18316,汚水,3.61646633173165,1.0
18317,汚水,6.177786602696764,1.0
18318,汚水,3.367083759884802,1.0
18319,汚水,2.216773222224441,1.0
18320,汚水,5.397006307429898,1.0
18321,汚水,1.720002617784273,1.0
18322,汚水,7.870306222511881,1.0
18323,汚水,8.887878164320716,1.0
18324,汚水,24.468458817738064,0.409
18325,汚水,17.82802054762333,0.561
18326,汚水,6.155136103516943,1.0
18327,汚水,23.815632958188996,0.42
18328,汚水,4.711927464382591,1.0
18329,汚水,16.66795672036627,0.6
18330,汚水,35.95490091721385,0.278
18331,汚水,32.93323615098163,0.304
18332,汚水,4.193522288666431,1.0
18333,汚水,39.98350315625162,0.25
18334,汚水,91.92504034224032,0.109
18335,汚水,43.73484727607522,0.229
18336,汚水,7.155433995718643,1.0
18337,汚水,8.882055353969221,1.0
18338,汚水,10.830858058162596,0.923
18339,汚水,18.098205090780915,0.553
18340,汚水,50.390768979893274,0.198
18341,汚水,22.227353809905708,0.45
18342,汚水,63.32384011285287,0.158
18343,汚水,24.34355243528308,0.411
18345,汚水,23.69067755760776,0.422
18346,汚水,63.19351974897518,0.158
18347,汚水,32.86580201747127,0.304
18348,汚水,40.0784597608391,0.25
18349,汚水,45.58292553426386,0.219
18350,汚水,90.43454201256984,0.111
18351,汚水,45.01260125337215,0.222
18352,汚水,9.305624910779969,1.0
18353,汚水,9.348773472291985,1.0
18354,汚水,3.4717836469710095,1.0
18355,汚水,4.962827021978341,1.0
18356,汚水,33.66272876562442,0.297
18357,汚水,47.70747938815784,0.21
18358,汚水,11.10188932945034,0.901
18359,汚水,6.537684660800762,1.0
18360,汚水,13.365873177908442,0.748
18362,汚水,6.89632429853398,1.0
18363,汚水,11.631998861101543,0.86
18364,汚水,18.204295535315932,0.549
18365,汚水,5.513388415505681,1.0
18366,汚水,12.351155282997485,0.81
18367,汚水,3.704544205150488,1.0
18368,汚水,10.340176033260922,0.967
18369,汚水,46.36531443127634,0.216
18370,汚水,69.63055531341068,0.144
18371,汚水,41.494494207756446,0.241
18372,汚水,40.88820045932791,0.245
18373,汚水,4.797580504635513,1.0
18374,汚水,42.774057616769284,0.234
18375,汚水,61.81607469809976,0.162
2186,汚水,5.551360554032078,1.0
2187,汚水,48.643383834713575,0.206
2188,汚水,27.741211438414627,0.36
2189,汚水,28.896771488061404,0.346
2190,汚水,27.538188245978606,0.363
2191,汚水,54.303128732573654,0.184
2192,汚水,49.30381230238767,0.203
2193,汚水,112.41209064314936,0.089
2194,汚水,78.39290420287156,0.128
2196,汚水,18.044167917387675,0.554
2197,汚水,16.072304171443037,0.622
2198,汚水,21.72888392074096,0.46
2199,汚水,21.863907148720912,0.457
2200,汚水,21.217172339466522,0.471
2201,汚水,75.07404791114875,0.133
2202,汚水,25.144690065496704,0.398
2203,汚水,22.252269720566307,0.449
2204,汚水,22.398927876580693,0.446
2205,汚水,22.730794501149642,0.44
2206,汚水,25.64760956431968,0.39
2207,汚水,36.15445833046302,0.277
2208,汚水,59.38431880361133,0.168
2209,汚水,57.25174619771675,0.175
2210,汚水,22.345648095471873,0.448
2211,汚水,60.10172340731322,0.166
2212,汚水,39.112628440052006,0.256
2213,汚水,30.462464027254853,0.328
2214,汚水,44.64651961380205,0.224
2215,汚水,4.928535254303536,1.0
2216,汚水,52.41264889164602,0.191
2217,汚水,16.581074906456298,0.603
2218,汚水,16.693943650680588,0.599
2219,汚水,13.583160821336211,0.736
2221,汚水,35.85173670504839,0.279
2222,汚水,10.95860368314124,0.913
2223,汚水,30.853266425376603,0.324
2224,汚水,35.327470624104556,0.283
2225,汚水,9.608124565120109,1.0
2226,汚水,26.81480031348481,0.373
2227,汚水,78.20195538678658,0.128
2228,汚水,53.08277088441886,0.188
2229,汚水,77.22635892051457,0.129
2230,汚水,57.601064321187295,0.174
2231,汚水,42.716127638915665,0.234
2232,汚水,56.582155690045155,0.177
2233,汚水,6.606747871819371,1.0
3026,汚水,11.521446221282135,0.868
3027,汚水,18.690187604145088,0.535
3028,汚水,10.098974418918854,0.99
3029,汚水,9.976365893663628,1.0
3030,汚水,25.63223502619937,0.39
3031,汚水,27.544058870669822,0.363
3032,汚水,5.389961844604659,1.0
3033,汚水,18.245126461066004,0.548
3034,汚水,15.757415570309059,0.635
3035,汚水,16.91772979990039,0.591
3036,汚水,6.573013317213172,1.0
3037,汚水,5.968758086500908,1.0
3038,汚水,6.122616291835142,1.0
3039,汚水,3.0618984454898808,1.0
3040,汚水,7.754480053857771,1.0
3041,汚水,3.732514192256943,1.0
3042,汚水,6.856460113995126,1.0
3043,汚水,2.9370906297699335,1.0
3044,汚水,15.42571388005036,0.648
3045,汚水,17.06548555814949,0.586
3046,汚水,5.621343494796635,1.0
2234,汚水,33.26886392912765,0.301
2235,汚水,45.61612699662186,0.219
2236,汚水,45.54265514321977,0.22
2237,汚水,33.15327317041109,0.302
2238,汚水,29.855532453824786,0.335
2239,汚水,35.01272631800235,0.286
2240,汚水,40.292893785770296,0.248
2241,汚水,7.4615217417171165,1.0
2242,汚水,5.94955783140055,1.0
2243,汚水,23.345371112108882,0.428
2244,汚水,33.36497693714188,0.3
2245,汚水,10.824279736341174,0.924
2246,汚水,6.551647359215316,1.0
2247,汚水,49.62009401437592,0.202
2248,汚水,53.75305210482892,0.186
2249,汚水,6.407074616693509,1.0
2250,汚水,10.159246413033951,0.984
2251,汚水,44.40283045735799,0.225
2252,汚水,42.35973430968641,0.236
2253,汚水,27.871494960489827,0.359
2254,汚水,12.949946767936439,0.772
2255,汚水,7.146351182620763,1.0
2256,汚水,7.932243798891285,1.0
2257,汚水,33.51825741729927,0.298
2258,汚水,32.44637374438417,0.308
2259,汚水,11.802457400027258,0.847
2260,汚水,35.38106187537888,0.283
2261,汚水,40.421893629060904,0.247
2262,汚水,37.487706860337305,0.267
2263,汚水,35.92671011194277,0.278
2264,汚水,17.03848749865888,0.587
2265,汚水,39.32669564121889,0.254
2266,汚水,37.69601295247109,0.265
2267,汚水,43.99979882844892,0.227
2268,汚水,42.48419519832392,0.235
2269,汚水,60.59644522070813,0.165
2270,汚水,54.9734828070299,0.182
2271,汚水,45.51199999999881,0.22
2272,汚水,33.076908802506196,0.302
2273,汚水,25.144175932945302,0.398
2274,汚水,38.76824272809692,0.258
2275,汚水,37.601882872457246,0.266
2276,汚水,39.65652048781242,0.252
2277,汚水,54.05962801280646,0.185
2278,汚水,37.42839091546095,0.267
2279,汚水,56.075645132088866,0.178
2280,汚水,94.7667200207996,0.106
2281,汚水,19.64688098472678,0.509
2282,汚水,43.212029199271264,0.231
2283,汚水,18.122205959465422,0.552
2284,汚水,8.097086844879504,1.0
2285,汚水,43.97496937841043,0.227
2286,汚水,20.6156583461666,0.485
2287,汚水,42.937313251571425,0.233
2288,汚水,71.69024174474416,0.139
2289,汚水,13.67549735914254,0.731
2290,汚水,8.695416661550215,1.0
2291,汚水,68.21861708830444,0.147
2292,汚水,72.47195137620339,0.138
2293,汚水,65.82848250870093,0.152
2294,汚水,65.96233098235513,0.152
2295,汚水,40.60326912325802,0.246
2296,汚水,26.24606481761571,0.381
2297,汚水,7.070374370651045,1.0
2298,汚水,71.85807133533073,0.139
2299,汚水,36.76432857892725,0.272
2300,汚水,42.189864224207646,0.237
2301,汚水,8.94397430373578,1.0
2302,汚水,65.93903234635975,0.152
2303,汚水,41.3299795351474,0.242
2304,汚水,34.900939531070634,0.287
2305,汚水,72.45906744905118,0.138
2306,汚水,42.168424133694465,0.237
2307,汚水,27.913456277177364,0.358
2308,汚水,57.33972069814229,0.174
2309,汚水,52.11790871182513,0.192
2310,汚水,41.840306181989156,0.239
2311,汚水,81.99291269961145,0.122
2312,汚水,52.22603176345488,0.191
2313,汚水,42.08217680130596,0.238
2314,汚水,45.69479171901826,0.219
2315,汚水,42.900521837486515,0.233
2316,汚水,39.07394447936507,0.256
2317,汚水,41.401351492953346,0.242
2318,汚水,36.362334218234416,0.275
2319,汚水,35.80898545888615,0.279
2320,汚水,85.35505550174942,0.117
2321,汚水,5.000045736814605,1.0
2322,汚水,25.842661567185434,0.387
2323,汚水,10.70573983813557,0.934
2324,汚水,42.939037026427094,0.233
2325,汚水,22.608821466513586,0.442
2326,汚水,10.591254584547624,0.944
2327,汚水,55.7748260831536,0.179
2328,汚水,70.23497634123052,0.142
2329,汚水,7.461014789256012,1.0
2330,汚水,7.869753686931092,1.0
2331,汚水,17.70738712364274,0.565
2332,汚水,24.966988053897683,0.401
2333,汚水,7.14742714075166,1.0
2334,汚水,20.7400200770051,0.482
2335,汚水,26.08891339295417,0.383
2336,汚水,35.03126818797137,0.285
2337,汚水,14.775447629980036,0.677
2338,汚水,31.437080131606706,0.318
2339,汚水,7.079327401998206,1.0
2340,汚水,20.097612567739215,0.498
2341,汚水,36.703651798413674,0.272
2342,汚水,26.676018551580118,0.375
2343,汚水,13.66079914756079,0.732
2344,汚水,10.537256010000489,0.949
2345,汚水,5.8858194551458265,1.0
2346,汚水,40.60456036346828,0.246
2347,汚水,36.5428628721319,0.274
2348,汚水,57.16124404109351,0.175
2349,汚水,35.435740956463135,0.282
2350,汚水,39.04897324400895,0.256
2351,汚水,42.6792439460552,0.234
2352,汚水,3.355538329014338,1.0
2353,汚水,60.96245073984714,0.164
2354,汚水,65.65010820680395,0.152
2355,汚水,39.488348970284186,0.253
2356,汚水,41.96087453781899,0.238
2357,汚水,34.876964809354405,0.287
2358,汚水,45.370123191518076,0.22
2359,汚水,19.10889401324631,0.523
2360,汚水,78.08379755262779,0.128
2361,汚水,24.04747616311397,0.416
2362,汚水,15.057667150939404,0.664
2363,汚水,43.677733304670646,0.229
2364,汚水,76.16929065872316,0.131
2365,汚水,42.05335299302197,0.238
2366,汚水,78.10579546964023,0.128
2367,汚水,23.7044246734642,0.422
2368,汚水,52.99864212285331,0.189
2369,汚水,55.87165312200169,0.179
2370,汚水,27.263874021046508,0.367
2371,汚水,25.736663280370333,0.389
2372,汚水,15.869993700275742,0.63
2373,汚水,20.74898086502041,0.482
2374,汚水,48.60058915548369,0.206
2375,汚水,10.381560152702106,0.963
2376,汚水,4.622903816407662,1.0
2377,汚水,78.53601201901763,0.127
2378,汚水,21.305936307580964,0.469
2379,汚水,5.654495781014253,1.0
2380,汚水,42.387877113043636,0.236
2381,汚水,23.665978165306623,0.423
2382,汚水,42.93811340640058,0.233
2383,汚水,14.871042953842801,0.672
2384,汚水,21.4021653836156,0.467
2385,汚水,70.90754720486146,0.141
2386,汚水,35.101622488592845,0.285
2387,汚水,65.65176338127836,0.152
2388,汚水,7.278049755973245,1.0
2389,汚水,6.811391228852351,1.0
2390,汚水,6.935312831776176,1.0
2391,汚水,14.792903671930004,0.676
2392,汚水,16.33562687504414,0.612
2393,汚水,16.545620882261122,0.604
2394,汚水,25.401129872801242,0.394
2395,汚水,4.787430125340125,1.0
2396,汚水,12.517101674228325,0.799
2397,汚水,6.669375658594509,1.0
2398,汚水,5.252999999996973,1.0
2399,汚水,30.629849418818026,0.326
2400,汚水,23.197215970706186,0.431
2401,汚水,9.068407019243644,1.0
2402,汚水,4.593969307475132,1.0
2403,汚水,37.88345898011701,0.264
2405,汚水,66.15165017019825,0.151
2406,汚水,5.1211895839567365,1.0
2407,汚水,45.181002101091465,0.221
2408,汚水,12.797976478613585,0.781
2409,汚水,5.974956814156642,1.0
2410,汚水,5.749465806259943,1.0
2411,汚水,50.53204004892851,0.198
2412,汚水,97.55502828872561,0.103
2413,汚水,28.917012952000235,0.346
2414,汚水,97.45619915451884,0.103
2415,汚水,30.16710244208135,0.331
2416,汚水,42.961396031563915,0.233
2417,汚水,24.325650827006584,0.411
2418,汚水,26.065035486994038,0.384
2419,汚水,36.27995136348564,0.276
2420,汚水,4.337285700051369,1.0
2421,汚水,14.27425621176888,0.701
2422,汚水,51.41775440861884,0.194
2423,汚水,45.65788071994879,0.219
2424,汚水,3.8964888089309553,1.0
2425,汚水,31.61531852195372,0.316
2426,汚水,16.27306540001257,0.615
2427,汚水,3.4646883080850754,1.0
2428,汚水,6.296524987595189,1.0
2429,汚水,27.88239984162383,0.359
2430,汚水,28.84185420376377,0.347
2431,汚水,7.099073502697244,1.0
2432,汚水,30.994825545286066,0.323
2433,汚水,22.096509540889823,0.453
2434,汚水,21.877865626934177,0.457
2435,汚水,26.600323365893363,0.376
2436,汚水,41.21383428121728,0.243
2437,汚水,46.52667581009936,0.215
2438,汚水,11.365129024664137,0.88
2439,汚水,37.72952837364682,0.265
2440,汚水,14.66551511384311,0.682
2441,汚水,7.232242575635319,1.0
2442,汚水,13.2196861509924,0.756
2443,汚水,14.60125645128633,0.685
2444,汚水,20.944019645729014,0.477
2445,汚水,10.46468933069668,0.956
2446,汚水,4.353477394768555,1.0
2447,汚水,35.75648489716207,0.28
2448,汚水,11.166625388194989,0.896
2449,汚水,36.224467051399124,0.276
2450,汚水,22.6379351632023,0.442
2451,汚水,11.053779471547973,0.905
2452,汚水,8.04666645172296,1.0
2453,汚水,7.122081286939471,1.0
2454,汚水,16.6349098459685,0.601
2455,汚水,19.735492511397748,0.507
2456,汚水,1.880111752667887,1.0
2457,汚水,7.240432979744437,1.0
2458,汚水,3.298328252760849,1.0
2459,汚水,13.0346154936977,0.767
2460,汚水,12.339763662232087,0.81
2461,汚水,14.265291398722425,0.701
2462,汚水,14.713566957116509,0.68
2463,汚水,21.600917294508342,0.463
2464,汚水,40.840999110989095,0.245
2465,汚水,4.6385941203553145,1.0
2466,汚水,13.047308241433296,0.766
2467,汚水,5.01638319311814,1.0
2468,汚水,8.119204410478666,1.0
2469,汚水,9.877294886716186,1.0
2470,汚水,3.242441958571777,1.0
2471,汚水,15.771818229444465,0.634
2472,汚水,9.069251165258926,1.0
2473,汚水,7.169883145642576,1.0
2474,汚水,15.23398058315498,0.656
2475,汚水,12.459792935945401,0.803
2476,汚水,15.355659006071134,0.651
2477,汚水,26.149706303324837,0.382
2478,汚水,11.849638827016566,0.844
2479,汚水,49.359438539098555,0.203
2480,汚水,13.897905164284216,0.72
2481,汚水,13.857256241834905,0.722
2482,汚水,14.95368665957417,0.669
2483,汚水,15.113823965855508,0.662
2484,汚水,14.22497669486889,0.703
2485,汚水,11.83413784590787,0.845
2486,汚水,2.0110250866132784,1.0
9924,汚水,23.76844238229075,0.421
9925,汚水,24.607419536323636,0.406
9926,汚水,13.628057803772027,0.734
9927,汚水,21.944037843818148,0.456
9928,汚水,6.4926894124167385,1.0
9929,汚水,23.37563624334571,0.428
9930,汚水,16.67969704623702,0.6
9931,汚水,94.58055005367358,0.106
9932,汚水,94.46919162786853,0.106
9933,汚水,22.97323601617226,0.435
9934,汚水,9.73099520184836,1.0
9935,汚水,88.65328083076378,0.113
9936,汚水,51.433422101688045,0.194
9937,汚水,98.73043145623551,0.101
9938,汚水,32.07821069514985,0.312
9939,汚水,18.663756048703757,0.536
9940,汚水,40.050336969835314,0.25
9941,汚水,19.392028106381066,0.516
9942,汚水,14.532353199716262,0.688
9943,汚水,29.967167102296614,0.334
9944,汚水,20.242746394513993,0.494
9945,汚水,29.19536134058702,0.343
9946,汚水,26.576834648092234,0.376
9947,汚水,15.282028055143144,0.654
9948,汚水,22.807022839758737,0.438
9949,汚水,19.841562678771734,0.504
9950,汚水,24.28092007656417,0.412
9951,汚水,15.420415888678253,0.648
9952,汚水,10.224859669376286,0.978
9953,汚水,3.777099564706579,1.0
9954,汚水,28.195783794750362,0.355
9955,汚水,33.49818417026238,0.299
9956,汚水,25.132945788123713,0.398
9957,汚水,36.53120846615618,0.274
9958,汚水,34.67926566148202,0.288
9959,汚水,38.378255430104396,0.261
9960,汚水,47.67061911895448,0.21
9961,汚水,53.25162199679804,0.188
9962,汚水,38.32861625212331,0.261
9963,汚水,17.014236426841453,0.588
9964,汚水,57.733704283386984,0.173
9965,汚水,45.16863758697708,0.221
9966,汚水,46.39821749975244,0.216
9967,汚水,30.048118744214033,0.333
9968,汚水,21.00169241766826,0.476
9969,汚水,25.044409666578705,0.399
9970,汚水,17.309677859670266,0.578
9971,汚水,4.18211364635133,1.0
9972,汚水,18.72907183096262,0.534
9973,汚水,25.35356913388575,0.394
9974,汚水,25.853670366511306,0.387
9975,汚水,16.545293684755478,0.604
9976,汚水,24.32365917947989,0.411
9977,汚水,18.123236118177633,0.552
9978,汚水,22.91351254137639,0.436
9979,汚水,22.99538780565133,0.435
9980,汚水,26.523509406795245,0.377
9981,汚水,41.85081564608438,0.239
9982,汚水,7.646815294092706,1.0
9983,汚水,40.36736015197655,0.248
9984,汚水,25.07669080383412,0.399
9985,汚水,22.94340479460525,0.436
9986,汚水,24.42383380301559,0.409
9987,汚水,26.777219443266233,0.373
9988,汚水,9.779922406576599,1.0
9989,汚水,19.775045193425466,0.506
9990,汚水,17.71542576187454,0.564
9991,汚水,18.44604743255239,0.542
9992,汚水,14.586653977704053,0.686
9993,汚水,27.79895618989387,0.36
9994,汚水,27.756536685151165,0.36
9995,汚水,23.108124969630982,0.433
9996,汚水,23.715968108252465,0.422
9997,汚水,15.2750688441314,0.655
9998,汚水,26.649424867073083,0.375
9999,汚水,25.465453228985158,0.393
10000,汚水,17.961793075242213,0.557
10001,汚水,25.01489017719939,0.4
10002,汚水,24.716476724621923,0.405
10003,汚水,25.90465757594264,0.386
10004,汚水,26.899267613308112,0.372
10005,汚水,24.217569467718132,0.413
10006,汚水,11.50394120692662,0.869
10007,汚水,19.0603125355604,0.525
10008,汚水,17.079632134307968,0.585
10009,汚水,13.039848327888887,0.767
10010,汚水,11.641962707858651,0.859
10011,汚水,20.450064570554858,0.489
10012,汚水,17.581454209546415,0.569
10013,汚水,4.848365422641252,1.0
10014,汚水,14.328224717599458,0.698
10015,汚水,17.772267448792118,0.563
10016,汚水,21.6827058393964,0.461
10017,汚水,9.474384817894288,1.0
10018,汚水,19.14337085728405,0.522
10019,汚水,20.284726204196886,0.493
10020,汚水,19.310441338790525,0.518
10021,汚水,21.108110699810286,0.474
10022,汚水,22.940847244425118,0.436
10023,汚水,28.49691891945654,0.351
10024,汚水,30.591850227783087,0.327
10025,汚水,24.74015208073839,0.404
10026,汚水,25.012024104356026,0.4
10027,汚水,25.11886434700501,0.398
10028,汚水,24.16503612057667,0.414
10029,汚水,17.191007863903483,0.582
10030,汚水,16.37373659962909,0.611
10031,汚水,24.83249269777536,0.403
10032,汚水,25.068868792275293,0.399
10033,汚水,24.32976894637917,0.411
10034,汚水,22.718423981432707,0.44
10035,汚水,25.03116181795958,0.4
10036,汚水,24.962043783221695,0.401
10037,汚水,25.96761376580575,0.385
10038,汚水,10.922077583215234,0.916
10039,汚水,26.089466033954437,0.383
10040,汚水,28.82158875907647,0.347
10041,汚水,26.66119258561094,0.375
10042,汚水,18.104888279934563,0.552
10043,汚水,19.69119281841062,0.508
10044,汚水,18.081481655961813,0.553
10045,汚水,17.684029978520837,0.565
10046,汚水,25.57579077802285,0.391
10047,汚水,16.035306670467712,0.624
10048,汚水,28.67017198260402,0.349
10049,汚水,17.95698574456556,0.557
10050,汚水,19.88888662030593,0.503
10051,汚水,19.80234208761453,0.505
10052,汚水,18.912316003690446,0.529
10053,汚水,20.386867580247824,0.491
10054,汚水,26.33753131154388,0.38
10055,汚水,93.68809508445285,0.107
10056,汚水,87.66955158297156,0.114
10057,汚水,26.720672956507926,0.374
10058,汚水,23.978567214802432,0.417
10059,汚水,23.88523780705613,0.419
10060,汚水,58.139969658962116,0.172
10061,汚水,50.49402004870215,0.198
10062,汚水,83.2087549076767,0.12
10063,汚水,45.76505199006579,0.219
10064,汚水,40.0361601482339,0.25
10065,汚水,36.46673239779973,0.274
10066,汚水,11.712163760654011,0.854
10067,汚水,43.06575061766135,0.232
10068,汚水,50.876086544816644,0.197
10069,汚水,57.06752064816077,0.175
10070,汚水,55.63085941611554,0.18
10071,汚水,8.587444695155945,1.0
10072,汚水,31.77069174922475,0.315
10073,汚水,11.851542980356609,0.844
10074,汚水,6.585995339178181,1.0
10075,汚水,34.340451999927524,0.291
10076,汚水,3.962041292017712,1.0
10077,汚水,27.56112483499188,0.363
10078,汚水,11.095680312491917,0.901
10079,汚水,32.267762952183,0.31
10080,汚水,86.01707988090914,0.116
10081,汚水,23.05457942232853,0.434
10082,汚水,6.379377004292393,1.0
10083,汚水,41.37172669393993,0.242
10084,汚水,53.0244983402949,0.189
10085,汚水,17.499959656972344,0.571
10086,汚水,8.808825509771168,1.0
10087,汚水,45.06849750768709,0.222
10088,汚水,46.73450535452304,0.214
10089,汚水,46.335729278181766,0.216
10090,汚水,80.16836951496204,0.125
10091,汚水,38.28336561117443,0.261
10092,汚水,72.70528095972759,0.138
10093,汚水,58.256165284427574,0.172
10094,汚水,16.328143109667057,0.612
10095,汚水,13.99970632550941,0.714
10096,汚水,8.292419969321463,1.0
10097,汚水,9.000542896067097,1.0
10098,汚水,13.066034641856337,0.765
10099,汚水,5.164635051984982,1.0
10100,汚水,21.782039844125258,0.459
10101,汚水,86.18388716863707,0.116
10102,汚水,4.722506991571637,1.0
10103,汚水,20.65345270689269,0.484
10104,汚水,74.13552849215864,0.135
10105,汚水,7.6836778661329825,1.0
10107,汚水,5.078107971806488,1.0
10108,汚水,14.748459300391026,0.678
10109,汚水,18.196305391965147,0.55
10110,汚水,11.823865212076905,0.846
10111,汚水,11.019613239792733,0.907
10112,汚水,20.59211813571407,0.486
10113,汚水,60.11558808497079,0.166
10114,汚水,5.068492719254869,1.0
10115,汚水,86.3155879237764,0.116
10116,汚水,28.94223392389646,0.346
10117,汚水,19.337896604467595,0.517
10118,汚水,7.012704822606422,1.0
10119,汚水,27.192105475332692,0.368
10120,汚水,28.108519923354876,0.356
10121,汚水,28.046636304882135,0.357
10122,汚水,19.15649027071987,0.522
10123,汚水,18.09190987783681,0.553
10124,汚水,16.96123902073299,0.59
10125,汚水,20.654101798826,0.484
10126,汚水,9.841051876410566,1.0
10127,汚水,21.53989285672151,0.464
10128,汚水,10.532201521034269,0.949
10129,汚水,6.5679236335681,1.0
10130,汚水,24.21441079117426,0.413
10131,汚水,8.076761739917481,1.0
10132,汚水,22.013996210133598,0.454
10133,汚水,24.05404597764625,0.416
10134,汚水,14.758446730573443,0.678
10135,汚水,8.300291483443969,1.0
10136,汚水,42.27769743527732,0.237
10137,汚水,14.999168975576243,0.667
10138,汚水,4.852902721040848,1.0
10139,汚水,45.804864016500986,0.218
10140,汚水,81.88810550183629,0.122
10141,汚水,41.29703609162768,0.242
10142,汚水,47.55563617896363,0.21
10143,汚水,49.60863173090504,0.202
10144,汚水,25.85514784376928,0.387
10145,汚水,39.39444462999027,0.254
10146,汚水,4.84637548347393,1.0
10147,汚水,16.2985056891363,0.614
10148,汚水,31.50719984573565,0.317
10149,汚水,31.206719278328404,0.32
10150,汚水,30.753589122977434,0.325
10151,汚水,21.218233765355368,0.471
10152,汚水,4.499754064157835,1.0
10153,汚水,133.36773083305312,0.075
10154,汚水,5.961569393582359,1.0
10155,汚水,28.427753836923404,0.352
10156,汚水,4.1672454232568015,1.0
10157,汚水,27.450548535101788,0.364
10158,汚水,6.964086606486731,1.0
10159,汚水,82.93772487991257,0.121
10160,汚水,43.348014685131375,0.231
10161,汚水,28.660149149604504,0.349
10162,汚水,30.20404006436275,0.331
10163,汚水,16.470310151154493,0.607
10164,汚水,17.039603249184516,0.587
10165,汚水,18.863134552920165,0.53
10166,汚水,20.311255967360793,0.492
10167,汚水,20.32853433671372,0.492
10168,汚水,29.978035094309803,0.334
10169,汚水,30.703178430353464,0.326
10170,汚水,14.404569099531297,0.694
10171,汚水,24.79219442400498,0.403
10172,汚水,17.10402669178081,0.585
10173,汚水,17.062251166311643,0.586
10174,汚水,17.07003979323524,0.586
10175,汚水,24.273514834358448,0.412
10176,汚水,9.283849457231256,1.0
10177,汚水,18.178341853929194,0.55
10178,汚水,18.167820875190383,0.55
10179,汚水,17.868789970077817,0.56
10180,汚水,17.149691657123363,0.583
10181,汚水,21.672939353549424,0.461
10182,汚水,22.470960602246713,0.445
10183,汚水,10.255777404588976,0.975
10184,汚水,24.990437777507594,0.4
10185,汚水,24.247219102510027,0.412
10186,汚水,11.987119895166787,0.834
10187,汚水,17.09726271582317,0.585
10188,汚水,24.162543818925094,0.414
10189,汚水,17.55575862893076,0.57
10190,汚水,27.755761285391294,0.36
10191,汚水,28.023793560732237,0.357
10192,汚水,27.027503483562167,0.37
10193,汚水,26.746267173629015,0.374
10194,汚水,27.438553268129347,0.364
10195,汚水,18.504270719226543,0.54
10196,汚水,17.142373892001398,0.583
10197,汚水,16.97522130915083,0.589
10198,汚水,54.58143945882367,0.183
10199,汚水,6.151971421022033,1.0
10200,汚水,12.115776325118174,0.825
10201,汚水,98.89312479936767,0.101
10202,汚水,51.35854494799625,0.195
10203,汚水,26.606608582521847,0.376
10204,汚水,29.117479213889602,0.343
10205,汚水,4.607284062343575,1.0
10206,汚水,43.74062302024661,0.229
10207,汚水,17.976378754991433,0.556
10208,汚水,4.477607474510804,1.0
10209,汚水,48.47472384545631,0.206
10210,汚水,80.18126960558561,0.125
10211,汚水,4.7388560139658935,1.0
10212,汚水,28.119823134136848,0.356
10213,汚水,44.61980291906222,0.224
10214,汚水,16.349993755678742,0.612
10215,汚水,58.80515174935848,0.17
10216,汚水,59.45446986212266,0.168
10217,汚水,64.5807704993828,0.155
10218,汚水,5.919063288391889,1.0
10219,汚水,19.910809584815787,0.502
10220,汚水,27.064555661333625,0.369
10221,汚水,58.56765106122965,0.171
10222,汚水,27.01321999572101,0.37
10223,汚水,33.367972435123406,0.3
10224,汚水,5.262112776785417,1.0
10225,汚水,48.392995733759705,0.207
10226,汚水,54.14027143268346,0.185
10227,汚水,65.34274602510725,0.153
10228,汚水,58.72763648356627,0.17
10229,汚水,90.8831964463517,0.11
10230,汚水,97.83549324415789,0.102
10231,汚水,75.19658395552365,0.133
10232,汚水,75.09621212741745,0.133
10233,汚水,85.29180116944362,0.117
10234,汚水,78.75673967197088,0.127
10235,汚水,95.76717555603553,0.104
10236,汚水,29.931182496277593,0.334
10237,汚水,31.733501246822094,0.315
10238,汚水,40.85143841540497,0.245
10239,汚水,6.597786324455753,1.0
10240,汚水,39.676570548085714,0.252
10241,汚水,13.877071352915245,0.721
10242,汚水,43.76902206285051,0.228
10243,汚水,81.34635893378649,0.123
10244,汚水,77.89258027469306,0.128
10245,汚水,47.151515545167875,0.212
18376,汚水,10.218539023444952,0.979
18377,汚水,11.189295970466029,0.894
18378,汚水,31.180907141195792,0.321
18379,汚水,43.40047798766665,0.23
18380,汚水,1.7042822661403703,1.0
18381,汚水,77.14515819986687,0.13
18382,汚水,37.4003716003617,0.267
18383,汚水,16.744821317214953,0.597
18384,汚水,35.56055095037329,0.281
18385,汚水,13.99751528937868,0.714
18386,汚水,6.751260321857974,1.0
18387,汚水,3.585602571172628,1.0
18388,汚水,10.557763231031284,0.947
18389,汚水,23.234536424695534,0.43
18390,汚水,8.423507734229707,1.0
18391,汚水,3.443970409597285,1.0
18392,汚水,1.9982480664729623,1.0
18393,汚水,10.867738514929941,0.92
18394,汚水,4.6993837060400265,1.0
18395,汚水,12.129991197388582,0.824
18396,汚水,4.792796720512111,1.0
18397,汚水,7.655175419193941,1.0
18398,汚水,2.0564940861565866,1.0
18399,汚水,8.402860958381948,1.0
18400,汚水,4.268881713853092,1.0
18401,汚水,4.822228058964052,1.0
18402,汚水,9.519309882722377,1.0
18403,汚水,5.165857674237489,1.0
18404,汚水,2.4115327761650027,1.0
18405,汚水,26.166712677800884,0.382
18406,汚水,5.707351834346293,1.0
18407,汚水,11.715148015404319,0.854
18408,汚水,15.851592112246303,0.631
18409,汚水,24.281269039563735,0.412
18410,汚水,7.394101892449652,1.0
18411,汚水,3.5671878928696072,1.0
18412,汚水,2.840972625979451,1.0
18413,汚水,16.79122370799427,0.596
18414,汚水,14.858728521340028,0.673
18415,汚水,5.757246580785968,1.0
18416,汚水,27.593080382956078,0.362
18417,汚水,4.292620519558823,1.0
18418,汚水,6.646399362250432,1.0
18419,汚水,11.879400341819093,0.842
18420,汚水,14.92270273497484,0.67
18421,汚水,3.2871460723656525,1.0
18422,汚水,11.864341684751125,0.843
18423,汚水,25.932883115551306,0.386
18424,汚水,11.96804153637612,0.836
18425,汚水,16.225781281390084,0.616
18426,汚水,10.803456934241954,0.926
18427,汚水,17.35062986746412,0.576
18428,汚水,6.672735490152965,1.0
18429,汚水,2.46422632098837,1.0
18430,汚水,8.525778780561843,1.0
18431,汚水,9.985968280425611,1.0
18432,汚水,9.543833074285986,1.0
18433,汚水,14.53703079633569,0.688
18434,汚水,2.566355550110783,1.0
18435,汚水,32.57696724549476,0.307
18436,汚水,19.729449015621917,0.507
18437,汚水,9.428564628455254,1.0
18438,汚水,3.477610243916357,1.0
18439,汚水,19.40878097594031,0.515
18440,汚水,54.45313844172197,0.184
18441,汚水,31.116050031890275,0.321
18442,汚水,3.028470710160019,1.0
18443,汚水,6.567816890104747,1.0
18444,汚水,20.578132327392346,0.486
18445,汚水,3.819205033976141,1.0
18446,汚水,5.872588735132397,1.0
18447,汚水,19.280986203293303,0.519
18448,汚水,14.534196957905616,0.688
18449,汚水,7.6027260330469515,1.0
18450,汚水,24.506251252186466,0.408
18451,汚水,11.881196786980093,0.842
18452,汚水,63.827528778571335,0.157
18453,汚水,5.165105493834921,1.0
18454,汚水,16.904475599615775,0.592
18455,汚水,15.555584902741913,0.643
18456,汚水,23.844782111680214,0.419
18457,汚水,33.22666961412855,0.301
18458,汚水,4.004938266676711,1.0
18459,汚水,5.271038380423958,1.0
18460,汚水,3.4433577644214686,1.0
18461,汚水,12.677527361440696,0.789
18462,汚水,82.22897586477977,0.122
18463,汚水,21.969990986156674,0.455
18464,汚水,7.081510790349242,1.0
18465,汚水,8.09584701874001,1.0
18466,汚水,3.9535404464715027,1.0
18467,汚水,10.183022011402263,0.982
18468,汚水,25.40720825048517,0.394
18469,汚水,14.124589255782686,0.708
18470,汚水,3.3291473339159228,1.0
18471,汚水,10.29985292323463,0.971
18472,汚水,14.486782412012449,0.69
18473,汚水,4.34748690419573,1.0
18474,汚水,8.554796260820963,1.0
18475,汚水,5.435641000351409,1.0
18476,汚水,3.6845281222273725,1.0
18477,汚水,32.38301357510153,0.309
18478,汚水,9.444424810176711,1.0
18479,汚水,35.97273899466296,0.278
18480,汚水,10.069778689980263,0.993
18481,汚水,5.027992523800302,1.0
18482,汚水,7.223995741217844,1.0
18483,汚水,8.167147672973533,1.0
18484,汚水,23.587432475597616,0.424
18485,汚水,8.061823177812974,1.0
18486,汚水,2.879379365910607,1.0
18487,汚水,14.309646801027707,0.699
18488,汚水,3.647239039966445,1.0
18489,汚水,6.190652006480619,1.0
18490,汚水,19.68894437286489,0.508
18491,汚水,43.00312375317684,0.233
18492,汚水,31.755040689261225,0.315
18493,汚水,13.367498984333839,0.748
18494,汚水,34.17860746890437,0.293
18495,汚水,12.279328821834449,0.814
18496,汚水,25.151120306807783,0.398
18497,汚水,18.398614283347815,0.544
18498,汚水,9.58786024017666,1.0
18499,汚水,11.302527987974397,0.885
18500,汚水,8.404978900852173,1.0
18501,汚水,3.9776510018646114,1.0
18502,汚水,4.4619594891405825,1.0
18503,汚水,44.25469195106142,0.226
18504,汚水,11.111169345854886,0.9
18505,汚水,17.64856086422923,0.567
18506,汚水,6.284153538754546,1.0
18507,汚水,4.54151527705006,1.0
18508,汚水,13.146161508036016,0.761
18509,汚水,15.935153822975694,0.628
18510,汚水,24.528188229911667,0.408
18511,汚水,63.604819184307466,0.157
18512,汚水,19.674514192890083,0.508
18513,汚水,36.34707950869619,0.275
18514,汚水,8.67141891814796,1.0
18515,汚水,42.36558922627668,0.236
18516,汚水,53.51887002063405,0.187
18517,汚水,8.36379985293934,1.0
18518,汚水,20.07708815282444,0.498
18519,汚水,6.910341616988242,1.0
18520,汚水,6.244928365330331,1.0
18521,汚水,25.956899620078193,0.385
18522,汚水,26.296204859494182,0.38
18523,汚水,1.5337700367814797,1.0
18524,汚水,58.527625195248085,0.171
18525,汚水,37.56085190071802,0.266
18526,汚水,2.149161941158797,1.0
18527,汚水,5.127678490207857,1.0
18528,汚水,8.498625574520924,1.0
18529,汚水,46.54036934598387,0.215
18530,汚水,9.053438760588636,1.0
18531,汚水,6.50004414068691,1.0
18532,汚水,54.37468881412653,0.184
18533,汚水,27.87046118789889,0.359
18534,汚水,44.67282768272859,0.224
18535,汚水,48.445016313450786,0.206
18536,汚水,12.734458955152878,0.785
18537,汚水,14.068027968094734,0.711
18538,汚水,19.148657773785438,0.522
18539,汚水,19.38649830526803,0.516
18540,汚水,20.308341540686,0.492
18541,汚水,7.80903827321141,1.0
18542,汚水,10.509576674664155,0.952
18543,汚水,25.42136899946794,0.393
18544,汚水,14.394487894289453,0.695
18545,汚水,6.604101498603496,1.0
18546,汚水,39.75958144900242,0.252
18547,汚水,47.99624825487613,0.208
18548,汚水,41.181057400374435,0.243
18549,汚水,4.4991502940956565,1.0
18550,汚水,3.9190056955026784,1.0
18551,汚水,90.13247266403268,0.111
18552,汚水,7.392895122758354,1.0
18553,汚水,9.03030401622573,1.0
18554,汚水,11.075399847614367,0.903
18555,汚水,4.047768223009536,1.0
18556,汚水,20.8623238880784,0.479
18557,汚水,18.201325733303516,0.549
18558,汚水,10.98506602339641,0.91
18559,汚水,4.212153923051932,1.0
18560,汚水,37.504630585624675,0.267
18561,汚水,21.00531461218615,0.476
18562,汚水,21.608728647916884,0.463
18563,汚水,54.05546564239746,0.185
18564,汚水,87.46439740528636,0.114
18565,汚水,47.36630221685801,0.211
18566,汚水,47.70318115201238,0.21
18567,汚水,50.850816446951605,0.197
18568,汚水,47.495472896368625,0.211
18569,汚水,33.15691600511454,0.302
18570,汚水,21.048823407693114,0.475
18571,汚水,22.736928938853993,0.44
18572,汚水,30.06168264960566,0.333
18573,汚水,24.016166953175784,0.416
18574,汚水,9.941564606293756,1.0
18575,汚水,12.919738426060979,0.774
18576,汚水,18.15271585163091,0.551
18577,汚水,14.76067232528334,0.677
18578,汚水,28.255522378747347,0.354
18579,汚水,4.800222467580206,1.0
18580,汚水,2.3848626804367226,1.0
18581,汚水,8.833232123334215,1.0
18582,汚水,10.317452387679547,0.969
18583,汚水,4.495404991398475,1.0
18584,汚水,3.6939116462440853,1.0
18585,汚水,2.734166711484809,1.0
18586,汚水,28.603556892982215,0.35
18587,汚水,19.069296349164258,0.524
18588,汚水,48.49143011410555,0.206
18589,汚水,2.6330976990989785,1.0
18590,汚水,2.894426581364066,1.0
18591,汚水,12.042043010770286,0.83
18592,汚水,3.726398053513554,1.0
18593,汚水,15.002672367494629,0.667
18594,汚水,12.557887892119188,0.796
18595,汚水,4.206211685906038,1.0
18596,汚水,4.140683388580514,1.0
18597,汚水,18.01330210564857,0.555
18598,汚水,3.380049287343692,1.0
18599,汚水,5.008426291766033,1.0
18600,汚水,8.885560771703268,1.0
18601,汚水,2.950463095314881,1.0
18602,汚水,5.999470404872156,1.0
18603,汚水,5.627443229127788,1.0
18604,汚水,36.09238508311004,0.277
18605,汚水,13.576672519476528,0.737
18606,汚水,28.250213105480345,0.354
18607,汚水,22.38428418515253,0.447
18608,汚水,3.7944400648515257,1.0
18609,汚水,16.18139455343378,0.618
18610,汚水,2.9411053483892817,1.0
18611,汚水,2.0535112200156442,1.0
18612,汚水,20.029142807900556,0.499
18613,汚水,15.050855210327033,0.664
18614,汚水,31.742507209365357,0.315
18615,汚水,3.4792914264194037,1.0
18616,汚水,6.173038755459329,1.0
18617,汚水,31.836870922152166,0.314
18618,汚水,54.20982341183429,0.184
18619,汚水,46.101316313960716,0.217
18620,汚水,32.510207707541284,0.308
18621,汚水,12.60310411675345,0.793
18622,汚水,66.00999063091763,0.151
18623,汚水,42.38695095259612,0.236
18624,汚水,40.20103558062404,0.249
18625,汚水,38.59571138527082,0.259
18626,汚水,21.37435305552134,0.468
18627,汚水,25.40397273730838,0.394
18628,汚水,19.768288287883244,0.506
18629,汚水,19.95904330753966,0.501
18630,汚水,18.756614668846588,0.533
18631,汚水,16.268584280001864,0.615
18632,汚水,8.160664258696299,1.0
18633,汚水,20.11266211978824,0.497
18634,汚水,18.013983337697496,0.555
18635,汚水,29.793864211017986,0.336
18636,汚水,12.12625603869358,0.825
18637,汚水,24.31120293759582,0.411
18638,汚水,24.984840067754522,0.4
18639,汚水,27.82533039609776,0.359
18640,汚水,22.194409122756667,0.451
18641,汚水,31.24726021192001,0.32
18642,汚水,12.571306155041237,0.795
18643,汚水,5.876573124116428,1.0
18644,汚水,5.905149132956804,1.0
18645,汚水,12.182438088452718,0.821
18646,汚水,3.137662500686095,1.0
18647,汚水,21.938744377469845,0.456
18648,汚水,10.848369034188874,0.922
18650,汚水,23.782935911115484,0.42
18651,汚水,36.834879824417364,0.271
18652,汚水,24.40206294205469,0.41
18653,汚水,52.72368386873341,0.19
18654,汚水,71.63957875724313,0.14
18655,汚水,71.6503277286634,0.14
18656,汚水,41.41224308252542,0.241
18657,汚水,41.56780027591405,0.241
18658,汚水,36.52108086878897,0.274
18659,汚水,74.65110582381453,0.134
18660,汚水,25.85450506336586,0.387
18661,汚水,36.802206479722685,0.272
18662,汚水,8.61187976294912,1.0
18663,汚水,10.064918303703681,0.994
18664,汚水,7.362264033705441,1.0
18665,汚水,42.75622118807192,0.234
18666,汚水,42.38890727640298,0.236
18667,汚水,13.020719892418212,0.768
18668,汚水,74.56240617272012,0.134
18669,汚水,5.234551515406492,1.0
18670,汚水,4.675126331625355,1.0
18671,汚水,35.23816675316823,0.284
18672,汚水,25.304821220529064,0.395
18673,汚水,85.28645891203045,0.117
18674,汚水,26.94680564038595,0.371
18675,汚水,18.61995865963426,0.537
18677,汚水,13.894890970107797,0.72
18678,汚水,7.333132499060355,1.0
18679,汚水,27.673927173089478,0.361
18680,汚水,15.909216284742289,0.629
18681,汚水,7.984836037888872,1.0
18682,汚水,30.150936359355114,0.332
18683,汚水,28.308911051635242,0.353
18684,汚水,58.274507397842534,0.172
18685,汚水,2.2692527642202207,1.0
18686,汚水,7.12206187894495,1.0
18687,汚水,28.123893655882743,0.356
18688,汚水,38.581109063731674,0.259
18689,汚水,76.79523953088808,0.13
18690,汚水,37.27471287408062,0.268
18691,汚水,4.509630428174921,1.0
18692,汚水,45.14819611032512,0.221
18693,汚水,90.04171968220464,0.111
18694,汚水,87.18623336742627,0.115
18695,汚水,63.59319515269092,0.157
18696,汚水,28.91192051852059,0.346
18697,汚水,23.018280153533496,0.434
2487,汚水,24.514558270005185,0.408
2488,汚水,48.142933856213375,0.208
2489,汚水,7.34073806880084,1.0
2490,汚水,11.35422128823983,0.881
2491,汚水,16.478405933914228,0.607
2492,汚水,17.887110934575468,0.559
2493,汚水,8.056467886802107,1.0
2494,汚水,7.414657589616082,1.0
2495,汚水,18.482167701120563,0.541
2496,汚水,5.729852537418889,1.0
2497,汚水,7.664489929848427,1.0
2498,汚水,8.13742158210491,1.0
2499,汚水,36.03941580387022,0.277
2500,汚水,46.757013090052084,0.214
2501,汚水,46.254686572315116,0.216
2502,汚水,52.99258579908064,0.189
2503,汚水,24.26997781256006,0.412
2504,汚水,27.850024937604342,0.359
2505,汚水,32.88741459657568,0.304
2506,汚水,55.65589026876758,0.18
2507,汚水,19.994860858024303,0.5
2508,汚水,4.873359821941753,1.0
2509,汚水,14.35383105743911,0.697
2510,汚水,12.574970312287139,0.795
2511,汚水,35.222825051933015,0.284
2512,汚水,17.28234887508934,0.579
2513,汚水,16.209498844442642,0.617
2514,汚水,39.928437551319796,0.25
2515,汚水,11.75945445141361,0.85
2516,汚水,5.055991653812696,1.0
2517,汚水,47.50751133782773,0.21
2518,汚水,67.96592180315922,0.147
2519,汚水,37.05454604011967,0.27
2520,汚水,30.0984373256997,0.332
2521,汚水,23.134510270210495,0.432
2522,汚水,25.940957180790477,0.385
2523,汚水,63.67326938288444,0.157
2524,汚水,26.985171627990535,0.371
2525,汚水,12.179301738556282,0.821
2526,汚水,6.052282256322775,1.0
2527,汚水,20.77087048570755,0.481
2528,汚水,7.4689923203730455,1.0
2529,汚水,19.408303085816538,0.515
2530,汚水,19.808847139784074,0.505
2531,汚水,62.56237715200663,0.16
2532,汚水,7.180428766531353,1.0
2533,汚水,60.11888612157294,0.166
2534,汚水,64.94333435503836,0.154
2535,汚水,38.36391437307641,0.261
2536,汚水,62.033762372125416,0.161
2537,汚水,62.227068756244826,0.161
2538,汚水,11.95370079033097,0.837
2539,汚水,6.631437069589203,1.0
2540,汚水,44.43162160241885,0.225
2541,汚水,4.302293222632638,1.0
2542,汚水,23.23817085598598,0.43
2543,汚水,37.61209260541301,0.266
2544,汚水,6.7695224924643735,1.0
2545,汚水,30.787058911358237,0.325
2546,汚水,30.91210408151494,0.323
2547,汚水,44.1673432533925,0.226
2548,汚水,8.814947901078574,1.0
2549,汚水,6.521014170880193,1.0
2550,汚水,25.949078592564675,0.385
2551,汚水,26.262989477559206,0.381
2552,汚水,25.81068730879768,0.387
2553,汚水,26.533382929980682,0.377
2554,汚水,6.120151246350334,1.0
2555,汚水,27.147012023362528,0.368
2556,汚水,23.572245190839276,0.424
2557,汚水,33.04330211926832,0.303
2558,汚水,26.475631214046565,0.378
2559,汚水,6.507872166922281,1.0
2560,汚水,23.049405568800612,0.434
2561,汚水,19.51772239534608,0.512
2562,汚水,34.336581713790984,0.291
2563,汚水,53.03413954773056,0.189
2564,汚水,57.79736788442968,0.173
2565,汚水,9.467467801161991,1.0
2566,汚水,5.016420766130139,1.0
2567,汚水,30.544788880030897,0.327
2568,汚水,41.75152553387036,0.24
2569,汚水,24.474837844133965,0.409
2570,汚水,55.6523166280637,0.18
2571,汚水,28.15547175166474,0.355
2572,汚水,63.70325465549399,0.157
2573,汚水,30.695294258904994,0.326
2574,汚水,25.891716811337737,0.386
2575,汚水,22.239547532088906,0.45
2576,汚水,29.22264718540963,0.342
2577,汚水,17.906454708500355,0.558
2578,汚水,37.00964616470985,0.27
2579,汚水,29.1656591483218,0.343
2580,汚水,22.054756844424006,0.453
2581,汚水,12.641741479889726,0.791
2582,汚水,15.179782639834396,0.659
2583,汚水,14.588676851821162,0.685
2584,汚水,18.141823183714372,0.551
2585,汚水,24.147949486310885,0.414
2586,汚水,34.664145938723614,0.288
2587,汚水,39.20754851324488,0.255
2588,汚水,28.99562255631483,0.345
2589,汚水,18.204382030583314,0.549
2590,汚水,32.009266092603085,0.312
2591,汚水,69.10020543424527,0.145
2592,汚水,31.916088889131213,0.313
2593,汚水,42.70326816853311,0.234
2594,汚水,80.30068537484372,0.125
2595,汚水,50.85249877733053,0.197
2596,汚水,78.30468934507654,0.128
2597,汚水,90.92397371008629,0.11
2598,汚水,25.695337157616947,0.389
2599,汚水,30.304247177994057,0.33
2600,汚水,20.165255720640236,0.496
2601,汚水,19.576092127686767,0.511
2602,汚水,14.8316833035293,0.674
2603,汚水,23.44668770934394,0.426
2604,汚水,42.9227784609479,0.233
2605,汚水,11.11235310709175,0.9
2606,汚水,6.810552254118759,1.0
2607,汚水,37.69979620019511,0.265
2608,汚水,23.722899150749477,0.422
2609,汚水,53.27964713271095,0.188
2610,汚水,10.485484819737744,0.954
2611,汚水,14.576318500064597,0.686
2612,汚水,61.9243297394555,0.161
2613,汚水,46.86096710450236,0.213
2614,汚水,49.26481712110039,0.203
2615,汚水,6.643697419727975,1.0
2616,汚水,44.713317426339465,0.224
2617,汚水,20.659294386579163,0.484
2618,汚水,5.696304307985713,1.0
2619,汚水,20.008045071802297,0.5
2620,汚水,24.606110367286597,0.406
2621,汚水,26.26129575563456,0.381
2624,汚水,6.880688724971891,1.0
2625,汚水,30.951885447994826,0.323
2626,汚水,38.518600449663694,0.26
2627,汚水,3.029738403402819,1.0
2628,汚水,7.601715010946757,1.0
2629,汚水,44.57462645713967,0.224
2630,汚水,17.198274298885064,0.581
2631,汚水,8.642794744773832,1.0
2632,汚水,10.512504718349875,0.951
2633,汚水,34.335495625827,0.291
2634,汚水,15.490795597586633,0.646
2635,汚水,15.743130807621787,0.635
2636,汚水,17.45110682131238,0.573
2637,汚水,15.345851422791817,0.652
2638,汚水,22.6474277879067,0.442
2639,汚水,35.04580661410693,0.285
2640,汚水,20.615372206476206,0.485
2641,汚水,14.672237624019472,0.682
2642,汚水,45.19218803028118,0.221
2643,汚水,31.09359336676261,0.322
2644,汚水,18.320287386598192,0.546
2645,汚水,23.43146294283497,0.427
2646,汚水,42.61771957045755,0.235
2647,汚水,21.714453929631713,0.461
2648,汚水,5.266363249442041,1.0
2649,汚水,40.22866978488953,0.249
2650,汚水,33.91029538747426,0.295
2651,汚水,40.234348354735154,0.249
2652,汚水,3.90787374201174,1.0
2653,汚水,12.765561002987548,0.783
2654,汚水,58.58444258842249,0.171
2655,汚水,13.570866203774738,0.737
2656,汚水,33.545237727885564,0.298
2657,汚水,4.218889103950413,1.0
2658,汚水,27.62294635424448,0.362
2659,汚水,6.393534324263035,1.0
2660,汚水,4.4529846141333325,1.0
2661,汚水,26.313481401211796,0.38
2662,汚水,27.710256309622665,0.361
2663,汚水,5.332657864978484,1.0
2664,汚水,17.362936149764867,0.576
2665,汚水,21.149800579083106,0.473
2666,汚水,5.108168314697886,1.0
2667,汚水,8.752952130688987,1.0
2668,汚水,14.185401391831663,0.705
2669,汚水,12.04293427028376,0.83
2670,汚水,6.5443132716925865,1.0
2671,汚水,22.0803582684402,0.453
2672,汚水,4.492915837800589,1.0
2673,汚水,36.833625569611634,0.271
2674,汚水,2.9617875043677553,1.0
2675,汚水,11.510939125069928,0.869
2676,汚水,60.309278659012065,0.166
2677,汚水,32.11493826160311,0.311
2678,汚水,5.735594085811642,1.0
2679,汚水,21.555262481711413,0.464
2680,汚水,20.889602290817283,0.479
2681,汚水,42.50579054180406,0.235
2682,汚水,19.055555143933102,0.525
2683,汚水,7.078075759343963,1.0
2684,汚水,11.975147991460725,0.835
2685,汚水,4.564504733189542,1.0
2686,汚水,6.4994317128264925,1.0
2687,汚水,13.153426554399264,0.76
2688,汚水,16.27876751125696,0.614
2689,汚水,30.97003593810505,0.323
2690,汚水,5.369033837852426,1.0
2691,汚水,50.72137274740111,0.197
2692,汚水,43.583484793482164,0.229
2693,汚水,74.84794809487056,0.134
2694,汚水,21.763107435027756,0.459
2695,汚水,21.337815940937638,0.469
2696,汚水,31.95898183897361,0.313
2697,汚水,25.135398951621912,0.398
2698,汚水,9.768480049430496,1.0
2699,汚水,9.140405663770665,1.0
2700,汚水,14.264540342280728,0.701
2701,汚水,7.691733428556783,1.0
2702,汚水,21.72213232258328,0.46
2703,汚水,12.570529560342072,0.796
2704,汚水,21.069538930495007,0.475
2705,汚水,11.777350391360248,0.849
2706,汚水,20.89110362556151,0.479
2707,汚水,28.85180044190396,0.347
2708,汚水,48.61481315546304,0.206
2709,汚水,14.603867224958083,0.685
2710,汚水,27.545720576267662,0.363
2711,汚水,4.731600798682413,1.0
2712,汚水,17.87334065374266,0.559
2713,汚水,23.380703814712763,0.428
2714,汚水,8.072983024820658,1.0
2715,汚水,26.695607410554615,0.375
2716,汚水,10.525529375360131,0.95
2717,汚水,9.86912187647644,1.0
2718,汚水,4.415725117740806,1.0
2719,汚水,10.742769109962207,0.931
2720,汚水,5.425794829068913,1.0
2721,汚水,7.634264712740484,1.0
2722,汚水,2.731558410439759,1.0
2723,汚水,23.58995464638249,0.424
2724,汚水,3.69136655972698,1.0
2725,汚水,9.193924640675414,1.0
2726,汚水,16.185760520099407,0.618
2727,汚水,40.93133049775717,0.244
2728,汚水,18.89354249386643,0.529
2729,汚水,13.952617430862048,0.717
2730,汚水,23.716951730793056,0.422
2731,汚水,31.481302378066097,0.318
2732,汚水,14.444616586220555,0.692
2733,汚水,16.56172203811739,0.604
2734,汚水,6.763527547121372,1.0
2735,汚水,4.64041830015354,1.0
2736,汚水,12.761518840317514,0.784
2737,汚水,4.5887372299908495,1.0
2738,汚水,16.798000909838624,0.595
2739,汚水,4.487158278936534,1.0
2741,汚水,7.967734895078216,1.0
2742,汚水,8.596616408431077,1.0
2743,汚水,14.957949385848991,0.669
2744,汚水,33.83146080070304,0.296
2745,汚水,9.217845184315154,1.0
2746,汚水,15.184712906057998,0.659
2747,汚水,24.77708943274691,0.404
2748,汚水,45.97068267138837,0.218
2749,汚水,5.336298537768968,1.0
2750,汚水,54.9945366746436,0.182
2751,汚水,70.99010963701441,0.141
2752,汚水,11.344437154038632,0.881
2754,汚水,12.809382802364196,0.781
2755,汚水,43.334217631697356,0.231
2756,汚水,7.262694256319683,1.0
2757,汚水,70.03660259942262,0.143
2758,汚水,52.95831429314148,0.189
2759,汚水,19.87069966115328,0.503
2760,汚水,6.940315324128375,1.0
2761,汚水,29.149570609489448,0.343
2762,汚水,40.10734602747668,0.249
2763,汚水,37.36218372059304,0.268
2764,汚水,39.73386903828464,0.252
2765,汚水,21.226263701694037,0.471
2766,汚水,22.842718302259524,0.438
2767,汚水,32.61070342226389,0.307
2768,汚水,14.690339813728013,0.681
2769,汚水,45.33008534299026,0.221
2770,汚水,29.78557579427443,0.336
2771,汚水,18.01222612297326,0.555
2772,汚水,14.355375220710865,0.697
2773,汚水,37.83219342988335,0.264
2774,汚水,17.453761325333787,0.573
2775,汚水,17.06843312148194,0.586
2776,汚水,7.827388387170189,1.0
2777,汚水,44.62337269735093,0.224
2778,汚水,6.891480367173246,1.0
2779,汚水,17.980626151174327,0.556
2780,汚水,20.713770877009384,0.483
2781,汚水,29.795940441505454,0.336
2782,汚水,37.001077685186395,0.27
2783,汚水,39.880485524888286,0.251
2784,汚水,50.524474454477996,0.198
2785,汚水,11.727665037488107,0.853
2786,汚水,34.901522551434226,0.287
2787,汚水,34.929733490260055,0.286
2788,汚水,39.80705471395661,0.251
2789,汚水,60.67201020877465,0.165
2790,汚水,69.7275906272771,0.143
2791,汚水,40.02475684098736,0.25
2792,汚水,6.838821681523724,1.0
2793,汚水,35.778852008760175,0.279
2794,汚水,31.819055355014324,0.314
2795,汚水,53.90837148964983,0.185
2796,汚水,58.63309113653304,0.171
2797,汚水,17.636440313152896,0.567
2798,汚水,13.129481535152292,0.762
2799,汚水,11.805631097436597,0.847
2800,汚水,12.160791345851415,0.822
2801,汚水,48.28091531466978,0.207
2802,汚水,59.233678531409474,0.169
2803,汚水,66.75888094234709,0.15
2804,汚水,31.288000000000466,0.32
2805,汚水,20.906046995589364,0.478
2806,汚水,30.143303935959874,0.332
2807,汚水,3.8502116113945437,1.0
2808,汚水,20.89013296258586,0.479
10246,汚水,81.7830701312977,0.122
10247,汚水,6.205042134327008,1.0
10248,汚水,21.851054027139625,0.458
10249,汚水,16.652075158930398,0.601
10250,汚水,9.775099563734218,1.0
10251,汚水,40.67423628446519,0.246
10252,汚水,12.045390143020521,0.83
10253,汚水,34.87709872858002,0.287
10254,汚水,15.193799272136571,0.658
10255,汚水,6.443538955218286,1.0
10256,汚水,8.860054566377721,1.0
10258,汚水,27.135302189880612,0.369
10259,汚水,16.840464258684907,0.594
10260,汚水,1.633004084313459,1.0
10261,汚水,6.215201222925087,1.0
10262,汚水,7.261315551913212,1.0
10263,汚水,13.942569725514282,0.717
10264,汚水,14.86238218030875,0.673
10265,汚水,16.00951828545838,0.625
10266,汚水,10.470578498207706,0.955
10267,汚水,32.019168834002244,0.312
10268,汚水,5.0579886860132435,1.0
10269,汚水,4.40628487961005,1.0
10270,汚水,17.079922725698644,0.585
10271,汚水,7.697001016929324,1.0
10272,汚水,9.472111637139024,1.0
10273,汚水,35.30481588016979,0.283
10274,汚水,10.273978712821794,0.973
10275,汚水,17.216310936275868,0.581
10276,汚水,11.449367400343856,0.873
10277,汚水,2.6929407993339445,1.0
10278,汚水,24.192172589024196,0.413
10279,汚水,12.953713526573127,0.772
10280,汚水,19.146984636501106,0.522
10281,汚水,8.929026954987293,1.0
10282,汚水,40.809878233820825,0.245
10283,汚水,35.520999795631674,0.282
10284,汚水,16.163825744767934,0.619
10285,汚水,19.31787110981884,0.518
10286,汚水,17.801147922546264,0.562
10287,汚水,48.87807665575472,0.205
10288,汚水,26.709523864324325,0.374
10289,汚水,32.743302738875904,0.305
10290,汚水,9.443239559663748,1.0
10291,汚水,3.555429248736897,1.0
10292,汚水,11.641918435342129,0.859
10293,汚水,7.608411781282943,1.0
10294,汚水,31.600933398690753,0.316
10295,汚水,1.5842295754264435,1.0
10296,汚水,20.744681204550723,0.482
10297,汚水,56.53338703288354,0.177
10299,汚水,24.088280364098523,0.415
10300,汚水,7.6843803814516205,1.0
10301,汚水,20.664166154765287,0.484
10303,汚水,13.804823262581523,0.724
10304,汚水,4.0076502940358445,1.0
10305,汚水,3.9354000585961706,1.0
10306,汚水,20.43036244771281,0.489
10307,汚水,3.9180437448957317,1.0
10308,汚水,48.349317091359296,0.207
10309,汚水,43.05669711745988,0.232
10310,汚水,21.498976366460894,0.465
10311,汚水,44.56542231945088,0.224
10312,汚水,49.72891213049998,0.201
10313,汚水,31.900702449659615,0.313
10314,汚水,26.95941093353617,0.371
10316,汚水,21.453619926224633,0.466
10317,汚水,33.77860818933698,0.296
10318,汚水,39.09946009920108,0.256
10319,汚水,49.738294568441205,0.201
10320,汚水,42.7060876198131,0.234
10321,汚水,46.29926502141801,0.216
10322,汚水,43.20557087539974,0.231
10323,汚水,13.771448818197085,0.726
10324,汚水,10.11100528970442,0.989
10325,汚水,48.96282022083938,0.204
10326,汚水,53.67629427723052,0.186
10327,汚水,46.56351940829373,0.215
10332,汚水,40.961211901991575,0.244
10333,汚水,72.64236865090689,0.138
10334,汚水,57.841448197891694,0.173
10335,汚水,41.73651093735943,0.24
10336,汚水,42.83774476440423,0.233
10337,汚水,32.11906091755047,0.311
10338,汚水,4.695010693109329,1.0
10339,汚水,31.283034946151247,0.32
10341,汚水,17.294555264386336,0.578
10342,汚水,16.388557857327946,0.61
10343,汚水,41.68449991769679,0.24
10344,汚水,9.08589528331451,1.0
10345,汚水,32.06944695108495,0.312
10346,汚水,12.12499523128956,0.825
10347,汚水,3.8896148501250605,1.0
10348,汚水,30.545232186657373,0.327
10349,汚水,5.191076137073258,1.0
10350,汚水,3.9887271961298127,1.0
10351,汚水,12.198838582517354,0.82
10352,汚水,15.913203008265981,0.628
10353,汚水,16.211426246286553,0.617
10354,汚水,2.7215653840809995,1.0
10355,汚水,16.8462344110575,0.594
10356,汚水,21.34770849326678,0.468
10357,汚水,6.64354286609907,1.0
10358,汚水,12.63673553439616,0.791
10360,汚水,16.829849340747323,0.594
10361,汚水,15.96728538771843,0.626
10362,汚水,8.13483070396231,1.0
10363,汚水,14.986292166750944,0.667
10364,汚水,12.8269251675712,0.78
10365,汚水,19.058804544648325,0.525
10366,汚水,23.250227980855126,0.43
10367,汚水,10.524673057958122,0.95
10368,汚水,23.200679853754224,0.431
10369,汚水,4.751392318464966,1.0
10370,汚水,30.50706503623041,0.328
10371,汚水,31.6181274998245,0.316
10373,汚水,37.565804204720806,0.266
10374,汚水,37.74632875406332,0.265
10375,汚水,22.03040258560626,0.454
10376,汚水,22.289545278035053,0.449
10377,汚水,30.858705009445984,0.324
10378,汚水,31.013288055838732,0.322
10379,汚水,18.298675221270376,0.546
10380,汚水,24.039888100615663,0.416
10381,汚水,29.97370835592019,0.334
10382,汚水,19.578820744803878,0.511
10383,汚水,27.58581145173363,0.363
10385,汚水,38.45279171583819,0.26
10386,汚水,27.228470159868408,0.367
10387,汚水,11.104643035448623,0.901
10388,汚水,27.895119119460258,0.358
10389,汚水,35.43514606926603,0.282
10390,汚水,20.63509545362481,0.485
10391,汚水,41.32236424389617,0.242
10392,汚水,41.448327628102476,0.241
10393,汚水,39.08082729367524,0.256
10394,汚水,39.25448266014397,0.255
10395,汚水,41.32015556220782,0.242
10396,汚水,41.72428685125866,0.24
10397,汚水,11.240140832659,0.89
10398,汚水,20.80286330505902,0.481
10399,汚水,15.052280217542835,0.664
10400,汚水,15.181952548905194,0.659
10401,汚水,7.1609136242428075,1.0
10402,汚水,44.292674592013526,0.226
10403,汚水,91.77650251829279,0.109
10404,汚水,47.3188381560129,0.211
10405,汚水,65.02794259661547,0.154
10407,汚水,95.24907780597701,0.105
10408,汚水,31.025857463541143,0.322
10409,汚水,11.926313238781788,0.838
10410,汚水,21.19978621711459,0.472
10411,汚水,41.2260010316497,0.243
10412,汚水,24.963993152900876,0.401
10413,汚水,27.774577650697424,0.36
10414,汚水,3.2472118166564514,1.0
10415,汚水,12.617223522908077,0.793
10416,汚水,19.846269419393007,0.504
10417,汚水,8.67065029521585,1.0
10418,汚水,6.5513900019696365,1.0
10419,汚水,25.91530739404259,0.386
10420,汚水,13.009463105743285,0.769
10421,汚水,5.808411780043813,1.0
10422,汚水,49.60245204574504,0.202
10423,汚水,26.644755920967963,0.375
10424,汚水,26.022516955669182,0.384
10425,汚水,23.55290692856218,0.425
10426,汚水,31.081664573696226,0.322
10427,汚水,14.523733247902397,0.689
10428,汚水,17.138967574225006,0.583
10433,汚水,61.03410240415331,0.164
10435,汚水,12.607507180714043,0.793
10436,汚水,4.594563964855874,1.0
10437,汚水,11.08695782888693,0.902
10438,汚水,2.1283795391546145,1.0
10439,汚水,69.46839434203095,0.144
10440,汚水,65.80107877284648,0.152
10442,汚水,18.421372372018077,0.543
10445,汚水,1.9500637976382094,1.0
10446,汚水,71.08221852925645,0.141
10447,汚水,53.02328911430305,0.189
10448,汚水,64.81867258523913,0.154
10449,汚水,15.115334294412682,0.662
10450,汚水,4.046051343900008,1.0
10453,汚水,35.006010108306526,0.286
10454,汚水,9.79769435742532,1.0
10455,汚水,2.2250208666105222,1.0
10456,汚水,77.41939781771319,0.129
10457,汚水,7.618436999822171,1.0
10458,汚水,3.104147080205987,1.0
10459,汚水,35.711133874682844,0.28
10460,汚水,25.90845153058772,0.386
10461,汚水,42.06595719315707,0.238
10462,汚水,37.16378186649082,0.269
10463,汚水,19.66630146620974,0.508
10464,汚水,57.60708976229378,0.174
10465,汚水,55.89601781225163,0.179
10466,汚水,56.994734893203415,0.175
10467,汚水,5.339723863743683,1.0
10468,汚水,71.4442544865136,0.14
10470,汚水,45.770801290352715,0.218
10472,汚水,46.17130289263746,0.217
10473,汚水,49.965973191477,0.2
10474,汚水,22.047637888237315,0.454
10475,汚水,36.5214084701668,0.274
10476,汚水,46.30434465027808,0.216
10477,汚水,59.22991284928556,0.169
10478,汚水,8.43417763875344,1.0
10479,汚水,45.44938667936072,0.22
10480,汚水,73.43386562014517,0.136
10481,汚水,61.48860117955361,0.163
10482,汚水,32.43768035741664,0.308
10483,汚水,12.376227229471843,0.808
10484,汚水,37.36895427745915,0.268
10485,汚水,67.10606516241364,0.149
10486,汚水,66.69125453711615,0.15
10487,汚水,49.79514519699704,0.201
10488,汚水,6.034150888759951,1.0
10489,汚水,38.540845381820326,0.259
10492,汚水,31.872603178693577,0.314
10493,汚水,7.496998897994553,1.0
10495,汚水,59.89378951067291,0.167
10496,汚水,14.457563395080074,0.692
10497,汚水,42.506887261978214,0.235
10498,汚水,31.71557970233155,0.315
10499,汚水,71.4704573504558,0.14
10500,汚水,47.427835263476396,0.211
10501,汚水,60.34388977189802,0.166
10502,汚水,89.98304727982429,0.111
10503,汚水,7.451999340954976,1.0
10504,汚水,52.96067794091344,0.189
10505,汚水,77.62641143624062,0.129
10506,汚水,43.70597250255523,0.229
10507,汚水,27.112800627423784,0.369
10508,汚水,2.8352830330109455,1.0
10509,汚水,75.26953883073473,0.133
10510,汚水,83.85550152369353,0.119
10511,汚水,22.46891942310215,0.445
10512,汚水,22.94441809990094,0.436
10513,汚水,40.82292944243873,0.245
10514,汚水,3.7550956707190055,1.0
10515,汚水,3.060202637847884,1.0
10516,汚水,24.273231901124852,0.412
10517,汚水,9.684101318850834,1.0
10518,汚水,87.93378357684644,0.114
10519,汚水,25.571939530945663,0.391
10520,汚水,39.86288847602498,0.251
10521,汚水,29.46555249795788,0.339
10523,汚水,30.33002138668552,0.33
10524,汚水,32.371895547038704,0.309
10526,汚水,32.0159830916121,0.312
10527,汚水,13.187772623078184,0.758
10528,汚水,33.527830276298495,0.298
10529,汚水,29.230121441116427,0.342
10530,汚水,37.62715851191202,0.266
10531,汚水,4.233299941704379,1.0
10532,汚水,33.68694295501638,0.297
10533,汚水,26.620288243066902,0.376
10535,汚水,19.798232713937225,0.505
10536,汚水,35.3362201583658,0.283
10537,汚水,21.46627822727233,0.466
10538,汚水,19.478090441241577,0.513
10539,汚水,14.433440866062078,0.693
10540,汚水,39.87665824072134,0.251
10541,汚水,13.562181519895047,0.737
10543,汚水,35.896945986702455,0.279
10544,汚水,15.969678483077718,0.626
10545,汚水,7.836656087140078,1.0
10547,汚水,32.41406378340051,0.309
10548,汚水,36.427089036717014,0.275
10549,汚水,48.04242310050823,0.208
10550,汚水,5.431684528698146,1.0
10551,汚水,48.74210750402211,0.205
10552,汚水,17.801202809019642,0.562
10553,汚水,48.20049931705534,0.207
10554,汚水,49.23087004326789,0.203
10555,汚水,3.228507580401681,1.0
10556,汚水,40.361954825301176,0.248
10557,汚水,22.49383684854593,0.445
10558,汚水,4.470189798510546,1.0
10559,汚水,61.6193961674081,0.162
10560,汚水,42.18534873941184,0.237
10561,汚水,36.75133683839241,0.272
10562,汚水,29.76544907128073,0.336
10563,汚水,19.533304773873457,0.512
10564,汚水,25.593903616292955,0.391
10565,汚水,6.056827970298778,1.0
10566,汚水,10.927851585254928,0.915
10567,汚水,38.522791490637594,0.26
18698,汚水,26.180976893615856,0.382
18699,汚水,2.93275575324178,1.0
18700,汚水,24.036623935669876,0.416
18701,汚水,35.87348002646733,0.279
18702,汚水,41.01151006770059,0.244
18703,汚水,93.7400397448595,0.107
18704,汚水,9.500186884213312,1.0
18705,汚水,7.750105824841482,1.0
18706,汚水,5.37697562292615,1.0
18707,汚水,38.33722760083469,0.261
18708,汚水,46.31860823496108,0.216
18709,汚水,53.20767123793437,0.188
18710,汚水,4.154860513311086,1.0
18711,汚水,6.031420752283918,1.0
18712,汚水,23.68210608574302,0.422
18713,汚水,4.926387994091378,1.0
18714,汚水,44.36375373151628,0.225
18715,汚水,3.4645707522335067,1.0
18717,汚水,27.135511087873397,0.369
18718,汚水,21.407432462570462,0.467
18719,汚水,29.438474727714027,0.34
18720,汚水,14.09328086171608,0.71
18721,汚水,14.74464350636668,0.678
18722,汚水,17.62203032289897,0.567
18723,汚水,43.52452174651975,0.23
18724,汚水,31.03179758169488,0.322
18725,汚水,2.3326838466071433,1.0
18734,汚水,58.705915039229886,0.17
18735,汚水,5.159512619441044,1.0
18736,汚水,43.20356032598127,0.231
18737,汚水,47.93339322033888,0.209
18738,汚水,44.033384522567566,0.227
18739,汚水,91.66803574518764,0.109
18740,汚水,18.62020964502444,0.537
18741,汚水,59.5132634797225,0.168
18742,汚水,28.745687013727764,0.348
18743,汚水,9.01314633582353,1.0
18744,汚水,25.860776211401866,0.387
18745,汚水,21.892138869203027,0.457
18746,汚水,8.534052963569474,1.0
18747,汚水,22.475551643092434,0.445
18748,汚水,22.925280764416957,0.436
18749,汚水,22.73994724798196,0.44
18750,汚水,39.26766030845521,0.255
18751,汚水,39.14583043767288,0.255
18752,汚水,10.577541672086806,0.945
18753,汚水,19.511838028289223,0.513
18754,汚水,34.442998063832924,0.29
18755,汚水,7.6056454022429145,1.0
18756,汚水,26.115149834102194,0.383
18757,汚水,44.0322285524883,0.227
18758,汚水,18.518255543472577,0.54
18759,汚水,84.25867068269123,0.119
18760,汚水,53.02473779020384,0.189
18761,汚水,2.935450316137023,1.0
18762,汚水,51.04492423556834,0.196
18763,汚水,63.79557307078648,0.157
18764,汚水,4.3315990123289785,1.0
18765,汚水,22.694776196356955,0.441
18766,汚水,8.28374378022966,1.0
18767,汚水,66.07826009044358,0.151
18768,汚水,31.82763019012516,0.314
18769,汚水,20.57310055924976,0.486
18770,汚水,24.53467954386298,0.408
18771,汚水,24.547806549201752,0.407
18772,汚水,39.753530948682474,0.252
18909,汚水,20.982675914455278,0.477
18910,汚水,3.0081173976052558,1.0
18911,汚水,32.93466836499,0.304
18912,汚水,22.1446933641766,0.452
18913,汚水,30.661867986819775,0.326
18914,汚水,34.70811132078787,0.288
18915,汚水,39.27814030858507,0.255
18916,汚水,36.643410950098705,0.273
18917,汚水,18.329920290787825,0.546
18918,汚水,10.322184916723526,0.969
18919,汚水,62.07866083337231,0.161
18920,汚水,17.85908249243329,0.56
18921,汚水,24.37972194753667,0.41
18922,汚水,6.933839517282651,1.0
18923,汚水,2.581007951487552,1.0
18924,汚水,5.989470257927099,1.0
18925,汚水,2.308718507552692,1.0
18926,汚水,1.9323133220911746,1.0
18927,汚水,54.103914761432335,0.185
18928,汚水,58.12703446808906,0.172
18929,汚水,10.014155115357312,0.999
18930,汚水,10.248101966148697,0.976
18931,汚水,14.721280011729649,0.679
18932,汚水,8.988385908053566,1.0
18933,汚水,5.255245189613384,1.0
18934,汚水,13.983598201730015,0.715
18935,汚水,9.175850854106475,1.0
18936,汚水,3.2995228000269066,1.0
18937,汚水,24.353639648033237,0.411
18938,汚水,8.343623680828989,1.0
18939,汚水,7.5913403994017035,1.0
18940,汚水,3.708137094248855,1.0
18941,汚水,2.2282015908597246,1.0
18942,汚水,30.728300071527467,0.325
18943,汚水,26.250200457840386,0.381
18944,汚水,82.98451690660892,0.121
18945,汚水,80.61519448795882,0.124
18946,汚水,8.344496401303376,1.0
18947,汚水,17.511807105374775,0.571
18948,汚水,14.099869220766783,0.709
18949,汚水,20.348252579444022,0.491
18950,汚水,19.652744197159944,0.509
18951,汚水,4.939219221089649,1.0
18952,汚水,23.483947758983394,0.426
18953,汚水,22.55065431665019,0.443
18954,汚水,5.145374006711172,1.0
18955,汚水,2.53356640055173,1.0
18956,汚水,18.09478305093205,0.553
18957,汚水,18.204384769133302,0.549
18958,汚水,25.90656917685601,0.386
18959,汚水,32.92929368226431,0.304
18960,汚水,2.990332347963213,1.0
18961,汚水,21.403851320648936,0.467
18962,汚水,3.504663100376169,1.0
18963,汚水,8.572389294105143,1.0
18964,汚水,24.645692323945458,0.406
18965,汚水,24.462043409873058,0.409
18966,汚水,7.883200496125927,1.0
18967,汚水,90.32966477315125,0.111
18968,汚水,94.27217622599444,0.106
18969,汚水,22.640393889535193,0.442
18970,汚水,47.81117843465118,0.209
18971,汚水,42.2220081362986,0.237
18973,汚水,10.633989550853169,0.94
18974,汚水,6.510225304776283,1.0
18975,汚水,10.793978644956297,0.926
18976,汚水,28.743550352322146,0.348
18977,汚水,30.362483149278425,0.329
18978,汚水,54.56741299618937,0.183
18979,汚水,5.966721728663484,1.0
18980,汚水,36.18589689381099,0.276
18981,汚水,43.187479057107176,0.232
18982,汚水,35.17809522310979,0.284
18983,汚水,6.567563137923639,1.0
18984,汚水,87.37640229751946,0.114
18985,汚水,8.429677329171215,1.0
18986,汚水,61.29139797986069,0.163
18987,汚水,48.90256193754345,0.204
18988,汚水,31.948998570453274,0.313
18989,汚水,11.38887845261721,0.878
18990,汚水,21.148540561684314,0.473
18991,汚水,13.305984100526903,0.752
18992,汚水,1.5675701366953443,1.0
18993,汚水,43.690350829751274,0.229
18994,汚水,16.504417976443122,0.606
18996,汚水,48.187331443029564,0.208
18997,汚水,83.61757235334828,0.12
18998,汚水,26.895955629470063,0.372
18999,汚水,56.40339752526364,0.177
19000,汚水,27.62730080090921,0.362
19001,汚水,29.10050261945543,0.344
19002,汚水,9.985925040749878,1.0
19004,汚水,27.511416822103616,0.363
19005,汚水,7.802356570676916,1.0
19006,汚水,6.329174717073791,1.0
19007,汚水,38.85538998094127,0.257
19008,汚水,42.38336751246221,0.236
19009,汚水,40.348633479078224,0.248
19010,汚水,95.67759677880028,0.105
19011,汚水,10.043537193164646,0.996
19012,汚水,19.354144371808076,0.517
19013,汚水,37.85175617240511,0.264
19014,汚水,2.8720058294300097,1.0
19015,汚水,29.40228092683702,0.34
19016,汚水,3.505332477272299,1.0
19017,汚水,69.40446424274245,0.144
19018,汚水,8.412469934285875,1.0
19019,汚水,8.38349366371203,1.0
10568,汚水,7.534031925725276,1.0
10569,汚水,7.5566900576704015,1.0
10570,汚水,60.74176995629468,0.165
10571,汚水,46.18086461075531,0.217
10572,汚水,47.04738392108206,0.213
10573,汚水,4.463908938214276,1.0
10574,汚水,51.50848257696031,0.194
10575,汚水,7.588013502956226,1.0
10576,汚水,34.38648193937305,0.291
10577,汚水,32.29521451242036,0.31
10578,汚水,38.22550246306179,0.262
10579,汚水,41.60388810928597,0.24
10580,汚水,25.826484668725147,0.387
10581,汚水,16.74674019275153,0.597
10582,汚水,10.653857389371206,0.939
10583,汚水,97.18020885230071,0.103
10584,汚水,45.747537489505255,0.219
10585,汚水,40.53654646871981,0.247
10586,汚水,36.19366424955504,0.276
10587,汚水,20.029353433543914,0.499
10588,汚水,25.627627853713193,0.39
10589,汚水,29.966768130361483,0.334
10590,汚水,29.86035584946251,0.335
10591,汚水,35.5356106160529,0.281
10592,汚水,21.386585835557977,0.468
10593,汚水,26.749464661921717,0.374
10594,汚水,73.3954712392643,0.136
10595,汚水,30.45944421217147,0.328
10596,汚水,38.69677001362119,0.258
10597,汚水,46.22054509146738,0.216
10598,汚水,17.932181855413184,0.558
10599,汚水,56.280721944899135,0.178
10600,汚水,21.960287324940207,0.455
10601,汚水,10.218191919532096,0.979
10602,汚水,35.67562167626318,0.28
10603,汚水,10.447459261933977,0.957
10604,汚水,21.20586573288585,0.472
10605,汚水,49.68363028558916,0.201
10606,汚水,59.82995632000401,0.167
10607,汚水,34.80892476794357,0.287
10608,汚水,3.780063942344606,1.0
10611,汚水,15.363845430807995,0.651
10618,汚水,15.679797416921923,0.638
10619,汚水,13.734759227842035,0.728
10620,汚水,16.57074057667373,0.603
10621,汚水,20.756793852552374,0.482
10622,汚水,34.41417675017125,0.291
10623,汚水,7.245399726995081,1.0
10624,汚水,75.37629584328207,0.133
10625,汚水,42.3929175391643,0.236
10626,汚水,43.267505950404576,0.231
10627,汚水,22.412210447504297,0.446
10628,汚水,39.72046731558946,0.252
10629,汚水,2.718293682032391,1.0
10630,汚水,5.187133077678509,1.0
10631,汚水,15.15711693639005,0.66
10632,汚水,14.565887252979595,0.687
10633,汚水,7.660593941073306,1.0
10634,汚水,9.240846382476116,1.0
10635,汚水,69.67868478156707,0.144
10636,汚水,5.722006706422437,1.0
10637,汚水,44.40640468321648,0.225
10639,汚水,25.87265332744747,0.387
10640,汚水,50.367956218934026,0.199
10641,汚水,29.771443062705274,0.336
10642,汚水,11.221005144250782,0.891
10643,汚水,34.368904596058854,0.291
10644,汚水,12.684147965247417,0.788
10645,汚水,30.920377994574945,0.323
10646,汚水,3.0816149140762894,1.0
10647,汚水,15.437874257590043,0.648
10649,汚水,12.58252380287202,0.795
10650,汚水,33.11633717679328,0.302
10651,汚水,32.50972676332498,0.308
10652,汚水,11.351324347499022,0.881
10653,汚水,7.52879623727562,1.0
10654,汚水,19.413642709420863,0.515
10655,汚水,31.639033595979093,0.316
10656,汚水,43.011235167493844,0.232
10657,汚水,6.984384795949583,1.0
10658,汚水,4.238538930258276,1.0
10659,汚水,26.736413618344503,0.374
10660,汚水,13.981038518151367,0.715
10662,汚水,16.95588885709954,0.59
10663,汚水,31.974078419360993,0.313
10664,汚水,56.96226407446634,0.176
10665,汚水,44.88865268729329,0.223
10666,汚水,57.21346426512406,0.175
10667,汚水,9.375895713233467,1.0
10668,汚水,51.4362794210528,0.194
10669,汚水,109.89111308843216,0.091
10670,汚水,27.23796762608192,0.367
10671,汚水,41.87602975026428,0.239
10672,汚水,19.76825012838331,0.506
10675,汚水,32.670263601564926,0.306
10676,汚水,15.123869523486224,0.661
10679,汚水,11.205947861744393,0.892
10680,汚水,37.822451539158976,0.264
10681,汚水,29.654614309593022,0.337
10682,汚水,28.009606349298647,0.357
10683,汚水,45.32188837098528,0.221
10685,汚水,37.78185582390901,0.265
10686,汚水,42.77447470594368,0.234
10687,汚水,37.8906597791613,0.264
10688,汚水,27.009997539285898,0.37
10689,汚水,27.41688705356514,0.365
10690,汚水,15.567038169445652,0.642
10691,汚水,38.29242380566611,0.261
10692,汚水,30.48579773885479,0.328
10693,汚水,23.333941491086037,0.429
10694,汚水,24.29062271648407,0.412
10695,汚水,4.301827993415966,1.0
10696,汚水,22.859972093915548,0.437
10697,汚水,29.234575464685747,0.342
10698,汚水,27.62559499048656,0.362
10699,汚水,43.32252975731566,0.231
10700,汚水,44.90716785921208,0.223
10701,汚水,14.682096198917359,0.681
10702,汚水,74.85198754953132,0.134
10703,汚水,30.812384045753355,0.325
10704,汚水,51.21289306547067,0.195
10705,汚水,19.01891506945243,0.526
10706,汚水,24.915513679958593,0.401
10707,汚水,43.10448013689027,0.232
10708,汚水,2.170465761072032,1.0
10709,汚水,35.137548965187506,0.285
10710,汚水,27.517901763543243,0.363
10711,汚水,12.816231667766997,0.78
10712,汚水,11.060651645576115,0.904
10713,汚水,11.025131232689514,0.907
10714,汚水,31.779750046153353,0.315
10715,汚水,5.396779680378149,1.0
10716,汚水,34.96471419522842,0.286
10717,汚水,34.95834440178163,0.286
10718,汚水,24.612211232684263,0.406
10719,汚水,28.025691272196138,0.357
10720,汚水,3.7883890103861955,1.0
10721,汚水,45.49282544856771,0.22
10723,汚水,36.299677847982394,0.275
10724,汚水,38.28809157741577,0.261
10725,汚水,37.544426870365996,0.266
10726,汚水,24.08840503892132,0.415
10727,汚水,17.838745485425765,0.561
10728,汚水,30.54487063180564,0.327
10730,汚水,17.722628205005243,0.564
10731,汚水,49.78252637361536,0.201
10732,汚水,20.678488826541052,0.484
10733,汚水,30.368272620996844,0.329
10734,汚水,20.481777599258315,0.488
10735,汚水,37.04071357505896,0.27
10736,汚水,4.151323818304952,1.0
10737,汚水,38.15742440052081,0.262
10739,汚水,14.701812946776824,0.68
10740,汚水,11.215525896047895,0.892
10741,汚水,14.76931658032316,0.677
10742,汚水,20.22755271841559,0.494
10743,汚水,12.218843320522037,0.818
10744,汚水,36.99382523888469,0.27
10745,汚水,22.755501727252078,0.439
10746,汚水,42.055302876055606,0.238
10747,汚水,22.408311049517273,0.446
10748,汚水,32.99117670226364,0.303
10749,汚水,5.486240270150136,1.0
10750,汚水,34.021105513430406,0.294
10751,汚水,4.8292148409155,1.0
10752,汚水,30.208858796446872,0.331
10753,汚水,36.97028922524899,0.27
10754,汚水,31.728780334729638,0.315
10755,汚水,3.07801139491741,1.0
10756,汚水,15.175730195304645,0.659
10757,汚水,17.42011058524025,0.574
10758,汚水,48.40928000564042,0.207
10759,汚水,5.066945685514119,1.0
10760,汚水,8.833112124513425,1.0
10761,汚水,42.255342678665585,0.237
10762,汚水,3.4846644851965616,1.0
10764,汚水,36.43883011444023,0.274
10765,汚水,19.7391432133815,0.507
10766,汚水,36.99030956833529,0.27
10768,汚水,52.4364994122802,0.191
10770,汚水,35.867212273105686,0.279
10771,汚水,18.450881176489347,0.542
10772,汚水,1.6684200843214614,1.0
10773,汚水,8.476683286190474,1.0
10775,汚水,14.669167722229416,0.682
10776,汚水,41.14380321011532,0.243
10778,汚水,20.816365357825585,0.48
10779,汚水,34.4392311963646,0.29
10780,汚水,53.68989081341476,0.186
10781,汚水,55.12980141505486,0.181
10782,汚水,15.15517180348298,0.66
10783,汚水,54.36278131319819,0.184
10784,汚水,37.17444163669243,0.269
10785,汚水,34.22081344513068,0.292
10786,汚水,15.378770786648381,0.65
10787,汚水,3.026054725222255,1.0
10788,汚水,19.405719234759477,0.515
10789,汚水,18.58355608879941,0.538
10790,汚水,36.12005701248132,0.277
10791,汚水,20.308964678663386,0.492
10792,汚水,23.409829256478172,0.427
10793,汚水,8.892193962279675,1.0
10794,汚水,49.48063061708409,0.202
10795,汚水,7.210351278528824,1.0
10796,汚水,20.64063111274354,0.484
10797,汚水,35.96017295815723,0.278
10798,汚水,64.1916209417424,0.156
10800,汚水,39.95634694322612,0.25
10801,汚水,33.34632694764608,0.3
10802,汚水,28.482397642698338,0.351
10803,汚水,26.76915305279141,0.374
10805,汚水,49.563416944954426,0.202
10806,汚水,46.99270043014928,0.213
10809,汚水,61.33479318188313,0.163
10810,汚水,49.11564453638847,0.204
10811,汚水,11.581790515579769,0.863
10812,汚水,41.48902869387479,0.241
10813,汚水,51.211518715652204,0.195
10814,汚水,57.138731927839565,0.175
10815,汚水,47.571711973491674,0.21
10816,雨水,40.700690139710964,0.246
10817,雨水,73.22422374144473,0.137
10818,雨水,33.10949475022281,0.302
10819,雨水,49.96058155478187,0.2
10820,雨水,42.691606669697435,0.234
10821,雨水,44.23322007374421,0.226
10822,雨水,50.18530717570599,0.199
10823,雨水,20.438784105004128,0.489
10824,雨水,5.594756555699354,1.0
10825,雨水,34.10704240591623,0.293
10826,雨水,10.203799433907772,0.98
10827,雨水,55.14613734685419,0.181
10828,雨水,30.657775542610754,0.326
10829,雨水,797.3154258949196,0.013
10830,雨水,18.590290838826768,0.538
10831,雨水,29.567976831169585,0.338
10832,雨水,111.83499685686695,0.089
10833,雨水,63.94920998956132,0.156
10834,雨水,31.849614341687566,0.314
10835,雨水,52.57228470492527,0.19
10856,雨水,11.394158655565086,0.878
10857,雨水,23.38813473358394,0.428
10858,雨水,35.886127125990654,0.279
10859,雨水,39.08390520890027,0.256
10861,雨水,33.866252268906024,0.295
10862,雨水,41.18337511911191,0.243
10863,雨水,19.773888272704394,0.506
10864,雨水,69.29766857432699,0.144
10866,雨水,78.72967159253952,0.127
10867,雨水,65.37204793718986,0.153
10868,雨水,2.7970028649956094,1.0
10869,雨水,97.20564099919213,0.103
10870,雨水,85.1345901338119,0.117
10871,雨水,36.58972079089782,0.273
10872,雨水,54.39286338025055,0.184
10873,雨水,71.25625626297642,0.14
10874,雨水,47.22401848600832,0.212
10875,雨水,30.536610358648673,0.327
10876,雨水,14.906840974691448,0.671
10877,雨水,15.052841106499018,0.664
10878,雨水,105.13954053146044,0.095
10879,雨水,27.292500199064403,0.366
10880,雨水,27.09089448436646,0.369
10881,雨水,25.952408436101983,0.385
10882,雨水,24.66777676253038,0.405
10883,雨水,39.22150601976308,0.255
10884,雨水,41.12413227908046,0.243
10885,雨水,41.25727038583208,0.242
10886,雨水,54.81839109605377,0.182
10887,雨水,45.43024434080812,0.22
10888,汚水,21.25905547550104,0.47
10889,雨水,26.73127768809743,0.374
2809,汚水,17.759560206306684,0.563
2810,汚水,7.627921210390553,1.0
2811,汚水,11.11056862020763,0.9
2812,汚水,16.70677544702122,0.599
2813,汚水,27.020666497513915,0.37
2814,汚水,30.925814252807854,0.323
2815,汚水,33.38389403287532,0.3
2816,汚水,60.31413964159683,0.166
2818,汚水,26.574464036154858,0.376
2820,汚水,22.802346002921993,0.439
2821,汚水,6.195515176959867,1.0
2822,汚水,26.204338780848506,0.382
2823,汚水,41.41110504237122,0.241
2824,汚水,63.619799425316195,0.157
2825,汚水,65.55065105252723,0.153
2826,汚水,75.58150732750457,0.132
2827,汚水,86.10886463981647,0.116
2828,汚水,49.92930385497217,0.2
2829,汚水,20.50212675597587,0.488
2830,汚水,22.64706912280429,0.442
2831,汚水,58.61381267592543,0.171
2832,汚水,28.943785857962485,0.345
2833,汚水,8.452707583178002,1.0
2834,汚水,16.891184444776002,0.592
2835,汚水,11.50347164399461,0.869
2836,汚水,31.631130000648792,0.316
2837,汚水,16.375073781899296,0.611
2838,汚水,8.508157528628136,1.0
2839,汚水,17.03394789444203,0.587
2840,汚水,29.406562705982584,0.34
2841,汚水,25.9890334840166,0.385
2842,汚水,57.082028261307045,0.175
2843,汚水,20.80347291870202,0.481
2844,汚水,18.074303864974752,0.553
2845,汚水,37.02067730490698,0.27
2846,汚水,2.415144311381418,1.0
2847,汚水,37.525834821408885,0.266
2848,汚水,23.93175731621215,0.418
2849,汚水,11.850698472292999,0.844
2850,汚水,59.063687481270286,0.169
2851,汚水,17.453666857206603,0.573
2852,汚水,7.284287940384219,1.0
2853,汚水,33.75921835804369,0.296
2854,汚水,26.843485616724944,0.373
2855,汚水,20.546953792249212,0.487
2856,汚水,16.638807541717554,0.601
2857,汚水,27.257708677203137,0.367
2858,汚水,36.76318808485381,0.272
2859,汚水,32.72040224126923,0.306
2860,汚水,30.3282769406183,0.33
2861,汚水,35.70574519367694,0.28
2862,汚水,38.842364921141034,0.257
2863,汚水,42.41115470940314,0.236
2864,汚水,8.439354023050235,1.0
2865,汚水,38.613352918245276,0.259
2866,汚水,6.8915406354980835,1.0
2867,汚水,6.971624059816808,1.0
2868,汚水,21.608082638662673,0.463
2869,汚水,17.659696346848435,0.566
2870,汚水,27.487345286473076,0.364
2871,汚水,16.84827145624731,0.594
2872,汚水,91.73650755625552,0.109
2873,汚水,4.305779969751134,1.0
2874,汚水,8.994055930748818,1.0
2875,汚水,64.92673060516509,0.154
2876,汚水,4.776597672073749,1.0
2877,汚水,12.46636995397308,0.802
2878,汚水,21.049028696493806,0.475
2879,汚水,3.34037760831304,1.0
2880,汚水,48.00991324989984,0.208
2881,汚水,90.7758900831452,0.11
2882,汚水,15.9650287634206,0.626
2883,汚水,42.434669026327924,0.236
2884,汚水,15.090004569668174,0.663
2885,汚水,18.122536624176533,0.552
2886,汚水,16.728400538866705,0.598
2887,汚水,25.931872902399984,0.386
2888,汚水,20.19329319006376,0.495
2889,汚水,5.081282424120524,1.0
2890,汚水,9.028000000002066,1.0
2891,汚水,27.38518417921363,0.365
2892,汚水,52.7002049480539,0.19
2893,汚水,53.267530561818575,0.188
2894,汚水,41.69987604893262,0.24
2895,汚水,55.141119543248465,0.181
2896,汚水,36.479877221663585,0.274
2897,汚水,40.65103981647237,0.246
2898,汚水,11.60484735839478,0.862
2899,汚水,18.569026462227367,0.539
2900,汚水,8.27902347597935,1.0
2901,汚水,9.7970000000023,1.0
2902,汚水,35.695162931700104,0.28
2903,汚水,25.067170175222355,0.399
2904,汚水,36.06226203473063,0.277
2905,汚水,12.125910782897583,0.825
2906,汚水,5.708604706963586,1.0
2907,汚水,9.532737651959502,1.0
2908,汚水,9.690724918931075,1.0
2909,汚水,2.0021948394211586,1.0
2910,汚水,9.449343673309741,1.0
2911,汚水,2.0050000000046566,1.0
2912,汚水,23.97659835560788,0.417
2913,汚水,13.71470652121786,0.729
2914,汚水,17.36161357697213,0.576
2915,汚水,13.436888446133086,0.744
2916,汚水,13.529666835514597,0.739
2917,汚水,2.6604426959016427,1.0
2918,汚水,33.934918215687,0.295
2919,汚水,5.9841092898973764,1.0
2920,汚水,26.07025975157474,0.384
2921,汚水,17.77728788213779,0.563
2922,汚水,3.999943337587645,1.0
2923,汚水,11.531196183307811,0.867
2924,汚水,14.643775992064274,0.683
2925,汚水,47.558805175735955,0.21
2926,汚水,46.96436585826328,0.213
2927,汚水,3.2250190656956863,1.0
2928,汚水,40.49259710145754,0.247
2929,汚水,3.341262960351752,1.0
2930,汚水,52.92810829658213,0.189
2931,汚水,71.69610891418182,0.139
2932,汚水,5.812545202106471,1.0
2934,汚水,37.737889911706525,0.265
2935,汚水,37.47348705427912,0.267
2936,汚水,2.462214645902769,1.0
2937,汚水,17.464358212473243,0.573
2938,汚水,35.16714151972268,0.284
2939,汚水,21.854515238077738,0.458
2940,汚水,40.52451885373632,0.247
2941,汚水,14.282525577007641,0.7
2942,汚水,24.80607538597869,0.403
2943,汚水,17.44322995862864,0.573
2944,汚水,53.76100390637765,0.186
2945,汚水,35.28318290625628,0.283
2946,汚水,18.42846841954205,0.543
2947,汚水,37.357957997263156,0.268
2948,汚水,39.45089614527326,0.253
2949,汚水,4.353946867258841,1.0
2950,汚水,25.702142110058023,0.389
2951,汚水,13.116568830377323,0.762
2952,汚水,42.687495943965956,0.234
2953,汚水,5.3431416583690705,1.0
2955,汚水,9.590437393068804,1.0
2956,汚水,59.128864881121075,0.169
2957,汚水,16.134315748407307,0.62
2958,汚水,17.960231607242964,0.557
2959,汚水,23.984595390474645,0.417
2960,汚水,38.730954594950454,0.258
2961,汚水,33.7930574830666,0.296
2962,汚水,8.735773681278792,1.0
2963,汚水,35.884850641810914,0.279
2964,汚水,31.061493760282584,0.322
2965,汚水,33.75810047301494,0.296
2966,汚水,27.042544966125046,0.37
2967,汚水,45.44273441460233,0.22
2968,汚水,59.491664510116,0.168
2969,汚水,24.446110463121663,0.409
2970,汚水,8.435017282068301,1.0
2971,汚水,73.16177251262326,0.137
2972,汚水,23.901633663994488,0.418
2973,汚水,19.491295082408904,0.513
2974,汚水,82.83198622865098,0.121
2975,汚水,14.217578560717474,0.703
2976,汚水,12.547507500533483,0.797
2977,汚水,14.997007709798288,0.667
2978,汚水,7.4281552475867,1.0
2979,汚水,18.054003356168785,0.554
2980,汚水,2.7386656153154307,1.0
2981,汚水,17.290061153076707,0.578
2982,汚水,2.4355017280947084,1.0
2983,汚水,9.973673176060752,1.0
2984,汚水,14.71978889292857,0.679
2985,汚水,7.082476331229909,1.0
2986,汚水,42.61222006950004,0.235
2987,汚水,9.990662207425038,1.0
2988,汚水,24.92461746505908,0.401
2989,汚水,6.734087017700585,1.0
2990,汚水,12.352741263623862,0.81
2991,汚水,25.93677716760121,0.386
2992,汚水,28.158440698501906,0.355
2993,汚水,10.906358808517062,0.917
2994,汚水,11.35754176837352,0.88
2995,汚水,9.51738691555773,1.0
2996,汚水,8.652304665025246,1.0
2997,汚水,22.86642482483859,0.437
2998,汚水,5.422727605106681,1.0
2999,汚水,9.784774864357676,1.0
3000,汚水,6.019079555356835,1.0
3001,汚水,6.809459544794909,1.0
3002,汚水,2.6651126623211554,1.0
3003,汚水,37.477129976945065,0.267
3004,汚水,19.886453709901275,0.503
3005,汚水,3.125643166444789,1.0
3006,汚水,8.80576959494848,1.0
3007,汚水,14.289212419293552,0.7
3008,汚水,6.13629680435786,1.0
3009,汚水,10.667797816900324,0.937
3010,汚水,4.214397165650927,1.0
3011,汚水,13.713450508774827,0.729
3012,汚水,6.677296663660748,1.0
3013,汚水,2.8301619683551706,1.0
3014,汚水,3.452620086780144,1.0
3015,汚水,25.90637105122204,0.386
3016,汚水,10.490952371534437,0.953
3017,汚水,5.298041719384523,1.0
3018,汚水,6.570254867536286,1.0
3019,汚水,5.84549325755755,1.0
3020,汚水,8.082490453430541,1.0
3021,汚水,5.110166158208824,1.0
3022,汚水,16.046622955647354,0.623
3023,汚水,7.2971647188238355,1.0
3024,汚水,3.1643966520733238,1.0
3025,汚水,25.42662650806163,0.393
3047,汚水,10.218822211912334,0.979
3048,汚水,6.3017120896640275,1.0
3049,汚水,10.099313232652948,0.99
3050,汚水,3.9829398721644007,1.0
3051,汚水,4.357421979568008,1.0
3052,汚水,7.245952011354492,1.0
3053,汚水,20.593182064302976,0.486
3054,汚水,16.751126715817016,0.597
3055,汚水,16.31960872248721,0.613
3056,汚水,18.171773049421514,0.55
3057,汚水,4.233402953535377,1.0
3058,汚水,10.932110748215562,0.915
3059,汚水,5.968174799580712,1.0
3060,汚水,25.5980942002287,0.391
3061,汚水,19.086555508681368,0.524
3062,汚水,54.33026910226368,0.184
3063,汚水,12.348717540571265,0.81
3064,汚水,3.9520445144808556,1.0
3065,汚水,85.20252309885464,0.117
3066,汚水,37.094862024507606,0.27
3067,汚水,19.791920751431746,0.505
3068,汚水,15.069865303799197,0.664
3069,汚水,2.911494935295559,1.0
3070,汚水,25.85108936616716,0.387
3071,汚水,72.14588883128758,0.139
3072,汚水,73.74146747090914,0.136
3073,汚水,18.907101022937766,0.529
3074,汚水,21.14378942518435,0.473
3075,汚水,33.93663802301092,0.295
3076,汚水,22.132495548856454,0.452
3077,汚水,20.685376609893353,0.483
3078,汚水,17.135030999405878,0.584
3079,汚水,31.430565767484268,0.318
3080,汚水,6.997533855875835,1.0
3081,汚水,6.3033937724807405,1.0
3082,汚水,32.05543049964279,0.312
3083,汚水,6.620646510088673,1.0
3084,汚水,33.04877645308323,0.303
3085,汚水,6.955392534164726,1.0
3086,汚水,30.610218131647137,0.327
3087,汚水,38.45835974462578,0.26
3088,汚水,46.697684160618266,0.214
3089,汚水,36.30916626396788,0.275
3090,汚水,81.26970024074726,0.123
3091,汚水,49.17114277071857,0.203
3092,汚水,48.73148697001796,0.205
3093,汚水,70.8562354861743,0.141
3094,汚水,51.78872461776098,0.193
3095,汚水,41.13419869826765,0.243
3096,汚水,40.956905277725234,0.244
3097,汚水,11.401633418305424,0.877
3098,汚水,49.823929897192514,0.201
3099,汚水,5.963447230033942,1.0
3100,汚水,74.3968056977604,0.134
3101,汚水,21.997752969225846,0.455
3102,汚水,35.77324615565787,0.28
3103,汚水,19.949990148952875,0.501
3104,汚水,73.3548989777005,0.136
3105,汚水,19.214903357300557,0.52
3106,汚水,28.003811791580308,0.357
3107,汚水,22.085818247098135,0.453
3108,汚水,60.37882046483682,0.166
3109,汚水,4.030524404939085,1.0
3110,汚水,48.05772369425517,0.208
3111,汚水,17.624394132064026,0.567
3112,汚水,20.197339984153018,0.495
3113,汚水,53.52118203384111,0.187
3114,汚水,4.556328752593539,1.0
3115,汚水,29.92759591006297,0.334
3116,汚水,13.392559038461364,0.747
3117,汚水,21.880967004169978,0.457
3118,汚水,33.458101750352476,0.299
3119,汚水,59.940002748440904,0.167
3120,汚水,56.79179117931793,0.176
3121,汚水,16.39185120202733,0.61
3122,汚水,16.137315906358005,0.62
3123,汚水,23.9596672191797,0.417
3124,汚水,14.049389224762848,0.712
3125,汚水,27.86128724231085,0.359
3126,汚水,17.67953289918736,0.566
3127,汚水,84.75275653698618,0.118
3128,汚水,25.673066542618237,0.39
3129,汚水,4.068905696123695,1.0
3130,汚水,8.536528421294182,1.0
3131,汚水,12.614403358218324,0.793
3132,汚水,13.064149438866913,0.765
3133,汚水,57.51361945976008,0.174
3134,汚水,81.53400908829936,0.123
3135,汚水,5.53345540016578,1.0
3136,汚水,6.792499622725661,1.0
3137,汚水,26.525671290067184,0.377
3138,汚水,62.674693791070816,0.16
3139,汚水,65.40802446051593,0.153
3140,汚水,38.33009853891784,0.261
3141,汚水,16.006390110759085,0.625
3142,汚水,8.57305252361813,1.0
3143,汚水,6.203415853047066,1.0
3144,汚水,29.134883832587096,0.343
3145,汚水,60.56504655034741,0.165
3146,汚水,59.38440752157944,0.168
3147,汚水,41.73372301996939,0.24
3148,汚水,5.841087837634403,1.0
3149,汚水,42.841278315282686,0.233
3150,汚水,13.714543988465362,0.729
3151,汚水,17.026835310260676,0.587
19020,汚水,20.316659670772694,0.492
19021,汚水,15.36612077434507,0.651
19022,汚水,11.513124270148364,0.869
19023,汚水,3.9558991967343435,1.0
19024,汚水,13.059721089862043,0.766
19025,汚水,9.931189309145493,1.0
19026,汚水,16.022183786349082,0.624
19027,汚水,8.340602178517587,1.0
19028,汚水,19.64301344482263,0.509
19029,汚水,5.8837050482962,1.0
19030,汚水,6.219271723102735,1.0
19031,汚水,10.954460726079873,0.913
19032,汚水,22.294287741801988,0.449
19033,汚水,25.69309791477374,0.389
19034,汚水,6.202802357376355,1.0
19035,汚水,2.0704671018491627,1.0
19036,汚水,4.848447648231381,1.0
19037,汚水,26.60913688493536,0.376
19038,汚水,18.09879301897115,0.553
19039,汚水,23.470186953776658,0.426
19040,汚水,22.019015271236988,0.454
19041,汚水,32.58191854180307,0.307
19042,汚水,25.954631760058486,0.385
19043,汚水,54.30441980568763,0.184
19044,汚水,32.97535989934667,0.303
19045,汚水,93.3921773010599,0.107
19046,汚水,49.39826816638361,0.202
19047,汚水,78.67308875812854,0.127
19048,汚水,95.59153369581904,0.105
19049,汚水,43.32702243789569,0.231
19050,汚水,88.73127875569843,0.113
19061,雨水,7.033117438175144,1.0
19062,雨水,18.961257160027113,0.527
19063,雨水,22.7285304392523,0.44
19065,雨水,13.012999807886029,0.768
19066,雨水,52.6336019098049,0.19
19067,雨水,81.58136506149631,0.123
19068,雨水,145.57149833260826,0.069
19069,雨水,23.153001795024032,0.432
19070,雨水,58.21542829972163,0.172
19071,雨水,92.30695345174362,0.108
19072,雨水,54.43071675625604,0.184
19073,雨水,32.315961156551445,0.309
19074,雨水,61.702029031970326,0.162
19075,雨水,53.6964945822139,0.186
19076,雨水,79.70180449445427,0.125
19077,雨水,50.869528265946116,0.197
19078,雨水,49.12123379633945,0.204
19079,雨水,24.577387513725284,0.407
19080,雨水,30.315453084662344,0.33
19081,雨水,56.12450838091577,0.178
19084,雨水,30.459650246082106,0.328
19085,雨水,48.089006300218415,0.208
19087,雨水,67.72340061692415,0.148
19088,雨水,55.99153524027612,0.179
19090,雨水,12.740996001388577,0.785
19091,雨水,90.08896491738432,0.111
19093,雨水,25.183228406316946,0.397
19094,雨水,76.84395018235355,0.13
19095,雨水,9.043140420379705,1.0
19096,雨水,9.952916250836692,1.0
19097,雨水,9.380958389260764,1.0
19098,雨水,9.38047895442047,1.0
19099,雨水,13.578451530732535,0.736
19101,雨水,13.058963097786183,0.766
19102,雨水,12.205346574351518,0.819
19103,雨水,13.322936763334626,0.751
19104,雨水,7.6551042368343545,1.0
19105,雨水,14.833641338920772,0.674
19106,雨水,14.977484796985358,0.668
19107,雨水,18.219308126609803,0.549
19108,雨水,21.367308373693064,0.468
19109,雨水,14.809945453142866,0.675
19110,雨水,15.126726605052362,0.661
19111,雨水,31.66989662763431,0.316
19112,雨水,51.30093742246885,0.195
19113,雨水,18.078573928589606,0.553
19114,雨水,28.964017360794994,0.345
19117,雨水,48.33877749799206,0.207
19118,雨水,50.128892277804994,0.199
19119,雨水,56.14949212593009,0.178
19120,雨水,40.07489800361527,0.25
19121,雨水,43.875331036721064,0.228
19122,雨水,25.338842402406488,0.395
19123,雨水,25.04709163700001,0.399
19124,雨水,58.79051147780255,0.17
19125,雨水,22.882271427369997,0.437
19126,雨水,19.095477780240685,0.524
19127,雨水,21.249879300412285,0.471
19128,雨水,23.04101048463757,0.434
19129,雨水,23.045934252004336,0.434
19130,雨水,53.50971119027982,0.187
19131,雨水,44.42148222504619,0.225
19132,雨水,41.72361491484941,0.24
19133,雨水,28.945641638278246,0.345
19135,雨水,17.428141911283262,0.574
19136,雨水,34.60862612853679,0.289
19137,雨水,31.21976088361808,0.32
19138,雨水,13.993498250514026,0.715
19142,雨水,31.07149111421797,0.322
19143,雨水,24.363871408286805,0.41
19144,雨水,28.324256958243506,0.353
19146,雨水,28.296365932827143,0.353
19147,雨水,26.4352815000374,0.378
19148,雨水,32.11407768596811,0.311
19149,雨水,33.641227590496115,0.297
19150,雨水,33.34714150878907,0.3
19151,雨水,43.31280895176554,0.231
19152,雨水,35.97449466877619,0.278
19153,雨水,52.34705331068882,0.191
19154,雨水,26.521654373368893,0.377
19155,雨水,39.0115970329145,0.256
19156,雨水,34.58253125613218,0.289
19157,雨水,30.10854361759267,0.332
19158,雨水,30.104667479902197,0.332
19159,雨水,29.875791768237416,0.335
19160,雨水,29.61271387943588,0.338
19161,雨水,60.12223926107465,0.166
19162,雨水,72.32432247259514,0.138
19163,雨水,29.366384034744822,0.341
19164,雨水,46.96700487614248,0.213
19165,雨水,57.40150175079035,0.174
19166,雨水,48.261426243370316,0.207
19167,雨水,32.02301870433359,0.312
19168,雨水,51.52203761582282,0.194
19169,雨水,2.951529327659209,1.0
19170,雨水,53.7197840345719,0.186
19171,雨水,66.20057124956546,0.151
19172,雨水,17.376954069092513,0.575
19173,雨水,53.42619876129533,0.187
19174,雨水,51.823172693557225,0.193
19175,雨水,52.72303870177252,0.19
19176,雨水,41.26418058398182,0.242
19177,雨水,26.64132766087662,0.375
19178,雨水,29.350319922390657,0.341
19179,雨水,46.36766762292702,0.216
19186,雨水,27.85890609960262,0.359
19187,雨水,30.14041684242149,0.332
19188,雨水,8.481064349767642,1.0
19189,雨水,22.90629024544906,0.437
19190,雨水,51.25284871213445,0.195
19191,雨水,14.615136871492485,0.684
19192,雨水,68.9132538275652,0.145
19193,雨水,21.809706998371333,0.459
19194,雨水,35.35538814329329,0.283
19195,雨水,25.944048387023084,0.385
19196,雨水,62.735659347694074,0.159
19197,雨水,6.886154346633867,1.0
19198,雨水,55.10606813626772,0.181
19199,雨水,48.90658467738471,0.204
19200,雨水,27.212629465917964,0.367
19201,雨水,80.88070045748506,0.124
19214,雨水,30.740422655255006,0.325
19215,雨水,29.939432194410866,0.334
19216,雨水,19.92145399389076,0.502
19217,雨水,20.320006349383235,0.492
19218,雨水,24.89922636974083,0.402
19219,雨水,24.802083179184937,0.403
19220,雨水,39.16438409432589,0.255
19221,雨水,7.292665708725983,1.0
19222,雨水,17.690572806157146,0.565
19223,雨水,19.035344085114346,0.525
19224,雨水,36.610624736560474,0.273
19225,雨水,31.931964265213058,0.313
19226,汚水,24.420085987879464,0.409
19227,雨水,31.174613450808494,0.321
19228,雨水,36.56398151834672,0.273
19229,雨水,36.36508928669895,0.275
19230,雨水,34.810554575926034,0.287
19231,雨水,34.565848284162236,0.289
19232,雨水,36.033521889039235,0.278
19233,雨水,19.64983366670922,0.509
19234,雨水,12.730327106283127,0.786
19235,雨水,12.786112433834235,0.782
19236,雨水,12.088669800937097,0.827
19237,雨水,12.75420227094395,0.784
19238,雨水,37.48503853865461,0.267
19239,雨水,25.5959795574499,0.391
19240,雨水,25.052530666634894,0.399
19241,雨水,25.226885783900766,0.396
19242,雨水,15.25089529589665,0.656
19243,雨水,33.39956568071769,0.299
19244,雨水,35.70366902109566,0.28
19245,雨水,35.872051635546846,0.279
19246,雨水,36.69595010670829,0.273
19247,雨水,20.12425069363794,0.497
19248,雨水,26.45459067543919,0.378
19249,雨水,36.98023133537401,0.27
19250,雨水,41.95290398407721,0.238
19251,雨水,40.712544401468016,0.246
19252,雨水,24.511672408457233,0.408
19253,雨水,46.26984615754782,0.216
19254,雨水,45.76043555642855,0.219
19255,雨水,45.37451839309128,0.22
19256,雨水,35.717407754557826,0.28
19257,雨水,17.78082832573247,0.562
19258,雨水,16.050845577777114,0.623
19259,雨水,23.61334960486557,0.423
19260,雨水,25.338376483132556,0.395
19261,雨水,34.8100831328612,0.287
19262,雨水,16.742892278067984,0.597
19263,雨水,24.377290159165334,0.41
19264,雨水,21.156514209802644,0.473
19265,雨水,22.289420409817737,0.449
19266,雨水,27.510019310823548,0.364
19267,雨水,31.72832923551351,0.315
19268,雨水,12.294931921071617,0.813
19269,雨水,6.457315010923452,1.0
19270,雨水,33.38111718833601,0.3
19271,雨水,34.581258250505726,0.289
19273,雨水,68.12407095778765,0.147
19274,雨水,33.83256362893222,0.296
19275,汚水,75.88787880834512,0.132
19276,雨水,35.16564665850497,0.284
19277,雨水,35.54793897061248,0.281
19278,雨水,34.77654479365436,0.288
19279,雨水,48.891269525958414,0.205
19280,雨水,50.11904957838876,0.2
19281,雨水,54.143719186829195,0.185
19282,雨水,65.86464039646592,0.152
19283,雨水,45.723969440119404,0.219
19284,雨水,44.22727606143885,0.226
19285,雨水,9.184016691600482,1.0
19286,雨水,63.36820921839325,0.158
19287,雨水,65.11753974348437,0.154
19289,雨水,13.615468047832847,0.734
19290,雨水,30.592450895037135,0.327
19291,雨水,59.98124344559928,0.167
19292,雨水,46.41818256364645,0.215
19295,雨水,17.674409421629672,0.566
19296,雨水,40.910720285106436,0.244
19297,雨水,7.443946471696028,1.0
19298,雨水,38.053082179296034,0.263
19309,雨水,40.902291746264844,0.244
19310,雨水,38.34672423739444,0.261
19311,雨水,20.3115747677826,0.492
19312,雨水,38.79768619382816,0.258
19313,雨水,36.070403762715536,0.277
19314,雨水,23.996870912325793,0.417
19315,雨水,24.13410274604689,0.414
19316,雨水,37.39013922137539,0.267
19317,雨水,21.86729552034451,0.457
19318,雨水,59.76422211453295,0.167
19319,雨水,59.692750863827555,0.168
19320,雨水,23.48028339855686,0.426
19321,雨水,85.4043127359645,0.117
19322,雨水,41.3235731412772,0.242
19323,雨水,19.118406464847418,0.523
19324,雨水,15.884826582475528,0.63
19325,雨水,12.23025845667159,0.818
19326,雨水,11.272954412020022,0.887
19327,雨水,10.842378104990694,0.922
19328,雨水,24.842352011487293,0.403
19329,雨水,20.12417197247963,0.497
19330,雨水,18.25672472884302,0.548
19331,雨水,11.729694764675967,0.853
19332,雨水,12.297292773920546,0.813
19333,雨水,28.95887702407178,0.345
19334,雨水,26.777474374359972,0.373
19335,雨水,29.021153730536295,0.345
19336,雨水,27.915017774765293,0.358
19337,雨水,29.36919248009008,0.34
19338,雨水,40.781468680671324,0.245
19339,雨水,24.268532731713286,0.412
19340,雨水,17.809010671475296,0.562
19341,雨水,25.94978541405077,0.385
19342,雨水,29.354834130639706,0.341
19343,雨水,6.963574758227957,1.0
19344,雨水,18.82502766520094,0.531
19346,雨水,50.218800980977605,0.199
19348,雨水,21.889020592521906,0.457
19349,雨水,20.6291436473683,0.485
19350,雨水,25.04927838671622,0.399
19351,雨水,24.55336198670401,0.407
19352,雨水,41.62696753566595,0.24
19354,雨水,32.4090558347481,0.309
19355,雨水,31.311996073512567,0.319
19356,雨水,4.42035826255252,1.0
19357,雨水,23.417698130424917,0.427
19358,雨水,22.92965698488353,0.436
19359,雨水,23.233664289114355,0.43
19360,雨水,22.859967661854462,0.437
19361,雨水,23.589746593919497,0.424
19362,雨水,16.004473179713298,0.625
19363,雨水,26.069407090049964,0.384
19364,雨水,27.243956984818087,0.367
19365,雨水,36.34473305024395,0.275
19366,雨水,15.050730331898023,0.664
19367,雨水,14.84546902848091,0.674
19368,雨水,56.322911434821236,0.178
19369,雨水,30.122517781421315,0.332
19370,雨水,25.43623015991278,0.393
19371,雨水,35.39864220289602,0.282
19372,雨水,45.34061858466608,0.221
19373,雨水,15.271965607703157,0.655
19374,雨水,37.08228956672526,0.27
19375,雨水,11.908305424419764,0.84
19377,雨水,20.032324016811877,0.499
19378,雨水,23.19959401128557,0.431
19379,雨水,51.310121233047106,0.195
19380,雨水,33.4557105897726,0.299
19381,雨水,35.272194709075514,0.284
19382,雨水,28.38048653577559,0.352
19383,雨水,49.1003384882947,0.204
19384,雨水,19.836509765406653,0.504
19385,雨水,19.771808416610508,0.506
19386,雨水,13.59664280861973,0.735
19387,雨水,14.751992729972487,0.678
19388,雨水,26.86008287755011,0.372
19389,雨水,23.6537557532155,0.423
19390,雨水,29.584537057430545,0.338
19391,雨水,25.826194492338104,0.387
19392,雨水,13.90215503138804,0.719
19393,雨水,29.96473350669993,0.334
19400,雨水,22.064082347152947,0.453
19401,雨水,47.960289825830955,0.209
19402,雨水,62.80042507102272,0.159
19403,雨水,10.466319704671221,0.955
19404,雨水,3.1424365746377037,1.0
19409,雨水,9.15086392469811,1.0
19410,雨水,2.507238405109959,1.0
19411,雨水,122.98604560211878,0.081
19412,雨水,11.903220182481673,0.84
19413,雨水,37.815113785815576,0.264
19414,雨水,27.737623005582964,0.361
19415,雨水,34.468490926055736,0.29
19416,雨水,35.32008104464369,0.283
19417,雨水,23.980085404341708,0.417
19418,雨水,13.083240156780526,0.764
19419,雨水,49.81075563497138,0.201
19420,雨水,39.82608020412723,0.251
19421,雨水,22.659469272113615,0.441
19422,雨水,9.956630855869834,1.0
19423,雨水,7.843761980062001,1.0
19427,雨水,109.67822821131335,0.091
19428,雨水,30.393527156288748,0.329
19429,雨水,42.063402155648824,0.238
19430,雨水,27.989761243081077,0.357
19431,雨水,27.29492121222393,0.366
19432,雨水,53.50794546450423,0.187
19433,雨水,49.748321122854165,0.201
19434,雨水,14.43101251498,0.693
19435,雨水,45.75836127496851,0.219
19436,雨水,49.420045321740986,0.202
19437,雨水,64.64066939047851,0.155
19438,雨水,17.825296080811697,0.561
19439,雨水,12.050763710239549,0.83
19440,雨水,12.370605357487072,0.808
19441,雨水,3.8014115093509595,1.0
19442,雨水,15.581369106937567,0.642
19443,雨水,15.506333288182702,0.645
19444,雨水,13.587886565847015,0.736
19445,雨水,19.92238403763354,0.502
19446,雨水,15.518248386979433,0.644
19447,雨水,15.896267523410602,0.629
19448,雨水,54.028919628672526,0.185
19449,雨水,52.2405443072823,0.191
19450,雨水,75.7206997305296,0.132
19451,雨水,40.99705199508648,0.244
19452,雨水,19.60826289963126,0.51
19453,雨水,14.489264548120886,0.69
19454,雨水,14.502778545595463,0.69
19455,雨水,46.41997218013529,0.215
19456,雨水,53.27946608000785,0.188
19457,雨水,20.121474565432667,0.497
19458,雨水,19.117024051276104,0.523
19459,雨水,18.70595629783398,0.535
19460,雨水,48.47739193082349,0.206
19461,雨水,51.044911140537,0.196
19462,雨水,18.006451161677443,0.555
19463,雨水,19.65264018170317,0.509
19464,雨水,23.920479116282443,0.418
19465,雨水,24.506832258063906,0.408
19466,雨水,23.68499213685901,0.422
19467,雨水,9.718180141539891,1.0
19468,雨水,19.61020125525512,0.51
19469,雨水,20.043640099308636,0.499
19470,雨水,19.912950551006503,0.502
19471,雨水,20.43892636312213,0.489
19472,雨水,19.85146277726749,0.504
19473,雨水,19.401816070072798,0.515
19474,雨水,18.19217334907486,0.55
19475,雨水,19.850861983320932,0.504
19476,雨水,16.61368160452732,0.602
19477,雨水,17.133309888125797,0.584
19478,雨水,15.750507539956736,0.635
19479,雨水,17.56388524786061,0.569
19480,雨水,15.528416093663925,0.644
19481,雨水,12.773271093174825,0.783
19482,雨水,3.2846239710812775,1.0
19483,雨水,41.791956290649516,0.239
19484,雨水,8.352206046662427,1.0
19485,雨水,16.153475229604023,0.619
19486,雨水,19.27871284603823,0.519
19487,雨水,14.135544870360478,0.707
19488,雨水,16.603499300401733,0.602
19489,雨水,11.328089207543602,0.883
19490,雨水,11.458466956796785,0.873
19491,雨水,10.824925219935539,0.924
19492,雨水,43.80970929226122,0.228
19493,汚水,22.02080105374897,0.454
19494,雨水,28.19508454543876,0.355
19495,雨水,10.225730924101548,0.978
19496,雨水,28.936168121939684,0.346
19497,雨水,37.9335143146614,0.264
19498,雨水,29.544173496481278,0.338
19499,雨水,30.46229923050342,0.328
19500,雨水,32.59806895932838,0.307
19501,雨水,50.6987246312663,0.197
19502,雨水,13.0058787409207,0.769
19503,雨水,72.617347926828,0.138
19504,雨水,12.964179851141363,0.771
19505,雨水,71.72428345368992,0.139
19506,雨水,6.840158395686429,1.0
19507,雨水,37.52416751420104,0.266
19508,雨水,45.25354877700352,0.221
19509,雨水,10.003625325339636,1.0
19510,雨水,40.63632813696356,0.246
19511,雨水,30.325449126730803,0.33
19512,雨水,40.8275540459739,0.245
19513,雨水,43.947034149743956,0.228
19514,雨水,10.105380360003055,0.99
19515,雨水,21.648197495269653,0.462
19516,雨水,30.1270391722443,0.332
19517,雨水,37.028158549747396,0.27
19518,雨水,24.48988758531488,0.408
19519,雨水,49.61124143645434,0.202
19520,雨水,22.099242866769085,0.453
19521,雨水,32.03957744813738,0.312
19522,雨水,23.383452046192907,0.428
19523,雨水,31.88457030947576,0.314
19524,雨水,27.68453218611708,0.361
19525,雨水,30.651515972623695,0.326
19526,雨水,14.298366812864957,0.699
19527,雨水,47.676325584660184,0.21
19528,雨水,48.494978410254895,0.206
19529,雨水,11.428029252052191,0.875
19530,雨水,32.96123299995712,0.303
19531,雨水,6.917111562423076,1.0
19532,雨水,13.230116206798684,0.756
19533,雨水,32.67716051301676,0.306
19534,雨水,6.669760421104919,1.0
19535,雨水,33.10781428154684,0.302
19536,雨水,8.482543557565702,1.0
19538,雨水,63.15936810674705,0.158
19539,雨水,39.755020483572075,0.252
19540,雨水,39.68780380306658,0.252
19541,雨水,53.04049994797501,0.189
19542,雨水,35.67014943351783,0.28
19543,雨水,53.760461675556435,0.186
19544,雨水,4.803345980925608,1.0
19545,雨水,13.64154992874,0.733
19546,雨水,22.413636409394883,0.446
19547,雨水,10.169410862009052,0.983
19548,雨水,34.43479954123297,0.29
19549,雨水,48.75404876566785,0.205
19550,雨水,31.064115159552067,0.322
19551,雨水,49.50439053924549,0.202
19552,雨水,29.89137068062456,0.335
19553,雨水,30.5770925406554,0.327
19554,雨水,23.548704692503524,0.425
19555,雨水,26.19622188463033,0.382
19556,雨水,38.00419837605132,0.263
19557,雨水,12.879829256428101,0.776
19558,雨水,26.119287158200677,0.383
19559,雨水,19.215467279333154,0.52
19560,雨水,6.926122160175387,1.0
19561,雨水,19.564651449406195,0.511
19562,雨水,19.87696620693377,0.503
19563,雨水,7.281361795509239,1.0
19564,雨水,18.02887888112634,0.555
19565,雨水,38.23542202797903,0.262
19566,雨水,6.973100862473274,1.0
19567,雨水,14.004147870378015,0.714
19568,雨水,6.92000642135749,1.0
19569,雨水,21.87372046462568,0.457
19570,雨水,27.379168577447434,0.365
19571,雨水,6.375694720469831,1.0
19572,雨水,24.932596208610587,0.401
19573,雨水,4.710563702958065,1.0
19574,雨水,40.63397195758118,0.246
19575,雨水,25.522283618997914,0.392
19576,雨水,22.796000000002095,0.439
19577,雨水,22.36796972576255,0.447
19578,雨水,29.98100116959014,0.334
19579,雨水,30.028660479117523,0.333
19580,雨水,30.150747795832032,0.332
19581,雨水,45.92175775573947,0.218
19582,雨水,24.06765966921123,0.415
19583,雨水,24.89271590077132,0.402
19584,雨水,20.28947035482759,0.493
19585,雨水,19.565226941235153,0.511
19586,雨水,25.262433456221448,0.396
19587,雨水,20.29713274580712,0.493
19588,雨水,12.453313320169693,0.803
19589,雨水,19.44154915947768,0.514
19590,雨水,19.92543645013274,0.502
19591,雨水,20.13477342697669,0.497
19592,雨水,20.220170235208464,0.495
19593,雨水,20.70569486667657,0.483
19594,雨水,80.58773289871178,0.124
19595,雨水,68.58518385807133,0.146
19596,雨水,22.526170502775322,0.444
19597,雨水,21.09418901987482,0.474
19598,雨水,49.20089037576353,0.203
19599,雨水,6.148903236594665,1.0
19600,雨水,52.89482639807051,0.189
19601,雨水,24.22847643455684,0.413
19602,雨水,3.980047262671266,1.0
19603,雨水,24.01173130545965,0.416
19604,雨水,37.80764242376447,0.264
19605,雨水,24.429795992818054,0.409
19606,雨水,116.47829463997661,0.086
19607,雨水,40.245215144890714,0.248
19608,雨水,42.433756686791945,0.236
19609,雨水,42.36994964386192,0.236
19610,雨水,17.090563871216332,0.585
19611,雨水,30.63184831062772,0.326
19612,雨水,31.783903692120333,0.315
19613,雨水,52.22818130023045,0.191
19614,雨水,29.939454642958783,0.334
19615,雨水,7.971810041439845,1.0
19616,雨水,7.702272968375224,1.0
19617,雨水,25.438163160885157,0.393
19618,雨水,18.04520684281817,0.554
19619,雨水,56.45691638748053,0.177
19620,雨水,38.34497722717377,0.261
19621,雨水,67.48349865641285,0.148
19622,雨水,13.510422384218474,0.74
19623,雨水,6.5868885411103815,1.0
19624,雨水,17.101614500731184,0.585
19625,雨水,19.266754238262703,0.519
19626,雨水,8.216935285479902,1.0
19627,雨水,45.25829761019611,0.221
19628,雨水,7.701098834628183,1.0
19629,雨水,97.52935220718767,0.103
19630,雨水,76.24595710040057,0.131
19631,雨水,185.05442393284625,0.054
19632,雨水,159.61062312430283,0.063
19633,雨水,22.84531170332644,0.438
19634,雨水,61.75992839661491,0.162
19635,雨水,21.154339388574385,0.473
19636,雨水,39.35982504671705,0.254
19637,雨水,20.06099232704177,0.498
19638,雨水,9.45859700472749,1.0
19639,雨水,9.486891424531063,1.0
19640,雨水,45.30680223210012,0.221
19641,雨水,55.74286583863339,0.179
19642,雨水,22.70239582488306,0.44
19643,雨水,9.024691940590044,1.0
19644,雨水,6.879157825614547,1.0
19645,雨水,17.588119007871253,0.569
19646,雨水,8.510752319775296,1.0
19647,雨水,4.980377120820092,1.0
19649,雨水,4.185131987039774,1.0
19650,雨水,206.88650732986383,0.048
19651,雨水,21.882886692842167,0.457
19652,雨水,5.024184693136643,1.0
19653,雨水,90.60683985136164,0.11
19654,雨水,46.73921043456088,0.214
19655,雨水,25.128121780332965,0.398
19656,雨水,22.449235123083557,0.445
19657,雨水,8.298459228822335,1.0
19658,雨水,34.99982773453999,0.286
19659,雨水,124.46831514340406,0.08
19660,雨水,48.429654183625814,0.206
19661,雨水,103.96292342662669,0.096
19662,雨水,203.92396180749301,0.049
19663,雨水,14.822729909656005,0.675
3152,汚水,12.185147793783623,0.821
3153,汚水,18.84351307225092,0.531
3154,汚水,25.771666122840514,0.388
3155,汚水,3.5230686098610553,1.0
3156,汚水,13.425250967918322,0.745
3157,汚水,42.849314024135275,0.233
3158,汚水,15.88288453460843,0.63
3159,汚水,8.498343848589277,1.0
3160,汚水,12.591434852793569,0.794
3162,汚水,37.065220146294834,0.27
3163,汚水,109.3260537459765,0.091
3164,汚水,35.93767435111027,0.278
3165,汚水,71.0310604936689,0.141
3166,汚水,101.96968183304102,0.098
3167,汚水,42.12011200412103,0.237
3168,汚水,57.740602801310594,0.173
3169,汚水,80.24060081543989,0.125
3170,汚水,78.62592391717939,0.127
3173,汚水,23.040507206395,0.434
3174,汚水,47.6321045547685,0.21
3175,汚水,60.2736513804841,0.166
3176,汚水,44.140552273839134,0.227
3177,汚水,39.86132031229993,0.251
3178,汚水,4.874473404357023,1.0
3179,汚水,68.78164952224016,0.145
3180,汚水,46.23826516668845,0.216
3181,汚水,14.96087012420368,0.668
3182,汚水,35.69441711480727,0.28
3183,汚水,30.201087098686635,0.331
3184,汚水,18.19973952206024,0.549
3185,汚水,57.10321346598175,0.175
3186,汚水,36.842479354171886,0.271
3187,汚水,55.94224001781878,0.179
3188,汚水,35.762016208907774,0.28
3189,汚水,55.1269363895269,0.181
3190,汚水,4.470564007345492,1.0
3191,汚水,32.366349096246715,0.309
3192,汚水,78.47593415776183,0.127
3193,汚水,53.591134887233494,0.187
3194,汚水,37.59448523437645,0.266
3195,汚水,54.29483229183903,0.184
3196,汚水,6.634102360314547,1.0
3197,汚水,35.13989640695232,0.285
3198,汚水,61.48392534244514,0.163
3199,汚水,30.626460555590604,0.327
3200,汚水,6.795493219846823,1.0
3201,汚水,41.51177854314136,0.241
3202,汚水,24.354800517317237,0.411
3203,汚水,15.641863499129494,0.639
3204,汚水,65.72819200719479,0.152
3205,汚水,5.580094166402205,1.0
3206,汚水,43.549397377424015,0.23
3207,汚水,15.759824954131854,0.635
3208,汚水,4.8089577921373365,1.0
3209,汚水,83.26070294007417,0.12
3210,汚水,19.123845030183993,0.523
3211,汚水,15.395583239116089,0.65
3212,汚水,37.27620101621825,0.268
3213,汚水,36.427228398035766,0.275
3214,汚水,21.822247694872207,0.458
3215,汚水,31.43424418650472,0.318
3216,汚水,21.281862943014296,0.47
3217,汚水,5.549228231267006,1.0
3218,汚水,66.78448996847258,0.15
3219,汚水,2.3938364916890427,1.0
3220,汚水,3.8559746451244994,1.0
3221,汚水,63.42851269134535,0.158
3222,汚水,42.43786196932769,0.236
3223,汚水,27.29529024257478,0.366
3224,汚水,66.18949643851023,0.151
3225,汚水,74.15337529356974,0.135
3226,汚水,47.45857185246804,0.211
3227,汚水,42.212536062457694,0.237
3228,汚水,71.60887936377405,0.14
3229,汚水,36.4132994325664,0.275
3230,汚水,30.50068467462561,0.328
3231,汚水,32.17059838386728,0.311
3232,汚水,49.238662276060076,0.203
3233,汚水,5.039591756152868,1.0
3234,汚水,29.853002555647254,0.335
3235,汚水,61.68446494876147,0.162
3236,汚水,7.280906092838806,1.0
3237,汚水,6.332683792174636,1.0
3238,汚水,39.23755594064403,0.255
3239,汚水,7.087776625143455,1.0
3240,汚水,8.978076317971562,1.0
3241,汚水,5.781409205358225,1.0
3242,汚水,52.268684581905966,0.191
3243,汚水,72.96845234801299,0.137
3244,汚水,70.54174317048347,0.142
3245,汚水,37.318020298630934,0.268
3246,汚水,52.52341604567003,0.19
3247,汚水,30.101598880074413,0.332
3248,汚水,10.962257989544895,0.912
3249,汚水,14.362046832858326,0.696
3250,汚水,14.710945971210526,0.68
3251,汚水,12.099689124804208,0.826
3252,汚水,15.093902546126131,0.663
3253,汚水,7.324357378755257,1.0
3254,汚水,7.281593651694332,1.0
3255,汚水,34.02259536546028,0.294
3256,汚水,27.72638531175309,0.361
3257,汚水,43.760609058508685,0.229
3258,汚水,11.688262233432031,0.856
3259,汚水,4.49086651624282,1.0
3260,汚水,65.51650011511519,0.153
3262,汚水,18.893153627951442,0.529
3263,汚水,59.16670008729045,0.169
3264,汚水,29.622955520416056,0.338
3265,汚水,4.965940117387752,1.0
3266,汚水,42.67423306172261,0.234
3267,汚水,6.897735773774752,1.0
3268,汚水,5.1870246049107065,1.0
3269,汚水,47.667072518714605,0.21
3270,汚水,3.453207965207624,1.0
3271,汚水,13.593844906976427,0.736
3272,汚水,7.93801532847843,1.0
3273,汚水,20.843224377536465,0.48
3274,汚水,58.39600632436833,0.171
3275,汚水,27.071852148123693,0.369
3276,汚水,14.3685098366617,0.696
3277,汚水,16.353283229131538,0.611
3278,汚水,2.3873186374396713,1.0
3279,汚水,4.246384997607431,1.0
3280,汚水,6.709474119264473,1.0
3281,汚水,7.287530625915898,1.0
3282,汚水,13.58137306966563,0.736
3283,汚水,9.56193025427227,1.0
3284,汚水,14.247684142799232,0.702
3285,汚水,12.543153068185525,0.797
3286,汚水,6.683467775196466,1.0
3287,汚水,26.329872995297276,0.38
3288,汚水,9.831844996865255,1.0
3289,汚水,3.2974360580372135,1.0
3290,汚水,5.177910893493517,1.0
3291,汚水,9.830148112081195,1.0
3292,汚水,11.40287827464248,0.877
3293,汚水,8.66870307125348,1.0
3294,汚水,3.892454871130756,1.0
3295,汚水,3.9854942767423625,1.0
3296,汚水,20.465358658822336,0.489
3297,汚水,19.612563173640666,0.51
3298,汚水,5.218287528375642,1.0
3299,汚水,7.385864000271748,1.0
3300,汚水,20.105512258208204,0.497
3301,汚水,11.25731659100675,0.888
3302,汚水,5.261501847720348,1.0
3303,汚水,38.415952119261696,0.26
3304,汚水,3.785320828035343,1.0
3305,汚水,6.9313404840905,1.0
3306,汚水,4.2642714440457725,1.0
3307,汚水,3.1742583215775664,1.0
3308,汚水,2.970499633646263,1.0
3309,汚水,14.201750572828256,0.704
3310,汚水,26.240410085700983,0.381
3311,汚水,16.533450189768104,0.605
3312,汚水,2.891981526275511,1.0
3313,汚水,7.099289372999355,1.0
3314,汚水,11.307547239517667,0.884
3315,汚水,14.164189254686237,0.706
3316,汚水,4.822923412821431,1.0
3317,汚水,2.093497258795959,1.0
3318,汚水,3.1100474345786027,1.0
3319,汚水,3.900374597353026,1.0
3320,汚水,10.307748753268413,0.97
3321,汚水,3.1962390310981594,1.0
3322,汚水,5.805873655661708,1.0
3323,汚水,8.067731050642145,1.0
3324,汚水,22.58453704337462,0.443
3325,汚水,3.1429850553224057,1.0
3326,汚水,5.716057858190839,1.0
3327,汚水,55.619511119724656,0.18
3328,汚水,12.43214087132255,0.804
3329,汚水,10.208519193297874,0.98
3330,汚水,7.364602183121803,1.0
3331,汚水,8.674748007957923,1.0
3332,汚水,5.1413439169283635,1.0
3333,汚水,8.019508440031052,1.0
3334,汚水,26.471963770347955,0.378
3335,汚水,9.637063192966336,1.0
3336,汚水,6.745919300893,1.0
3337,汚水,11.754393781276674,0.851
3338,汚水,16.13040287388091,0.62
3339,汚水,3.5196645856679436,1.0
3340,汚水,6.975087823101684,1.0
3341,汚水,8.577631679965924,1.0
3342,汚水,7.929818543403572,1.0
3343,汚水,10.609340726393729,0.943
3344,汚水,8.015674469116629,1.0
3345,汚水,7.315685339498625,1.0
3346,汚水,5.402483629900469,1.0
3347,汚水,13.355316450147239,0.749
3348,汚水,4.373123079563359,1.0
3349,汚水,12.253764041160295,0.816
3350,汚水,7.126194061664147,1.0
3351,汚水,6.546695281309905,1.0
3352,汚水,5.111767824314523,1.0
3353,汚水,4.779754915234508,1.0
3354,汚水,7.207262987538345,1.0
3355,汚水,10.790632823555518,0.927
3356,汚水,11.188132257019733,0.894
3357,汚水,18.429129026940092,0.543
3358,汚水,8.691907716988249,1.0
3359,汚水,3.7391530945549794,1.0
3360,汚水,13.637923893711914,0.733
3361,汚水,8.493275609631372,1.0
3362,汚水,3.155658718289286,1.0
3363,汚水,6.248999999999796,1.0
3364,汚水,3.042665725642215,1.0
3365,汚水,3.187072167346433,1.0
3366,汚水,3.799081170166375,1.0
3367,汚水,6.7583529089480585,1.0
3368,汚水,4.782450614717828,1.0
3369,汚水,4.160265125383614,1.0
3370,汚水,7.069705557948129,1.0
3371,汚水,4.146459146581634,1.0
3372,汚水,2.8168272925252413,1.0
3373,汚水,8.595398018038367,1.0
3374,汚水,5.060001894950045,1.0
3375,汚水,9.67275035339342,1.0
3376,汚水,6.112120797762381,1.0
3377,汚水,8.679101909242608,1.0
3378,汚水,34.37433022447322,0.291
3379,汚水,40.289991975899866,0.248
3380,汚水,31.461434098319433,0.318
3381,汚水,13.95493866336615,0.717
3382,汚水,8.643030887356048,1.0
3383,汚水,17.35173563553947,0.576
3384,汚水,4.667911003904468,1.0
3385,汚水,4.312233419792557,1.0
3386,汚水,17.29692046274186,0.578
3387,汚水,20.078086107039283,0.498
3388,汚水,2.891981059842975,1.0
3389,汚水,8.780380916716698,1.0
3390,汚水,6.883075836880956,1.0
3391,汚水,8.774418696191393,1.0
3392,汚水,8.932830497690171,1.0
3393,汚水,21.426639208224348,0.467
3394,汚水,20.13881032996946,0.497
3395,汚水,3.1136420648568968,1.0
3396,汚水,9.896941714329316,1.0
3397,汚水,12.161372196341475,0.822
3398,汚水,3.472494920207751,1.0
3399,汚水,10.525621193372993,0.95
3400,汚水,16.538775678326033,0.605
3401,汚水,14.87535514210742,0.672
3402,汚水,5.307191371970768,1.0
3403,汚水,11.136435920724095,0.898
3404,汚水,3.208796665778572,1.0
3405,汚水,12.920690683951317,0.774
3406,汚水,12.832125607638673,0.779
3407,汚水,9.769784852355466,1.0
3408,汚水,7.5278415295821155,1.0
3409,汚水,10.353647299698599,0.966
3410,汚水,6.38527477966023,1.0
3412,汚水,12.079326810061321,0.828
3413,汚水,22.80293392298571,0.439
3414,汚水,27.649025182142317,0.362
3415,汚水,27.48131692247913,0.364
3416,汚水,29.90039160535198,0.334
3417,汚水,14.289476631312557,0.7
3418,汚水,3.128604802844915,1.0
3419,汚水,6.5913345657807065,1.0
3420,汚水,21.187882627190024,0.472
3421,汚水,22.33824214121803,0.448
3422,汚水,10.252468288356846,0.975
3423,汚水,7.650862371070418,1.0
3425,汚水,37.517181742102686,0.267
3427,汚水,2.8922199838469145,1.0
3428,汚水,2.448022320929486,1.0
3429,汚水,7.123223515039707,1.0
3430,汚水,28.246383385497815,0.354
3431,汚水,27.17988617346878,0.368
3432,汚水,5.639954949427746,1.0
3433,汚水,9.966200150917334,1.0
3434,汚水,2.8083923971885305,1.0
3435,汚水,14.736850043361336,0.679
3436,汚水,13.380886848562614,0.747
3437,汚水,18.796028117823308,0.532
3438,汚水,16.421710919980157,0.609
3439,汚水,5.126278025939579,1.0
3440,汚水,2.372579644836171,1.0
3441,汚水,22.859477256721437,0.437
3442,汚水,16.331651307838342,0.612
3443,汚水,34.076445500049864,0.293
3444,汚水,12.70119407959801,0.787
3445,汚水,18.11224663059916,0.552
3446,汚水,7.02382600599649,1.0
3447,汚水,12.817986182077924,0.78
3448,汚水,2.7824543043866585,1.0
3449,汚水,18.522004376207555,0.54
3450,汚水,17.50285890884302,0.571
3451,汚水,14.074631008069506,0.71
3452,汚水,22.906867218664807,0.437
3453,汚水,96.05937479591438,0.104
3454,汚水,107.5001572359084,0.093
3455,汚水,97.15791400317721,0.103
3456,汚水,11.340731680114994,0.882
3457,汚水,14.560645933400822,0.687
3458,汚水,11.587647598606486,0.863
3459,汚水,40.43685916994254,0.247
3460,汚水,6.841111675150577,1.0
3461,汚水,50.85749287172971,0.197
3462,汚水,3.0791273263220846,1.0
3463,汚水,41.04913943713138,0.244
3464,汚水,55.26911747011279,0.181
3465,汚水,17.421725369944003,0.574
3466,汚水,37.66313939092862,0.266
3467,汚水,36.98102030036501,0.27
3468,汚水,32.93300029170315,0.304
3469,汚水,5.922048632021479,1.0
3470,汚水,48.51629213525587,0.206
3471,汚水,14.920526103715511,0.67
3472,汚水,15.992605852434433,0.625
3473,汚水,25.490703790030594,0.392
10890,雨水,27.45522205188969,0.364
10891,雨水,26.735248785776065,0.374
10892,雨水,20.31131894904768,0.492
10893,雨水,42.817247013575106,0.234
10894,雨水,41.287273135262936,0.242
10895,雨水,41.19151697205429,0.243
10896,雨水,41.48894293728404,0.241
10897,雨水,41.79295544705415,0.239
10898,雨水,29.347663828753685,0.341
10899,雨水,27.095066663954977,0.369
10900,雨水,25.686705548428296,0.389
10901,雨水,17.963937430305787,0.557
10902,雨水,7.161105012494042,1.0
10903,雨水,9.765427640407102,1.0
10904,雨水,11.225874620714826,0.891
10905,雨水,7.364563802425201,1.0
10906,汚水,53.439143166585026,0.187
10907,雨水,10.247741800027852,0.976
10908,雨水,7.130381501710764,1.0
10909,雨水,7.336725495752985,1.0
10910,雨水,23.456276820115836,0.426
10911,雨水,10.32289766759093,0.969
10912,雨水,8.398857303226366,1.0
10913,雨水,7.891912379138082,1.0
10914,雨水,32.16653301960583,0.311
10915,雨水,95.1007375955156,0.105
10916,雨水,97.53633597993796,0.103
10917,雨水,11.306248758983367,0.884
10918,雨水,19.561662557156456,0.511
10919,雨水,25.97909938777626,0.385
10920,雨水,10.795185804469043,0.926
10921,雨水,26.059485069590245,0.384
10922,雨水,44.83013498020392,0.223
10923,雨水,8.335497685126647,1.0
10924,雨水,24.465516671481737,0.409
10925,雨水,5.246160229757675,1.0
10926,雨水,17.679701637766595,0.566
10927,雨水,79.9809805702808,0.125
10928,雨水,79.73167426894626,0.125
10930,雨水,162.00109903234141,0.062
10931,雨水,33.446060809426605,0.299
10932,雨水,6.710625711796347,1.0
10933,雨水,25.66085645707443,0.39
10934,雨水,27.068500667094447,0.369
10935,雨水,27.195246958716243,0.368
10937,雨水,33.080627312403145,0.302
10938,雨水,26.929451803840198,0.371
10940,雨水,10.558244761125883,0.947
10941,雨水,49.52224496200514,0.202
10942,雨水,20.510758722934717,0.488
10943,雨水,5.079638276701058,1.0
10944,雨水,21.371219475999055,0.468
10945,雨水,23.840692307062998,0.419
10946,雨水,23.664769974942494,0.423
10947,雨水,23.825494495977928,0.42
10948,雨水,23.381524560401665,0.428
10949,雨水,17.45071328718407,0.573
10950,雨水,12.315274528026496,0.812
10951,雨水,24.793207867280266,0.403
10952,雨水,26.262915011735924,0.381
10953,雨水,36.003116974009664,0.278
10954,雨水,21.426658735521748,0.467
10955,雨水,32.41159309685794,0.309
10956,汚水,65.98905424186255,0.152
10957,汚水,35.93077316027982,0.278
10959,汚水,19.836343146287177,0.504
10960,汚水,37.6394490660374,0.266
10961,汚水,24.470979838951084,0.409
10962,汚水,10.764728531185156,0.929
10963,汚水,29.015218617825354,0.345
10964,汚水,58.95864835370174,0.17
10965,汚水,2.250855379532568,1.0
10966,汚水,68.68469141925978,0.146
10967,汚水,43.94613259860753,0.228
10968,汚水,28.647663656262985,0.349
10970,汚水,10.323690034539794,0.969
10971,汚水,11.94760098521052,0.837
10972,汚水,11.668138628246,0.857
10973,汚水,6.36596191630181,1.0
10975,雨水,78.77078989946008,0.127
10976,汚水,14.582753792000632,0.686
10978,汚水,15.644428273658342,0.639
10979,汚水,17.99737861951609,0.556
10980,汚水,47.55171722352662,0.21
10981,汚水,7.521178726313144,1.0
10982,汚水,42.978101652363364,0.233
10984,汚水,46.93739913859774,0.213
10985,汚水,29.28068931541365,0.342
10987,汚水,31.550172031353455,0.317
10988,汚水,49.844827537553414,0.201
10989,汚水,52.035411052008946,0.192
10990,汚水,39.174353580148704,0.255
10991,汚水,2.565921471759988,1.0
10992,汚水,42.819060300202054,0.234
10993,汚水,49.94933552024102,0.2
10994,汚水,49.805644080275776,0.201
10996,汚水,49.84044108397441,0.201
10997,汚水,21.699999392838166,0.461
10998,汚水,22.601731418124114,0.442
10999,汚水,34.305413889319915,0.291
11000,汚水,48.32709690871195,0.207
11001,汚水,50.47440487890891,0.198
11002,汚水,51.136200040656966,0.196
11003,汚水,50.85584879209783,0.197
11005,汚水,3.069228586740629,1.0
11006,汚水,23.74885779370258,0.421
11007,汚水,48.91555483716008,0.204
11008,汚水,32.81735706565287,0.305
11009,汚水,36.236033134818804,0.276
11010,汚水,18.925327175100175,0.528
11011,汚水,57.67128332090469,0.173
11012,汚水,34.714620302284956,0.288
11013,汚水,45.634718534712505,0.219
11014,汚水,48.4803333509293,0.206
11015,汚水,39.18680490251434,0.255
11016,汚水,43.38630671242016,0.23
11017,汚水,42.784082462533945,0.234
11018,汚水,42.62130864805548,0.235
11019,汚水,37.17266137395341,0.269
11020,汚水,34.76788178776973,0.288
11021,汚水,60.290319136841006,0.166
11022,汚水,75.41718125584092,0.133
11023,汚水,28.710387228451562,0.348
11024,汚水,30.77408153824371,0.325
11025,汚水,7.544281790096742,1.0
11026,汚水,25.5207123831174,0.392
11027,汚水,46.92773597404433,0.213
11028,汚水,37.853754368109975,0.264
11029,汚水,38.180091928762245,0.262
11030,汚水,27.358216667621843,0.366
11031,汚水,28.8478641494017,0.347
11032,汚水,32.04138947843543,0.312
11033,汚水,17.94457340236918,0.557
11034,汚水,31.912399053026896,0.313
11035,汚水,7.446338006946731,1.0
11036,汚水,5.340987499425699,1.0
11037,汚水,8.529292164247599,1.0
11038,汚水,7.877663276236007,1.0
11039,汚水,18.493538930505963,0.541
11040,汚水,10.23168602272886,0.977
11041,汚水,14.121647387308837,0.708
11042,汚水,11.191183655439135,0.894
11043,汚水,10.136389761379728,0.987
11044,汚水,6.0690466303867945,1.0
11045,汚水,16.52650768049308,0.605
11046,汚水,17.400563909611645,0.575
11047,汚水,14.424556924257642,0.693
11048,汚水,12.079689064967907,0.828
11049,汚水,15.97995100831426,0.626
11050,汚水,10.830061265398603,0.923
11051,汚水,18.23430823066461,0.548
11052,汚水,24.71693867951858,0.405
11053,汚水,11.794988427837511,0.848
11054,汚水,5.903429938821625,1.0
11056,汚水,15.853368074748182,0.631
11057,汚水,7.876601761522592,1.0
11058,汚水,10.300567946330197,0.971
11059,汚水,12.379101800432593,0.808
11060,汚水,24.011973427016,0.416
11061,汚水,14.714179356760464,0.68
11062,汚水,34.44287997687979,0.29
11063,汚水,15.766394355014135,0.634
11064,汚水,27.576002027155365,0.363
11065,汚水,16.868723078570312,0.593
11066,汚水,6.3505798622432295,1.0
11067,汚水,17.00548693608747,0.588
11068,汚水,46.64304001665822,0.214
11069,汚水,47.16682016178721,0.212
11070,汚水,9.256650372421939,1.0
11071,汚水,40.39987984852576,0.248
11072,汚水,6.913237408054213,1.0
11073,汚水,37.49298215015663,0.267
11074,汚水,27.652085524522075,0.362
11075,汚水,1.9416491069471247,1.0
11076,汚水,75.59109517690804,0.132
11077,汚水,54.714054117316714,0.183
11078,汚水,25.0809258046422,0.399
11079,汚水,19.124128776557416,0.523
11080,汚水,2.2981752086792806,1.0
11081,汚水,5.996503168729746,1.0
11082,汚水,46.40345598298684,0.216
11083,汚水,3.300100338444806,1.0
11084,汚水,20.01913239852659,0.5
11085,汚水,33.47683062727567,0.299
11086,汚水,28.8313989172966,0.347
11087,汚水,12.787427951595452,0.782
11088,汚水,30.8539289516352,0.324
11089,汚水,43.1958653970118,0.232
11090,雨水,43.950201380329744,0.228
11091,雨水,42.862844952044895,0.233
11092,雨水,20.808729518814403,0.481
11093,雨水,74.13337282526481,0.135
11095,雨水,28.642607113938723,0.349
11096,雨水,23.461800736251064,0.426
11097,雨水,23.4900709269875,0.426
11098,雨水,23.55757016953804,0.424
11099,雨水,23.630001576559174,0.423
11100,雨水,40.78552823139427,0.245
11101,雨水,40.38068705012824,0.248
11102,雨水,1.7732288317686509,1.0
11103,雨水,9.492779017319922,1.0
11104,雨水,20.03415837510607,0.499
11105,雨水,38.92736913011159,0.257
11106,雨水,42.19364753641714,0.237
11107,雨水,9.183223172194397,1.0
11108,雨水,17.448207163609823,0.573
11109,雨水,15.483387433404731,0.646
11110,雨水,15.762938381612654,0.634
11111,雨水,23.106876440287078,0.433
11112,雨水,13.398655416723336,0.746
11113,雨水,16.68253246570186,0.599
11114,雨水,25.06415264269073,0.399
11115,雨水,24.953345048704282,0.401
11116,雨水,20.999884384207434,0.476
11117,雨水,20.32831831982025,0.492
11118,雨水,9.125112516660604,1.0
11119,雨水,34.96931491098409,0.286
11120,雨水,29.19298737369658,0.343
11121,雨水,28.892536234215083,0.346
11122,雨水,31.21708391908507,0.32
11123,雨水,12.48483696327466,0.801
11124,雨水,40.53178894551917,0.247
11126,雨水,26.451170464994313,0.378
11127,雨水,26.63168972622739,0.375
11128,雨水,26.612243624489075,0.376
11129,雨水,31.068140392418353,0.322
11130,雨水,26.07744440007223,0.383
11131,雨水,49.28637059054567,0.203
11132,雨水,48.377317652292945,0.207
11133,雨水,44.871020377581324,0.223
11134,雨水,30.36234848477078,0.329
11135,雨水,43.96500064326526,0.227
11136,雨水,43.81172001495961,0.228
11137,雨水,15.962268485215693,0.626
11138,雨水,37.670454851202244,0.265
11140,雨水,26.24697688821849,0.381
11141,雨水,33.40584578782702,0.299
11142,雨水,39.452941196872,0.253
11143,雨水,14.178045983829486,0.705
11144,雨水,36.18692198293398,0.276
11145,雨水,34.60155226725788,0.289
11146,雨水,3.1578103026248363,1.0
11147,雨水,65.77177174552561,0.152
11149,雨水,2.7079226977324296,1.0
11150,雨水,46.0383011083211,0.217
11151,雨水,3.195977019577263,1.0
11152,雨水,50.575115566327234,0.198
11153,雨水,17.320504902136943,0.577
11154,雨水,21.28784922705458,0.47
11155,雨水,14.43832033944065,0.693
11156,雨水,39.78842440506787,0.251
11157,雨水,27.321249237269594,0.366
11158,雨水,45.008823117955444,0.222
11159,雨水,65.55055546927831,0.153
11160,雨水,50.737521779232644,0.197
11161,雨水,30.530138459796344,0.328
11162,雨水,48.51796925684304,0.206
11163,雨水,39.59532028551137,0.253
11164,雨水,39.344670902851476,0.254
11165,雨水,30.12889575410409,0.332
11166,雨水,30.22436241479325,0.331
11167,雨水,6.986103387014485,1.0
11168,雨水,22.766481377403956,0.439
11169,雨水,16.461551419461305,0.607
11170,雨水,28.003819507950876,0.357
11171,雨水,18.037991697629046,0.554
11172,雨水,36.39675098824907,0.275
11173,雨水,41.8806788225572,0.239
11174,雨水,49.86442210986913,0.201
11175,雨水,45.10520925135189,0.222
11176,雨水,31.95476447062566,0.313
11177,雨水,35.19162426787365,0.284
11178,雨水,17.297293179937203,0.578
11179,雨水,15.937889261017027,0.627
11180,雨水,24.406580123806627,0.41
11181,雨水,27.300432556369874,0.366
11182,雨水,30.05007777389615,0.333
11183,雨水,26.13417036117201,0.383
11184,雨水,22.277784905536432,0.449
11185,雨水,4.29785577603805,1.0
11186,雨水,3.3879228060818853,1.0
11187,雨水,36.32000163224398,0.275
11188,雨水,58.74897828047627,0.17
11189,雨水,52.713222152116344,0.19
11190,雨水,12.306266257051812,0.813
11191,雨水,14.618246185109726,0.684
11192,雨水,32.63332263904053,0.306
11193,雨水,23.91830358278219,0.418
11194,雨水,25.190975875354795,0.397
11195,雨水,31.51888147150922,0.317
11196,雨水,56.1340042111316,0.178
11197,雨水,29.078504786626706,0.344
11198,雨水,22.86230107504492,0.437
11199,雨水,52.859032379953035,0.189
11200,雨水,11.978380812148531,0.835
11201,雨水,37.90828814599059,0.264
11202,雨水,45.23810037473154,0.221
11203,雨水,9.223347488674387,1.0
11204,雨水,41.214197820554,0.243
11205,雨水,36.44909762454476,0.274
11206,雨水,38.7700599094058,0.258
11207,雨水,46.78088815990543,0.214
11208,雨水,46.92023186563178,0.213
11209,雨水,49.914600449690184,0.2
11210,雨水,55.995049964405595,0.179
11211,雨水,48.36562495810018,0.207
11212,雨水,22.156969387696265,0.451
19664,雨水,28.098404315121723,0.356
19665,雨水,104.95500142618246,0.095
19667,雨水,54.93083686098059,0.182
19669,雨水,13.318764065014888,0.751
19670,雨水,32.513638336849,0.308
19671,雨水,33.183650347840874,0.301
19672,雨水,34.72071448195907,0.288
19673,雨水,46.02599870095145,0.217
19674,雨水,83.78457729949992,0.119
19676,雨水,3.9212487066004016,1.0
19677,汚水,44.33263079248877,0.226
19678,雨水,18.507105314280086,0.54
19679,雨水,26.907678844928768,0.372
19680,雨水,18.412280808245878,0.543
19681,雨水,28.90311021474095,0.346
19682,雨水,38.41112178706312,0.26
19683,雨水,25.45263540051378,0.393
19684,雨水,21.948247729894476,0.456
19685,雨水,21.29778396621962,0.47
19686,雨水,30.110203968424997,0.332
19687,雨水,30.00457668075923,0.333
19688,雨水,17.505312825078537,0.571
19689,雨水,24.114213393286704,0.415
19690,雨水,44.64600256183569,0.224
19691,雨水,35.69834608246335,0.28
19692,雨水,36.81380678401573,0.272
19693,雨水,46.632397798168235,0.214
19694,汚水,18.654894172015116,0.536
19695,雨水,20.096693509132237,0.498
19696,雨水,20.09718012558162,0.498
19697,雨水,14.13835704741308,0.707
19698,雨水,11.991943462167786,0.834
19699,雨水,5.720332333000946,1.0
19700,雨水,7.5767912073714445,1.0
19701,雨水,21.75310931797664,0.46
19702,雨水,19.692879347626153,0.508
19703,雨水,20.601394248927296,0.485
19704,雨水,20.256295441180903,0.494
19705,雨水,19.901926992123514,0.502
19706,雨水,6.701619580368252,1.0
19707,雨水,9.050093789112342,1.0
19708,雨水,24.814696439976114,0.403
19709,雨水,24.256072862893387,0.412
19710,雨水,20.908836794726742,0.478
19711,雨水,32.6742925404449,0.306
19712,雨水,26.276852408489557,0.381
19713,雨水,30.558176139935686,0.327
19714,雨水,10.481688079696543,0.954
19715,雨水,10.486706680363202,0.954
19716,雨水,3.0047493505583747,1.0
19717,雨水,73.47169381460976,0.136
19718,雨水,4.804941831072816,1.0
19719,雨水,10.876222791887088,0.919
19720,雨水,8.031784919936554,1.0
19721,雨水,6.340211646320265,1.0
19722,雨水,190.49780302680156,0.052
19724,雨水,34.0344574334528,0.294
19725,雨水,32.53767924550442,0.307
19726,雨水,64.9700951172606,0.154
19727,雨水,77.86969759515986,0.128
19729,雨水,48.122168314276266,0.208
19730,雨水,36.398440472901285,0.275
19731,雨水,29.91252237111416,0.334
19732,雨水,9.341177491370386,1.0
19733,雨水,23.24153199646041,0.43
19734,雨水,46.34126751927142,0.216
19735,雨水,8.163992543194992,1.0
19736,雨水,12.797967150938039,0.781
19737,雨水,19.69469461785787,0.508
19738,雨水,22.678338682224545,0.441
19739,雨水,6.672882344845751,1.0
19740,雨水,36.63735113427704,0.273
19743,雨水,14.945690165190182,0.669
19744,雨水,10.928916837425254,0.915
19745,汚水,30.146732821359695,0.332
19746,雨水,258.9604083120095,0.039
19747,雨水,53.95179140790086,0.185
19748,雨水,62.99230509834026,0.159
19749,雨水,91.07726137731618,0.11
19750,雨水,21.888396483466405,0.457
19751,雨水,18.873850904280015,0.53
19752,雨水,15.197231701823757,0.658
19753,雨水,36.60045013484449,0.273
19754,雨水,145.9091489190035,0.069
19755,雨水,43.17269866312109,0.232
19756,雨水,31.064832768605996,0.322
19757,雨水,129.00039811515205,0.078
19758,雨水,8.549142058716106,1.0
19759,雨水,123.93320159953771,0.081
19760,雨水,46.50276352581076,0.215
19761,雨水,28.384478015840422,0.352
19763,雨水,7.96439497938432,1.0
19764,雨水,22.808191013583162,0.438
19765,雨水,12.67397160486753,0.789
19766,雨水,12.714499002416105,0.787
19767,雨水,42.563854309825786,0.235
19770,雨水,64.84676424110225,0.154
19771,雨水,82.083076173267,0.122
19772,雨水,31.67222723149805,0.316
19773,雨水,88.21871535901401,0.113
19774,雨水,30.546479089472985,0.327
19775,雨水,32.11643763220616,0.311
19776,雨水,7.777993053569926,1.0
19777,雨水,34.224842090343415,0.292
19778,雨水,6.217000000004191,1.0
19783,雨水,27.055266499037913,0.37
19784,雨水,36.742648977862935,0.272
19785,雨水,73.00438237971056,0.137
19786,雨水,37.61323886131919,0.266
19787,雨水,40.90247500114449,0.244
19788,雨水,42.273197898939145,0.237
19789,雨水,50.859099904351055,0.197
19790,雨水,36.66838678446563,0.273
19791,雨水,22.643261491028774,0.442
19792,雨水,87.68017166495723,0.114
19794,雨水,26.819000031610706,0.373
19798,雨水,50.688795286699495,0.197
19799,雨水,40.14617394048911,0.249
19800,雨水,53.9078028238415,0.186
19801,雨水,85.6615787031674,0.117
19803,雨水,51.5251143405632,0.194
19805,雨水,46.56895683530503,0.215
19807,雨水,45.511397887429396,0.22
19808,雨水,51.21949687397353,0.195
19809,雨水,96.91240088894084,0.103
19810,雨水,4.985094560653884,1.0
19811,雨水,43.354351196148876,0.231
19812,雨水,61.21569306893977,0.163
19814,雨水,218.46451750995232,0.046
19815,雨水,340.582709222419,0.029
19820,雨水,15.200158370813455,0.658
19821,雨水,7.303814203841533,1.0
19823,雨水,4.018096460209539,1.0
19824,雨水,18.384401769492857,0.544
19825,雨水,19.05870464032879,0.525
19836,雨水,144.07497352746188,0.069
19838,雨水,187.25948162801677,0.053
19840,雨水,43.79044412580358,0.228
19841,雨水,5.437589349004947,1.0
19842,雨水,3.611901125409627,1.0
19843,雨水,16.22737964645058,0.616
19844,雨水,7.055058258422447,1.0
19845,雨水,20.03035547961045,0.499
19846,雨水,43.69594342991898,0.229
19847,雨水,54.53200688366573,0.183
19848,雨水,57.970301318911815,0.173
19849,雨水,8.845411601525127,1.0
19850,雨水,50.82524053057258,0.197
19851,雨水,124.64294454338413,0.08
19852,雨水,9.02754496044361,1.0
19853,雨水,31.590908829990184,0.317
19855,雨水,36.827769445709286,0.272
19856,雨水,49.6510131051451,0.201
19857,雨水,80.57205274163364,0.124
19858,雨水,39.101175953951675,0.256
19859,雨水,4.947414841245524,1.0
19860,雨水,6.7808400758587215,1.0
19861,雨水,72.90615923741882,0.137
19862,雨水,114.69007294214984,0.087
19863,雨水,4.560418817562391,1.0
19864,雨水,14.693598578370686,0.681
19865,雨水,49.819351058145585,0.201
19866,雨水,49.42940537629947,0.202
19867,雨水,36.876297016367374,0.271
19868,雨水,5.873761071470762,1.0
19869,雨水,40.38777160753108,0.248
19870,雨水,65.83098183685946,0.152
19871,雨水,12.947395886831355,0.772
19872,雨水,9.269608982486684,1.0
19873,雨水,50.27656472704543,0.199
19874,雨水,63.61531941889221,0.157
19875,雨水,50.85147589148865,0.197
19876,雨水,14.760493520607346,0.677
19877,雨水,27.87510446457168,0.359
19878,雨水,34.007413645043364,0.294
19879,雨水,22.745799240418314,0.44
19880,雨水,7.2815047655767735,1.0
19881,雨水,12.74609416990448,0.785
19882,雨水,38.30708587498121,0.261
19883,雨水,38.71410908790133,0.258
19884,雨水,44.79383143894232,0.223
19885,雨水,14.702399094534353,0.68
19886,雨水,39.57160335290444,0.253
19887,雨水,68.22438358056117,0.147
19888,雨水,3.7991024673469997,1.0
19906,雨水,99.2311190607338,0.101
19907,雨水,12.07860353180417,0.828
19908,雨水,37.34078736449043,0.268
19909,雨水,6.18907981851548,1.0
19910,雨水,114.60064311359838,0.087
19913,雨水,174.65133684824184,0.057
19914,雨水,83.53000851403725,0.12
19915,雨水,45.671503476449324,0.219
19916,雨水,100.85064420634279,0.099
19917,雨水,61.09219544791449,0.164
19918,雨水,10.131221735712,0.987
19919,雨水,32.68970169076013,0.306
19920,雨水,299.7709087689035,0.033
19921,雨水,22.954084977693388,0.436
19922,雨水,22.70790978675095,0.44
19923,雨水,11.802149199514568,0.847
19924,雨水,27.62423318898066,0.362
19925,雨水,3.5716861833696254,1.0
19927,雨水,225.73029600828522,0.044
19928,雨水,117.75854846194872,0.085
19929,雨水,91.33291449767401,0.109
19930,雨水,122.66265271356166,0.082
19931,雨水,202.40376756801308,0.049
19932,雨水,24.471639441651753,0.409
19934,雨水,14.455959441782694,0.692
19935,雨水,46.09894987004163,0.217
19936,雨水,34.78820335674889,0.287
19937,雨水,17.457822315512402,0.573
19938,雨水,35.70595897273359,0.28
19939,雨水,47.27687596051745,0.212
19940,雨水,45.96714200944483,0.218
19941,雨水,46.72744970031772,0.214
19942,雨水,48.777233096604405,0.205
19943,雨水,31.045206572276392,0.322
19944,雨水,7.487494126698932,1.0
19945,雨水,7.054141478590929,1.0
19946,雨水,11.53744521113639,0.867
19947,雨水,37.15630178215796,0.269
19948,雨水,24.243978403737255,0.412
19949,雨水,74.6687490683434,0.134
19951,雨水,49.08916129246856,0.204
19952,雨水,40.74760386407719,0.245
19953,雨水,77.53131628876338,0.129
19954,雨水,69.64671793009663,0.144
19955,雨水,9.531522634396273,1.0
19956,雨水,133.58664031563146,0.075
19957,雨水,5.526774786954512,1.0
19958,雨水,80.44958363227254,0.124
19960,雨水,3.642726851027006,1.0
19961,雨水,2.671767779058526,1.0
19962,雨水,49.30142591952744,0.203
19963,雨水,72.67051773688868,0.138
19964,雨水,4.191144487156939,1.0
19965,雨水,131.26316360792714,0.076
19966,雨水,9.644788638990384,1.0
19967,雨水,89.92040860831548,0.111
19968,雨水,39.85386839651038,0.251
19969,雨水,32.12538122067096,0.311
19970,雨水,20.935748215711243,0.478
19971,雨水,37.612651170215415,0.266
19972,雨水,45.41616352878653,0.22
19973,雨水,34.50450145782357,0.29
19975,雨水,17.76830344014242,0.563
19976,雨水,10.154005424368737,0.985
19977,雨水,24.40790606323711,0.41
19978,雨水,4.768365840692318,1.0
19979,雨水,44.64155740168986,0.224
19980,雨水,53.97179106461298,0.185
19982,雨水,7.44100210402869,1.0
19983,雨水,17.018089855080458,0.588
19984,雨水,19.360303685409747,0.517
19985,雨水,63.73751865404608,0.157
19986,雨水,43.33662555817239,0.231
19987,雨水,49.80546497825972,0.201
19988,雨水,68.8222566125,0.145
19990,雨水,20.87518873643548,0.479
19991,雨水,9.475592110080969,1.0
19992,雨水,39.977270251643404,0.25
19993,雨水,41.531866519961355,0.241
19994,雨水,20.78105793745602,0.481
19995,雨水,39.99375681477291,0.25
19996,雨水,43.04593882285014,0.232
19997,雨水,32.95020617545463,0.303
19998,雨水,48.47700390904022,0.206
19999,雨水,3.1306350232784257,1.0
20000,雨水,48.40449423648945,0.207
20001,雨水,20.446565732878106,0.489
20002,雨水,18.140228770631946,0.551
20003,雨水,15.420396707340997,0.648
20004,雨水,17.924484839140447,0.558
20005,雨水,43.51474645874782,0.23
20006,雨水,48.77476330216792,0.205
20007,雨水,13.338869745624542,0.75
20008,雨水,7.545227402094747,1.0
20009,雨水,45.099013806533556,0.222
20010,雨水,22.25013495106207,0.449
20011,雨水,9.04026508447253,1.0
20012,雨水,61.297181861214895,0.163
20013,雨水,21.556603641890767,0.464
20014,雨水,31.241872658610486,0.32
20015,雨水,64.5888633862826,0.155
20017,雨水,28.95694156166967,0.345
20020,雨水,42.125236702267706,0.237
20021,雨水,86.9222880267086,0.115
20022,雨水,37.63374729780261,0.266
20023,雨水,67.19243362954595,0.149
20024,雨水,7.137455161062395,1.0
20025,雨水,46.60141688089231,0.215
20026,雨水,55.244549508449175,0.181
20027,雨水,32.83769561738137,0.305
20028,雨水,6.200355254937825,1.0
20029,雨水,55.95369368340609,0.179
20030,雨水,6.269006845813181,1.0
20032,雨水,3.226160184948008,1.0
20033,雨水,199.53316730884143,0.05
20034,雨水,128.46524085004168,0.078
20035,雨水,17.372707957502772,0.576
20036,雨水,31.84803107474992,0.314
20037,雨水,10.053246961486403,0.995
20038,雨水,7.886112262343043,1.0
20039,雨水,23.969874013625,0.417
20040,雨水,40.50425975951335,0.247
20041,雨水,2.9392784769296276,1.0
20042,雨水,62.40296321890976,0.16
20043,雨水,53.31572071238806,0.188
20044,雨水,13.232230047145926,0.756
20045,雨水,27.860204521337973,0.359
20046,雨水,40.19573678262689,0.249
20047,雨水,64.95446732197121,0.154
20051,雨水,64.53594755928016,0.155
20052,雨水,3.8551703888492534,1.0
20053,雨水,55.16618628819836,0.181
20054,雨水,65.18502188847464,0.153
20055,雨水,40.353063496221594,0.248
20056,雨水,9.57664847081388,1.0
20057,雨水,82.14471744451349,0.122
20058,雨水,33.5087004898243,0.298
20059,雨水,58.18885985043267,0.172
20060,雨水,312.0847973275148,0.032
20061,雨水,2.5767475704047578,1.0
20062,雨水,68.37021309221444,0.146
20063,雨水,53.25418118798952,0.188
20064,雨水,45.70802807703737,0.219
20065,雨水,42.41639480126872,0.236
20066,雨水,63.75117116532828,0.157
20067,雨水,50.90653485333015,0.196
20068,雨水,35.18530302297721,0.284
20069,雨水,51.864140884963625,0.193
20070,雨水,285.00775027044784,0.035
20071,雨水,43.19362149559252,0.232
20072,雨水,86.67574655614837,0.115
20073,雨水,80.14624622446608,0.125
20074,雨水,55.16134977397846,0.181
20075,雨水,48.897669296173376,0.205
20076,雨水,30.49248768102567,0.328
20078,雨水,53.05394844885106,0.188
20079,雨水,173.47025680629545,0.058
20080,雨水,57.35482997146578,0.174
20081,雨水,36.37832556020438,0.275
20082,雨水,51.11404040107155,0.196
20083,雨水,62.775161412390936,0.159
20084,雨水,34.245392720644766,0.292
20085,雨水,53.457435756512595,0.187
20086,雨水,47.76949218301679,0.209
20087,雨水,40.48079557504252,0.247
20088,雨水,26.088717136649603,0.383
20089,雨水,48.90418296574256,0.204
20090,雨水,87.14101376743315,0.115
20091,雨水,84.07096415976034,0.119
20092,雨水,29.355240552055687,0.341
20093,雨水,17.123743792278145,0.584
20094,雨水,181.80440960873187,0.055
20095,雨水,32.01045448031125,0.312
20096,雨水,40.04340108944788,0.25
20097,雨水,59.859292345729926,0.167
20098,雨水,57.86024532735918,0.173
20099,雨水,84.4874161400909,0.118
20100,雨水,91.96930124072233,0.109
20101,雨水,64.60423999696933,0.155
20102,雨水,7.619257879992829,1.0
20103,雨水,15.224467836278816,0.657
20104,雨水,59.11604935170128,0.169
20105,雨水,34.6494013815198,0.289
20106,雨水,43.970908476970635,0.227
20107,雨水,42.58817905683879,0.235
20108,雨水,69.80308073877642,0.143
20109,雨水,56.08447100570935,0.178
20110,雨水,60.17059381334125,0.166
20111,雨水,63.45589990666358,0.158
20112,雨水,49.775551467826936,0.201
20113,雨水,49.96762770735743,0.2
20114,雨水,48.31149130759835,0.207
20115,雨水,47.2483943152349,0.212
20116,雨水,53.83831674251205,0.186
20117,雨水,53.79155587825394,0.186
20118,雨水,64.98566471569339,0.154
20119,雨水,51.48712368834493,0.194
20120,雨水,34.679092461674934,0.288
20122,雨水,32.879420058170794,0.304
20123,雨水,19.932968597179777,0.502
20124,雨水,24.404584293688412,0.41
20125,雨水,43.26151361811677,0.231
20126,雨水,45.3688348549917,0.22
20127,雨水,55.44261535650079,0.18
20128,雨水,45.207584022623905,0.221
20129,雨水,50.65716472942085,0.197
20130,雨水,51.60467892101973,0.194
20131,雨水,33.78219614108134,0.296
20132,雨水,50.63285836638419,0.198
20133,雨水,24.79201196816651,0.403
20134,雨水,28.03857149577301,0.357
20135,雨水,29.967311539668852,0.334
20136,雨水,30.178256233696924,0.331
20137,雨水,44.91345751347261,0.223
20138,雨水,46.11741164350015,0.217
20139,雨水,40.14982231058031,0.249
20140,雨水,41.900618550778155,0.239
20141,雨水,30.180720763666834,0.331
20142,雨水,27.858822996982138,0.359
20143,雨水,25.501196127679922,0.392
20144,雨水,25.820658006738697,0.387
20145,雨水,24.74575738167916,0.404
20146,雨水,2.4858934792499983,1.0
20147,雨水,11.731855524403034,0.852
20148,雨水,18.94888879025417,0.528
20149,雨水,54.91884198145183,0.182
20150,雨水,55.318700841390964,0.181
20151,雨水,135.83229976240375,0.074
20152,雨水,70.87907694815989,0.141
20153,雨水,50.19440013726805,0.199
20154,雨水,59.20147460084941,0.169
20155,雨水,29.90896540034814,0.334
20156,雨水,59.950508142104276,0.167
20157,雨水,27.948063638521795,0.358
20158,雨水,39.27103982348391,0.255
20159,雨水,54.26678178512035,0.184
20160,雨水,38.32440269505348,0.261
20161,雨水,42.75125877184256,0.234
20162,雨水,43.0826079067584,0.232
20163,雨水,40.381756298308915,0.248
20164,雨水,40.37764667621612,0.248
20165,雨水,45.06675705693279,0.222
20166,雨水,5.67033770632659,1.0
20167,雨水,43.18086606743962,0.232
20168,雨水,85.56685403034179,0.117
20169,雨水,6.918050997799606,1.0
20170,雨水,47.278669073682146,0.212
20171,雨水,24.467968716110317,0.409
20172,雨水,27.64891938901569,0.362
20173,雨水,6.821807685126703,1.0
20174,雨水,64.07890094007918,0.156
20175,雨水,29.474577859492136,0.339
20176,雨水,47.319507889503285,0.211
20177,雨水,45.85704081523742,0.218
20178,雨水,48.436848502178165,0.206
20179,雨水,5.678879301828966,1.0
20180,雨水,38.80832051950154,0.258
20181,雨水,34.673996472918404,0.288
20182,雨水,29.37349402937731,0.34
20183,雨水,25.859472610300312,0.387
20184,雨水,23.24710260463217,0.43
20185,雨水,34.17901197060875,0.293
20186,雨水,44.88745764937005,0.223
20187,雨水,28.650715346413847,0.349
20188,雨水,48.531085724054854,0.206
20189,雨水,51.40563137393801,0.195
20190,雨水,27.151468002109155,0.368
20192,雨水,29.84976862097555,0.335
20193,雨水,56.46023655983783,0.177
20194,雨水,30.4723727417841,0.328
20195,雨水,31.17536821617367,0.321
20196,雨水,22.705262478329637,0.44
20197,雨水,25.325157219632665,0.395
20198,雨水,4.892339086182326,1.0
20199,雨水,27.37764830902819,0.365
20200,雨水,25.849255008589335,0.387
20201,雨水,20.305551616299553,0.492
20202,雨水,27.83230041292904,0.359
20203,雨水,25.122681462898548,0.398
20204,雨水,49.808788166100484,0.201
20205,雨水,56.80578200786982,0.176
20206,雨水,10.146918577444223,0.986
20207,雨水,37.843784593105035,0.264
20208,雨水,10.567489207519564,0.946
20209,雨水,10.041265683205216,0.996
20210,雨水,9.738547046436704,1.0
20211,雨水,9.704177828172861,1.0
20212,雨水,8.415301683173725,1.0
20213,雨水,13.799840950127322,0.725
20214,雨水,11.123420131130505,0.899
20215,雨水,7.898036002131785,1.0
20216,雨水,39.644793950837624,0.252
20217,雨水,40.03774446810051,0.25
20218,雨水,39.72637142668081,0.252
20219,雨水,11.454149323866824,0.873
20220,雨水,30.19050074309897,0.331
20221,雨水,47.207982004460355,0.212
20222,雨水,31.92765176646926,0.313
20223,雨水,18.970146030531158,0.527
20224,雨水,18.65562098947274,0.536
20237,雨水,18.223901195706993,0.549
20238,雨水,19.107157663857528,0.523
20239,雨水,19.721232201911658,0.507
20240,雨水,25.37452983206981,0.394
20241,雨水,22.20061414547245,0.45
20242,雨水,23.88981024631747,0.419
20243,雨水,84.32055143449503,0.119
20245,雨水,16.937395803398875,0.59
20246,雨水,44.030149486471,0.227
20247,雨水,43.883898563105284,0.228
20248,雨水,54.89304512558395,0.182
20249,雨水,73.03358579313833,0.137
20250,雨水,10.195162814615355,0.981
20252,雨水,21.71934518523665,0.46
20253,雨水,52.40042874705741,0.191
20255,雨水,32.2060988984791,0.311
20256,雨水,69.83522050284758,0.143
20257,雨水,65.54176511252543,0.153
20258,雨水,27.285623229808746,0.366
20259,雨水,10.35868525640515,0.965
20260,雨水,55.04001847066368,0.182
20261,雨水,7.665275843299333,1.0
20262,雨水,48.938915328634884,0.204
20263,雨水,32.38360605660888,0.309
20266,雨水,102.52318770854825,0.098
20267,雨水,48.15002292924917,0.208
20268,雨水,46.070941266492966,0.217
20269,雨水,42.569944062873006,0.235
20270,雨水,44.96934532514706,0.222
20271,雨水,25.99005567173601,0.385
20272,雨水,25.232448889619008,0.396
20273,雨水,13.987499732180211,0.715
20274,雨水,23.075286742324963,0.433
20275,雨水,22.236122619302638,0.45
20276,雨水,20.324001539678704,0.492
20277,雨水,49.890692429221254,0.2
20278,雨水,53.928192300868304,0.185
20279,雨水,66.10495308890314,0.151
20280,雨水,43.11712070374168,0.232
20281,雨水,22.170331511580475,0.451
20282,雨水,32.62024942647432,0.307
20283,雨水,34.0558395095489,0.294
20284,雨水,48.35662227603209,0.207
20285,雨水,29.23551820019394,0.342
20286,雨水,68.834850778197,0.145
20287,雨水,27.875578613523675,0.359
20289,雨水,55.51368707119993,0.18
20290,雨水,95.06078462769327,0.105
20291,雨水,92.84736416255008,0.108
20292,雨水,43.79522511591091,0.228
20293,雨水,44.72979393173266,0.224
20294,雨水,8.557151777735301,1.0
20295,雨水,9.56435157626778,1.0
20296,雨水,21.283330142961983,0.47
20298,雨水,12.669270478045972,0.789
20299,雨水,26.079367230270897,0.383
20300,雨水,28.39145243929159,0.352
20301,雨水,51.43687479781788,0.194
20303,雨水,16.515065732211724,0.606
20304,雨水,62.06637115441817,0.161
20305,雨水,46.131336760911445,0.217
20306,雨水,41.115885624242885,0.243
20307,雨水,16.77054640846881,0.596
20308,雨水,33.69388927305398,0.297
3474,汚水,20.73257409158781,0.482
3475,汚水,34.15708672156655,0.293
3476,汚水,38.166900404554724,0.262
3477,汚水,16.649456912799863,0.601
3478,汚水,16.913906229901215,0.591
3479,汚水,26.707461884444715,0.374
3480,汚水,6.751473480628568,1.0
3481,汚水,26.27844201306358,0.381
3482,汚水,22.16562533561785,0.451
3483,汚水,41.78011217325466,0.239
3484,汚水,19.01207130322948,0.526
3485,汚水,32.547904849913444,0.307
3486,汚水,33.24960897915163,0.301
3487,汚水,32.81337164473014,0.305
3488,汚水,6.297015934520482,1.0
3489,汚水,79.54809244735121,0.126
3490,汚水,25.481797265805938,0.392
3491,汚水,42.24004974263343,0.237
3492,汚水,49.85950603845018,0.201
3493,汚水,48.35435730922167,0.207
3494,汚水,48.73641810660383,0.205
3495,汚水,39.3350826375742,0.254
3496,汚水,19.06120319405308,0.525
3497,汚水,18.767294969462565,0.533
3498,汚水,15.341241647752712,0.652
3499,汚水,51.0625474933408,0.196
3500,汚水,10.868260707241852,0.92
3501,汚水,11.321666118431258,0.883
3503,汚水,17.470585930697638,0.572
3504,汚水,19.07474446593292,0.524
3505,汚水,36.40612833616238,0.275
3507,汚水,31.559406058403123,0.317
3508,汚水,18.891200754114045,0.529
3509,汚水,2.1391134268776693,1.0
3510,汚水,7.937877157075736,1.0
3511,汚水,9.809574258592999,1.0
3512,汚水,17.658346282566402,0.566
3513,汚水,10.652953486842044,0.939
3514,汚水,8.3406726263189,1.0
3515,汚水,18.37610917015798,0.544
3516,汚水,11.959529865178215,0.836
3517,汚水,5.000615388307429,1.0
3518,汚水,14.383242531648,0.695
3519,汚水,35.4114305716563,0.282
3520,汚水,18.770016870467444,0.533
3522,汚水,25.007115259403903,0.4
3523,汚水,21.076469447183644,0.474
3524,汚水,12.753838469331736,0.784
3526,汚水,23.713010545857216,0.422
3528,汚水,52.509338060578166,0.19
3529,汚水,10.580618092771486,0.945
3530,汚水,45.91945644198887,0.218
3531,汚水,42.959281295371966,0.233
3532,汚水,38.09584113503515,0.262
3627,汚水,49.69864113247386,0.201
3628,汚水,12.053067399513084,0.83
3629,汚水,22.576954508293696,0.443
3630,汚水,44.40882471094794,0.225
3631,汚水,2.5279235217720304,1.0
3632,汚水,41.61008835793864,0.24
3633,汚水,42.99510923293173,0.233
3634,汚水,10.326663733926274,0.968
3635,汚水,3.751433626681897,1.0
3636,汚水,29.251336513058448,0.342
3637,汚水,4.721408196855476,1.0
3638,汚水,23.304190845686325,0.429
3639,汚水,12.07060060503443,0.828
3640,汚水,28.2390114676817,0.354
3641,汚水,4.302557467257785,1.0
3642,汚水,29.307159565448185,0.341
3643,汚水,43.50745955229955,0.23
3644,汚水,18.29760078062231,0.547
3645,汚水,53.33637291130057,0.187
3646,汚水,32.213238802090075,0.31
3647,汚水,24.038524104274316,0.416
3648,汚水,50.501043012272234,0.198
3649,汚水,77.89387443214893,0.128
3650,汚水,77.44797192059467,0.129
3651,汚水,53.43349215332866,0.187
3653,汚水,78.19592401496048,0.128
3654,汚水,5.46767730275554,1.0
3655,汚水,66.94229734034514,0.149
3656,汚水,44.682933305404795,0.224
3657,汚水,6.367576238626188,1.0
3533,汚水,43.805338316605905,0.228
3534,汚水,17.760848431145064,0.563
3535,汚水,34.94068207453883,0.286
3536,汚水,29.262098167583865,0.342
3537,汚水,28.10929465598788,0.356
3538,汚水,46.625009222533144,0.214
3539,汚水,46.19917439497332,0.216
3540,汚水,36.90492337562973,0.271
3541,汚水,39.225459416403865,0.255
3542,汚水,34.20096831741439,0.292
3543,汚水,43.051683194940765,0.232
3544,汚水,49.961484723180526,0.2
3545,汚水,50.12018380140061,0.2
3546,汚水,41.17651299688114,0.243
3548,汚水,49.76954845282279,0.201
3549,汚水,29.03944185458617,0.344
3550,汚水,29.68793086432987,0.337
3551,汚水,29.8438647924694,0.335
3552,汚水,99.59511951042424,0.1
3553,汚水,45.92324601114496,0.218
3554,汚水,48.12763234852162,0.208
3556,汚水,46.766149452546806,0.214
3558,汚水,47.67634675284074,0.21
3559,汚水,44.827326742407635,0.223
3560,汚水,37.7088831386857,0.265
3561,汚水,14.88806378860979,0.672
3562,汚水,20.62222224652229,0.485
3563,汚水,2.9681761703402136,1.0
3564,汚水,4.963157092689686,1.0
3565,汚水,42.69076267931823,0.234
3566,汚水,27.050465331260252,0.37
3567,汚水,4.231711049814711,1.0
3568,汚水,6.288480832281282,1.0
3569,汚水,43.34016792537608,0.231
3570,汚水,17.10558538853679,0.585
3571,汚水,20.4048114212048,0.49
3572,汚水,3.6376322927757414,1.0
3573,汚水,25.205841935940168,0.397
3574,汚水,22.954393173798543,0.436
3575,汚水,4.998791046917331,1.0
3576,汚水,7.513767907611106,1.0
3578,汚水,21.28510638325593,0.47
3579,汚水,24.970125328951706,0.4
3580,汚水,44.829621360524385,0.223
3581,汚水,49.97037768814681,0.2
3582,汚水,30.78107385077909,0.325
3583,汚水,24.895037259785596,0.402
3584,汚水,46.7681757071024,0.214
3585,汚水,35.64015264511626,0.281
3586,汚水,6.053915966484826,1.0
3587,汚水,23.138190503790703,0.432
3588,汚水,17.713476667367704,0.565
3589,汚水,39.176755382483535,0.255
3590,汚水,21.95553410374225,0.455
3592,汚水,16.5767487492903,0.603
3593,汚水,16.785841636835972,0.596
3594,汚水,12.285160942365795,0.814
3595,汚水,6.188360933192628,1.0
3596,汚水,6.696489591333582,1.0
3597,汚水,30.603938901174686,0.327
3598,汚水,29.034860405042966,0.344
3599,汚水,19.37559227200126,0.516
3600,汚水,42.20977864548872,0.237
3601,汚水,5.351975487060868,1.0
3602,汚水,7.431337935650902,1.0
3603,汚水,41.88552617748673,0.239
3604,汚水,16.71936183814335,0.598
3605,汚水,11.695579790068379,0.855
3606,汚水,28.02711739607659,0.357
3607,汚水,35.86361270463757,0.279
3608,汚水,57.70029814441393,0.173
3609,汚水,20.718588100424967,0.483
3610,汚水,3.0658577975461823,1.0
3611,汚水,8.99589593103614,1.0
3612,汚水,10.208853910112179,0.98
3613,汚水,14.492656194467568,0.69
3614,汚水,18.484660461656517,0.541
3615,汚水,9.020485855759892,1.0
3617,汚水,33.9550791586948,0.295
3618,汚水,15.569486596575265,0.642
3619,汚水,17.318359051429944,0.577
3620,汚水,77.57369574031175,0.129
3621,汚水,39.0345669596355,0.256
3622,汚水,46.04238713941339,0.217
3623,汚水,86.79605701194238,0.115
3624,汚水,61.00259234168419,0.164
3625,汚水,68.56968856954316,0.146
3626,汚水,95.34640886206269,0.105
3721,汚水,26.120113194776494,0.383
3722,汚水,8.848780451475616,1.0
3723,汚水,8.721825489799658,1.0
3724,汚水,11.200583086546951,0.893
3725,汚水,16.11980874234477,0.62
3726,汚水,39.59800760999334,0.253
3728,汚水,2.989509671326442,1.0
3729,汚水,13.87937816590126,0.72
3730,汚水,24.937253249712487,0.401
3731,汚水,6.295220088752218,1.0
3732,汚水,30.3845454720323,0.329
3733,汚水,31.44321270287731,0.318
3734,汚水,32.80962123863216,0.305
3735,汚水,21.063670219893844,0.475
3736,汚水,12.663773304042154,0.79
3737,汚水,30.20706057159238,0.331
3738,汚水,27.864823569736206,0.359
3739,汚水,39.257188077886056,0.255
3741,汚水,34.115157928004685,0.293
3742,汚水,21.183426800507586,0.472
3743,汚水,10.836218144936513,0.923
3744,汚水,22.34493047417279,0.448
3745,汚水,10.836096285211381,0.923
3746,汚水,17.92114183545584,0.558
3748,汚水,33.01017566279385,0.303
3749,汚水,10.196571343214918,0.981
3750,汚水,11.41871975074292,0.876
3751,汚水,8.532934672358452,1.0
3752,汚水,43.106173991179645,0.232
3658,汚水,17.5296801152051,0.57
3659,汚水,29.173031383192725,0.343
3660,汚水,3.9044182033493824,1.0
3661,汚水,35.36406141020855,0.283
3662,汚水,38.84656247125109,0.257
3663,汚水,40.72381442945926,0.246
3664,汚水,40.47963770778676,0.247
3665,汚水,39.32987220193284,0.254
3666,汚水,35.48338967115252,0.282
3668,汚水,29.664125147841226,0.337
3669,汚水,29.857707785398933,0.335
3670,汚水,43.12389892896145,0.232
3671,汚水,40.08142717464788,0.249
3672,汚水,43.68680440478838,0.229
3673,汚水,29.469413208325886,0.339
3674,汚水,25.07139081040442,0.399
3675,汚水,25.560005443391606,0.391
3676,汚水,40.86807924854908,0.245
3677,汚水,39.88358101702421,0.251
3678,汚水,39.98611931381839,0.25
3679,汚水,39.01444075444458,0.256
3680,汚水,30.356993994997907,0.329
3682,汚水,25.286254154750274,0.395
3683,汚水,34.80267121521568,0.287
3685,汚水,37.76037406721406,0.265
3686,汚水,22.401769474542355,0.446
3687,汚水,46.30505559688973,0.216
3688,汚水,22.177688488977633,0.451
3689,汚水,20.258472031422958,0.494
3690,汚水,22.889882173007454,0.437
3691,汚水,39.440857072847834,0.254
3692,汚水,30.562373697749944,0.327
3693,汚水,28.198877923017655,0.355
3694,汚水,41.72548612165999,0.24
3695,汚水,22.14136201065173,0.452
3696,汚水,20.026864067498238,0.499
3697,汚水,20.06446800518177,0.498
3698,汚水,28.44131359087466,0.352
3699,汚水,27.399497403821336,0.365
3700,汚水,23.078863136059272,0.433
3701,汚水,22.373538695601287,0.447
3702,汚水,21.38053077006352,0.468
3703,汚水,5.1417598875423725,1.0
3704,汚水,17.393860956160207,0.575
3705,汚水,19.891058366842657,0.503
3706,汚水,15.402960815205448,0.649
3707,汚水,28.216031309177023,0.354
3708,汚水,17.23836822235485,0.58
3709,汚水,47.26312013769882,0.212
3710,汚水,22.974725746666586,0.435
3711,汚水,9.922139405787636,1.0
3712,汚水,13.338812720435365,0.75
3713,汚水,11.31108238897968,0.884
3714,汚水,7.550832809058718,1.0
3715,汚水,36.16312505514367,0.277
3716,汚水,24.5634891858439,0.407
3717,汚水,44.50017974293478,0.225
3718,汚水,36.53909818445078,0.274
3719,汚水,4.757637219245424,1.0
3720,汚水,15.302314344715668,0.653
3753,汚水,6.173590699485189,1.0
3754,汚水,61.86829688016755,0.162
3755,汚水,6.607728947768963,1.0
3756,汚水,23.29246359508517,0.429
3757,汚水,9.910707297325446,1.0
3758,汚水,12.142908911618044,0.824
3759,汚水,11.269737592568877,0.887
3760,汚水,41.649429974229754,0.24
3761,汚水,40.929991758369475,0.244
3762,汚水,41.22080745481277,0.243
3763,汚水,41.31903224509314,0.242
3764,汚水,27.262542385708926,0.367
3765,汚水,41.007182139962886,0.244
3766,雨水,39.40504761998669,0.254
3767,雨水,27.629817051360146,0.362
3768,雨水,51.27796909299381,0.195
3769,雨水,38.830185746925785,0.258
3770,雨水,40.752402885415854,0.245
3771,汚水,35.13038471647577,0.285
3772,雨水,33.65917789320193,0.297
3773,雨水,11.276221095144733,0.887
3774,汚水,28.46078523736557,0.351
3776,汚水,18.001677053351532,0.556
3778,汚水,7.033901248060671,1.0
3779,汚水,42.24950097013416,0.237
3780,汚水,59.79408802080584,0.167
3781,汚水,60.70682212700579,0.165
3782,汚水,27.781867340894923,0.36
3783,汚水,19.011236298582226,0.526
3784,汚水,14.583331364433704,0.686
3785,汚水,21.001704924926145,0.476
3786,汚水,17.26726647417958,0.579
3787,汚水,7.926290673231288,1.0
3788,汚水,25.730430107117773,0.389
3789,汚水,30.538061856834474,0.327
3790,汚水,31.00099957724819,0.323
3791,汚水,15.45302602832361,0.647
3792,汚水,4.794971260177124,1.0
3793,汚水,18.22189807362574,0.549
3794,汚水,6.49909568986278,1.0
3795,汚水,22.14847639492753,0.451
20309,雨水,36.95743808249314,0.271
20310,雨水,36.23327674700738,0.276
20311,雨水,15.446146626348245,0.647
20312,雨水,19.98926788867554,0.5
20313,雨水,27.085609906984327,0.369
20314,雨水,10.085014706790956,0.992
20315,雨水,19.413365841759617,0.515
20316,雨水,18.79209919847723,0.532
20317,雨水,10.025264292832336,0.997
20318,雨水,100.3133912008998,0.1
20319,雨水,32.45556119470388,0.308
20320,雨水,12.398265403336605,0.807
20321,雨水,18.24346629919554,0.548
20322,雨水,67.65090626669571,0.148
20323,雨水,77.10744787844935,0.13
20324,雨水,34.29671055093156,0.292
20325,雨水,118.77869882357047,0.084
20326,雨水,22.070346556168268,0.453
20327,雨水,40.748516789630074,0.245
20328,雨水,42.31263613939035,0.236
20329,雨水,9.87790843860235,1.0
20332,雨水,50.345858036602564,0.199
20334,雨水,56.505205608924186,0.177
20335,雨水,46.5239936277399,0.215
20336,雨水,5.292761690932494,1.0
20337,雨水,35.885560693285825,0.279
20338,雨水,14.37492582552624,0.696
20339,雨水,14.867885268174891,0.673
20340,雨水,20.604993393906977,0.485
20341,雨水,8.806665552540943,1.0
20342,雨水,10.305006746291403,0.97
20344,雨水,73.01125954268257,0.137
20345,雨水,32.58977369404277,0.307
20346,雨水,84.79000820044587,0.118
20347,雨水,21.650239266888416,0.462
20348,雨水,38.34865318071797,0.261
20350,雨水,79.88288981800922,0.125
20351,雨水,54.15089720159182,0.185
20352,雨水,67.4796081563264,0.148
20353,雨水,56.93262529103683,0.176
20354,雨水,65.22431646951277,0.153
20355,雨水,30.261456725524575,0.33
20356,雨水,22.037663266508876,0.454
20357,雨水,2.4383073543782525,1.0
20358,雨水,15.56845621664048,0.642
20359,雨水,19.184244518496463,0.521
20360,雨水,12.517741178043094,0.799
20361,雨水,12.620835359632295,0.792
20362,雨水,12.578315016853637,0.795
20363,雨水,20.73519531853941,0.482
20364,雨水,5.999470452062308,1.0
20365,雨水,15.952505162634722,0.627
20366,雨水,76.09925241422165,0.131
20367,雨水,13.633989591052092,0.733
20368,雨水,16.620799078681063,0.602
20369,雨水,26.615612956717467,0.376
20370,雨水,25.005436233385186,0.4
20371,雨水,48.181034728052346,0.208
20372,雨水,90.6948665068269,0.11
20373,雨水,47.78619194872182,0.209
20374,雨水,45.43549848908396,0.22
20375,雨水,43.868643183346194,0.228
20376,雨水,10.108171830168088,0.989
20377,雨水,84.55943662641792,0.118
20378,雨水,69.30869716042683,0.144
20379,雨水,12.984791875542726,0.77
20380,雨水,34.843691720048156,0.287
20381,雨水,46.73839778113182,0.214
20382,雨水,47.68670848092804,0.21
20383,雨水,50.825844486232775,0.197
20384,雨水,48.228146325675624,0.207
20386,雨水,48.7153347477783,0.205
20387,雨水,31.201842783618584,0.32
20388,雨水,36.499301740138115,0.274
20389,雨水,37.68488613093753,0.265
20390,雨水,24.40641152467033,0.41
20391,雨水,52.94489737087328,0.189
20392,雨水,33.27672264198272,0.301
20393,雨水,37.93062413168602,0.264
20394,雨水,8.640851021170755,1.0
20395,雨水,39.96761709216521,0.25
20396,雨水,30.09820450923329,0.332
20397,雨水,5.7197867750810465,1.0
20398,雨水,30.729408060932162,0.325
20399,雨水,17.903929667336005,0.559
20400,雨水,58.551799291511436,0.171
20401,雨水,45.561202079656546,0.219
20402,雨水,54.09835240899753,0.185
20403,雨水,28.244809627634883,0.354
20404,雨水,33.819095218552626,0.296
20405,雨水,32.91716439909041,0.304
20406,雨水,44.984892132901635,0.222
20407,雨水,43.87835550115912,0.228
20408,雨水,44.50541166800982,0.225
20409,雨水,22.183364486761484,0.451
20410,雨水,20.166661727519156,0.496
20411,雨水,20.458485557038497,0.489
20412,雨水,19.962496879841705,0.501
20413,雨水,18.859690948124946,0.53
20414,雨水,9.700353236433429,1.0
20415,雨水,6.864157020987601,1.0
20416,雨水,6.75032827742216,1.0
20417,雨水,4.896550015718615,1.0
20418,雨水,47.79511039654525,0.209
20419,雨水,53.03016448694636,0.189
20420,雨水,43.147914036437776,0.232
20421,雨水,10.05685224735545,0.994
20422,雨水,54.96556178939662,0.182
20423,雨水,40.4237332113902,0.247
20424,雨水,63.59188306892173,0.157
20425,雨水,52.50439931699807,0.19
20426,雨水,22.563594869859298,0.443
20427,雨水,55.21086328349077,0.181
20428,雨水,188.8951141536224,0.053
20429,雨水,5.342920851145047,1.0
20430,雨水,26.397840448499757,0.379
20431,雨水,21.69305681376366,0.461
20432,雨水,54.66477647523515,0.183
20433,雨水,55.50794700749395,0.18
20434,雨水,45.477659874410485,0.22
20435,雨水,11.379861534958224,0.879
20436,雨水,32.266547479718504,0.31
20437,雨水,2.8040618033397924,1.0
20438,雨水,8.546528424451955,1.0
20439,雨水,171.33487237719373,0.058
20440,雨水,6.2416544353909575,1.0
20441,雨水,30.772423333313476,0.325
20442,汚水,47.2243001388098,0.212
20443,汚水,51.1944265829711,0.195
20444,汚水,45.0608053738245,0.222
20445,汚水,7.003948016108375,1.0
20446,汚水,40.60885021271223,0.246
20447,汚水,10.318990390865679,0.969
20448,汚水,23.19452582805124,0.431
20449,汚水,2.5004196963009093,1.0
20450,汚水,6.606982633502522,1.0
20451,汚水,48.34104746600208,0.207
20452,汚水,30.919751532288412,0.323
20453,汚水,152.4418510144327,0.066
20455,汚水,29.05305324942805,0.344
20456,汚水,9.242403746492062,1.0
20457,汚水,27.594569964336173,0.362
20458,汚水,9.604659519074906,1.0
20459,汚水,26.788944192307696,0.373
20460,汚水,56.061419072281154,0.178
20461,汚水,12.506097370286925,0.8
20462,汚水,80.66553975367276,0.124
20463,汚水,33.249026716823145,0.301
20464,汚水,3.2708613656338197,1.0
20465,汚水,39.95671792409841,0.25
20466,汚水,51.46317291785011,0.194
20468,汚水,29.26743306034261,0.342
20470,汚水,7.827014523569356,1.0
20472,汚水,7.037742205629813,1.0
20473,汚水,11.688203787965243,0.856
20474,汚水,34.15725420205798,0.293
20475,汚水,47.097502840182074,0.212
20476,汚水,23.09366245547642,0.433
20477,汚水,23.39286053601355,0.427
20480,汚水,82.94556392857007,0.121
20481,汚水,34.98845838213455,0.286
20483,汚水,25.244301780708398,0.396
20484,汚水,26.546541297079255,0.377
20485,汚水,24.8146761564839,0.403
20486,汚水,22.476540040975237,0.445
20487,汚水,29.715907087943073,0.337
20488,汚水,7.187946889000173,1.0
20489,汚水,1.5675701366953443,1.0
20490,汚水,67.15135883099923,0.149
20491,汚水,107.94086805750081,0.093
20492,汚水,41.773943035361725,0.239
20495,汚水,30.004411355531968,0.333
20496,汚水,63.88866004011729,0.157
20497,汚水,76.40080795535734,0.131
20498,汚水,45.99351149269508,0.217
20500,汚水,43.524631965614276,0.23
20503,汚水,23.960399503067773,0.417
20504,汚水,69.1652127178085,0.145
20505,汚水,45.01863901936327,0.222
20506,汚水,78.89511724107447,0.127
20507,汚水,18.919203158156126,0.529
20508,汚水,12.188159517921877,0.82
20510,汚水,32.32783482494383,0.309
20511,汚水,26.28283866186397,0.38
20513,汚水,11.312933803814863,0.884
20514,汚水,7.385311187184476,1.0
20516,汚水,4.213717919486959,1.0
20517,汚水,61.23582340173631,0.163
20518,汚水,18.02064987151702,0.555
20520,汚水,28.659468692147996,0.349
20521,汚水,7.103605099425914,1.0
20522,汚水,72.73943442901081,0.137
20524,雨水,35.41980466071163,0.282
20525,雨水,2.7577164466362816,1.0
20526,雨水,129.48874718902158,0.077
20527,雨水,259.49055636555016,0.039
20528,雨水,59.01637606707586,0.169
20529,雨水,101.04862914389022,0.099
20530,雨水,94.69986660118536,0.106
20531,雨水,96.59065502046201,0.104
20533,雨水,84.69421914218377,0.118
20534,雨水,94.53966378487141,0.106
20536,雨水,54.98868541039027,0.182
20537,雨水,46.26789708245386,0.216
20538,雨水,44.29056183830549,0.226
20539,雨水,31.997737499064232,0.313
20540,雨水,10.786892978213972,0.927
20541,雨水,104.63817611130906,0.096
20542,雨水,43.460946606967994,0.23
20543,雨水,108.37299090591472,0.092
20544,雨水,919.4481664940748,0.011
20545,雨水,55.72191321053357,0.179
20546,雨水,51.40520897162307,0.195
20547,雨水,47.01164550995025,0.213
20548,雨水,54.657427497136666,0.183
20549,雨水,178.45976830149542,0.056
20550,雨水,55.86610332956734,0.179
20551,雨水,46.40065684512098,0.216
20552,雨水,74.77290377742418,0.134
20553,雨水,178.7380688671285,0.056
20554,雨水,42.02554115625355,0.238
20555,雨水,38.843951677280046,0.257
20556,雨水,90.98394883681223,0.11
20559,雨水,71.80384295981916,0.139
20560,雨水,84.60943044245776,0.118
20561,雨水,21.555818811872747,0.464
20562,雨水,84.68757023827013,0.118
20563,雨水,59.67985953763139,0.168
20564,雨水,132.6881774605967,0.075
20565,雨水,14.741633736406966,0.678
20566,雨水,77.66708469785301,0.129
20567,雨水,31.74505087973601,0.315
20568,雨水,124.73788749570096,0.08
20569,雨水,48.25192870637284,0.207
20570,雨水,36.07404431932512,0.277
20571,雨水,32.4060848424669,0.309
20573,汚水,58.101113258863535,0.172
20574,汚水,40.618603835222885,0.246
20575,汚水,90.14503618858902,0.111
20576,汚水,49.84007479018834,0.201
20577,汚水,43.240671154616905,0.231
20578,汚水,41.87077359491709,0.239
20579,汚水,46.47570171820908,0.215
20580,汚水,51.511978806431856,0.194
20581,汚水,36.42069261799265,0.275
20582,汚水,98.83731854081259,0.101
20583,汚水,48.18070532383717,0.208
20584,汚水,45.55114042659359,0.22
20585,汚水,54.183671540971076,0.185
20586,汚水,93.00089434380764,0.108
20587,汚水,65.53299485060458,0.153
20588,汚水,3.0088961431019157,1.0
20589,汚水,21.380044083203973,0.468
20590,汚水,20.119772812076015,0.497
20591,汚水,7.037099544567737,1.0
20592,汚水,7.934520180589173,1.0
20593,汚水,2.883755364174738,1.0
20594,汚水,7.897275796121393,1.0
20595,汚水,3.8777025465124564,1.0
20596,汚水,9.390175291228227,1.0
20597,汚水,6.746710383622515,1.0
20598,汚水,19.086113747951597,0.524
20599,汚水,6.917230948866602,1.0
20600,汚水,9.247000000003027,1.0
20601,汚水,8.357050316947914,1.0
20602,汚水,7.628642420953158,1.0
20603,汚水,6.819567801553943,1.0
20604,汚水,82.62526957854205,0.121
20605,汚水,26.53279971457991,0.377
20606,汚水,29.169476940802646,0.343
20607,汚水,11.676170337490701,0.856
20608,汚水,19.169734322623516,0.522
20609,汚水,13.053547602096709,0.766
20610,汚水,12.104814129380621,0.826
20611,汚水,10.911771441879141,0.916
20612,汚水,8.21273366746278,1.0
20613,汚水,23.97858438061767,0.417
20614,汚水,27.95362867625436,0.358
20615,汚水,6.626194231985237,1.0
20616,汚水,9.474027021275647,1.0
20617,汚水,33.05580595012633,0.303
20618,汚水,13.757762172681524,0.727
20619,汚水,35.98563415427903,0.278
20620,汚水,2.3099999999976717,1.0
20621,汚水,15.458037553321418,0.647
20622,汚水,31.91945575976474,0.313
20623,汚水,19.77836459367115,0.506
20624,汚水,36.27562735501806,0.276
20625,汚水,50.372750173089095,0.199
20626,汚水,19.954718714106594,0.501
20627,汚水,31.662853724834168,0.316
20628,汚水,5.926272774689639,1.0
20629,汚水,8.824416864582886,1.0
20630,汚水,42.05063709387261,0.238
20631,汚水,41.77547321539909,0.239
20632,汚水,2.4535364272824602,1.0
20633,汚水,37.45425258142154,0.267
20634,汚水,49.529751463498215,0.202
20635,汚水,45.896072264555144,0.218
20636,汚水,3.6761938197041544,1.0
11213,雨水,35.520572348990754,0.282
11214,雨水,42.54372683547732,0.235
11215,雨水,44.030120891368874,0.227
11216,雨水,44.371809960968974,0.225
11217,雨水,25.406186102561296,0.394
11218,雨水,23.258853337423005,0.43
11219,雨水,62.8551183955596,0.159
11220,雨水,45.08604705011756,0.222
11221,雨水,49.81403370970206,0.201
11222,雨水,24.96536891887283,0.401
11223,雨水,27.048649932344055,0.37
11224,雨水,54.28057777034941,0.184
11225,雨水,22.234777235520706,0.45
11226,雨水,50.22530138784163,0.199
11227,雨水,34.27783644346508,0.292
11228,汚水,24.51872429479888,0.408
11229,汚水,43.01468361707233,0.232
11230,汚水,13.76749670383083,0.726
11231,汚水,6.864803598544483,1.0
11232,汚水,24.929701545655732,0.401
11233,汚水,26.86642486362516,0.372
11234,汚水,26.00806785068614,0.384
11235,汚水,34.9207694239458,0.286
11237,汚水,45.27902467717091,0.221
11238,汚水,16.126969845412084,0.62
11241,汚水,56.43155897931399,0.177
11242,汚水,38.14241612362799,0.262
11244,汚水,57.388709810138764,0.174
11246,汚水,22.95602347567482,0.436
11248,汚水,2.7502606415957027,1.0
11249,汚水,39.01211335775368,0.256
11250,汚水,6.498552994549451,1.0
11252,汚水,50.73676047201375,0.197
11254,汚水,5.477964455851304,1.0
11255,汚水,38.75037598624006,0.258
11256,汚水,48.72693732836004,0.205
11257,汚水,9.903107537146104,1.0
11258,汚水,32.830297646088596,0.305
11259,汚水,47.46953400073971,0.211
11260,汚水,21.73546620639272,0.46
11261,汚水,6.9548994066284795,1.0
11262,汚水,18.855640166500635,0.53
11263,汚水,7.603478748898562,1.0
11264,汚水,13.312705410704197,0.751
11265,汚水,7.786740335859603,1.0
11266,汚水,12.934129936600728,0.773
11267,汚水,25.40137039733102,0.394
11268,汚水,11.71321428188994,0.854
11269,汚水,12.21158991738226,0.819
11270,汚水,21.82723457985028,0.458
11271,汚水,33.72566358211973,0.297
11272,汚水,30.705447972113873,0.326
11273,汚水,16.66121047178672,0.6
11274,汚水,17.291459381883026,0.578
11275,汚水,30.9518932651834,0.323
11276,汚水,40.29901741359576,0.248
11277,汚水,59.50306652992167,0.168
11278,汚水,17.959736341533517,0.557
11279,汚水,4.211168247371424,1.0
11280,汚水,8.730434798675896,1.0
11281,汚水,8.156840153277795,1.0
11282,汚水,7.454708274918039,1.0
11283,汚水,18.807119702131857,0.532
11284,汚水,24.14079422160426,0.414
11285,汚水,24.52980851125503,0.408
11286,汚水,30.940897191172933,0.323
11287,汚水,42.50967152309498,0.235
11288,汚水,17.16624320666741,0.583
11289,汚水,8.012774306906326,1.0
11290,汚水,5.376469103464139,1.0
11291,汚水,8.180818589351029,1.0
11293,汚水,6.923618736023435,1.0
11294,汚水,4.490919090946977,1.0
11295,汚水,5.948777157460796,1.0
11296,汚水,19.822585816073307,0.504
11297,汚水,25.450588270227954,0.393
11301,汚水,66.33438690713287,0.151
11302,汚水,68.88051577015554,0.145
11303,汚水,54.300172082173155,0.184
11304,汚水,56.50851388889889,0.177
11305,汚水,4.73299645708317,1.0
11306,汚水,38.5274528472163,0.26
11307,汚水,47.157608784413526,0.212
11308,汚水,47.63025130027014,0.21
11309,汚水,2.9615243325049647,1.0
11310,汚水,41.24804702363703,0.242
11311,汚水,43.216891056279856,0.231
11312,汚水,16.941797732310288,0.59
11313,汚水,13.71912894082107,0.729
11314,汚水,22.870275594867977,0.437
11315,汚水,2.189848546368753,1.0
11316,汚水,17.409920126369922,0.574
11317,汚水,14.523999999997613,0.689
11318,汚水,24.145919474543476,0.414
11320,汚水,21.02853780620155,0.476
11321,汚水,39.922139425254244,0.25
11322,汚水,40.40779802430366,0.247
11323,汚水,35.934077793689696,0.278
11324,汚水,34.909084227389876,0.286
11325,汚水,13.10911459299881,0.763
11326,汚水,3.401490882856813,1.0
11327,汚水,54.50332993986731,0.183
11328,汚水,24.9405298657811,0.401
11329,汚水,2.1745799517015496,1.0
11330,汚水,12.75127597660566,0.784
11331,汚水,27.45809365826737,0.364
11332,汚水,29.867807371033848,0.335
11333,汚水,29.89907361523253,0.334
11334,汚水,20.116787642486795,0.497
11335,汚水,37.487253871180535,0.267
11336,汚水,19.399829366379954,0.515
11337,汚水,8.516377346266085,1.0
11338,汚水,35.447390407626806,0.282
11339,汚水,34.00999312472967,0.294
11341,汚水,3.9261588782782897,1.0
11342,汚水,47.449039066386725,0.211
11343,汚水,38.1532091705592,0.262
11345,汚水,34.82065010732113,0.287
11346,汚水,6.003541847668641,1.0
11347,汚水,27.63386605464099,0.362
11348,汚水,44.69736821875929,0.224
11349,汚水,9.533311707227014,1.0
11350,汚水,14.568703188543594,0.686
11351,汚水,17.452220897243915,0.573
11352,汚水,27.528927263811955,0.363
11353,汚水,38.697342692232944,0.258
11354,汚水,13.730511537816565,0.728
11355,汚水,22.586967264445033,0.443
11356,汚水,20.626673301311985,0.485
11357,汚水,17.45239953378955,0.573
11358,雨水,37.34893965668251,0.268
11359,雨水,43.39348488609798,0.23
11360,汚水,44.96782049307387,0.222
11361,雨水,19.802377612284378,0.505
11362,雨水,16.71900259828585,0.598
11363,雨水,17.007474684504125,0.588
11364,雨水,10.142820582072648,0.986
11365,雨水,15.836917086417449,0.631
11366,雨水,36.54440508531023,0.274
11367,雨水,19.62215924452029,0.51
11368,雨水,24.935585238627393,0.401
11369,雨水,23.19227100521208,0.431
11370,雨水,17.989101899032615,0.556
11372,雨水,15.543262583190602,0.643
11373,雨水,15.48798586040942,0.646
11374,雨水,10.585541444329653,0.945
11375,雨水,10.69192329459531,0.935
11376,雨水,16.430851163037175,0.609
11378,雨水,15.541063930702164,0.643
11379,雨水,17.97007343019704,0.556
11380,雨水,24.064525616037546,0.416
11381,雨水,34.194384175950134,0.292
11382,雨水,41.03150608807624,0.244
11383,雨水,41.05623195801493,0.244
11384,雨水,48.90327554530664,0.204
11385,雨水,48.00846349353654,0.208
11388,雨水,50.4084143416254,0.198
11389,雨水,11.08048029219478,0.902
11390,雨水,26.72101706188018,0.374
11391,雨水,25.486430610391622,0.392
11392,雨水,43.6477919795848,0.229
11393,雨水,12.753310928984668,0.784
11394,雨水,27.924957920241795,0.358
11395,雨水,69.12612482840876,0.145
11396,雨水,60.704390014740994,0.165
11397,雨水,89.07857215989651,0.112
11399,雨水,28.044837376071854,0.357
11400,雨水,26.0163667340713,0.384
11401,雨水,29.705019236358186,0.337
11402,雨水,57.85019445974709,0.173
11403,雨水,57.07525825623269,0.175
11404,雨水,56.335423574535675,0.178
11405,雨水,97.30242758347126,0.103
11406,雨水,6.384645886448495,1.0
11407,雨水,36.87340016102177,0.271
11408,雨水,8.530688632476753,1.0
11409,雨水,20.998037401957475,0.476
11410,雨水,9.837332793012743,1.0
11411,雨水,144.40948346152254,0.069
11413,雨水,103.23040306342234,0.097
11414,雨水,102.32915355150567,0.098
11415,雨水,169.26666749956496,0.059
11416,雨水,147.23661335140866,0.068
11418,雨水,48.03623583005535,0.208
11419,雨水,34.08746722241746,0.293
11420,雨水,41.12131389711578,0.243
11421,雨水,23.51316869960403,0.425
11422,雨水,36.164742865338404,0.277
11423,雨水,22.139418368403042,0.452
11424,雨水,42.046547476091924,0.238
11426,雨水,27.816553207039757,0.359
11427,雨水,22.42116192426463,0.446
11428,汚水,24.485869640200185,0.408
11430,雨水,39.89906150096291,0.251
11431,雨水,5.722565073316428,1.0
11432,雨水,30.21297173478399,0.331
11434,雨水,55.611317414236254,0.18
11435,雨水,11.054910085568027,0.905
11436,雨水,8.909564599918625,1.0
11437,雨水,4.640203793911555,1.0
11438,雨水,46.79850180398395,0.214
11439,雨水,46.32897702120068,0.216
11441,雨水,64.27419816770441,0.156
11442,雨水,63.02898228840444,0.159
11443,雨水,63.33276603311761,0.158
11445,雨水,57.57356184639811,0.174
11447,雨水,41.88835910344855,0.239
11448,雨水,4.232730093330713,1.0
11449,雨水,53.62162266956106,0.186
11450,雨水,78.2272807073859,0.128
11451,雨水,41.726060471658556,0.24
11452,雨水,4.27292900945479,1.0
11453,雨水,59.87342984685278,0.167
11454,雨水,60.298191544283824,0.166
11455,雨水,49.80427231039923,0.201
11456,雨水,51.7424252130169,0.193
11457,雨水,13.9911218826555,0.715
11458,雨水,84.2107563221078,0.119
11459,雨水,83.4367302144673,0.12
11460,雨水,85.01250443224684,0.118
11461,雨水,98.77685476547651,0.101
11462,雨水,10.253784807517404,0.975
11463,雨水,26.15001267749026,0.382
11464,雨水,38.35681596975828,0.261
11465,雨水,11.99541514307915,0.834
11466,雨水,28.941578069872072,0.346
11467,雨水,114.58272392923679,0.087
11468,雨水,35.53785272570597,0.281
11469,雨水,341.6690680010727,0.029
11470,雨水,14.026569344232962,0.713
11471,雨水,215.71330098042537,0.046
11472,雨水,61.02232576857242,0.164
11473,雨水,32.27766709862403,0.31
11474,雨水,7.007412737228714,1.0
11475,雨水,5.632704386654852,1.0
11476,雨水,34.13124319618357,0.293
11477,雨水,36.0325584686806,0.278
11478,雨水,19.907518587331406,0.502
11479,雨水,33.313408739686274,0.3
11480,雨水,23.487896956662315,0.426
11481,雨水,67.32766630375214,0.149
11482,雨水,25.430622304784105,0.393
11483,雨水,31.61597166257328,0.316
11484,雨水,10.480670545177487,0.954
11485,雨水,31.910251769577975,0.313
11486,雨水,51.40902547800663,0.195
11488,雨水,77.34547353917635,0.129
11489,雨水,9.085586712454992,1.0
11490,雨水,29.613335504597377,0.338
11491,雨水,16.405508153648878,0.61
11492,雨水,31.235518549936454,0.32
11493,雨水,28.78932114884097,0.347
11494,雨水,6.683553286043809,1.0
11495,汚水,10.63255417963987,0.941
11496,汚水,18.867357092573165,0.53
11498,汚水,21.2922204138599,0.47
11499,汚水,16.864920695866047,0.593
11500,汚水,17.241404569581015,0.58
11501,汚水,20.168553034119586,0.496
11502,汚水,33.19424753959137,0.301
11503,汚水,9.533973233694553,1.0
11504,汚水,19.206101123870045,0.521
11505,汚水,9.904927489957622,1.0
11506,汚水,13.513631516982274,0.74
11507,汚水,50.40995119926215,0.198
11508,汚水,51.74763150343804,0.193
11509,汚水,27.463077019822016,0.364
11510,汚水,19.955954255510857,0.501
11511,汚水,3.71186226954985,1.0
11512,汚水,13.529798101755304,0.739
11513,汚水,33.276362879456485,0.301
11514,汚水,20.67941908446637,0.484
11515,汚水,18.022900298125645,0.555
11516,汚水,15.198411259863269,0.658
11517,汚水,20.39615327148893,0.49
11518,汚水,37.34787128743856,0.268
11519,汚水,28.56556905183725,0.35
11520,汚水,12.95410247345305,0.772
11521,汚水,15.182368295120733,0.659
11522,汚水,18.96482127216997,0.527
11523,汚水,22.47491550885024,0.445
11524,汚水,11.59468250986532,0.862
11526,汚水,20.866742841557837,0.479
11527,汚水,22.681748403194508,0.441
11528,汚水,5.906060951115137,1.0
11529,汚水,10.786338053637358,0.927
11530,汚水,11.689787704248147,0.855
11531,汚水,13.111501160558037,0.763
11532,汚水,11.620436936326488,0.861
11533,汚水,14.248966561804382,0.702
11534,汚水,16.92125142620058,0.591
11535,汚水,15.75912378733652,0.635
20637,汚水,17.153570619553285,0.583
20638,汚水,2.8149845470275983,1.0
20639,汚水,7.918737904486392,1.0
20640,汚水,2.938457078127954,1.0
20641,汚水,11.631767755430417,0.86
20642,汚水,3.0443260337807967,1.0
20643,汚水,40.89511464894764,0.245
20644,汚水,23.697060604834583,0.422
20645,汚水,6.428398042094176,1.0
20646,汚水,38.021567916388825,0.263
20647,汚水,2.8703214893718916,1.0
20648,汚水,17.99163477842034,0.556
20649,汚水,33.93752771955167,0.295
20650,汚水,6.380808804529106,1.0
20651,汚水,45.06083451259129,0.222
20652,汚水,22.423421081538358,0.446
20653,汚水,4.856637212902518,1.0
20654,汚水,6.288876024882658,1.0
20655,汚水,44.820808759538096,0.223
20656,汚水,16.702928553551676,0.599
20657,汚水,12.759778408074581,0.784
20658,汚水,7.638319910181586,1.0
20659,汚水,22.86430879077662,0.437
20660,汚水,23.017857697972662,0.434
20661,汚水,26.893287819637067,0.372
20662,汚水,9.039015986268188,1.0
20663,汚水,8.178599207688427,1.0
20664,汚水,5.19478911987682,1.0
20665,汚水,16.94035052447292,0.59
20666,汚水,16.153498104833485,0.619
20667,汚水,20.13639642538366,0.497
20668,汚水,27.204633667816534,0.368
20669,汚水,56.78399172570505,0.176
20670,汚水,48.41689896259787,0.207
20671,汚水,15.874790707285076,0.63
20672,汚水,19.340658778850482,0.517
20673,汚水,19.03714939270156,0.525
20674,汚水,21.61970299551283,0.463
20675,汚水,14.578849474495826,0.686
20676,汚水,31.983538469029213,0.313
20677,汚水,7.223471810694122,1.0
20678,汚水,35.0460176625011,0.285
20679,汚水,17.97713219621166,0.556
20680,汚水,7.094559958165162,1.0
20681,汚水,17.666757965170003,0.566
20682,汚水,24.7390808236756,0.404
20683,汚水,3.2856585336883386,1.0
20684,汚水,8.002772024578707,1.0
20685,汚水,39.529891111436825,0.253
20686,汚水,14.268478994333465,0.701
20687,汚水,3.1468616111872825,1.0
20688,汚水,47.731523545764325,0.21
20689,汚水,11.164591035953189,0.896
20690,汚水,1.0046710904533083,1.0
20691,汚水,5.355744952857826,1.0
20692,汚水,16.17736616387503,0.618
20693,汚水,1.306294377229046,1.0
20694,汚水,38.69914482968555,0.258
20695,汚水,36.88937649621216,0.271
20696,汚水,19.720368319525086,0.507
20697,汚水,5.807339494110416,1.0
20698,汚水,69.55542937960475,0.144
20699,汚水,13.662354483363568,0.732
20700,汚水,7.587008472887336,1.0
20701,汚水,3.486004159491341,1.0
20702,汚水,5.1339336436176435,1.0
20703,汚水,32.439091540918426,0.308
20704,汚水,2.7053613436985717,1.0
20705,汚水,33.88644073962415,0.295
20706,汚水,18.081966320065767,0.553
20707,汚水,4.38450818222232,1.0
20708,汚水,16.767632897932206,0.596
20709,汚水,16.135318311085268,0.62
20710,汚水,1.449375037732841,1.0
20711,汚水,23.27150158455261,0.43
20712,汚水,7.842140332844374,1.0
20713,汚水,12.287839924089843,0.814
20714,汚水,13.645452355998897,0.733
20715,汚水,1.3220242055266442,1.0
20716,汚水,8.937723927263209,1.0
20717,汚水,52.62011034055595,0.19
20718,汚水,10.669765387427217,0.937
20719,汚水,21.49234005632355,0.465
20720,汚水,4.4176670057118175,1.0
20721,汚水,5.49500655140295,1.0
20722,汚水,16.951122588185978,0.59
20723,汚水,21.212057373104372,0.471
20724,汚水,3.8072857786129797,1.0
20725,汚水,9.257017893447557,1.0
20726,汚水,6.455152454508783,1.0
20727,汚水,45.20283055035792,0.221
20728,汚水,8.712545622556334,1.0
20729,汚水,54.26401633921353,0.184
20730,汚水,50.31353049292324,0.199
20731,汚水,60.80842384952544,0.164
20732,汚水,48.54750373370627,0.206
20733,汚水,6.408277701781618,1.0
20734,汚水,23.043096688595153,0.434
20735,汚水,36.950012193522646,0.271
20736,汚水,35.1292084898941,0.285
20737,汚水,44.884068869876934,0.223
20738,汚水,39.81513503730881,0.251
20739,汚水,46.65442090232174,0.214
20740,汚水,77.68557898149677,0.129
20741,汚水,30.134722580436232,0.332
20742,汚水,30.250248713948327,0.331
20743,汚水,30.608806330732435,0.327
20744,汚水,70.56147915030441,0.142
20745,汚水,20.55237800979135,0.487
20746,汚水,30.3458284915599,0.33
20747,汚水,6.682208454102433,1.0
20748,汚水,100.22718398805983,0.1
20749,汚水,5.377335815687356,1.0
20750,汚水,5.426312559244751,1.0
20751,汚水,44.974870966456066,0.222
20752,汚水,48.03085351366264,0.208
20753,汚水,18.97502374244811,0.527
20754,汚水,5.378868285285252,1.0
20755,汚水,41.846825574132055,0.239
20756,汚水,39.30989343445444,0.254
20757,汚水,49.95427037814555,0.2
20758,汚水,29.463363725140802,0.339
20759,汚水,86.94727497079863,0.115
20760,汚水,97.30773166908205,0.103
20761,汚水,99.93343429547296,0.1
20762,汚水,6.74695938923228,1.0
20763,汚水,43.959516893139536,0.227
20764,汚水,52.06849378054008,0.192
20765,汚水,52.49624015634349,0.19
20766,汚水,7.035146132453599,1.0
20767,汚水,33.455456362251695,0.299
20768,汚水,3.54342804546826,1.0
20769,汚水,45.478456237834614,0.22
20770,汚水,60.46341038367555,0.165
20771,汚水,37.09958458202519,0.27
20772,汚水,45.14762011288818,0.221
20773,汚水,37.19383919414531,0.269
20774,汚水,4.704753872414932,1.0
20775,汚水,13.405558399418986,0.746
20776,汚水,54.848290054967684,0.182
20777,汚水,98.08113673594174,0.102
20778,汚水,24.50944972992897,0.408
20779,汚水,38.84014467091004,0.257
20780,汚水,4.240767026873261,1.0
20781,汚水,20.228865743690342,0.494
20782,汚水,15.07107030425135,0.664
20783,汚水,1.3912990332811903,1.0
20784,汚水,5.693473862732232,1.0
20785,汚水,24.733690818273868,0.404
20786,汚水,17.42473669681238,0.574
20787,汚水,27.53556265971776,0.363
20788,汚水,24.965942122189183,0.401
20789,汚水,6.555728868704995,1.0
20790,汚水,23.904444366413063,0.418
20791,汚水,23.786594088720587,0.42
20792,汚水,8.67220600539506,1.0
20793,汚水,3.9237953565395167,1.0
20794,汚水,45.745132303227365,0.219
20795,汚水,9.570486157751205,1.0
20796,汚水,16.232420463478096,0.616
20797,汚水,12.002456081983581,0.833
20798,汚水,3.0718652314176706,1.0
20799,汚水,21.5764153657942,0.463
20800,汚水,24.459390432906474,0.409
20801,汚水,16.710642691354423,0.598
20802,汚水,20.16074725814898,0.496
20803,汚水,15.168192038755835,0.659
20804,汚水,4.986867253098776,1.0
20805,汚水,2.836725095406449,1.0
20806,汚水,15.907877036963324,0.629
20807,汚水,44.682430994208914,0.224
20808,汚水,6.761065004860434,1.0
20809,汚水,30.773898096291028,0.325
20810,汚水,69.49674189030497,0.144
20811,汚水,4.462675493804549,1.0
20812,汚水,6.972243613070604,1.0
20813,汚水,3.8583198415914444,1.0
20814,汚水,7.528409264964841,1.0
20815,汚水,32.24822849503207,0.31
20816,汚水,3.138874320514585,1.0
20817,汚水,6.781835946315887,1.0
20818,汚水,22.487201382432033,0.445
20819,汚水,4.34649387437857,1.0
20820,汚水,25.787411223363478,0.388
20821,汚水,22.145014702811515,0.452
20822,汚水,9.962340212957377,1.0
20823,汚水,33.82988991984471,0.296
20824,汚水,10.88918036434717,0.918
20825,汚水,6.961806168705953,1.0
20826,汚水,11.19829723663377,0.893
20827,汚水,10.986144091536994,0.91
20828,汚水,17.521060962093152,0.571
20829,汚水,14.560558299735636,0.687
20830,汚水,22.510420342360923,0.444
20831,汚水,16.02559930236572,0.624
20832,汚水,35.42211591735964,0.282
20833,汚水,20.457101366143007,0.489
20834,汚水,22.441169870631672,0.446
20835,汚水,6.138106955728962,1.0
20836,汚水,13.673425776967836,0.731
20837,汚水,2.5356533802315573,1.0
20838,汚水,12.213187994954872,0.819
20839,汚水,17.904295136187944,0.559
20840,汚水,6.040032119117531,1.0
20841,汚水,8.076406964073312,1.0
20842,汚水,8.612310457247498,1.0
20843,汚水,6.5171233684778915,1.0
20844,汚水,95.16343394823633,0.105
20845,汚水,14.426218296396998,0.693
20846,汚水,7.013103806441159,1.0
20847,汚水,24.469043669551645,0.409
20848,汚水,10.974651976256817,0.911
20849,汚水,6.572095023657485,1.0
20850,汚水,6.5696455003416325,1.0
20851,汚水,13.034955619409535,0.767
20852,汚水,38.90095789679147,0.257
20853,汚水,17.948713979127106,0.557
20854,汚水,4.996579730180027,1.0
20855,汚水,20.757486052799536,0.482
20856,汚水,43.2464369869717,0.231
20857,汚水,20.190016394244452,0.495
20858,汚水,13.078274917297176,0.765
20859,汚水,18.946775346988236,0.528
20860,汚水,30.434705945769426,0.329
20861,汚水,17.24642064476121,0.58
20862,汚水,8.316144420705713,1.0
20863,汚水,14.006088185401609,0.714
20864,汚水,16.075259126994148,0.622
20865,汚水,4.798283114834107,1.0
20866,汚水,4.338295172071851,1.0
20867,汚水,9.035167776708153,1.0
20868,汚水,28.742764934450502,0.348
20869,汚水,22.55478869331124,0.443
20870,汚水,54.224241649334274,0.184
20871,汚水,40.47999092825262,0.247
20872,汚水,6.8483960895939076,1.0
20873,汚水,2.3035392334451212,1.0
20874,汚水,10.804642592262955,0.926
20875,汚水,16.973988092655908,0.589
20876,汚水,6.092809286363484,1.0
20877,汚水,13.36182663783637,0.748
20878,汚水,8.305015412382588,1.0
20879,汚水,7.295463042185642,1.0
20880,汚水,3.7377204282854417,1.0
20881,汚水,25.31324591091032,0.395
20882,汚水,5.4841024789872925,1.0
20883,汚水,8.813744834063696,1.0
20884,汚水,8.554037233968728,1.0
20885,汚水,25.24425372295013,0.396
20886,汚水,13.587103375692477,0.736
20887,汚水,39.97289979688526,0.25
20888,汚水,52.09823719649542,0.192
20889,汚水,12.3580664895106,0.809
20890,汚水,31.649440279436764,0.316
20891,汚水,3.890764080701117,1.0
20892,汚水,7.431001143854388,1.0
20893,汚水,4.332917031283081,1.0
20894,汚水,27.845738359586385,0.359
20895,汚水,4.365783551512672,1.0
20896,汚水,35.672245910232036,0.28
20897,雨水,1.6968400052413197,1.0
20898,雨水,37.66831822031325,0.265
20899,雨水,22.306719300314725,0.448
20900,雨水,19.541493879416855,0.512
20901,雨水,9.007317899740466,1.0
20902,雨水,45.35105633123236,0.221
20903,雨水,8.553667269890068,1.0
20904,雨水,11.169422727452664,0.895
20905,雨水,36.41694036114921,0.275
20906,雨水,34.40371546850504,0.291
20907,雨水,35.38984132420672,0.283
20908,雨水,36.66988716637927,0.273
20909,雨水,17.43763663496765,0.573
20910,雨水,40.763432139120496,0.245
20911,雨水,2.6296311528413776,1.0
20912,雨水,44.94893518336993,0.222
20913,雨水,7.733154249431333,1.0
20914,雨水,3.7423354879039223,1.0
20915,雨水,5.242767900883449,1.0
20916,雨水,12.750841622306469,0.784
20917,雨水,60.545341400965015,0.165
20918,雨水,41.04448875344914,0.244
20919,雨水,68.59896633076632,0.146
20920,雨水,42.64338658022161,0.235
20921,雨水,40.09647040114952,0.249
20922,雨水,30.28749116443675,0.33
20923,雨水,28.019379505312394,0.357
20924,雨水,4.323621721286297,1.0
20925,雨水,18.060615547628533,0.554
20926,雨水,38.841557140829664,0.257
20927,雨水,95.06142153975557,0.105
20928,雨水,40.34225173250008,0.248
20929,雨水,3.240100118712223,1.0
20930,雨水,47.52878433960623,0.21
20931,雨水,29.770258535819007,0.336
20932,雨水,54.50377540640322,0.183
20933,雨水,67.49797271086122,0.148
20934,雨水,13.07117264071721,0.765
20935,雨水,32.51580922085469,0.308
20936,雨水,46.025819630354356,0.217
20937,雨水,38.54130624850442,0.259
20938,雨水,50.384022964336964,0.198
20939,雨水,66.95798161193734,0.149
20940,雨水,11.84776141087059,0.844
20941,雨水,1.852559584107199,1.0
20942,雨水,41.01991236075021,0.244
20943,雨水,33.029960134938,0.303
20944,雨水,51.48223388993229,0.194
20945,雨水,12.049357929172851,0.83
20946,雨水,38.46807844849155,0.26
20947,雨水,9.057847261409893,1.0
20948,雨水,10.099341407217132,0.99
20949,雨水,3.8206161700204513,1.0
20950,雨水,33.569114102452154,0.298
20951,雨水,16.68712341850987,0.599
20952,雨水,18.528130507035556,0.54
20953,雨水,19.884564056439352,0.503
20954,雨水,16.975570800366953,0.589
20955,雨水,3.6729054985044947,1.0
20956,雨水,12.361205652001585,0.809
20957,雨水,2.1975589643366167,1.0
20958,雨水,14.976119017797858,0.668
20959,雨水,2.8384441495431085,1.0
20960,雨水,6.657170074076083,1.0
20961,雨水,23.253978743944227,0.43
20962,雨水,33.61108834876238,0.298
20963,雨水,30.814034622751397,0.325
20964,雨水,76.52626289874006,0.131
20965,雨水,16.35560464964281,0.611
20966,雨水,5.3268428571507345,1.0
20967,雨水,3.592086442796745,1.0
20968,雨水,21.087292974672746,0.474
20969,雨水,29.050910838338567,0.344
20970,雨水,3.829001187741129,1.0
20971,雨水,27.813791877104563,0.36
20972,雨水,28.700396026656247,0.348
20973,雨水,53.71785802897826,0.186
20974,雨水,25.65802168021892,0.39
20975,雨水,67.1994735633208,0.149
20976,雨水,14.801633466505862,0.676
20977,雨水,39.97176331354082,0.25
20978,雨水,56.81324916155811,0.176
20979,雨水,45.50925870022854,0.22
20980,雨水,90.2875087224368,0.111
20981,雨水,54.22734101915454,0.184
20982,雨水,81.25492815996849,0.123
20983,雨水,2.9144014789258637,1.0
20984,雨水,11.446121618993072,0.874
20985,雨水,18.569397720268476,0.539
20986,雨水,9.25852876520718,1.0
20987,雨水,4.025760302802908,1.0
20988,雨水,3.1601590149849716,1.0
20989,雨水,9.00842255891705,1.0
20990,雨水,1.7329045134958179,1.0
20991,雨水,60.437497734144465,0.165
20992,雨水,32.965935675779825,0.303
20993,雨水,4.124449716509678,1.0
20994,雨水,27.42317401571076,0.365
20995,雨水,13.162217368120176,0.76
20996,雨水,15.483287513871218,0.646
20997,雨水,13.245833619252478,0.755
20998,雨水,58.20632266245335,0.172
20999,雨水,7.209719658106044,1.0
21000,雨水,41.37220483249408,0.242
21001,雨水,31.010989119279305,0.322
21002,雨水,110.456248261834,0.091
21003,雨水,5.629590951795416,1.0
21004,雨水,7.076100989073372,1.0
21005,雨水,40.592188011073034,0.246
21006,雨水,23.893681961244365,0.419
21007,雨水,10.359363427896254,0.965
21008,雨水,16.56581669388481,0.604
21009,雨水,7.81980411055895,1.0
21010,雨水,46.29452415745799,0.216
21011,雨水,3.1703922076804396,1.0
21012,雨水,16.89883658987068,0.592
21013,雨水,3.6336106313789225,1.0
21014,雨水,74.34456896936075,0.135
21015,雨水,47.06075254829766,0.212
21016,雨水,7.246668341431804,1.0
21017,雨水,6.191885819358292,1.0
21018,雨水,15.348873476578857,0.652
21019,汚水,34.379461586762126,0.291
21020,汚水,17.477776154129675,0.572
21021,汚水,11.415396723832558,0.876
21022,汚水,15.23796756221009,0.656
21023,汚水,21.543220876227988,0.464
21024,汚水,21.669241231309396,0.461
21025,汚水,4.032552854990549,1.0
21026,汚水,73.82678974001566,0.135
21027,汚水,27.183354394948342,0.368
21028,汚水,65.95753762304204,0.152
21029,汚水,5.805749385795442,1.0
21030,汚水,37.54014790513884,0.266
21031,汚水,9.493926252616133,1.0
21032,汚水,19.023961429743938,0.526
21033,汚水,16.32211476615853,0.613
21034,汚水,6.390940844532712,1.0
21035,汚水,4.329619117007688,1.0
21036,雨水,39.38959539999411,0.254
21037,雨水,21.478098201336266,0.466
21038,雨水,16.78049313186519,0.596
21039,雨水,30.751145081799788,0.325
21040,雨水,32.62664993005244,0.306
21041,雨水,198.8575438457542,0.05
21042,雨水,41.98855181977758,0.238
21043,雨水,59.065894084777966,0.169
21044,雨水,30.94047510845028,0.323
21045,雨水,66.92600373536943,0.149
21046,雨水,15.94787715686291,0.627
21047,雨水,47.7264252160907,0.21
21048,雨水,4.825528770990943,1.0
21049,雨水,34.597605433542576,0.289
21050,雨水,23.186596576958987,0.431
21051,雨水,23.19313225552824,0.431
21052,雨水,25.140073677457668,0.398
21053,雨水,8.632846860630142,1.0
21054,雨水,17.082434228250087,0.585
21055,雨水,11.543991376131487,0.866
21056,雨水,12.524288676280676,0.798
21057,雨水,120.84179284893763,0.083
21058,雨水,125.55492113823603,0.08
21059,雨水,41.89859926431813,0.239
21060,雨水,17.893845925340088,0.559
21061,雨水,17.07846886499718,0.586
21062,汚水,26.464960465434572,0.378
21063,汚水,12.531099582941364,0.798
21065,汚水,57.05713275839515,0.175
21066,汚水,80.70395530013508,0.124
21067,汚水,4.204000490817532,1.0
21068,汚水,3.2033200876684833,1.0
21069,汚水,11.349907298328942,0.881
21070,汚水,42.32073380399178,0.236
21071,汚水,6.245732340530529,1.0
21072,汚水,60.905362371046344,0.164
21073,汚水,28.239516023220435,0.354
21074,汚水,9.166096230976825,1.0
21075,汚水,14.807521253703193,0.675
21076,汚水,4.949329364028738,1.0
21077,汚水,6.916778283371302,1.0
21078,汚水,23.8414508045691,0.419
21079,汚水,28.580436865170565,0.35
21080,汚水,18.9992792753554,0.526
21081,汚水,21.091520353060925,0.474
21082,汚水,14.426003739857055,0.693
21083,汚水,4.242925611693441,1.0
21084,汚水,18.15105133501065,0.551
21085,汚水,42.56003823198019,0.235
21086,汚水,15.662768018878268,0.638
21087,汚水,8.840719795026885,1.0
21088,汚水,9.218024891588607,1.0
21089,汚水,6.2774297425174375,1.0
21090,汚水,21.160361417771504,0.473
21091,汚水,7.394080518849641,1.0
21092,汚水,2.830078653898211,1.0
21093,汚水,26.351112876098913,0.379
21094,汚水,34.474815537031304,0.29
21095,汚水,14.154264680905843,0.707
21096,汚水,20.71231992667475,0.483
21097,汚水,25.736946788166396,0.389
21098,汚水,15.491872131887508,0.645
21099,汚水,3.2734535742316777,1.0
21100,汚水,18.511491121651304,0.54
21101,汚水,12.948207209500545,0.772
21102,汚水,24.587995228044207,0.407
21103,汚水,24.85892798057327,0.402
21104,汚水,7.895826808687701,1.0
21105,汚水,14.422804550823919,0.693
21106,汚水,19.495083700746292,0.513
21107,汚水,18.202118753371437,0.549
21108,汚水,28.87461095286754,0.346
21109,汚水,8.601432394064178,1.0
21110,汚水,66.64104795002108,0.15
21111,汚水,5.153318293110278,1.0
21112,汚水,15.55335654216027,0.643
21113,汚水,6.138025540948979,1.0
21114,汚水,15.974947416616457,0.626
21115,汚水,5.264653385732885,1.0
21116,汚水,33.1240444459503,0.302
21117,汚水,19.61469267626817,0.51
21118,汚水,18.582476655102177,0.538
21119,汚水,22.64392236435323,0.442
21120,汚水,39.58513067101779,0.253
21121,汚水,37.08440338182167,0.27
21122,汚水,5.750513949923166,1.0
21123,汚水,20.034963435068413,0.499
21124,汚水,29.894997106934035,0.335
21125,汚水,3.7736140314046844,1.0
21126,汚水,19.52376125093,0.512
21127,汚水,25.240318698850764,0.396
21128,汚水,42.736003236742185,0.234
21129,汚水,58.10649572115396,0.172
21130,汚水,24.438031168825916,0.409
21131,汚水,28.77423677304089,0.348
21132,汚水,8.625010850880306,1.0
21133,汚水,63.04823538445589,0.159
21134,汚水,10.74398875141118,0.931
21135,汚水,8.341781114664204,1.0
21136,汚水,14.882735103696454,0.672
21137,汚水,24.427089164828462,0.409
21138,汚水,5.734705335307886,1.0
21139,汚水,15.18848439771035,0.658
21140,汚水,34.67397687962383,0.288
21141,汚水,36.01866474714546,0.278
21142,汚水,5.268873810034125,1.0
21143,汚水,9.12899698017664,1.0
21144,汚水,19.76716670204357,0.506
21145,汚水,11.17696820018575,0.895
21146,汚水,6.779049248273973,1.0
21147,汚水,4.821873374855248,1.0
21148,汚水,11.248124562574551,0.889
21149,汚水,28.910370653234494,0.346
21150,汚水,4.629728184472794,1.0
21151,汚水,20.35538127181581,0.491
21152,汚水,6.1001243573036,1.0
21153,汚水,5.277900308962225,1.0
21154,汚水,20.860188673529027,0.479
21155,汚水,26.563853592169377,0.376
21156,汚水,48.05140154697258,0.208
21157,汚水,23.20791326118308,0.431
21158,汚水,23.915667852704132,0.418
21159,汚水,16.276919923328688,0.614
21160,汚水,8.656368139748519,1.0
21161,汚水,10.740014686860375,0.931
21162,汚水,15.278317339712828,0.655
21163,汚水,16.418612024189436,0.609
21164,汚水,12.931165245858777,0.773
21165,汚水,4.8773971142971,1.0
21166,汚水,44.15726457759079,0.226
21167,汚水,3.4515459003526416,1.0
21168,汚水,7.55215178444339,1.0
21169,汚水,53.378049473307435,0.187
21170,汚水,33.54604702166228,0.298
21171,汚水,24.720350946930335,0.405
21172,汚水,2.6463564468542105,1.0
21173,汚水,2.2414790081021927,1.0
21174,汚水,13.17773734903895,0.759
21175,汚水,19.33734954225414,0.517
21176,汚水,29.62157199706313,0.338
21177,汚水,24.69155790092224,0.405
21178,汚水,13.516543484571272,0.74
21179,汚水,17.680081176199856,0.566
21180,汚水,8.971891255500811,1.0
21181,汚水,16.07767657921402,0.622
21182,汚水,21.060084166895262,0.475
21183,汚水,8.85063061072954,1.0
21184,汚水,39.67868708263335,0.252
21185,汚水,47.286749484660824,0.211
21186,汚水,46.0692528248863,0.217
21187,汚水,29.41284699833045,0.34
21188,汚水,46.98628550555759,0.213
21189,汚水,65.61698997563838,0.152
21190,汚水,10.859311249357827,0.921
21191,汚水,7.88989568643228,1.0
21192,汚水,10.395449241209075,0.962
21193,汚水,78.04883507470961,0.128
21194,汚水,36.1462127712583,0.277
21195,汚水,6.330323375156222,1.0
21196,汚水,4.259281210746182,1.0
21197,汚水,4.068500117007393,1.0
21198,汚水,21.15179789296443,0.473
21199,汚水,84.81451460761181,0.118
21200,汚水,69.76627035936981,0.143
21201,汚水,77.47400727058542,0.129
21202,汚水,4.9687160337705745,1.0
21203,汚水,71.27099619820964,0.14
21204,汚水,78.38463323201289,0.128
21205,汚水,75.63338475707947,0.132
21206,汚水,67.96407643142818,0.147
21207,汚水,10.027821854697422,0.997
21208,汚水,64.97177070901336,0.154
21209,汚水,12.09260520593416,0.827
21210,汚水,74.04315452568606,0.135
21211,汚水,62.61494624412773,0.16
21212,汚水,38.109163843075955,0.262
21213,汚水,32.352782808648755,0.309
21214,汚水,14.411009782682942,0.694
21215,汚水,12.404727264343009,0.806
21216,汚水,11.750588448048688,0.851
21217,汚水,9.238294452585437,1.0
21218,汚水,19.12868025193804,0.523
21219,汚水,20.201620494405457,0.495
21220,汚水,24.331540696187815,0.411
21221,汚水,2.417736701259162,1.0
21222,汚水,31.573987622682615,0.317
21223,汚水,7.40746897350877,1.0
21224,汚水,15.864210504842143,0.63
21225,汚水,4.585078972322003,1.0
21226,雨水,19.734366671694897,0.507
21227,雨水,3.791928860815217,1.0
21228,雨水,47.707983925077954,0.21
21229,雨水,24.59008941717825,0.407
21230,汚水,28.114505487587437,0.356
21231,汚水,40.87326187735994,0.245
21232,汚水,40.55474805415845,0.247
21233,汚水,2.159697112936332,1.0
21234,汚水,57.53606034189771,0.174
21235,汚水,29.72324697816474,0.336
21236,汚水,6.300190672380608,1.0
21237,汚水,21.36109009294046,0.468
21238,汚水,23.109634960709705,0.433
21239,汚水,73.26839058393412,0.136
21240,汚水,7.479741758332239,1.0
21241,汚水,34.084610679551844,0.293
21242,汚水,19.710798675214182,0.507
21243,汚水,5.799522713255229,1.0
21244,汚水,7.948485516088632,1.0
21245,汚水,4.4088137065655655,1.0
21246,汚水,4.6118388334304035,1.0
21247,汚水,32.257878334958534,0.31
21248,汚水,77.20163873211291,0.13
21249,汚水,58.11000684038562,0.172
21250,汚水,21.003820177224274,0.476
21251,汚水,5.683190810531656,1.0
21252,汚水,41.21582860249011,0.243
21253,汚水,73.64489401779663,0.136
21254,汚水,51.2021508327479,0.195
21255,汚水,30.746632412329273,0.325
21256,汚水,23.895355226085172,0.418
21257,汚水,44.8474030863586,0.223
21258,汚水,3.9589590443212903,1.0
21259,汚水,61.962264570641906,0.161
21260,汚水,19.709593876837157,0.507
21261,汚水,7.098508439559545,1.0
21262,汚水,3.358032362406146,1.0
21263,汚水,30.739032501393623,0.325
21264,汚水,12.735961082177237,0.785
21265,汚水,70.82737629305628,0.141
21266,汚水,73.31442166875854,0.136
21267,汚水,47.735226173771004,0.209
21268,汚水,26.025907898521396,0.384
21269,汚水,34.83817112257453,0.287
21270,汚水,6.037304590131393,1.0
21271,汚水,8.85835362977997,1.0
21272,汚水,3.412679587847966,1.0
21273,汚水,1.8878194412236944,1.0
21274,汚水,110.38863560014973,0.091
21275,汚水,92.13938943681008,0.109
21276,汚水,102.00837480726119,0.098
21277,汚水,10.14268286070553,0.986
21278,汚水,8.962198468828895,1.0
21279,汚水,46.6322008798421,0.214
21280,汚水,42.03425740541209,0.238
21281,汚水,39.84292506098848,0.251
21282,汚水,14.785355527260029,0.676
21283,汚水,22.894251981690857,0.437
21284,汚水,36.799271094191944,0.272
21285,汚水,39.56633204167718,0.253
21286,汚水,11.158686997098659,0.896
21287,汚水,17.438802269625757,0.573
21288,汚水,32.43047522024757,0.308
21289,汚水,14.354465346793482,0.697
21290,汚水,7.132117394970735,1.0
21291,汚水,24.044806652851218,0.416
21292,汚水,27.915211402960516,0.358
21293,汚水,13.357633515273646,0.749
21294,汚水,15.748866503566799,0.635
21295,汚水,6.708400938946749,1.0
21296,汚水,44.2236214437186,0.226
21297,汚水,19.845511120648535,0.504
21298,汚水,5.331114034162066,1.0
21299,汚水,4.522586272690159,1.0
21300,汚水,47.65022200007171,0.21
21301,汚水,18.031750854736416,0.555
21302,汚水,25.104416306474786,0.398
21303,汚水,4.2563872482359,1.0
21304,汚水,80.74342996263651,0.124
21305,汚水,3.613027203364312,1.0
21306,汚水,5.579592591187079,1.0
21307,汚水,11.880074266650478,0.842
21308,汚水,16.910425284715824,0.591
21309,汚水,9.675174823574345,1.0
21310,汚水,24.064179654283237,0.416
21311,汚水,22.938789526539672,0.436
21312,汚水,33.11479625465886,0.302
21313,汚水,47.666604809037786,0.21
21314,汚水,13.818690397656558,0.724
21315,汚水,36.39174279786643,0.275
21316,汚水,7.08319811949863,1.0
21317,汚水,26.663987604679896,0.375
21318,汚水,30.859372667584555,0.324
21319,汚水,36.91945925931169,0.271
21320,汚水,12.196433924693025,0.82
21321,汚水,12.998308174085423,0.769
21322,汚水,8.594580949821575,1.0
21323,雨水,10.676794975159487,0.937
21324,雨水,11.849098200625825,0.844
21325,雨水,22.625455703086043,0.442
21326,雨水,18.097176824689697,0.553
21327,雨水,18.230693446043784,0.549
21328,雨水,43.28559010461094,0.231
21329,雨水,16.378771796860462,0.611
21330,汚水,44.16327963000155,0.226
21331,汚水,48.38199983564946,0.207
21332,汚水,21.670284722219023,0.461
21333,雨水,12.775093977980955,0.783
21334,雨水,28.580027727728282,0.35
21335,雨水,18.763153919309246,0.533
21336,汚水,46.09100672823612,0.217
21337,汚水,23.059201742469334,0.434
21338,汚水,24.510218064433133,0.408
21339,汚水,28.373860728694588,0.352
21340,汚水,3.829621652331963,1.0
21341,汚水,19.930266882302238,0.502
21342,汚水,6.097519577661932,1.0
21343,汚水,28.628046936830785,0.349
21344,汚水,13.606822773887474,0.735
21345,汚水,6.428332598738912,1.0
21346,雨水,12.70805327340969,0.787
21347,雨水,35.06794790119298,0.285
21348,雨水,148.2963527101437,0.067
21349,汚水,0.947054380701592,1.0
21350,汚水,11.85467409927262,0.844
21351,汚水,7.1937785620632875,1.0
21352,汚水,1.407999999995809,1.0
21353,汚水,0.8373601375778912,1.0
21354,汚水,15.44784544847581,0.647
21355,汚水,22.060707206337206,0.453
21356,汚水,15.248328799072045,0.656
21357,汚水,5.953207361893026,1.0
21358,汚水,4.51971337586306,1.0
21359,汚水,47.25698379074938,0.212
21360,汚水,30.762854402440308,0.325
21361,汚水,26.401852756961787,0.379
21362,雨水,17.978433107476455,0.556
21363,雨水,16.739580072391227,0.597
21364,雨水,49.320702803177326,0.203
21365,汚水,23.59277345599153,0.424
21366,雨水,241.91591723532008,0.041
21367,汚水,41.42497410982888,0.241
21368,汚水,28.199490225881974,0.355
21369,汚水,32.43826186895095,0.308
21370,汚水,44.09284667303306,0.227
21370,汚水,3.5902374573269853,1.0
21371,汚水,16.97958644037176,0.589
21372,汚水,37.86760119256073,0.264
21373,汚水,26.365495920846765,0.379
21374,汚水,5.805777295074588,1.0
21375,汚水,2.3804621400030266,1.0
21376,汚水,4.521014487928229,1.0
21377,汚水,8.145101902369378,1.0
21377,汚水,2.2196995292153012,1.0
21378,汚水,16.6704266592044,0.6
21379,汚水,44.365580318523065,0.225
21380,汚水,44.82308268128635,0.223
21381,汚水,46.85268451187981,0.213
21382,汚水,13.799663945184301,0.725
21383,汚水,33.733308005227286,0.296
21384,汚水,12.846684397151373,0.778
21385,汚水,26.694089327041528,0.375
21386,汚水,53.275394478362365,0.188
21387,汚水,53.742363188383145,0.186
21388,汚水,9.928372273436995,1.0
21389,汚水,17.00360263971686,0.588
21390,汚水,42.975944158939214,0.233
21391,汚水,39.859755243887555,0.251
21392,汚水,8.295857399932196,1.0
21393,汚水,4.905757496448408,1.0
21394,汚水,26.57052061016491,0.376
21395,汚水,40.105422551437655,0.249
21396,汚水,13.230878466679945,0.756
21397,汚水,14.450946102267636,0.692
21398,汚水,14.179684834035026,0.705
21399,雨水,38.24638435033152,0.261
21400,雨水,15.977227437508624,0.626
21401,雨水,38.38474905476123,0.261
21402,雨水,18.779078300619197,0.533
21403,雨水,45.08522548463129,0.222
21404,汚水,30.369273569493693,0.329
21405,汚水,14.347522797338373,0.697
21406,汚水,27.646121120850726,0.362
21407,汚水,27.474413765129512,0.364
21408,雨水,8.630690591101555,1.0
21409,汚水,7.047513128312049,1.0
21410,汚水,54.552851081251745,0.183
21411,汚水,20.382829857499363,0.491
21412,汚水,26.765205024438067,0.374
21413,汚水,1.6620475324203259,1.0
21414,汚水,15.588991026081993,0.641
21415,汚水,14.074907842916396,0.71
21416,汚水,13.472360038250212,0.742
21417,汚水,51.17728514872359,0.195
21418,汚水,25.929219753006457,0.386
21419,汚水,76.34909705425656,0.131
21420,汚水,15.41709223555632,0.649
21421,汚水,7.53794056755878,1.0
21422,汚水,3.7421042208958024,1.0
21423,汚水,24.54675255755613,0.407
21424,汚水,15.146004075054226,0.66
21425,汚水,23.86624734218697,0.419
21426,汚水,6.876623595050479,1.0
21427,汚水,7.517208023016543,1.0
21428,汚水,31.78327423603057,0.315
21429,汚水,6.01524008604415,1.0
21430,汚水,7.089339825016338,1.0
21431,汚水,40.09764227720596,0.249
21432,汚水,17.88138432470827,0.559
21433,汚水,22.75438287451533,0.439
21434,汚水,31.725103083752465,0.315
21435,汚水,6.3382272279749445,1.0
21436,汚水,43.59650893967838,0.229
21437,汚水,32.88078473820411,0.304
21438,汚水,54.34395230404526,0.184
21439,汚水,14.063024425782304,0.711
21440,汚水,6.473384972322352,1.0
21441,汚水,17.130386408054182,0.584
21442,汚水,29.833716274760924,0.335
21443,汚水,26.564688553377376,0.376
21444,汚水,45.26315802551524,0.221
21445,汚水,84.91022911097829,0.118
21446,汚水,9.461674111911938,1.0
21447,汚水,25.856751114477106,0.387
21448,汚水,27.782161691685328,0.36
21449,汚水,43.09432369977664,0.232
21450,汚水,40.63281621096429,0.246
21451,汚水,30.73551195386588,0.325
21452,汚水,30.1602809856453,0.332
21453,汚水,25.59100351252529,0.391
21454,汚水,4.877869719455305,1.0
21455,汚水,27.31030025466873,0.366
21456,汚水,89.8450640770759,0.111
21457,汚水,91.24703919997924,0.11
21458,汚水,78.41096714745358,0.128
21459,汚水,84.88738509725836,0.118
21460,汚水,72.58959410379903,0.138
21461,汚水,5.808974029103137,1.0
21462,汚水,5.725095649598007,1.0
21463,汚水,36.65530775200909,0.273
21464,汚水,7.6573291704822735,1.0
21465,汚水,44.140695121147864,0.227
21466,汚水,39.23377742505304,0.255
21467,汚水,3.1847726855489507,1.0
21468,汚水,2.807356407729239,1.0
21469,汚水,1.9497548563812115,1.0
21470,汚水,45.00547703230479,0.222
21471,汚水,23.494020964978652,0.426
21472,汚水,6.01827459232063,1.0
21473,汚水,32.74149957532081,0.305
21474,汚水,25.981507596752284,0.385
21475,汚水,6.032931297732946,1.0
21476,汚水,45.36644762814242,0.22
21477,汚水,5.101672912142899,1.0
21478,汚水,29.466049150548287,0.339
21479,汚水,39.580477579672774,0.253
21480,汚水,44.27138595966075,0.226
21481,汚水,62.33023231787431,0.16
21482,汚水,46.12868340841305,0.217
21483,汚水,59.31251463731998,0.169
21484,汚水,53.39860170766688,0.187
21485,汚水,45.438472759416754,0.22
21486,汚水,7.58036733938466,1.0
21487,汚水,59.92234015274528,0.167
21488,汚水,58.18801590084145,0.172
21489,汚水,82.5859258892738,0.121
21490,汚水,76.24471933847296,0.131
21491,汚水,19.076191076847934,0.524
21492,汚水,5.231730306496865,1.0
21493,汚水,44.237514918962844,0.226
21494,汚水,44.417959775106965,0.225
21495,汚水,73.91121905099085,0.135
21496,汚水,65.23675467948512,0.153
21497,汚水,14.56941068997417,0.686
21498,汚水,67.73600271932153,0.148
21499,汚水,13.930900788188817,0.718
21500,汚水,12.851317291797374,0.778
21501,汚水,36.222140842947155,0.276
21502,汚水,43.14409651775633,0.232
21503,汚水,23.694233807119513,0.422
21504,汚水,25.96477557578512,0.385
21505,汚水,19.956149252798724,0.501
21506,汚水,73.55476592086447,0.136
21507,汚水,23.503348391416196,0.425
21508,汚水,18.049231275258897,0.554
21509,汚水,18.36157114459287,0.545
21510,汚水,9.979908539335064,1.0
21511,汚水,16.678804783726644,0.6
21512,汚水,14.894719100392155,0.671
21513,汚水,25.77854069748989,0.388
21514,汚水,30.984386019412607,0.323
21515,汚水,32.477605361236925,0.308
21516,汚水,21.720921941780436,0.46
21517,汚水,19.94340274401444,0.501
21518,汚水,39.375402239346926,0.254
21519,汚水,8.8075722534636,1.0
21520,汚水,12.988600925424393,0.77
21521,汚水,23.183647081643635,0.431
21522,汚水,2.898797164343411,1.0
21523,汚水,7.244904692265287,1.0
21524,汚水,14.600775458880616,0.685
21525,汚水,21.834527174693697,0.458
21526,汚水,20.230418149457513,0.494
21527,汚水,2.6086306752819945,1.0
21528,汚水,17.64284027587116,0.567
21529,汚水,5.7334560188027,1.0
21530,汚水,55.617565087738654,0.18
21531,汚水,6.990430388252085,1.0
21532,汚水,26.04866663384375,0.384
21533,汚水,4.260156804623346,1.0
21534,汚水,28.286790690062716,0.354
21535,汚水,5.729705053489464,1.0
21536,汚水,10.295848143794432,0.971
21537,汚水,7.751162815995503,1.0
21538,汚水,16.936454472448474,0.59
21539,汚水,26.43628566951175,0.378
21540,汚水,65.6004396259162,0.152
21541,汚水,43.32736505715363,0.231
21542,汚水,9.214606231402477,1.0
21543,汚水,15.800716850891686,0.633
21544,汚水,24.01408253504265,0.416
21545,汚水,4.978385380832687,1.0
21546,汚水,8.250083212951754,1.0
21547,汚水,18.48285976248688,0.541
21548,汚水,30.85056243607421,0.324
21549,汚水,61.29652633375764,0.163
21550,汚水,13.775084210271064,0.726
21551,汚水,17.573814412356846,0.569
21552,汚水,19.931033816689002,0.502
21553,汚水,16.066651424618424,0.622
21554,汚水,29.70827266941287,0.337
21555,汚水,20.833748222535885,0.48
21556,汚水,9.09145026934531,1.0
21557,汚水,5.164325706227125,1.0
21558,汚水,14.864406917198798,0.673
21559,汚水,12.98454254163477,0.77
21560,汚水,7.100957274205533,1.0
21561,汚水,7.417936249162388,1.0
21562,汚水,3.078830946968181,1.0
21563,汚水,21.05278954835555,0.475
21564,汚水,21.210753593408697,0.471
21565,汚水,6.613412130609786,1.0
21566,汚水,20.81689061598336,0.48
21567,汚水,19.94986244395497,0.501
21568,汚水,11.649450201623234,0.858
21569,汚水,4.465420137008182,1.0
21570,汚水,32.976250941152685,0.303
21571,汚水,37.62747085734025,0.266
21572,汚水,22.103894589037047,0.452
21573,汚水,21.20664982971891,0.472
21574,汚水,28.070386883983183,0.356
21575,汚水,6.9314975293940995,1.0
21576,汚水,63.31062537851751,0.158
21577,汚水,46.122816318385304,0.217
21578,汚水,15.512032523177064,0.645
21579,汚水,6.393718949092361,1.0
21580,汚水,4.055763923109412,1.0
21581,汚水,24.744866873579696,0.404
21582,汚水,16.807202079549672,0.595
21583,汚水,25.722708449923907,0.389
21584,汚水,21.964926696014423,0.455
21585,汚水,6.518327699639514,1.0
21586,汚水,2.2203152929222605,1.0
21587,汚水,30.33375771315511,0.33
21588,汚水,18.158249475100074,0.551
21589,汚水,24.791070475785,0.403
21590,汚水,15.025663446644298,0.666
21591,汚水,29.98983712273798,0.333
21592,汚水,22.427514036248574,0.446
21593,汚水,16.136646651846014,0.62
21594,汚水,7.403173508704443,1.0
21595,汚水,25.30501865243851,0.395
21596,汚水,4.302703917295158,1.0
21597,汚水,17.59409176421315,0.568
21598,汚水,30.19846396820416,0.331
21599,汚水,4.845246123783856,1.0
21600,汚水,14.13788709196547,0.707
21601,汚水,26.600749644360338,0.376
21602,汚水,16.139949473284926,0.62
3796,汚水,32.69806615183555,0.306
3797,汚水,5.251142616202099,1.0
3798,汚水,6.921457174476576,1.0
3799,汚水,37.99460753058202,0.263
3800,汚水,71.97852799243618,0.139
3801,汚水,9.901148656718954,1.0
3802,汚水,16.309741163095897,0.613
3803,汚水,2.948670082178941,1.0
3804,汚水,12.182816967025675,0.821
3805,汚水,25.820761226985752,0.387
3806,汚水,23.040747628415186,0.434
3807,汚水,9.810524493078224,1.0
3808,汚水,21.60482680797198,0.463
3809,汚水,15.793316752637741,0.633
3810,汚水,25.42525686580779,0.393
3811,汚水,20.47401884425969,0.488
3812,汚水,30.738164060839473,0.325
3813,汚水,22.600819869309827,0.442
3814,汚水,7.701588933995515,1.0
3815,汚水,35.7066606351002,0.28
3816,汚水,14.349144122132357,0.697
3817,汚水,43.14725064872332,0.232
3818,汚水,33.26603357441494,0.301
3819,汚水,5.240871072876937,1.0
3820,汚水,54.12879004208662,0.185
3821,汚水,6.19791840524899,1.0
3822,汚水,48.88451145835095,0.205
3823,汚水,18.701897572437034,0.535
3824,汚水,3.230163283306195,1.0
3825,汚水,10.588020395509316,0.944
3826,汚水,3.712957953929785,1.0
3828,汚水,41.9361287905241,0.238
3829,汚水,23.23278533427202,0.43
3830,汚水,27.714741465042646,0.361
3831,汚水,7.9151399608720245,1.0
3832,汚水,12.395000000000437,0.807
3833,汚水,2.852993790031025,1.0
3834,汚水,10.945669001361397,0.914
3835,汚水,2.0813953211581717,1.0
3836,汚水,54.81783263087295,0.182
3837,汚水,6.658908251449696,1.0
3838,汚水,9.467185958202338,1.0
3839,汚水,25.39345587635669,0.394
3840,汚水,26.815165933492,0.373
3841,汚水,31.420802229240756,0.318
3842,汚水,42.26244580492111,0.237
3843,汚水,5.037165365130202,1.0
3844,汚水,36.7193748444229,0.272
3845,汚水,8.68693373665035,1.0
3846,汚水,44.23656462806137,0.226
3847,汚水,21.76149056520609,0.46
3848,汚水,7.611493795618257,1.0
3849,汚水,9.621227416405945,1.0
3850,汚水,6.8417774952671255,1.0
3851,汚水,21.267732062872817,0.47
3852,汚水,32.51572738333342,0.308
3853,汚水,33.15312235056298,0.302
3854,汚水,43.90835780721772,0.228
3855,汚水,7.320385725646532,1.0
3856,汚水,30.49094467604264,0.328
3857,汚水,7.709153289970898,1.0
3858,汚水,30.497238937119306,0.328
3859,汚水,24.51154263638943,0.408
3860,汚水,2.5713904625399446,1.0
3861,汚水,24.1144327255011,0.415
3862,汚水,46.719204300271706,0.214
3863,汚水,21.801694578717967,0.459
3864,汚水,27.108518235943897,0.369
3865,汚水,26.53530118701289,0.377
3866,汚水,6.6915978808934735,1.0
3867,汚水,48.0459400406455,0.208
3868,汚水,20.775504525577375,0.481
3869,汚水,4.8798394603412065,1.0
3870,汚水,43.10129197573243,0.232
3871,汚水,6.986285506472147,1.0
3872,汚水,5.344374128003101,1.0
3873,汚水,30.994775967568096,0.323
3874,汚水,20.3139917213908,0.492
3875,汚水,40.491875867390256,0.247
3876,汚水,38.33316973180738,0.261
3877,汚水,11.801301778079353,0.847
3878,汚水,5.804212702052714,1.0
3879,汚水,10.07490994481246,0.993
3880,汚水,7.5642784670398715,1.0
3881,汚水,29.875134406216795,0.335
3882,汚水,24.486329977308316,0.408
3883,汚水,8.549384788450828,1.0
3884,汚水,7.682340495077539,1.0
3885,汚水,3.2582971739225286,1.0
3886,汚水,85.66792885504606,0.117
3887,汚水,17.33819124496282,0.577
3888,汚水,11.092904306810235,0.901
3889,汚水,10.285492520196167,0.972
3890,汚水,5.421747387792053,1.0
3891,汚水,10.593327147185082,0.944
3892,汚水,14.786867098813255,0.676
3893,汚水,52.09273579869873,0.192
3894,汚水,24.32975506096512,0.411
3895,汚水,10.082499264900019,0.992
3896,汚水,20.534396839813187,0.487
3897,汚水,8.416909646389033,1.0
3898,汚水,5.561529557476393,1.0
3899,汚水,5.999871501555296,1.0
3900,汚水,21.103172892739014,0.474
3901,汚水,24.744419513165894,0.404
3902,汚水,27.798533757583396,0.36
3903,汚水,9.597658215328943,1.0
3904,汚水,18.483371433599924,0.541
3905,汚水,4.773681211435382,1.0
3906,汚水,5.092655694923479,1.0
3907,汚水,17.968119685842574,0.557
3908,汚水,2.2602522172758883,1.0
3909,汚水,6.999432055860371,1.0
3910,汚水,15.239935801814376,0.656
3911,汚水,10.940598731654585,0.914
3912,汚水,25.778028980280205,0.388
3913,汚水,17.11206560550636,0.584
3914,汚水,37.25541430849618,0.268
3915,汚水,5.819665578468358,1.0
3916,汚水,35.321657673104056,0.283
3917,汚水,4.672591417261416,1.0
3918,汚水,14.943111559157478,0.669
3919,汚水,12.748829127501633,0.784
3920,汚水,32.20177432531224,0.311
3921,汚水,12.690193650521234,0.788
3922,汚水,25.691944651787498,0.389
3923,汚水,2.225877230384822,1.0
3924,汚水,13.57559881940431,0.737
3925,汚水,8.511708902006475,1.0
3926,汚水,14.957831160869365,0.669
3927,汚水,11.119371934543118,0.899
3928,汚水,5.778260921731896,1.0
3929,汚水,38.0802844150319,0.263
3930,汚水,23.33380209206191,0.429
3931,汚水,8.267090293939109,1.0
3932,汚水,14.378252098835507,0.695
3933,汚水,12.229233973673681,0.818
3934,汚水,7.315088875427371,1.0
3935,汚水,4.727695834605958,1.0
3936,汚水,36.22271881244621,0.276
3937,汚水,13.763905280654683,0.727
3938,汚水,5.346607441957782,1.0
3939,汚水,7.987297512464014,1.0
3940,汚水,15.62171776941334,0.64
3941,汚水,61.81552163380585,0.162
3942,汚水,16.4246810576052,0.609
3943,汚水,26.368158642975395,0.379
3944,汚水,20.35965744429787,0.491
3945,汚水,11.877843678486617,0.842
3946,汚水,22.688629392924494,0.441
3947,汚水,36.68670696439441,0.273
3948,汚水,7.459086871402024,1.0
3949,汚水,2.6823875699604844,1.0
3950,汚水,22.181342837245715,0.451
3951,汚水,27.823706994529868,0.359
3952,汚水,27.737865885326084,0.361
3953,汚水,19.039382305930037,0.525
3954,汚水,9.461225377256131,1.0
3955,汚水,7.2473823179654815,1.0
3956,汚水,5.595281156479409,1.0
3957,汚水,16.887235485351383,0.592
3958,汚水,13.250297012162353,0.755
3959,汚水,26.668361419230894,0.375
3960,汚水,20.731416510595935,0.482
3961,汚水,3.9354078375378467,1.0
3962,汚水,14.45111080533527,0.692
3963,汚水,38.806019863218836,0.258
3964,汚水,12.060570192957156,0.829
3965,汚水,26.0428077297686,0.384
3966,汚水,6.297866756526113,1.0
3967,汚水,12.506944450653027,0.8
3968,汚水,19.23301127144641,0.52
3969,汚水,22.72222608656785,0.44
3970,汚水,34.78756131895517,0.287
3971,汚水,45.696561918739675,0.219
3972,汚水,34.20349777367244,0.292
3973,汚水,12.86723850097602,0.777
3974,汚水,11.912710511003299,0.839
3975,汚水,11.422520765781519,0.875
3976,汚水,21.407766335913752,0.467
3977,汚水,4.900250285936642,1.0
3978,汚水,30.057214724815502,0.333
3979,汚水,35.6576638629294,0.28
3980,汚水,10.570507590043455,0.946
3981,汚水,3.813435393004268,1.0
3982,汚水,7.478010499991635,1.0
3983,汚水,8.459434199988824,1.0
3984,汚水,12.659293364401924,0.79
3985,汚水,34.1753684326515,0.293
3986,汚水,4.311427708162344,1.0
3987,汚水,48.011169708484275,0.208
3988,汚水,48.55954488888196,0.206
3989,汚水,9.395407737854791,1.0
3990,汚水,21.34625572248782,0.468
3991,汚水,87.2671887234027,0.115
3992,汚水,22.338316642728802,0.448
3993,汚水,86.78299010377131,0.115
3994,汚水,45.152241668582825,0.221
3995,汚水,10.94977087929162,0.913
3996,汚水,16.337959195897408,0.612
3997,汚水,86.16646068290818,0.116
3998,汚水,78.08567889790565,0.128
3999,汚水,35.331827822229236,0.283
4000,汚水,77.77121266895752,0.129
4001,汚水,75.51698262855099,0.132
4002,汚水,36.20057267194787,0.276
4003,汚水,23.908180516744086,0.418
4004,汚水,50.56761154042827,0.198
4005,汚水,3.031005993430278,1.0
4006,汚水,18.475738014570013,0.541
4007,汚水,3.237799424588669,1.0
4008,汚水,44.006662337871894,0.227
4009,汚水,5.700381947287541,1.0
4010,汚水,25.50623467806994,0.392
4011,汚水,14.130017917826402,0.708
4012,汚水,27.731135009891595,0.361
4013,汚水,10.007507134755665,0.999
4014,汚水,6.649344554700267,1.0
4015,汚水,47.9596799508356,0.209
4016,汚水,33.92832798191929,0.295
4017,汚水,19.779117438469495,0.506
4018,汚水,38.1285467184038,0.262
4019,汚水,62.531321569473995,0.16
4020,汚水,23.32949208336972,0.429
4021,汚水,9.443581285369202,1.0
4022,汚水,17.810729711938887,0.561
4023,汚水,70.12410840309221,0.143
4024,汚水,3.953056918985197,1.0
4025,汚水,28.775629926588913,0.348
4026,汚水,30.14515001002453,0.332
4027,汚水,54.43035567179228,0.184
4028,汚水,4.0787366947333625,1.0
4029,汚水,41.65451801817362,0.24
4030,汚水,32.96782022678775,0.303
4031,汚水,69.96070256020225,0.143
4032,汚水,54.81830280362262,0.182
4033,汚水,80.23709291310152,0.125
4034,汚水,48.896033502112196,0.205
4035,汚水,26.179031509745435,0.382
4036,汚水,9.48556352363135,1.0
4037,汚水,26.35619683006667,0.379
4038,汚水,3.9682982558050424,1.0
4039,汚水,26.98574918736759,0.371
4040,汚水,33.331110067735366,0.3
4041,汚水,10.339358075778819,0.967
4042,汚水,19.465418577051285,0.514
4043,汚水,27.35604391348912,0.366
4044,汚水,12.672765687709806,0.789
4045,汚水,20.50423219201853,0.488
4046,汚水,75.0135570705901,0.133
4047,汚水,3.6951986487333532,1.0
4048,汚水,4.186760040462101,1.0
4049,汚水,11.902225681923937,0.84
4050,汚水,25.060347505590364,0.399
4051,汚水,19.132757735875,0.523
4052,汚水,36.55360168908265,0.274
4053,汚水,3.622789840211023,1.0
4054,汚水,16.018466221396398,0.624
4055,汚水,24.97383541369272,0.4
4056,汚水,48.13458293039248,0.208
4057,汚水,31.705828701782504,0.315
4058,汚水,29.60713789213109,0.338
4059,汚水,8.251349801007322,1.0
4060,汚水,41.359538156623884,0.242
4061,汚水,4.95795283855357,1.0
4062,汚水,11.546272088956377,0.866
4063,汚水,68.93902187642024,0.145
4064,汚水,2.854149947211889,1.0
4065,汚水,14.013476145904393,0.714
4066,汚水,5.506325092607944,1.0
4067,汚水,17.39556214695957,0.575
4068,汚水,3.634866487961637,1.0
4069,汚水,17.764218949552184,0.563
4070,汚水,34.28286801946113,0.292
4071,汚水,4.591948047904438,1.0
4072,汚水,15.892039682605125,0.629
4073,汚水,6.305748199288701,1.0
4074,汚水,10.364401069295882,0.965
4075,汚水,12.417780367115277,0.805
4076,汚水,17.260695001227184,0.579
4077,汚水,4.971493304483703,1.0
4078,汚水,42.51182159232162,0.235
4079,汚水,7.343138319060706,1.0
4080,汚水,50.44591352508901,0.198
4081,汚水,4.732772557363185,1.0
4082,汚水,28.793989840147653,0.347
4083,汚水,9.964565582820644,1.0
4084,汚水,20.353388936449186,0.491
4085,汚水,22.490155086253523,0.445
4086,汚水,5.386209866490218,1.0
4087,汚水,8.720062574994909,1.0
4088,汚水,26.229414247745066,0.381
4089,汚水,8.215595156607966,1.0
4090,汚水,51.21676055122988,0.195
4091,汚水,26.558970979646976,0.377
4092,汚水,31.03316863844622,0.322
4093,汚水,21.837388838421425,0.458
4094,汚水,6.299153992285241,1.0
4095,汚水,54.74173051335087,0.183
4096,汚水,15.232431479327118,0.656
4097,汚水,32.10961738356553,0.311
4098,汚水,77.17332020659927,0.13
4099,汚水,38.6280308668143,0.259
4100,汚水,24.515948542779096,0.408
4101,汚水,39.09056911644592,0.256
4102,汚水,27.39558154311665,0.365
4103,汚水,26.55915784920279,0.377
4104,汚水,29.083395960396068,0.344
4105,汚水,19.057309932313004,0.525
4106,汚水,16.859895399574803,0.593
4107,汚水,30.165956555248492,0.331
4108,汚水,9.412220682759806,1.0
4109,汚水,55.21177533476415,0.181
4110,汚水,57.73272606560095,0.173
4111,汚水,7.386640647422655,1.0
4112,汚水,25.533333937939332,0.392
4113,汚水,26.87736727744969,0.372
4114,汚水,37.864400596857166,0.264
4115,汚水,19.63759841103883,0.509
4116,汚水,54.704767283922266,0.183
4117,汚水,56.09311710841534,0.178
21603,汚水,5.956615314078006,1.0
21604,汚水,18.15950715189753,0.551
21605,汚水,22.566543494672867,0.443
21606,汚水,10.788142472175693,0.927
21607,雨水,6.681102431053979,1.0
21608,汚水,13.060408345662996,0.766
21609,汚水,7.817759333723558,1.0
21610,汚水,3.312958345643062,1.0
21611,汚水,25.171551186635206,0.397
21612,汚水,35.736084881662265,0.28
21613,汚水,71.90572346252766,0.139
21614,汚水,72.0974528537538,0.139
21615,汚水,9.399175495750132,1.0
21616,汚水,71.51909647078215,0.14
21617,汚水,40.05426731323254,0.25
21618,汚水,29.014410723043085,0.345
21619,汚水,24.55346718518799,0.407
21620,汚水,29.762359643843695,0.336
21621,汚水,14.588210616797465,0.685
21622,汚水,70.62524687099199,0.142
21623,汚水,41.507406842959924,0.241
21624,汚水,11.469634830320954,0.872
21625,汚水,9.312907737871637,1.0
21626,汚水,54.24535966592942,0.184
21627,汚水,18.399765518036663,0.543
21628,汚水,19.331964256122287,0.517
21629,汚水,12.934500415554721,0.773
21630,汚水,2.4912295379840064,1.0
21631,汚水,25.803292631599323,0.388
21632,汚水,18.085189770204398,0.553
21633,汚水,31.85308149575884,0.314
21634,汚水,32.538305502899675,0.307
21635,汚水,19.66154489544009,0.509
21636,汚水,21.2158241970056,0.471
21637,汚水,32.77600494970268,0.305
21638,雨水,34.847478514245054,0.287
21639,雨水,27.531833432085392,0.363
21640,雨水,3.4229532657408326,1.0
21641,雨水,12.637327644722854,0.791
21642,汚水,36.23879116361496,0.276
21643,汚水,21.064896824205256,0.475
21644,汚水,6.888891420242418,1.0
21645,汚水,5.515732136354274,1.0
21645,汚水,5.350461755770179,1.0
21646,汚水,15.404609247033891,0.649
21647,汚水,14.104920169925405,0.709
21648,汚水,50.72015893996008,0.197
21649,汚水,16.899418109684216,0.592
21650,汚水,7.8504739347393,1.0
21651,汚水,20.771169285654214,0.481
21651,汚水,25.36708265915776,0.394
21652,汚水,5.315332493505666,1.0
21653,汚水,13.89248201732308,0.72
21654,汚水,10.064720821900401,0.994
21655,汚水,37.560803252427526,0.266
21656,汚水,60.91481369345368,0.164
21657,汚水,31.10549192484701,0.321
21658,汚水,48.44049874008995,0.206
21659,汚水,10.966908634612793,0.912
21660,汚水,33.43181486249424,0.299
21661,汚水,18.964117933615206,0.527
21662,汚水,14.3830612179815,0.695
21663,汚水,20.21730738095043,0.495
21664,汚水,25.71631359664468,0.389
21665,汚水,6.290873575281769,1.0
21666,汚水,89.78907965336364,0.111
21667,汚水,21.923067993911094,0.456
21668,雨水,68.88240390320814,0.145
21669,汚水,30.160833958014052,0.332
21670,雨水,16.753223277815124,0.597
21671,雨水,19.377823123376267,0.516
21672,雨水,8.606391345962786,1.0
21673,雨水,9.181231725642931,1.0
21674,雨水,6.381106643839314,1.0
21675,雨水,5.462124312025145,1.0
21676,雨水,16.475603843256085,0.607
21677,雨水,8.34341374978227,1.0
21678,雨水,9.351054325581348,1.0
21679,雨水,24.609812697370998,0.406
21680,雨水,11.677970124663588,0.856
21681,雨水,13.772452607451513,0.726
21682,雨水,4.1039723439579054,1.0
21683,雨水,8.590996757528256,1.0
21684,汚水,26.032836332146832,0.384
21685,雨水,37.03357192426175,0.27
21686,汚水,7.393671535947831,1.0
21687,汚水,10.748935834009057,0.93
21688,汚水,39.59294591090149,0.253
21689,汚水,15.002407852554978,0.667
21690,汚水,26.827798607160034,0.373
21691,汚水,26.636217208423602,0.375
21692,汚水,30.696254670795184,0.326
21693,汚水,21.805121494463748,0.459
21694,汚水,21.36887176685739,0.468
21695,汚水,18.320715187999337,0.546
21696,汚水,9.797228026333729,1.0
21697,汚水,16.481901103935833,0.607
21698,汚水,50.84060490197437,0.197
21699,汚水,10.8072244355334,0.925
21700,汚水,27.397526241382465,0.365
21701,汚水,2.7189683705384016,1.0
21702,汚水,7.85976522775475,1.0
21703,汚水,14.885501842295964,0.672
21704,汚水,3.447789146686957,1.0
21705,汚水,4.409781173708817,1.0
21706,汚水,26.12531233035265,0.383
21707,汚水,26.71795746582048,0.374
21708,汚水,5.994803250091934,1.0
21709,汚水,12.248597021700439,0.816
21710,汚水,34.93098182306913,0.286
21711,汚水,38.875501321471575,0.257
21712,雨水,36.67615855263479,0.273
21713,雨水,79.74406589091492,0.125
21714,雨水,5.2583173163998955,1.0
21715,汚水,21.779664001088666,0.459
21716,汚水,63.29959764157194,0.158
21717,汚水,29.537922527655414,0.339
21718,汚水,22.082435214436476,0.453
21719,汚水,21.320108723790906,0.469
21720,汚水,4.417919575411677,1.0
21721,汚水,2.867776316239783,1.0
21722,汚水,27.698196421483004,0.361
21723,汚水,15.974728607672994,0.626
21724,汚水,22.338306133935507,0.448
21725,汚水,24.235825716641806,0.413
21726,汚水,28.255567377753735,0.354
21727,汚水,59.1991540529355,0.169
21728,汚水,47.276216889916846,0.212
21729,汚水,57.93063557289982,0.173
21730,汚水,5.34370105824791,1.0
21731,汚水,41.16445614090787,0.243
21732,汚水,9.654823151781752,1.0
21733,汚水,52.98797663252452,0.189
21734,汚水,50.20020965623628,0.199
21735,汚水,41.17788985988218,0.243
21736,汚水,9.741953724474943,1.0
21737,汚水,97.83366939171943,0.102
21738,汚水,6.684006732499263,1.0
21739,汚水,24.268160477397906,0.412
21740,汚水,22.71100816858356,0.44
21741,汚水,47.186173812626436,0.212
21742,汚水,17.65711349737845,0.566
21743,汚水,44.26548378230899,0.226
21744,汚水,5.227817789560947,1.0
21745,汚水,29.91117490491423,0.334
21746,汚水,81.57860052319649,0.123
21747,汚水,89.61674348633152,0.112
21748,汚水,52.41045506015234,0.191
21749,汚水,27.697396239128587,0.361
21750,汚水,25.19444888770662,0.397
21751,汚水,23.80480306774666,0.42
21752,汚水,33.67761908432506,0.297
21753,汚水,76.28697922885746,0.131
21754,汚水,75.11247637818717,0.133
21755,汚水,73.3799491416487,0.136
21756,汚水,44.82340533694049,0.223
21757,汚水,7.581215799587179,1.0
21758,汚水,33.543289455013785,0.298
21759,汚水,4.909967922502164,1.0
21760,汚水,27.314639884143553,0.366
21761,汚水,54.08020740311652,0.185
21762,汚水,18.28023536500424,0.547
21763,汚水,6.2341705522143895,1.0
21764,汚水,33.418425223808036,0.299
21765,汚水,52.299860718808944,0.191
21766,汚水,48.231867484056664,0.207
21767,汚水,65.23758846707726,0.153
21768,汚水,54.726467433351615,0.183
21769,汚水,26.950330352427358,0.371
21770,汚水,30.40045534586997,0.329
21771,汚水,53.7194418566498,0.186
21772,汚水,36.47690125360947,0.274
21773,汚水,53.33838147780618,0.187
21774,汚水,24.274238755375748,0.412
21775,汚水,10.708704917024948,0.934
21776,汚水,16.8553590395876,0.593
21777,汚水,13.852478334219823,0.722
21778,汚水,22.14970270852534,0.451
21779,汚水,10.503275679958733,0.952
21780,汚水,10.33963040925813,0.967
21781,汚水,10.313192912157266,0.97
21782,汚水,10.762480879709273,0.929
21783,汚水,12.705269960692457,0.787
21784,汚水,12.29357116545157,0.813
21785,汚水,17.63181487657042,0.567
21786,汚水,17.61410061440262,0.568
21787,汚水,11.44627756103718,0.874
21788,汚水,19.607285327095333,0.51
21789,汚水,12.22954319972025,0.818
21790,汚水,4.226068149000259,1.0
21791,汚水,12.837130916415092,0.779
21792,汚水,12.850143440228306,0.778
21793,汚水,30.94956962386811,0.323
21794,汚水,14.775998306395792,0.677
21795,汚水,35.80268968945282,0.279
21796,汚水,17.956662551827655,0.557
21797,汚水,7.969977218382828,1.0
21798,汚水,19.936623904571793,0.502
21799,汚水,11.176585528233412,0.895
21800,汚水,11.2980369976401,0.885
21801,汚水,11.384953254558342,0.878
21802,汚水,16.639476253771196,0.601
21803,汚水,6.653008492404306,1.0
21804,汚水,14.9608066533082,0.668
21805,汚水,5.322487858129094,1.0
21806,汚水,74.40891836858913,0.134
21807,汚水,7.144536444608704,1.0
21808,汚水,72.19876872897177,0.139
21809,汚水,5.086039282147102,1.0
21810,汚水,39.30719994540699,0.254
21811,汚水,4.493213771898295,1.0
21812,汚水,45.316578282586086,0.221
21813,汚水,99.48838712470508,0.101
21814,汚水,3.2407978023202713,1.0
21815,汚水,38.23180511433288,0.262
21816,汚水,24.346464374303,0.411
21817,汚水,94.54556464424321,0.106
21818,汚水,94.3431595032461,0.106
21819,汚水,55.13824144834158,0.181
21820,汚水,5.5683959090561315,1.0
21821,汚水,41.89610632266762,0.239
21822,汚水,41.82114724828908,0.239
21823,汚水,58.66618202641109,0.17
21824,汚水,98.89557974409183,0.101
21825,汚水,12.00562304323295,0.833
21826,汚水,6.588869550817953,1.0
21827,汚水,36.81972547644505,0.272
21828,汚水,3.553896051317102,1.0
21829,汚水,4.228206475562764,1.0
21830,汚水,12.555319072009489,0.796
21831,汚水,7.531242659748223,1.0
21832,汚水,6.149155551779564,1.0
21833,汚水,56.21768364323799,0.178
21835,汚水,36.12424252646175,0.277
21836,汚水,27.67883931815005,0.361
21837,汚水,17.936546848259894,0.558
21838,汚水,9.826714710424925,1.0
21839,汚水,9.645137699653766,1.0
21840,汚水,23.491835730737673,0.426
21841,汚水,17.77238087595367,0.563
21842,汚水,20.20001034653382,0.495
21843,汚水,6.490177501429979,1.0
21844,汚水,33.76694084508749,0.296
21845,汚水,31.436471197445556,0.318
21846,汚水,6.624885282027862,1.0
21847,汚水,19.36888032385722,0.516
21848,汚水,25.059659395135764,0.399
21849,汚水,39.211412229094464,0.255
21850,汚水,12.64867779651874,0.791
21851,汚水,8.887264821083535,1.0
21852,汚水,11.788051767504918,0.848
21853,汚水,25.003616378430944,0.4
21854,汚水,28.51683941112988,0.351
21855,汚水,34.824984391387666,0.287
21856,汚水,33.88671778265616,0.295
21857,汚水,25.892735887016297,0.386
21858,汚水,12.236004086302813,0.817
21859,汚水,41.02355423990985,0.244
21860,汚水,8.743322080301006,1.0
21861,汚水,14.70036366897068,0.68
21862,汚水,18.33550449265004,0.545
21863,汚水,30.443294466923955,0.328
21864,汚水,7.2815657656867465,1.0
21865,汚水,16.278795775521722,0.614
21866,汚水,3.866804572944644,1.0
21867,汚水,17.01080056542327,0.588
21868,汚水,3.3907770495828418,1.0
21869,汚水,24.64781465295046,0.406
21870,汚水,12.302438592529564,0.813
21871,汚水,9.28333948534167,1.0
21872,汚水,13.816668339358285,0.724
21873,汚水,14.895558062724497,0.671
21874,汚水,21.069352519315355,0.475
21875,汚水,4.189654401015481,1.0
21876,汚水,36.83396694628665,0.271
21877,汚水,65.71780320649616,0.152
21878,汚水,21.623458606234543,0.462
21879,汚水,13.535334517438464,0.739
21880,汚水,5.888720634830584,1.0
21881,汚水,26.920838950256943,0.371
21882,汚水,15.749773966635814,0.635
21883,汚水,49.380316769631435,0.203
21884,汚水,20.808319106026108,0.481
21885,汚水,5.1391443840365865,1.0
21886,汚水,13.082986853710944,0.764
21887,汚水,6.94948782285296,1.0
21888,汚水,8.548843664497833,1.0
21889,汚水,4.846877861055732,1.0
21890,汚水,3.292925295234436,1.0
21891,汚水,22.996167506793675,0.435
21892,汚水,29.649309283693785,0.337
21893,汚水,19.75650805948975,0.506
21894,汚水,16.462096498376425,0.607
21895,汚水,23.931361958976954,0.418
21896,汚水,13.7732414848456,0.726
21897,汚水,15.788805686314715,0.633
21898,汚水,9.048403173892298,1.0
21899,汚水,10.946896490265669,0.914
21900,汚水,1.901968716879517,1.0
21901,汚水,12.794239680416032,0.782
21902,汚水,33.386167004120125,0.3
21903,汚水,11.686394696398356,0.856
21904,汚水,41.94980886496726,0.238
21905,汚水,10.259669634055948,0.975
21906,汚水,5.3594663913471186,1.0
21907,汚水,41.19841010352689,0.243
21908,汚水,4.635085004611193,1.0
21909,汚水,17.505747284819538,0.571
21910,汚水,42.62898583146459,0.235
21911,汚水,6.9861220287061085,1.0
21912,汚水,29.489751338383744,0.339
21913,汚水,40.57499235983443,0.246
21914,汚水,65.43467781126802,0.153
21915,汚水,59.989471384576945,0.167
21916,汚水,21.30866814233452,0.469
21917,汚水,87.31661103103627,0.115
21918,汚水,4.387232612930784,1.0
21919,汚水,9.9447556530979,1.0
21920,汚水,30.267357631612782,0.33
21921,汚水,31.17107834294623,0.321
21922,汚水,7.120847140614436,1.0
21923,汚水,12.245092608879842,0.817
21924,汚水,22.018383074578523,0.454
11536,汚水,25.021795553173135,0.4
11537,汚水,34.92333348584169,0.286
11538,汚水,47.51220187568494,0.21
11539,汚水,45.11257029205234,0.222
11540,汚水,60.302857785049994,0.166
11541,汚水,26.401673465604507,0.379
11542,汚水,31.02837043234891,0.322
11543,汚水,22.940007623899177,0.436
11544,汚水,2.087357238858284,1.0
11545,汚水,52.673314909287676,0.19
11546,汚水,24.832005859545152,0.403
11547,汚水,43.45662900238967,0.23
11548,汚水,30.97726947049268,0.323
11549,汚水,22.475835522117574,0.445
11550,汚水,40.01484776001356,0.25
11551,汚水,42.46687272381385,0.235
11552,汚水,7.284658889044069,1.0
11553,汚水,19.483724352898577,0.513
11554,汚水,42.190984124147086,0.237
11556,汚水,4.315235066016564,1.0
11558,汚水,4.8578991122844615,1.0
11559,汚水,25.583133632535127,0.391
11560,汚水,55.222007683498965,0.181
11561,汚水,21.318645358548718,0.469
11562,汚水,36.49699331226467,0.274
11563,汚水,26.958270212515576,0.371
11564,汚水,19.30632027659661,0.518
11565,汚水,20.901031110571136,0.478
11566,汚水,13.522262476010694,0.74
11567,汚水,40.36194516167112,0.248
11568,汚水,29.743114041616675,0.336
11569,汚水,61.11595982257109,0.164
11570,汚水,3.6645107819972074,1.0
11571,汚水,44.14790750058131,0.227
11572,汚水,50.948153399699514,0.196
11573,汚水,40.51395800802804,0.247
11574,汚水,41.67057649860314,0.24
11575,汚水,14.978722728732409,0.668
11576,汚水,22.286621492297463,0.449
11577,汚水,49.46125764671642,0.202
11578,汚水,35.484212468155164,0.282
11579,汚水,34.38823609873987,0.291
11580,汚水,24.098444483434086,0.415
11581,汚水,20.2297522443187,0.494
11582,汚水,16.330904260709758,0.612
11583,汚水,13.0514717326821,0.766
11584,汚水,6.868515563260058,1.0
11586,汚水,13.954415425745996,0.717
11587,汚水,36.385796326248894,0.275
11588,汚水,48.81516682101242,0.205
11589,汚水,46.87976803126523,0.213
11590,汚水,46.532076388004285,0.215
11591,汚水,52.58215901962357,0.19
11593,汚水,25.970683165245784,0.385
11594,汚水,48.66661467442422,0.205
11595,汚水,26.471129060238052,0.378
11596,汚水,18.985695413870456,0.527
11597,汚水,20.843465575230432,0.48
11598,汚水,7.38698110315975,1.0
11599,汚水,51.289784541159825,0.195
11600,汚水,31.580844981949422,0.317
11601,汚水,23.321894728439112,0.429
11602,汚水,23.483311575146804,0.426
11603,汚水,11.81131119389823,0.847
11604,汚水,7.825790464437064,1.0
11605,汚水,1.5997475740741627,1.0
11606,汚水,7.438658188139482,1.0
11607,汚水,42.499667565157296,0.235
11608,汚水,14.952057922131818,0.669
11609,汚水,22.45374589122971,0.445
11610,汚水,2.015254326383204,1.0
11611,汚水,9.177661546673605,1.0
11612,汚水,15.674630483597802,0.638
11613,汚水,5.691544124020586,1.0
11614,汚水,26.021805607117145,0.384
11615,汚水,55.82725669384602,0.179
11616,汚水,16.73014660382806,0.598
11617,汚水,32.04138665060482,0.312
11618,汚水,36.278070260927464,0.276
11619,汚水,12.23538730662754,0.817
11620,汚水,4.211220977447064,1.0
11621,汚水,18.00760805996647,0.555
11622,汚水,29.57674353315557,0.338
11623,雨水,38.25428629831332,0.261
11624,雨水,78.54053499595156,0.127
11625,雨水,73.84653321081626,0.135
11626,雨水,44.858026898464665,0.223
11627,雨水,111.45996950571627,0.09
11629,雨水,16.612938745575363,0.602
11630,雨水,5.413293585113553,1.0
11631,雨水,31.400335998007353,0.318
11632,雨水,48.06857785655173,0.208
11633,雨水,33.98717893504945,0.294
11634,雨水,56.556523543587815,0.177
11635,雨水,13.370011219413849,0.748
11636,雨水,47.37830433643144,0.211
11637,雨水,19.3013373808978,0.518
11638,雨水,13.735810361948669,0.728
11639,雨水,39.73783027560636,0.252
11640,雨水,37.718185840081325,0.265
11641,雨水,21.390971433893746,0.467
11642,雨水,21.404419907417516,0.467
11643,雨水,14.07374806435699,0.711
11644,雨水,30.100588071973164,0.332
11645,雨水,54.37646666124717,0.184
11646,雨水,35.01459541792546,0.286
11647,雨水,36.04168766028275,0.277
11648,雨水,10.95887406364176,0.913
11649,雨水,5.528403504104185,1.0
11650,雨水,8.31851186887364,1.0
11651,雨水,7.843975272899774,1.0
11652,雨水,8.175542888572094,1.0
11653,雨水,7.983237661779059,1.0
11654,雨水,8.031090238349256,1.0
11655,雨水,13.79170762724679,0.725
11656,雨水,20.073323694124078,0.498
11657,雨水,19.88269720256937,0.503
11658,雨水,20.26336573985939,0.494
11659,雨水,7.406600326150653,1.0
11660,雨水,13.363462014540948,0.748
11661,雨水,7.984668563153293,1.0
11662,雨水,8.159476463865452,1.0
11663,雨水,7.971583927150595,1.0
11664,雨水,8.059909463834408,1.0
11665,雨水,8.208886964025359,1.0
11666,雨水,8.083210226646415,1.0
11667,雨水,15.149019076696423,0.66
11668,雨水,19.231487473039202,0.52
11669,雨水,20.399073899181076,0.49
11670,雨水,10.341039126874676,0.967
11671,雨水,13.05910184637526,0.766
11672,雨水,23.21969773929827,0.431
11673,雨水,31.967992980232296,0.313
11674,雨水,28.57888836939935,0.35
11675,雨水,27.920366378585282,0.358
11676,雨水,22.88052143022381,0.437
11677,雨水,22.152091330631155,0.451
11678,雨水,14.610846793437142,0.684
11679,雨水,34.355181932231666,0.291
11680,雨水,32.13515655086747,0.311
11681,雨水,9.228877533564498,1.0
11682,雨水,20.52726667744555,0.487
11683,雨水,20.431825174075087,0.489
11684,雨水,20.686711789180684,0.483
11685,雨水,20.605223479165574,0.485
11686,雨水,5.49720127141126,1.0
11687,雨水,11.947249367306522,0.837
11688,雨水,26.309755046321058,0.38
11689,雨水,26.415062575865758,0.379
11690,雨水,8.554912347085423,1.0
11691,雨水,13.79074195097669,0.725
11692,雨水,11.205514193257185,0.892
11693,雨水,48.00898101180759,0.208
11694,雨水,23.259642892690756,0.43
11696,雨水,19.506944371944478,0.513
11697,雨水,36.33790832118548,0.275
11699,雨水,19.51119228165558,0.513
11700,雨水,23.059131688826227,0.434
11702,雨水,9.940419759801292,1.0
11703,雨水,20.309372270596302,0.492
11704,雨水,21.27161807419815,0.47
11705,雨水,24.751970639071253,0.404
11706,雨水,16.607686332498986,0.602
11707,雨水,15.664356003433113,0.638
11708,雨水,7.949481744776591,1.0
11709,雨水,3.9772738439289275,1.0
11710,雨水,7.69015487568757,1.0
11712,雨水,25.83318185712747,0.387
11713,雨水,18.479630799963793,0.541
11714,雨水,13.12472195386077,0.762
11716,雨水,13.953033361965057,0.717
11717,雨水,29.538715763276628,0.339
11718,雨水,19.756235158174754,0.506
11719,雨水,25.874175899364,0.386
11720,雨水,92.58567602167562,0.108
11721,雨水,93.44554680550172,0.107
11722,雨水,62.615056492096,0.16
11723,雨水,37.79267811732693,0.265
11724,雨水,120.72625340211202,0.083
11725,雨水,51.74450582323662,0.193
11726,雨水,54.867363127987204,0.182
11728,雨水,3.961178046481409,1.0
11729,雨水,31.16133913291436,0.321
11730,雨水,54.05597450786161,0.185
11731,雨水,10.721700717150597,0.933
11732,雨水,86.0611496772792,0.116
11733,汚水,4.49138078807865,1.0
11734,汚水,6.80122103419231,1.0
11735,汚水,37.67250276838928,0.265
11736,汚水,2.7203041846033145,1.0
11737,汚水,25.034068577508183,0.399
11738,汚水,20.32570924192864,0.492
11739,汚水,4.91189572135424,1.0
11740,汚水,23.00688244507389,0.435
11741,汚水,67.31699949776173,0.149
11742,汚水,41.31847614762884,0.242
11743,汚水,4.435651992668458,1.0
11744,汚水,43.55778192238984,0.23
11745,汚水,15.928206570789062,0.628
11746,汚水,35.634513162313965,0.281
11747,汚水,30.294804568126903,0.33
11748,汚水,16.37555802459316,0.611
11749,汚水,14.599723326946215,0.685
11750,汚水,2.673018274288218,1.0
11752,汚水,27.266664723994083,0.367
11753,汚水,9.663154756698097,1.0
11754,汚水,24.614700324208066,0.406
11755,汚水,48.69650475031268,0.205
11756,汚水,22.288858233189867,0.449
11757,汚水,43.613462515910875,0.229
11758,汚水,51.08208695165277,0.196
11759,汚水,38.58215642942015,0.259
11760,汚水,41.349946149832135,0.242
11761,汚水,37.30810770720117,0.268
11762,汚水,36.690921965700525,0.273
11763,汚水,36.528818091084105,0.274
11764,汚水,38.13060918123181,0.262
11765,汚水,53.74008807333165,0.186
11766,汚水,56.54664496420163,0.177
11767,汚水,20.076695341205504,0.498
11768,汚水,62.00952507779131,0.161
11769,汚水,53.876815450781265,0.186
11772,汚水,40.165536959949364,0.249
11773,汚水,36.89009733981114,0.271
11774,汚水,37.3724715601628,0.268
11775,汚水,39.77179556427102,0.251
11776,汚水,38.362095917101946,0.261
11777,汚水,38.04519286282157,0.263
11778,汚水,37.40519617210053,0.267
11779,汚水,30.964320730931956,0.323
11780,汚水,28.064822125968895,0.356
11781,汚水,19.63349420236939,0.509
11782,汚水,6.295452903555961,1.0
11783,汚水,47.6739753243714,0.21
11784,汚水,6.56223268097653,1.0
11785,汚水,35.664688151046434,0.28
11786,汚水,32.97745605747205,0.303
11787,汚水,26.305467266504188,0.38
11788,汚水,21.05492079039178,0.475
11789,汚水,32.07437646526448,0.312
11790,汚水,11.901599025667645,0.84
11791,汚水,35.69127939973453,0.28
11792,汚水,6.3715248699817035,1.0
11793,汚水,53.537581094173404,0.187
11794,汚水,16.590414341728337,0.603
11795,汚水,9.509693607173755,1.0
11796,汚水,16.058855785845935,0.623
11797,汚水,2.1592880770768703,1.0
11800,汚水,45.612734035477466,0.219
11801,汚水,30.095171591458126,0.332
11802,汚水,33.65774678396271,0.297
11803,汚水,3.6676847356675513,1.0
11804,汚水,49.14044505172821,0.203
11805,汚水,8.04563616512073,1.0
11806,汚水,29.742205630432906,0.336
11807,汚水,6.89510499402897,1.0
11808,汚水,35.5300930140265,0.281
11809,汚水,10.310487496694718,0.97
11810,汚水,45.54086202361941,0.22
11811,汚水,12.383811610568698,0.808
11812,汚水,13.132707609028962,0.761
11813,汚水,9.326372524083403,1.0
11814,汚水,6.586811390793837,1.0
11815,汚水,17.927847000560046,0.558
11816,汚水,44.960269994713485,0.222
11817,汚水,34.59298562023871,0.289
11818,汚水,35.89119607775073,0.279
11819,汚水,25.8449874276275,0.387
11820,汚水,10.035195412072682,0.996
11821,汚水,17.71060881601075,0.565
11822,汚水,26.414622768601216,0.379
11823,汚水,38.64352068017148,0.259
11824,汚水,49.97250708665245,0.2
11825,汚水,29.1512168329633,0.343
11826,汚水,30.699000000000524,0.326
11827,汚水,12.390816767569602,0.807
11828,汚水,40.784314010019074,0.245
11829,汚水,45.14702213971127,0.221
11830,汚水,33.095442939463865,0.302
11831,汚水,11.115765617931984,0.9
11832,汚水,45.4821434805458,0.22
11833,汚水,51.37999134835949,0.195
11834,汚水,22.25896873028613,0.449
11835,汚水,28.654756117528176,0.349
11836,汚水,23.59467865726685,0.424
11837,汚水,7.366988904880599,1.0
11839,汚水,49.706723645545296,0.201
11840,汚水,16.798046706566094,0.595
11841,汚水,38.67445316289373,0.259
11843,汚水,8.65852619040781,1.0
11844,汚水,14.821237070392028,0.675
11845,汚水,15.286467717349542,0.654
11846,汚水,6.649117441178596,1.0
11847,汚水,12.817155354147182,0.78
11848,汚水,29.744090775027892,0.336
11849,汚水,19.70461206689071,0.507
11850,汚水,24.062036291434012,0.416
11853,汚水,10.856476415095237,0.921
11854,汚水,60.57757454901488,0.165
11855,汚水,19.774462445123845,0.506
11856,汚水,13.779752744183085,0.726
11857,汚水,42.758649889233666,0.234
1000007,汚水,49.908055450668584,0.2
1000001,汚水,72.61773933240973,0.138
1000004,汚水,23.72413712892135,0.422
1000010,雨水,38.80181470049114,0.258
1000008,汚水,88.95831987498688,0.112
1000005,汚水,43.8536650732654,0.228
1000002,汚水,30.573521353793737,0.327
1000011,汚水,67.3904587175688,0.148
1000003,雨水,52.187618497278585,0.192
1000009,汚水,11.153768216164643,0.897
1000006,汚水,16.0574317708492,0.623
1000012,雨水,2.8156608460595445,1.0
